ticker,date,close,cumulative_return
AAPL,2020-01-02,75.0,0.0
AAPL,2020-01-03,74.8651,-0.001798
AAPL,2020-01-06,75.9239,0.01232
AAPL,2020-01-07,78.3684,0.044912
AAPL,2020-01-08,78.0764,0.041019
AAPL,2020-01-09,77.7855,0.037141
AAPL,2020-01-10,80.3809,0.071746
AAPL,2020-01-13,81.7147,0.08953
AAPL,2020-01-14,81.025,0.080333
AAPL,2020-01-15,81.9969,0.093293
AAPL,2020-01-16,81.3147,0.084197
AAPL,2020-01-17,80.6345,0.075126
AAPL,2020-01-20,81.1088,0.08145
AAPL,2020-01-21,78.1172,0.041563
AAPL,2020-01-22,75.5222,0.006963
AAPL,2020-01-23,74.7448,-0.003402
AAPL,2020-01-24,73.3065,-0.022579
AAPL,2020-01-27,73.8453,-0.015396
AAPL,2020-01-28,72.5775,-0.0323
AAPL,2020-01-29,70.6101,-0.058532
AAPL,2020-01-30,72.7992,-0.029344
AAPL,2020-01-31,72.5402,-0.032797
AAPL,2020-02-03,72.7108,-0.030523
AAPL,2020-02-04,70.722,-0.05704
AAPL,2020-02-05,70.0193,-0.066411
AAPL,2020-02-06,70.2453,-0.063397
AAPL,2020-02-07,68.702,-0.083974
AAPL,2020-02-10,69.2927,-0.076099
AAPL,2020-02-11,68.5264,-0.086317
AAPL,2020-02-12,68.1919,-0.090776
AAPL,2020-02-13,67.4364,-0.10085
AAPL,2020-02-14,70.0711,-0.065721
AAPL,2020-02-17,70.1212,-0.065053
AAPL,2020-02-18,68.7098,-0.083872
AAPL,2020-02-19,69.9275,-0.067636
AAPL,2020-02-20,68.295,-0.089403
AAPL,2020-02-21,68.6509,-0.084658
AAPL,2020-02-24,66.057,-0.119243
AAPL,2020-02-25,64.3754,-0.141664
AAPL,2020-02-26,64.6953,-0.1374
AAPL,2020-02-27,65.7304,-0.123598
AAPL,2020-02-28,66.023,-0.119697
AAPL,2020-03-02,65.9343,-0.120879
AAPL,2020-03-03,65.6001,-0.125335
AAPL,2020-03-04,63.7367,-0.150181
AAPL,2020-03-05,62.8805,-0.161596
AAPL,2020-03-06,62.3609,-0.168524
AAPL,2020-03-09,63.7669,-0.149777
AAPL,2020-03-10,64.2736,-0.143022
AAPL,2020-03-11,62.0907,-0.172127
AAPL,2020-03-12,62.5594,-0.165877
AAPL,2020-03-13,62.137,-0.171509
AAPL,2020-03-16,61.3554,-0.18193
AAPL,2020-03-17,62.178,-0.170962
AAPL,2020-03-18,63.5465,-0.152716
AAPL,2020-03-19,64.8146,-0.135806
AAPL,2020-03-20,63.7903,-0.149464
AAPL,2020-03-23,63.4566,-0.153914
AAPL,2020-03-24,63.9448,-0.147404
AAPL,2020-03-25,65.2792,-0.129613
AAPL,2020-03-26,64.7155,-0.137128
AAPL,2020-03-27,64.5375,-0.139502
AAPL,2020-03-30,63.1765,-0.157649
AAPL,2020-03-31,61.7322,-0.176906
AAPL,2020-04-01,62.8136,-0.162487
AAPL,2020-04-02,64.6184,-0.138424
AAPL,2020-04-03,64.5884,-0.138823
AAPL,2020-04-06,65.9734,-0.120357
AAPL,2020-04-07,66.5217,-0.113046
AAPL,2020-04-08,65.7271,-0.12364
AAPL,2020-04-09,66.2731,-0.11636
AAPL,2020-04-10,68.4275,-0.087635
AAPL,2020-04-13,68.4456,-0.087393
AAPL,2020-04-14,70.7086,-0.057221
AAPL,2020-04-15,67.1377,-0.104833
AAPL,2020-04-16,68.3267,-0.088979
AAPL,2020-04-17,68.5143,-0.086478
AAPL,2020-04-20,68.1699,-0.09107
AAPL,2020-04-21,68.3636,-0.088488
AAPL,2020-04-22,65.7435,-0.123421
AAPL,2020-04-23,65.5177,-0.126432
AAPL,2020-04-24,66.0562,-0.119252
AAPL,2020-04-27,68.121,-0.091722
AAPL,2020-04-28,67.4796,-0.100274
AAPL,2020-04-29,66.4543,-0.113944
AAPL,2020-04-30,65.8506,-0.121995
AAPL,2020-05-01,67.1432,-0.10476
AAPL,2020-05-04,67.6564,-0.097917
AAPL,2020-05-05,67.0039,-0.106618
AAPL,2020-05-06,67.7676,-0.096435
AAPL,2020-05-07,67.9674,-0.09377
AAPL,2020-05-08,69.3761,-0.074989
AAPL,2020-05-11,68.4687,-0.087086
AAPL,2020-05-12,68.0852,-0.0922
AAPL,2020-05-13,67.6159,-0.098458
AAPL,2020-05-14,65.7151,-0.123802
AAPL,2020-05-15,66.1738,-0.117685
AAPL,2020-05-18,66.5887,-0.112154
AAPL,2020-05-19,66.6613,-0.111185
AAPL,2020-05-20,66.4124,-0.114505
AAPL,2020-05-21,64.6081,-0.138562
AAPL,2020-05-22,64.1258,-0.144992
AAPL,2020-05-25,63.7473,-0.15004
AAPL,2020-05-26,62.7866,-0.162849
AAPL,2020-05-27,62.6446,-0.164742
AAPL,2020-05-28,63.2193,-0.157079
AAPL,2020-05-29,65.7341,-0.123547
AAPL,2020-06-01,66.031,-0.119589
AAPL,2020-06-02,66.4403,-0.114132
AAPL,2020-06-03,66.4062,-0.114586
AAPL,2020-06-04,63.9498,-0.147338
AAPL,2020-06-05,63.9788,-0.146951
AAPL,2020-06-08,64.1198,-0.145071
AAPL,2020-06-09,67.4506,-0.100661
AAPL,2020-06-10,67.2559,-0.103257
AAPL,2020-06-11,67.7328,-0.096898
AAPL,2020-06-12,67.7523,-0.096638
AAPL,2020-06-15,66.2402,-0.116799
AAPL,2020-06-16,67.8508,-0.095324
AAPL,2020-06-17,68.9552,-0.080599
AAPL,2020-06-18,70.1327,-0.064899
AAPL,2020-06-19,68.9268,-0.080978
AAPL,2020-06-22,70.9738,-0.053686
AAPL,2020-06-23,69.0644,-0.079144
AAPL,2020-06-24,69.9553,-0.067265
AAPL,2020-06-25,73.1856,-0.024194
AAPL,2020-06-26,71.8096,-0.042541
AAPL,2020-06-29,71.0647,-0.052473
AAPL,2020-06-30,71.2779,-0.04963
AAPL,2020-07-01,70.6279,-0.058297
AAPL,2020-07-02,68.5219,-0.086377
AAPL,2020-07-03,68.6845,-0.08421
AAPL,2020-07-06,67.2957,-0.102727
AAPL,2020-07-07,68.0083,-0.093225
AAPL,2020-07-08,66.8254,-0.108997
AAPL,2020-07-09,69.0144,-0.079812
AAPL,2020-07-10,68.0004,-0.093332
AAPL,2020-07-13,67.6271,-0.09831
AAPL,2020-07-14,68.8131,-0.082496
AAPL,2020-07-15,67.1931,-0.104097
AAPL,2020-07-16,67.5685,-0.09909
AAPL,2020-07-17,69.4411,-0.074122
AAPL,2020-07-20,67.2934,-0.102758
AAPL,2020-07-21,67.6111,-0.098523
AAPL,2020-07-22,68.0334,-0.092893
AAPL,2020-07-23,69.1823,-0.077574
AAPL,2020-07-24,67.5453,-0.099401
AAPL,2020-07-27,65.8361,-0.122191
AAPL,2020-07-28,66.5981,-0.11203
AAPL,2020-07-29,67.0642,-0.105816
AAPL,2020-07-30,67.4703,-0.100402
AAPL,2020-07-31,68.0102,-0.093203
AAPL,2020-08-03,67.1506,-0.104665
AAPL,2020-08-04,67.5323,-0.099575
AAPL,2020-08-05,67.9996,-0.093345
AAPL,2020-08-06,67.0936,-0.105424
AAPL,2020-08-07,69.7339,-0.070221
AAPL,2020-08-10,70.4727,-0.06037
AAPL,2020-08-11,68.8685,-0.081759
AAPL,2020-08-12,69.8549,-0.068606
AAPL,2020-08-13,68.5635,-0.085825
AAPL,2020-08-14,69.7288,-0.070288
AAPL,2020-08-17,71.447,-0.047379
AAPL,2020-08-18,70.3442,-0.062083
AAPL,2020-08-19,71.7944,-0.042746
AAPL,2020-08-20,72.4658,-0.033794
AAPL,2020-08-21,73.7495,-0.016679
AAPL,2020-08-24,76.6996,0.022656
AAPL,2020-08-25,76.3965,0.018616
AAPL,2020-08-26,75.3189,0.004247
AAPL,2020-08-27,74.0535,-0.012625
AAPL,2020-08-28,72.9175,-0.027771
AAPL,2020-08-31,72.8762,-0.028322
AAPL,2020-09-01,73.4516,-0.020651
AAPL,2020-09-02,73.9354,-0.014201
AAPL,2020-09-03,75.2528,0.003365
AAPL,2020-09-04,75.3469,0.00462
AAPL,2020-09-07,77.6639,0.035513
AAPL,2020-09-08,77.327,0.031021
AAPL,2020-09-09,81.7662,0.090209
AAPL,2020-09-10,82.8857,0.105137
AAPL,2020-09-11,81.5464,0.087279
AAPL,2020-09-14,79.8837,0.06511
AAPL,2020-09-15,80.7441,0.076582
AAPL,2020-09-16,80.4606,0.072803
AAPL,2020-09-17,81.7077,0.08943
AAPL,2020-09-18,82.5723,0.100958
AAPL,2020-09-21,82.5326,0.100429
AAPL,2020-09-22,81.2159,0.082872
AAPL,2020-09-23,78.8512,0.051342
AAPL,2020-09-24,78.2218,0.042951
AAPL,2020-09-25,79.6625,0.06216
AAPL,2020-09-28,80.0861,0.067807
AAPL,2020-09-29,78.1772,0.042355
AAPL,2020-09-30,78.5281,0.047033
AAPL,2020-10-01,79.2186,0.05624
AAPL,2020-10-02,77.8965,0.038612
AAPL,2020-10-05,78.2155,0.042864
AAPL,2020-10-06,78.3846,0.04512
AAPL,2020-10-07,76.675,0.022325
AAPL,2020-10-08,77.3063,0.030742
AAPL,2020-10-09,78.2623,0.04349
AAPL,2020-10-12,80.0688,0.067576
AAPL,2020-10-13,81.8686,0.091574
AAPL,2020-10-14,79.705,0.062726
AAPL,2020-10-15,78.2896,0.043854
AAPL,2020-10-16,79.1848,0.055789
AAPL,2020-10-19,80.0882,0.067835
AAPL,2020-10-20,81.004,0.080045
AAPL,2020-10-21,87.6323,0.168422
AAPL,2020-10-22,88.7341,0.183114
AAPL,2020-10-23,90.8784,0.211705
AAPL,2020-10-26,92.7345,0.236453
AAPL,2020-10-27,94.053,0.254033
AAPL,2020-10-28,93.5495,0.247319
AAPL,2020-10-29,95.0856,0.2678
AAPL,2020-10-30,93.7083,0.249436
AAPL,2020-11-02,93.3541,0.244714
AAPL,2020-11-03,92.5365,0.233813
AAPL,2020-11-04,92.7809,0.237071
AAPL,2020-11-05,97.3086,0.29744
AAPL,2020-11-06,93.8065,0.250745
AAPL,2020-11-09,95.2071,0.26942
AAPL,2020-11-10,92.2528,0.23003
AAPL,2020-11-11,91.4696,0.219587
AAPL,2020-11-12,93.5921,0.247887
AAPL,2020-11-13,93.806,0.250739
AAPL,2020-11-16,91.8807,0.225069
AAPL,2020-11-17,90.6548,0.208724
AAPL,2020-11-18,91.996,0.226607
AAPL,2020-11-19,90.7411,0.209874
AAPL,2020-11-20,91.2279,0.216365
AAPL,2020-11-23,91.4019,0.218686
AAPL,2020-11-24,90.2983,0.203971
AAPL,2020-11-25,94.3795,0.258387
AAPL,2020-11-26,95.6877,0.27583
AAPL,2020-11-27,91.9508,0.226005
AAPL,2020-11-30,92.3883,0.231837
AAPL,2020-12-01,91.254,0.216713
AAPL,2020-12-02,92.9273,0.239024
AAPL,2020-12-03,91.5449,0.220591
AAPL,2020-12-04,91.4236,0.218974
AAPL,2020-12-07,92.4502,0.232662
AAPL,2020-12-08,94.1708,0.255602
AAPL,2020-12-09,92.0104,0.226797
AAPL,2020-12-10,91.4823,0.219756
AAPL,2020-12-11,90.7002,0.209328
AAPL,2020-12-14,89.6019,0.194684
AAPL,2020-12-15,92.9398,0.239189
AAPL,2020-12-16,93.7942,0.250581
AAPL,2020-12-17,91.5306,0.2204
AAPL,2020-12-18,93.332,0.244418
AAPL,2020-12-21,97.5075,0.300091
AAPL,2020-12-22,99.6565,0.328744
AAPL,2020-12-23,96.746,0.289938
AAPL,2020-12-24,95.9008,0.278669
AAPL,2020-12-25,98.4787,0.313041
AAPL,2020-12-28,97.1798,0.295722
AAPL,2020-12-29,98.1499,0.308657
AAPL,2020-12-30,99.7931,0.330565
AAPL,2020-12-31,98.0425,0.307225
AAPL,2021-01-01,98.0216,0.306946
AAPL,2021-01-04,91.9126,0.225492
AAPL,2021-01-05,90.123,0.201632
AAPL,2021-01-06,89.7539,0.19671
AAPL,2021-01-07,87.6109,0.168137
AAPL,2021-01-08,90.6313,0.208409
AAPL,2021-01-11,88.1428,0.175228
AAPL,2021-01-12,87.4506,0.166
AAPL,2021-01-13,87.768,0.170232
AAPL,2021-01-14,90.4446,0.205919
AAPL,2021-01-15,87.9511,0.172672
AAPL,2021-01-18,90.1266,0.201678
AAPL,2021-01-19,90.2342,0.203113
AAPL,2021-01-20,88.5539,0.180708
AAPL,2021-01-21,89.4709,0.192936
AAPL,2021-01-22,89.9194,0.198915
AAPL,2021-01-25,88.9257,0.185667
AAPL,2021-01-26,89.1389,0.188509
AAPL,2021-01-27,88.5366,0.180478
AAPL,2021-01-28,88.8271,0.184351
AAPL,2021-01-29,90.1096,0.201451
AAPL,2021-02-01,93.1289,0.241709
AAPL,2021-02-02,90.9236,0.212305
AAPL,2021-02-03,95.0122,0.266819
AAPL,2021-02-04,91.4362,0.21914
AAPL,2021-02-05,91.2469,0.216616
AAPL,2021-02-08,92.4267,0.232347
AAPL,2021-02-09,93.0436,0.240572
AAPL,2021-02-10,91.9737,0.226306
AAPL,2021-02-11,91.6791,0.222379
AAPL,2021-02-12,90.8622,0.211486
AAPL,2021-02-15,89.8778,0.198361
AAPL,2021-02-16,91.5206,0.220266
AAPL,2021-02-17,92.2727,0.230294
AAPL,2021-02-18,91.0827,0.214427
AAPL,2021-02-19,92.8411,0.237872
AAPL,2021-02-22,93.5103,0.246795
AAPL,2021-02-23,95.149,0.268645
AAPL,2021-02-24,96.4596,0.286118
AAPL,2021-02-25,94.9547,0.266053
AAPL,2021-02-26,93.9813,0.253074
AAPL,2021-03-01,95.502,0.27335
AAPL,2021-03-02,96.7798,0.290387
AAPL,2021-03-03,96.8346,0.291118
AAPL,2021-03-04,97.1597,0.295453
AAPL,2021-03-05,99.7931,0.330564
AAPL,2021-03-08,98.7075,0.31609
AAPL,2021-03-09,99.9007,0.331999
AAPL,2021-03-10,99.5927,0.327891
AAPL,2021-03-11,99.2545,0.323383
AAPL,2021-03-12,101.5777,0.354358
AAPL,2021-03-15,103.384,0.378441
AAPL,2021-03-16,105.1972,0.402616
AAPL,2021-03-17,108.109,0.441439
AAPL,2021-03-18,108.2616,0.443474
AAPL,2021-03-19,109.8686,0.4649
AAPL,2021-03-22,109.2914,0.457205
AAPL,2021-03-23,110.1166,0.468207
AAPL,2021-03-24,109.9365,0.465806
AAPL,2021-03-25,110.2605,0.470126
AAPL,2021-03-26,111.7015,0.489339
AAPL,2021-03-29,109.9828,0.466423
AAPL,2021-03-30,114.8343,0.531108
AAPL,2021-03-31,112.6401,0.501853
AAPL,2021-04-01,110.0252,0.466987
AAPL,2021-04-02,112.7352,0.503121
AAPL,2021-04-05,114.6619,0.528809
AAPL,2021-04-06,116.2283,0.549694
AAPL,2021-04-07,117.8261,0.570998
AAPL,2021-04-08,117.9133,0.572162
AAPL,2021-04-09,115.9142,0.545508
AAPL,2021-04-12,116.2061,0.549401
AAPL,2021-04-13,114.7439,0.529905
AAPL,2021-04-14,117.1373,0.561815
AAPL,2021-04-15,116.9059,0.558731
AAPL,2021-04-16,115.0902,0.534522
AAPL,2021-04-19,114.46,0.526119
AAPL,2021-04-20,115.5307,0.540396
AAPL,2021-04-21,114.3381,0.524494
AAPL,2021-04-22,112.5697,0.500917
AAPL,2021-04-23,113.2358,0.509798
AAPL,2021-04-26,113.9088,0.51877
AAPL,2021-04-27,112.862,0.504814
AAPL,2021-04-28,111.9059,0.492065
AAPL,2021-04-29,112.5416,0.500542
AAPL,2021-04-30,109.4119,0.458813
AAPL,2021-05-03,106.4564,0.419406
AAPL,2021-05-04,105.0294,0.400379
AAPL,2021-05-05,104.6817,0.395744
AAPL,2021-05-06,105.4439,0.405906
AAPL,2021-05-07,108.7343,0.449778
AAPL,2021-05-10,110.7398,0.476517
AAPL,2021-05-11,110.4924,0.473219
AAPL,2021-05-12,110.5591,0.474109
AAPL,2021-05-13,108.4543,0.446045
AAPL,2021-05-14,108.5209,0.446933
AAPL,2021-05-17,107.9978,0.439958
AAPL,2021-05-18,108.8101,0.450788
AAPL,2021-05-19,107.1164,0.428205
AAPL,2021-05-20,108.3506,0.444661
AAPL,2021-05-21,111.8609,0.491465
AAPL,2021-05-24,111.7262,0.489669
AAPL,2021-05-25,112.7459,0.503264
AAPL,2021-05-26,114.4383,0.52583
AAPL,2021-05-27,113.6286,0.515034
AAPL,2021-05-28,114.2558,0.523397
AAPL,2021-05-31,114.3977,0.525289
AAPL,2021-06-01,114.7364,0.529806
AAPL,2021-06-02,113.074,0.50764
AAPL,2021-06-03,113.2416,0.509875
AAPL,2021-06-04,114.4971,0.526615
AAPL,2021-06-07,118.0123,0.573483
AAPL,2021-06-08,120.4354,0.60579
AAPL,2021-06-09,125.9021,0.678679
AAPL,2021-06-10,124.0921,0.654544
AAPL,2021-06-11,126.4182,0.685559
AAPL,2021-06-14,127.0116,0.693471
AAPL,2021-06-15,132.8749,0.771646
AAPL,2021-06-16,130.8566,0.744735
AAPL,2021-06-17,128.7873,0.717144
AAPL,2021-06-18,127.3662,0.698197
AAPL,2021-06-21,122.1488,0.628632
AAPL,2021-06-22,120.9805,0.613054
AAPL,2021-06-23,119.2609,0.590128
AAPL,2021-06-24,119.7412,0.596531
AAPL,2021-06-25,120.6881,0.609156
AAPL,2021-06-28,125.4637,0.672831
AAPL,2021-06-29,128.017,0.706873
AAPL,2021-06-30,126.6618,0.688804
AAPL,2021-07-01,124.5114,0.660133
AAPL,2021-07-02,125.8765,0.678333
AAPL,2021-07-05,122.6917,0.63587
AAPL,2021-07-06,127.4318,0.69907
AAPL,2021-07-07,130.6267,0.741669
AAPL,2021-07-08,129.5249,0.726978
AAPL,2021-07-09,125.2519,0.670005
AAPL,2021-07-12,128.8444,0.717904
AAPL,2021-07-13,128.6743,0.715635
AAPL,2021-07-14,132.0557,0.76072
AAPL,2021-07-15,128.0051,0.706713
AAPL,2021-07-16,126.5927,0.687881
AAPL,2021-07-19,126.7312,0.689728
AAPL,2021-07-20,126.9766,0.692999
AAPL,2021-07-21,125.9541,0.679366
AAPL,2021-07-22,127.6715,0.702264
AAPL,2021-07-23,125.0766,0.667665
AAPL,2021-07-26,124.8413,0.664528
AAPL,2021-07-27,125.268,0.670218
AAPL,2021-07-28,126.6989,0.689295
AAPL,2021-07-29,128.6564,0.715395
AAPL,2021-07-30,125.8967,0.678599
AAPL,2021-08-02,122.1835,0.629091
AAPL,2021-08-03,125.4952,0.673246
AAPL,2021-08-04,126.4634,0.686156
AAPL,2021-08-05,124.6927,0.662547
AAPL,2021-08-06,128.7803,0.717047
AAPL,2021-08-09,129.2085,0.722756
AAPL,2021-08-10,132.4476,0.765944
AAPL,2021-08-11,132.759,0.770095
AAPL,2021-08-12,138.5267,0.846997
AAPL,2021-08-13,143.6579,0.915412
AAPL,2021-08-16,143.08,0.907706
AAPL,2021-08-17,146.0539,0.947358
AAPL,2021-08-18,148.1126,0.974806
AAPL,2021-08-19,152.4062,1.032053
AAPL,2021-08-20,149.618,0.994879
AAPL,2021-08-23,151.8514,1.024657
AAPL,2021-08-24,155.2793,1.070361
AAPL,2021-08-25,150.0187,1.000222
AAPL,2021-08-26,146.6274,0.955005
AAPL,2021-08-27,140.8612,0.878122
AAPL,2021-08-30,140.2367,0.869794
AAPL,2021-08-31,142.4204,0.898911
AAPL,2021-09-01,146.9445,0.959232
AAPL,2021-09-02,147.3096,0.964098
AAPL,2021-09-03,152.3763,1.031654
AAPL,2021-09-06,148.342,0.977863
AAPL,2021-09-07,143.4764,0.91299
AAPL,2021-09-08,143.4574,0.912737
AAPL,2021-09-09,144.7152,0.929508
AAPL,2021-09-10,144.7627,0.930141
AAPL,2021-09-13,138.9908,0.853182
AAPL,2021-09-14,138.8783,0.851683
AAPL,2021-09-15,135.4077,0.805408
AAPL,2021-09-16,137.3835,0.831752
AAPL,2021-09-17,138.5393,0.847161
AAPL,2021-09-20,136.0735,0.814283
AAPL,2021-09-21,134.8042,0.79736
AAPL,2021-09-22,132.0868,0.761128
AAPL,2021-09-23,132.0503,0.760642
AAPL,2021-09-24,134.7504,0.796642
AAPL,2021-09-27,132.2298,0.763034
AAPL,2021-09-28,133.7121,0.782798
AAPL,2021-09-29,132.4211,0.765585
AAPL,2021-09-30,130.4502,0.739306
AAPL,2021-10-01,130.2977,0.737271
AAPL,2021-10-04,127.7328,0.703073
AAPL,2021-10-05,126.4399,0.685834
AAPL,2021-10-06,123.5452,0.647239
AAPL,2021-10-07,128.6634,0.715481
AAPL,2021-10-08,128.8821,0.718397
AAPL,2021-10-11,127.2025,0.696003
AAPL,2021-10-12,127.8785,0.705017
AAPL,2021-10-13,127.7153,0.702841
AAPL,2021-10-14,127.2733,0.696948
AAPL,2021-10-15,128.9861,0.719784
AAPL,2021-10-18,131.1002,0.747971
AAPL,2021-10-19,129.8338,0.731086
AAPL,2021-10-20,128.4623,0.712798
AAPL,2021-10-21,127.8782,0.70501
AAPL,2021-10-22,122.2005,0.629309
AAPL,2021-10-25,118.6415,0.581857
AAPL,2021-10-26,122.0765,0.627655
AAPL,2021-10-27,126.317,0.684194
AAPL,2021-10-28,125.8086,0.677415
AAPL,2021-10-29,127.405,0.698699
AAPL,2021-11-01,128.3335,0.71108
AAPL,2021-11-02,136.6857,0.82244
AAPL,2021-11-03,139.9437,0.865878
AAPL,2021-11-04,139.7212,0.862911
AAPL,2021-11-05,137.191,0.829176
AAPL,2021-11-08,132.9507,0.77264
AAPL,2021-11-09,133.629,0.781684
AAPL,2021-11-10,131.7371,0.756459
AAPL,2021-11-11,128.1403,0.708502
AAPL,2021-11-12,126.6059,0.688044
AAPL,2021-11-15,123.9979,0.653271
AAPL,2021-11-16,128.4143,0.712154
AAPL,2021-11-17,130.846,0.744577
AAPL,2021-11-18,130.9542,0.746019
AAPL,2021-11-19,135.053,0.80067
AAPL,2021-11-22,135.3975,0.805261
AAPL,2021-11-23,133.1984,0.775942
AAPL,2021-11-24,137.4872,0.833124
AAPL,2021-11-25,139.1262,0.854977
AAPL,2021-11-26,136.382,0.818389
AAPL,2021-11-29,135.9939,0.813214
AAPL,2021-11-30,133.7466,0.783251
AAPL,2021-12-01,130.1984,0.735943
AAPL,2021-12-02,132.783,0.770405
AAPL,2021-12-03,138.1298,0.841694
AAPL,2021-12-06,134.4226,0.792266
AAPL,2021-12-07,136.0911,0.814512
AAPL,2021-12-08,134.4505,0.792638
AAPL,2021-12-09,133.2682,0.776875
AAPL,2021-12-10,131.8164,0.757518
AAPL,2021-12-13,129.6684,0.728879
AAPL,2021-12-14,129.9235,0.73228
AAPL,2021-12-15,127.8916,0.705189
AAPL,2021-12-16,128.7178,0.716204
AAPL,2021-12-17,128.7145,0.716161
AAPL,2021-12-20,128.2225,0.709602
AAPL,2021-12-21,126.0224,0.680267
AAPL,2021-12-22,124.6887,0.662485
AAPL,2021-12-23,126.727,0.689661
AAPL,2021-12-24,128.1396,0.708496
AAPL,2021-12-27,125.7633,0.676814
AAPL,2021-12-28,126.1399,0.681834
AAPL,2021-12-29,128.1915,0.709189
AAPL,2021-12-30,124.0718,0.654261
AAPL,2021-12-31,125.5621,0.674132
AAPL,2022-01-03,124.0185,0.65355
AAPL,2022-01-04,125.5771,0.674332
AAPL,2022-01-05,123.782,0.650397
AAPL,2022-01-06,119.4773,0.593002
AAPL,2022-01-07,115.7352,0.543109
AAPL,2022-01-10,115.9619,0.546132
AAPL,2022-01-11,116.6858,0.555783
AAPL,2022-01-12,114.6911,0.529188
AAPL,2022-01-13,116.2918,0.550531
AAPL,2022-01-14,112.5724,0.50094
AAPL,2022-01-17,112.5336,0.500423
AAPL,2022-01-18,109.9282,0.465685
AAPL,2022-01-19,108.6004,0.447981
AAPL,2022-01-20,108.8116,0.450797
AAPL,2022-01-21,107.0462,0.427259
AAPL,2022-01-24,106.3246,0.417637
AAPL,2022-01-25,108.6106,0.448116
AAPL,2022-01-26,107.4609,0.432788
AAPL,2022-01-27,109.3944,0.458568
AAPL,2022-01-28,107.037,0.427136
AAPL,2022-01-31,108.2931,0.443883
AAPL,2022-02-01,111.5964,0.487926
AAPL,2022-02-02,106.2773,0.417007
AAPL,2022-02-03,104.6871,0.395803
AAPL,2022-02-04,106.0166,0.413529
AAPL,2022-02-07,105.6878,0.409146
AAPL,2022-02-08,106.5867,0.421131
AAPL,2022-02-09,105.4009,0.405319
AAPL,2022-02-10,105.6893,0.409166
AAPL,2022-02-11,105.4622,0.406137
AAPL,2022-02-14,108.0809,0.441053
AAPL,2022-02-15,108.744,0.449894
AAPL,2022-02-16,109.5947,0.461237
AAPL,2022-02-17,108.7959,0.450586
AAPL,2022-02-18,107.8382,0.437816
AAPL,2022-02-21,107.0075,0.426742
AAPL,2022-02-22,107.9683,0.439553
AAPL,2022-02-23,107.1617,0.428798
AAPL,2022-02-24,107.896,0.438588
AAPL,2022-02-25,112.6168,0.501532
AAPL,2022-02-28,114.7251,0.529642
AAPL,2022-03-01,114.0862,0.521124
AAPL,2022-03-02,116.9978,0.559946
AAPL,2022-03-03,116.154,0.548694
AAPL,2022-03-04,111.5887,0.487824
AAPL,2022-03-07,109.4519,0.459335
AAPL,2022-03-08,105.5053,0.406714
AAPL,2022-03-09,104.8638,0.398162
AAPL,2022-03-10,105.0064,0.400063
AAPL,2022-03-11,108.7229,0.449616
AAPL,2022-03-14,109.5499,0.460641
AAPL,2022-03-15,109.1748,0.455642
AAPL,2022-03-16,111.1252,0.481645
AAPL,2022-03-17,106.3858,0.418454
AAPL,2022-03-18,106.9979,0.426615
AAPL,2022-03-21,108.7809,0.450388
AAPL,2022-03-22,105.6907,0.409187
AAPL,2022-03-23,108.2627,0.443479
AAPL,2022-03-24,109.1116,0.454798
AAPL,2022-03-25,108.3089,0.444095
AAPL,2022-03-28,109.8076,0.464078
AAPL,2022-03-29,115.0642,0.534165
AAPL,2022-03-30,115.6009,0.54132
AAPL,2022-03-31,116.2955,0.550582
AAPL,2022-04-01,115.3374,0.537808
AAPL,2022-04-04,113.4904,0.513182
AAPL,2022-04-05,115.52,0.540242
AAPL,2022-04-06,113.6557,0.515386
AAPL,2022-04-07,113.9322,0.519073
AAPL,2022-04-08,112.9519,0.506003
AAPL,2022-04-11,114.1604,0.522115
AAPL,2022-04-12,115.0444,0.533901
AAPL,2022-04-13,117.5919,0.567868
AAPL,2022-04-14,116.5041,0.553363
AAPL,2022-04-15,115.9865,0.546462
AAPL,2022-04-18,113.8328,0.517747
AAPL,2022-04-19,112.9293,0.505701
AAPL,2022-04-20,113.9039,0.518695
AAPL,2022-04-21,115.7696,0.54357
AAPL,2022-04-22,113.7497,0.516637
AAPL,2022-04-25,115.8756,0.544982
AAPL,2022-04-26,119.2034,0.589352
AAPL,2022-04-27,120.3198,0.604236
AAPL,2022-04-28,125.0824,0.667737
AAPL,2022-04-29,123.2681,0.643546
AAPL,2022-05-02,120.3326,0.604407
AAPL,2022-05-03,116.2091,0.549429
AAPL,2022-05-04,119.8853,0.598445
AAPL,2022-05-05,121.5972,0.621269
AAPL,2022-05-06,121.581,0.621054
AAPL,2022-05-09,122.3899,0.631838
AAPL,2022-05-10,119.7626,0.596808
AAPL,2022-05-11,125.9393,0.679163
AAPL,2022-05-12,126.3925,0.685206
AAPL,2022-05-13,126.7967,0.690596
AAPL,2022-05-16,128.7925,0.717206
AAPL,2022-05-17,130.1758,0.73565
AAPL,2022-05-18,130.8938,0.745224
AAPL,2022-05-19,128.9518,0.719332
AAPL,2022-05-20,130.3118,0.737464
AAPL,2022-05-23,135.4843,0.806429
AAPL,2022-05-24,139.3465,0.857925
AAPL,2022-05-25,144.0365,0.920457
AAPL,2022-05-26,142.7006,0.902645
AAPL,2022-05-27,140.0204,0.866908
AAPL,2022-05-30,139.8037,0.864019
AAPL,2022-05-31,140.0991,0.867958
AAPL,2022-06-01,143.3651,0.911504
AAPL,2022-06-02,138.6932,0.849214
AAPL,2022-06-03,143.1775,0.909003
AAPL,2022-06-06,142.8631,0.904812
AAPL,2022-06-07,141.7789,0.890357
AAPL,2022-06-08,139.0529,0.854009
AAPL,2022-06-09,134.6236,0.794953
AAPL,2022-06-10,137.0113,0.826788
AAPL,2022-06-13,137.3495,0.831297
AAPL,2022-06-14,133.9562,0.786053
AAPL,2022-06-15,130.6333,0.741748
AAPL,2022-06-16,129.8802,0.731707
AAPL,2022-06-17,134.457,0.792729
AAPL,2022-06-20,133.8873,0.785133
AAPL,2022-06-21,130.0196,0.733564
AAPL,2022-06-22,129.5049,0.726701
AAPL,2022-06-23,128.9221,0.718931
AAPL,2022-06-24,122.2211,0.629586
AAPL,2022-06-27,122.208,0.629412
AAPL,2022-06-28,121.7606,0.623446
AAPL,2022-06-29,123.6034,0.648017
AAPL,2022-06-30,128.424,0.71229
AAPL,2022-07-01,131.5035,0.753351
AAPL,2022-07-04,130.9219,0.745595
AAPL,2022-07-05,128.1604,0.708776
AAPL,2022-07-06,135.1174,0.801533
AAPL,2022-07-07,135.4124,0.805466
AAPL,2022-07-08,135.5842,0.807757
AAPL,2022-07-11,135.6522,0.808663
AAPL,2022-07-12,136.3295,0.817693
AAPL,2022-07-13,136.0676,0.814202
AAPL,2022-07-14,134.636,0.795114
AAPL,2022-07-15,133.2915,0.777188
AAPL,2022-07-18,133.3351,0.777769
AAPL,2022-07-19,132.0128,0.760137
AAPL,2022-07-20,130.2579,0.73674
AAPL,2022-07-21,130.6666,0.74219
AAPL,2022-07-22,130.1251,0.73497
AAPL,2022-07-25,134.2631,0.790142
AAPL,2022-07-26,127.4024,0.698668
AAPL,2022-07-27,130.3653,0.738172
AAPL,2022-07-28,133.8134,0.784147
AAPL,2022-07-29,128.4626,0.712804
AAPL,2022-08-01,127.7043,0.702693
AAPL,2022-08-02,126.8769,0.691662
AAPL,2022-08-03,123.4494,0.645963
AAPL,2022-08-04,121.649,0.621957
AAPL,2022-08-05,119.0734,0.587617
AAPL,2022-08-08,123.4763,0.646322
AAPL,2022-08-09,125.9517,0.679326
AAPL,2022-08-10,129.3495,0.724629
AAPL,2022-08-11,131.3746,0.75163
AAPL,2022-08-12,128.5452,0.713905
AAPL,2022-08-15,127.3188,0.697554
AAPL,2022-08-16,128.708,0.716076
AAPL,2022-08-17,125.7,0.67597
AAPL,2022-08-18,127.6456,0.701912
AAPL,2022-08-19,127.1542,0.69536
AAPL,2022-08-22,126.3218,0.68426
AAPL,2022-08-23,128.2718,0.71026
AAPL,2022-08-24,129.5535,0.727349
AAPL,2022-08-25,128.7413,0.71652
AAPL,2022-08-26,131.9156,0.758843
AAPL,2022-08-29,129.1995,0.722628
AAPL,2022-08-30,130.9428,0.745873
AAPL,2022-08-31,132.6486,0.768617
AAPL,2022-09-01,131.9537,0.759351
AAPL,2022-09-02,132.9553,0.772705
AAPL,2022-09-05,129.7721,0.730263
AAPL,2022-09-06,132.3426,0.764536
AAPL,2022-09-07,131.9805,0.759708
AAPL,2022-09-08,130.7261,0.742984
AAPL,2022-09-09,133.6518,0.781991
AAPL,2022-09-12,131.8977,0.758605
AAPL,2022-09-13,128.3322,0.711064
AAPL,2022-09-14,124.4907,0.659845
AAPL,2022-09-15,126.1452,0.681906
AAPL,2022-09-16,123.0524,0.640669
AAPL,2022-09-19,127.609,0.701423
AAPL,2022-09-20,122.4852,0.633108
AAPL,2022-09-21,126.8715,0.691591
AAPL,2022-09-22,127.5382,0.70048
AAPL,2022-09-23,127.4156,0.698844
AAPL,2022-09-26,126.1481,0.681946
AAPL,2022-09-27,127.2928,0.697208
AAPL,2022-09-28,127.3219,0.697597
AAPL,2022-09-29,130.3139,0.73749
AAPL,2022-09-30,130.7433,0.743215
AAPL,2022-10-03,131.2696,0.750232
AAPL,2022-10-04,130.4397,0.739167
AAPL,2022-10-05,130.4187,0.738887
AAPL,2022-10-06,131.3601,0.751438
AAPL,2022-10-07,127.0341,0.69376
AAPL,2022-10-10,123.7503,0.649976
AAPL,2022-10-11,125.7425,0.676537
AAPL,2022-10-12,126.301,0.683983
AAPL,2022-10-13,125.9577,0.679406
AAPL,2022-10-14,126.129,0.68169
AAPL,2022-10-17,127.1413,0.695187
AAPL,2022-10-18,125.8897,0.678499
AAPL,2022-10-19,124.0524,0.654003
AAPL,2022-10-20,124.6661,0.662186
AAPL,2022-10-21,122.3523,0.631336
AAPL,2022-10-24,123.4852,0.646442
AAPL,2022-10-25,119.4368,0.592465
AAPL,2022-10-26,122.061,0.627453
AAPL,2022-10-27,123.3511,0.644653
AAPL,2022-10-28,124.1119,0.654796
AAPL,2022-10-31,126.72,0.68957
AAPL,2022-11-01,131.176,0.748982
AAPL,2022-11-02,134.0181,0.786875
AAPL,2022-11-03,129.2636,0.723482
AAPL,2022-11-04,126.0965,0.681255
AAPL,2022-11-07,124.6412,0.661852
AAPL,2022-11-08,124.83,0.664368
AAPL,2022-11-09,126.264,0.683488
AAPL,2022-11-10,124.5531,0.660677
AAPL,2022-11-11,125.1465,0.668587
AAPL,2022-11-14,123.377,0.644995
AAPL,2022-11-15,121.9859,0.626446
AAPL,2022-11-16,118.6926,0.582537
AAPL,2022-11-17,116.6192,0.554891
AAPL,2022-11-18,113.5966,0.514592
AAPL,2022-11-21,111.4938,0.486555
AAPL,2022-11-22,113.9997,0.519967
AAPL,2022-11-23,111.9492,0.492627
AAPL,2022-11-24,118.1667,0.575526
AAPL,2022-11-25,119.4655,0.592844
AAPL,2022-11-28,120.0299,0.600369
AAPL,2022-11-29,118.0874,0.57447
AAPL,2022-11-30,119.8846,0.598432
AAPL,2022-12-01,118.6186,0.581553
AAPL,2022-12-02,119.0281,0.587014
AAPL,2022-12-05,125.4558,0.672714
AAPL,2022-12-06,125.3368,0.671127
AAPL,2022-12-07,128.4011,0.711984
AAPL,2022-12-08,126.719,0.689555
AAPL,2022-12-09,126.7547,0.690032
AAPL,2022-12-12,131.4908,0.753178
AAPL,2022-12-13,129.9677,0.732869
AAPL,2022-12-14,134.9371,0.799127
AAPL,2022-12-15,137.0112,0.826782
AAPL,2022-12-16,135.6003,0.807969
AAPL,2022-12-19,137.4757,0.832974
AAPL,2022-12-20,140.336,0.871111
AAPL,2022-12-21,142.2465,0.896584
AAPL,2022-12-22,137.9506,0.839307
AAPL,2022-12-23,136.0776,0.814335
AAPL,2022-12-26,135.5341,0.807088
AAPL,2022-12-27,135.4646,0.806161
AAPL,2022-12-28,137.3056,0.830707
AAPL,2022-12-29,137.9344,0.839092
AAPL,2022-12-30,134.4037,0.792016
AAPL,2023-01-02,135.5715,0.807587
AAPL,2023-01-03,137.386,0.83178
AAPL,2023-01-04,139.0824,0.854397
AAPL,2023-01-05,142.2861,0.897113
AAPL,2023-01-06,144.8411,0.931179
AAPL,2023-01-09,146.3325,0.951063
AAPL,2023-01-10,146.27,0.95023
AAPL,2023-01-11,141.5934,0.887877
AAPL,2023-01-12,142.966,0.906178
AAPL,2023-01-13,143.7076,0.916065
AAPL,2023-01-16,144.6393,0.928487
AAPL,2023-01-17,141.1034,0.881343
AAPL,2023-01-18,138.1981,0.842607
AAPL,2023-01-19,141.3028,0.884003
AAPL,2023-01-20,141.3297,0.884361
AAPL,2023-01-23,143.4262,0.912313
AAPL,2023-01-24,143.6498,0.915294
AAPL,2023-01-25,143.878,0.918336
AAPL,2023-01-26,146.77,0.956896
AAPL,2023-01-27,145.3947,0.938558
AAPL,2023-01-30,145.8205,0.944236
AAPL,2023-01-31,144.6107,0.928105
AAPL,2023-02-01,143.4913,0.91318
AAPL,2023-02-02,142.7406,0.903172
AAPL,2023-02-03,143.5228,0.913601
AAPL,2023-02-06,142.2848,0.897094
AAPL,2023-02-07,146.0767,0.947652
AAPL,2023-02-08,143.6077,0.914733
AAPL,2023-02-09,143.2091,0.909417
AAPL,2023-02-10,142.0855,0.894436
AAPL,2023-02-13,146.4354,0.952434
AAPL,2023-02-14,147.162,0.962122
AAPL,2023-02-15,150.4035,1.00534
AAPL,2023-02-16,146.1104,0.948102
AAPL,2023-02-17,147.0442,0.960552
AAPL,2023-02-20,149.8528,0.998
AAPL,2023-02-21,150.2499,1.003293
AAPL,2023-02-22,153.6635,1.048808
AAPL,2023-02-23,152.2197,1.029557
AAPL,2023-02-24,156.7609,1.090105
AAPL,2023-02-27,164.3586,1.191406
AAPL,2023-02-28,163.322,1.177585
AAPL,2023-03-01,162.0218,1.160249
AAPL,2023-03-02,167.0036,1.226673
AAPL,2023-03-03,172.5771,1.300983
AAPL,2023-03-06,170.9364,1.279108
AAPL,2023-03-07,169.662,1.262117
AAPL,2023-03-08,168.8677,1.251526
AAPL,2023-03-09,164.5149,1.193491
AAPL,2023-03-10,161.6559,1.155372
AAPL,2023-03-13,158.5731,1.114269
AAPL,2023-03-14,156.292,1.083853
AAPL,2023-03-15,156.337,1.084453
AAPL,2023-03-16,157.232,1.096387
AAPL,2023-03-17,162.3842,1.165081
AAPL,2023-03-20,159.3061,1.12404
AAPL,2023-03-21,162.6591,1.168747
AAPL,2023-03-22,162.119,1.161544
AAPL,2023-03-23,162.1174,1.161523
AAPL,2023-03-24,164.5001,1.193291
AAPL,2023-03-27,160.9778,1.146328
AAPL,2023-03-28,162.3838,1.165074
AAPL,2023-03-29,163.0905,1.174496
AAPL,2023-03-30,164.8802,1.198359
AAPL,2023-03-31,166.008,1.213396
AAPL,2023-04-03,174.6034,1.327999
AAPL,2023-04-04,172.5434,1.300533
AAPL,2023-04-05,170.875,1.278287
AAPL,2023-04-06,168.9087,1.252071
AAPL,2023-04-07,167.1929,1.229194
AAPL,2023-04-10,165.2215,1.20291
AAPL,2023-04-11,169.3966,1.258578
AAPL,2023-04-12,174.4895,1.326482
AAPL,2023-04-13,172.6639,1.30214
AAPL,2023-04-14,169.9587,1.266072
AAPL,2023-04-17,171.751,1.289968
AAPL,2023-04-18,170.0174,1.266855
AAPL,2023-04-19,172.3706,1.298231
AAPL,2023-04-20,173.2481,1.309931
AAPL,2023-04-21,168.2007,1.242634
AAPL,2023-04-24,173.7017,1.315981
AAPL,2023-04-25,180.2831,1.403731
AAPL,2023-04-26,178.2457,1.376567
AAPL,2023-04-27,177.0328,1.360394
AAPL,2023-04-28,178.2318,1.376381
AAPL,2023-05-01,179.6147,1.394819
AAPL,2023-05-02,182.1948,1.429219
AAPL,2023-05-03,189.9167,1.532176
AAPL,2023-05-04,189.4275,1.525653
AAPL,2023-05-05,186.5877,1.487791
AAPL,2023-05-08,181.6504,1.421962
AAPL,2023-05-09,179.1704,1.388895
AAPL,2023-05-10,179.2276,1.389659
AAPL,2023-05-11,186.0134,1.480134
AAPL,2023-05-12,184.2645,1.456816
AAPL,2023-05-15,185.2805,1.470363
AAPL,2023-05-16,185.4021,1.471983
AAPL,2023-05-17,190.0847,1.534418
AAPL,2023-05-18,200.2157,1.669495
AAPL,2023-05-19,198.2802,1.643689
AAPL,2023-05-22,196.5275,1.620319
AAPL,2023-05-23,200.9062,1.6787
AAPL,2023-05-24,203.8881,1.718457
AAPL,2023-05-25,211.8301,1.824349
AAPL,2023-05-26,214.55,1.860614
AAPL,2023-05-29,213.2121,1.842775
AAPL,2023-05-30,215.979,1.879665
AAPL,2023-05-31,221.0785,1.947657
AAPL,2023-06-01,224.9874,1.999775
AAPL,2023-06-02,227.5244,2.0336
AAPL,2023-06-05,232.6993,2.102596
AAPL,2023-06-06,238.4847,2.179733
AAPL,2023-06-07,245.4649,2.272801
AAPL,2023-06-08,248.9415,2.319153
AAPL,2023-06-09,248.3494,2.311257
AAPL,2023-06-12,249.331,2.324347
AAPL,2023-06-13,255.7217,2.409553
AAPL,2023-06-14,251.7934,2.357179
AAPL,2023-06-15,253.9222,2.385564
AAPL,2023-06-16,252.1657,2.362142
AAPL,2023-06-19,252.5611,2.367414
AAPL,2023-06-20,259.4105,2.458739
AAPL,2023-06-21,260.6689,2.475517
AAPL,2023-06-22,261.1708,2.482207
AAPL,2023-06-23,254.3598,2.391395
AAPL,2023-06-26,258.4701,2.4462
AAPL,2023-06-27,262.1139,2.494781
AAPL,2023-06-28,274.0672,2.654157
AAPL,2023-06-29,272.6412,2.635144
AAPL,2023-06-30,274.1188,2.654847
AAPL,2023-07-03,275.7724,2.676896
AAPL,2023-07-04,284.9637,2.799444
AAPL,2023-07-05,284.6977,2.795899
AAPL,2023-07-06,286.5863,2.821081
AAPL,2023-07-07,290.4064,2.872012
AAPL,2023-07-10,291.7888,2.890443
AAPL,2023-07-11,289.4603,2.859397
AAPL,2023-07-12,290.8821,2.878354
AAPL,2023-07-13,297.5397,2.967122
AAPL,2023-07-14,291.734,2.889716
AAPL,2023-07-17,292.806,2.904006
AAPL,2023-07-18,288.9878,2.853098
AAPL,2023-07-19,296.3264,2.950944
AAPL,2023-07-20,287.6499,2.83526
AAPL,2023-07-21,284.7082,2.796037
AAPL,2023-07-24,287.1647,2.828789
AAPL,2023-07-25,296.6643,2.955449
AAPL,2023-07-26,296.564,2.954112
AAPL,2023-07-27,293.5531,2.913966
AAPL,2023-07-28,305.1998,3.069253
AAPL,2023-07-31,296.7128,2.956095
AAPL,2023-08-01,284.1289,2.788313
AAPL,2023-08-02,286.9435,2.82584
AAPL,2023-08-03,284.3347,2.791056
AAPL,2023-08-04,278.8163,2.717479
AAPL,2023-08-07,283.1055,2.774668
AAPL,2023-08-08,284.7813,2.797011
AAPL,2023-08-09,281.8396,2.757788
AAPL,2023-08-10,274.9301,2.665662
AAPL,2023-08-11,280.0845,2.734386
AAPL,2023-08-14,284.06,2.787391
AAPL,2023-08-15,283.7727,2.783562
AAPL,2023-08-16,294.8261,2.930936
AAPL,2023-08-17,288.8195,2.850851
AAPL,2023-08-18,280.3497,2.737921
AAPL,2023-08-21,276.7397,2.689788
AAPL,2023-08-22,276.7586,2.690039
AAPL,2023-08-23,278.3942,2.711847
AAPL,2023-08-24,277.3174,2.697489
AAPL,2023-08-25,279.5683,2.727502
AAPL,2023-08-28,272.8727,2.638228
AAPL,2023-08-29,281.2085,2.749369
AAPL,2023-08-30,281.0205,2.746864
AAPL,2023-08-31,287.7055,2.835995
AAPL,2023-09-01,289.9862,2.866402
AAPL,2023-09-04,292.9576,2.906022
AAPL,2023-09-05,296.6345,2.955046
AAPL,2023-09-06,299.6194,2.994846
AAPL,2023-09-07,303.8264,3.050937
AAPL,2023-09-08,312.3851,3.165052
AAPL,2023-09-11,313.9349,3.185715
AAPL,2023-09-12,318.7685,3.250162
AAPL,2023-09-13,318.5067,3.246673
AAPL,2023-09-14,328.2124,3.376078
AAPL,2023-09-15,324.0875,3.321079
AAPL,2023-09-18,336.4011,3.485259
AAPL,2023-09-19,336.4609,3.486057
AAPL,2023-09-20,327.2183,3.362825
AAPL,2023-09-21,328.3885,3.378426
AAPL,2023-09-22,324.2309,3.322991
AAPL,2023-09-25,330.0978,3.401216
AAPL,2023-09-26,326.1054,3.347983
AAPL,2023-09-27,323.5047,3.313308
AAPL,2023-09-28,311.7219,3.156208
AAPL,2023-09-29,309.1978,3.122556
AAPL,2023-10-02,294.7441,2.929843
AAPL,2023-10-03,285.764,2.810112
AAPL,2023-10-04,290.4647,2.872789
AAPL,2023-10-05,295.3939,2.93851
AAPL,2023-10-06,298.2325,2.976359
AAPL,2023-10-09,292.7644,2.903452
AAPL,2023-10-10,292.7719,2.903554
AAPL,2023-10-11,293.0398,2.907126
AAPL,2023-10-12,286.5593,2.820719
AAPL,2023-10-13,295.6684,2.942172
AAPL,2023-10-16,301.2413,3.016478
AAPL,2023-10-17,300.1987,3.002577
AAPL,2023-10-18,300.6582,3.008701
AAPL,2023-10-19,302.222,3.029551
AAPL,2023-10-20,290.3223,2.870891
AAPL,2023-10-23,289.1647,2.855458
AAPL,2023-10-24,285.4983,2.806575
AAPL,2023-10-25,280.0681,2.734173
AAPL,2023-10-26,278.7607,2.716742
AAPL,2023-10-27,289.3332,2.857707
AAPL,2023-10-30,293.3846,2.911727
AAPL,2023-10-31,290.3124,2.870767
AAPL,2023-11-01,293.9728,2.91957
AAPL,2023-11-02,302.682,3.035691
AAPL,2023-11-03,308.6812,3.115678
AAPL,2023-11-06,309.3577,3.1247
AAPL,2023-11-07,305.6512,3.075282
AAPL,2023-11-08,310.2898,3.137128
AAPL,2023-11-09,313.0698,3.174193
AAPL,2023-11-10,319.0854,3.2544
AAPL,2023-11-13,323.5164,3.313481
AAPL,2023-11-14,330.7604,3.410064
AAPL,2023-11-15,327.5341,3.367048
AAPL,2023-11-16,336.6809,3.489002
AAPL,2023-11-17,338.3586,3.511371
AAPL,2023-11-20,353.162,3.708748
AAPL,2023-11-21,348.6335,3.648368
AAPL,2023-11-22,361.4062,3.818665
AAPL,2023-11-23,363.2093,3.842706
AAPL,2023-11-24,358.8251,3.784249
AAPL,2023-11-27,355.6931,3.742488
AAPL,2023-11-28,353.7527,3.716617
AAPL,2023-11-29,357.1428,3.761817
AAPL,2023-11-30,361.2833,3.81702
AAPL,2023-12-01,357.482,3.766336
AAPL,2023-12-04,357.6594,3.7687
AAPL,2023-12-05,373.8119,3.984059
AAPL,2023-12-06,387.4412,4.165778
AAPL,2023-12-07,391.25,4.216563
AAPL,2023-12-08,391.9366,4.225718
AAPL,2023-12-11,393.2742,4.243553
AAPL,2023-12-12,398.5614,4.314047
AAPL,2023-12-13,390.8139,4.210748
AAPL,2023-12-14,389.1755,4.188904
AAPL,2023-12-15,376.6748,4.022231
AAPL,2023-12-18,380.0935,4.067813
AAPL,2023-12-19,385.4651,4.139432
AAPL,2023-12-20,382.1059,4.094641
AAPL,2023-12-21,394.8136,4.264074
AAPL,2023-12-22,385.5581,4.140668
AAPL,2023-12-25,374.713,3.996066
AAPL,2023-12-26,376.784,4.02368
AAPL,2023-12-27,385.2016,4.135914
AAPL,2023-12-28,398.8953,4.31849
AAPL,2023-12-29,395.6128,4.274724
AAPL,2024-01-01,404.7087,4.396001
AAPL,2024-01-02,404.7941,4.397139
AAPL,2024-01-03,403.7864,4.383706
AAPL,2024-01-04,411.4495,4.485878
AAPL,2024-01-05,417.3074,4.56398
AAPL,2024-01-08,404.6544,4.395275
AAPL,2024-01-09,417.2915,4.563764
AAPL,2024-01-10,429.4873,4.72637
AAPL,2024-01-11,424.5244,4.660197
AAPL,2024-01-12,428.3477,4.711172
AAPL,2024-01-15,433.0622,4.774029
AAPL,2024-01-16,435.7738,4.810186
AAPL,2024-01-17,431.3922,4.751765
AAPL,2024-01-18,426.0114,4.680023
AAPL,2024-01-19,426.2126,4.682704
AAPL,2024-01-22,436.8394,4.824391
AAPL,2024-01-23,442.0889,4.894383
AAPL,2024-01-24,439.2318,4.856287
AAPL,2024-01-25,446.5586,4.953976
AAPL,2024-01-26,422.0555,4.627275
AAPL,2024-01-29,432.3697,4.764795
AAPL,2024-01-30,417.8819,4.571628
AAPL,2024-01-31,415.2497,4.536532
AAPL,2024-02-01,406.3834,4.418316
AAPL,2024-02-02,396.3057,4.283953
AAPL,2024-02-05,406.0894,4.414398
AAPL,2024-02-06,402.6762,4.36889
AAPL,2024-02-07,405.8992,4.411862
AAPL,2024-02-08,405.916,4.412084
AAPL,2024-02-09,410.2431,4.469777
AAPL,2024-02-12,411.2847,4.483665
AAPL,2024-02-13,401.18,4.348937
AAPL,2024-02-14,409.7227,4.462837
AAPL,2024-02-15,406.0655,4.414076
AAPL,2024-02-16,393.9107,4.252016
AAPL,2024-02-19,390.9116,4.212027
AAPL,2024-02-20,403.3163,4.377421
AAPL,2024-02-21,410.6936,4.475779
AAPL,2024-02-22,408.2201,4.442798
AAPL,2024-02-23,405.7566,4.409951
AAPL,2024-02-26,403.5326,4.380299
AAPL,2024-02-27,421.2,4.615859
AAPL,2024-02-28,424.8747,4.664852
AAPL,2024-02-29,428.9972,4.719818
AAPL,2024-03-01,438.4326,4.84562
AAPL,2024-03-04,440.9833,4.87963
AAPL,2024-03-05,439.1199,4.854782
AAPL,2024-03-06,437.8173,4.837417
AAPL,2024-03-07,437.6177,4.834755
AAPL,2024-03-08,437.7214,4.836138
AAPL,2024-03-11,444.6279,4.928221
AAPL,2024-03-12,445.5333,4.940296
AAPL,2024-03-13,452.6087,5.034634
AAPL,2024-03-14,452.3193,5.030772
AAPL,2024-03-15,453.4843,5.046307
AAPL,2024-03-18,436.0112,4.813337
AAPL,2024-03-19,444.5786,4.927563
AAPL,2024-03-20,448.1368,4.975008
AAPL,2024-03-21,457.6954,5.102455
AAPL,2024-03-22,432.1653,4.76206
AAPL,2024-03-25,451.1921,5.015746
AAPL,2024-03-26,450.3687,5.004767
AAPL,2024-03-27,460.9976,5.14648
AAPL,2024-03-28,451.8804,5.024921
AAPL,2024-03-29,457.9487,5.105829
AAPL,2024-04-01,448.7696,4.983444
AAPL,2024-04-02,443.5999,4.914515
AAPL,2024-04-03,461.5053,5.153248
AAPL,2024-04-04,460.1889,5.135699
AAPL,2024-04-05,462.6669,5.16874
AAPL,2024-04-08,471.3183,5.284089
AAPL,2024-04-09,476.5215,5.353466
AAPL,2024-04-10,478.4407,5.379057
AAPL,2024-04-11,482.4496,5.432507
AAPL,2024-04-12,506.8992,5.758494
AAPL,2024-04-15,506.8109,5.757318
AAPL,2024-04-16,509.3722,5.79147
AAPL,2024-04-17,520.7893,5.943694
AAPL,2024-04-18,533.0516,6.10719
AAPL,2024-04-19,546.4997,6.286497
AAPL,2024-04-22,554.1285,6.388209
AAPL,2024-04-23,542.0418,6.227058
AAPL,2024-04-24,560.74,6.476362
AAPL,2024-04-25,548.4721,6.312794
AAPL,2024-04-26,552.3734,6.36481
AAPL,2024-04-29,544.5756,6.260841
AAPL,2024-04-30,544.4092,6.258619
AAPL,2024-05-01,548.5705,6.314104
AAPL,2024-05-02,552.681,6.368909
AAPL,2024-05-03,557.9523,6.439194
AAPL,2024-05-06,576.9699,6.692759
AAPL,2024-05-07,582.8441,6.771078
AAPL,2024-05-08,580.5555,6.740561
AAPL,2024-05-09,592.5332,6.900257
AAPL,2024-05-10,607.5118,7.099968
AAPL,2024-05-13,593.2481,6.909788
AAPL,2024-05-14,601.0286,7.013525
AAPL,2024-05-15,610.1861,7.135627
AAPL,2024-05-16,607.1361,7.094966
AAPL,2024-05-17,624.8252,7.330812
AAPL,2024-05-20,623.5534,7.313859
AAPL,2024-05-21,625.7514,7.343166
AAPL,2024-05-22,624.188,7.322324
AAPL,2024-05-23,625.0008,7.33316
AAPL,2024-05-24,611.9444,7.15908
AAPL,2024-05-27,595.023,6.933465
AAPL,2024-05-28,615.066,7.200696
AAPL,2024-05-29,605.2513,7.069838
AAPL,2024-05-30,593.8617,6.917979
AAPL,2024-05-31,569.1964,6.589114
AAPL,2024-06-03,562.467,6.499388
AAPL,2024-06-04,548.2047,6.309226
AAPL,2024-06-05,567.2137,6.562673
AAPL,2024-06-06,579.45,6.725823
AAPL,2024-06-07,572.032,6.626917
AAPL,2024-06-10,599.1949,6.989081
AAPL,2024-06-11,611.7752,7.156812
AAPL,2024-06-12,608.3827,7.111582
AAPL,2024-06-13,579.0612,6.720637
AAPL,2024-06-14,607.029,7.093528
AAPL,2024-06-17,590.8444,6.877738
AAPL,2024-06-18,572.1332,6.628258
AAPL,2024-06-19,584.6259,6.794821
AAPL,2024-06-20,614.7037,7.195849
AAPL,2024-06-21,632.7225,7.436094
AAPL,2024-06-24,640.5881,7.540963
AAPL,2024-06-25,648.9548,7.652517
AAPL,2024-06-26,660.8676,7.811351
AAPL,2024-06-27,671.7185,7.956024
AAPL,2024-06-28,676.2041,8.015833
AAPL,2024-07-01,678.2953,8.043719
AAPL,2024-07-02,678.1092,8.041241
AAPL,2024-07-03,668.5406,7.91366
AAPL,2024-07-04,665.4254,7.872122
AAPL,2024-07-05,643.7349,7.582927
AAPL,2024-07-08,643.0947,7.574386
AAPL,2024-07-09,631.0286,7.413505
AAPL,2024-07-10,617.7552,7.236527
AAPL,2024-07-11,620.6119,7.274613
AAPL,2024-07-12,638.9034,7.518491
AAPL,2024-07-15,651.4835,7.68622
AAPL,2024-07-16,631.8052,7.423852
AAPL,2024-07-17,619.9379,7.265627
AAPL,2024-07-18,632.4308,7.432196
AAPL,2024-07-19,620.6412,7.275003
AAPL,2024-07-22,618.4474,7.245751
AAPL,2024-07-23,625.9606,7.345929
AAPL,2024-07-24,614.4667,7.192681
AAPL,2024-07-25,616.3816,7.218209
AAPL,2024-07-26,600.6198,7.008061
AAPL,2024-07-29,593.9689,6.919388
AAPL,2024-07-30,598.4007,6.978474
AAPL,2024-07-31,580.0626,6.733974
AAPL,2024-08-01,585.8141,6.810656
AAPL,2024-08-02,586.1607,6.81528
AAPL,2024-08-05,593.3108,6.910611
AAPL,2024-08-06,596.5836,6.954246
AAPL,2024-08-07,613.8221,7.184084
AAPL,2024-08-08,615.9814,7.212876
AAPL,2024-08-09,611.2757,7.150138
AAPL,2024-08-12,613.3898,7.178329
AAPL,2024-08-13,620.7571,7.276559
AAPL,2024-08-14,621.9826,7.292897
AAPL,2024-08-15,623.1066,7.307882
AAPL,2024-08-16,614.9581,7.19924
AAPL,2024-08-19,607.3945,7.098397
AAPL,2024-08-20,591.0449,6.880405
AAPL,2024-08-21,612.8667,7.171357
AAPL,2024-08-22,598.2812,6.976887
AAPL,2024-08-23,590.5655,6.874017
AAPL,2024-08-26,582.6496,6.768474
AAPL,2024-08-27,593.842,6.917698
AAPL,2024-08-28,590.9049,6.878537
AAPL,2024-08-29,606.5544,7.087193
AAPL,2024-08-30,598.9664,6.986022
AAPL,2024-09-02,602.9394,7.038993
AAPL,2024-09-03,593.4572,6.912564
AAPL,2024-09-04,620.2946,7.270386
AAPL,2024-09-05,606.2194,7.082722
AAPL,2024-09-06,610.6199,7.141395
AAPL,2024-09-09,619.082,7.254218
AAPL,2024-09-10,624.8843,7.331577
AAPL,2024-09-11,623.1696,7.308715
AAPL,2024-09-12,622.1549,7.295188
AAPL,2024-09-13,623.3197,7.310717
AAPL,2024-09-16,622.0893,7.294312
AAPL,2024-09-17,634.9212,7.465398
AAPL,2024-09-18,664.5088,7.859886
AAPL,2024-09-19,657.7319,7.769533
AAPL,2024-09-20,640.4507,7.539122
AAPL,2024-09-23,639.9434,7.532359
AAPL,2024-09-24,674.7682,7.996673
AAPL,2024-09-25,664.5804,7.860841
AAPL,2024-09-26,687.5845,8.167551
AAPL,2024-09-27,711.9383,8.492256
AAPL,2024-09-30,704.7332,8.396194
AAPL,2024-10-01,713.5669,8.513976
AAPL,2024-10-02,738.1071,8.841171
AAPL,2024-10-03,733.2111,8.775894
AAPL,2024-10-04,730.9296,8.745472
AAPL,2024-10-07,723.1227,8.64138
AAPL,2024-10-08,709.1809,8.455495
AAPL,2024-10-09,700.6509,8.341764
AAPL,2024-10-10,684.2509,8.123101
AAPL,2024-10-11,685.3976,8.138392
AAPL,2024-10-14,675.5081,8.006534
AAPL,2024-10-15,679.3695,8.058015
AAPL,2024-10-16,659.0429,7.786999
AAPL,2024-10-17,664.1087,7.854545
AAPL,2024-10-18,676.0286,8.013475
AAPL,2024-10-21,650.0393,7.666961
AAPL,2024-10-22,655.6063,7.741185
AAPL,2024-10-23,672.6971,7.969059
AAPL,2024-10-24,657.1409,7.761649
AAPL,2024-10-25,680.3461,8.071041
AAPL,2024-10-28,686.7948,8.157025
AAPL,2024-10-29,677.7721,8.036729
AAPL,2024-10-30,677.6793,8.035491
NVDA,2020-01-02,60.0,0.0
NVDA,2020-01-03,57.4238,-0.042936
NVDA,2020-01-06,59.1218,-0.014637
NVDA,2020-01-07,59.9909,-0.000151
NVDA,2020-01-08,58.3505,-0.027491
NVDA,2020-01-09,61.3183,0.021973
NVDA,2020-01-10,62.0487,0.034147
NVDA,2020-01-13,62.571,0.042852
NVDA,2020-01-14,62.2993,0.038324
NVDA,2020-01-15,62.3639,0.039401
NVDA,2020-01-16,61.6986,0.028312
NVDA,2020-01-17,60.3527,0.005879
NVDA,2020-01-20,62.8159,0.046934
NVDA,2020-01-21,61.9284,0.032142
NVDA,2020-01-22,60.9887,0.01648
NVDA,2020-01-23,60.8192,0.013655
NVDA,2020-01-24,63.6923,0.06154
NVDA,2020-01-27,66.0876,0.101463
NVDA,2020-01-28,65.355,0.089253
NVDA,2020-01-29,68.0174,0.133627
NVDA,2020-01-30,68.3375,0.138962
NVDA,2020-01-31,66.6319,0.110535
NVDA,2020-02-03,65.7248,0.095417
NVDA,2020-02-04,68.7186,0.145313
NVDA,2020-02-05,73.4726,0.224547
NVDA,2020-02-06,74.3122,0.238541
NVDA,2020-02-07,73.0922,0.218207
NVDA,2020-02-10,72.8991,0.21499
NVDA,2020-02-11,71.2611,0.18769
NVDA,2020-02-12,69.9804,0.166344
NVDA,2020-02-13,68.5102,0.141841
NVDA,2020-02-14,68.4274,0.140461
NVDA,2020-02-17,68.7766,0.146281
NVDA,2020-02-18,68.5447,0.142417
NVDA,2020-02-19,68.1564,0.135946
NVDA,2020-02-20,69.8988,0.164985
NVDA,2020-02-21,69.4855,0.158097
NVDA,2020-02-24,69.2145,0.153581
NVDA,2020-02-25,68.9195,0.148664
NVDA,2020-02-26,72.4458,0.207436
NVDA,2020-02-27,71.4256,0.190433
NVDA,2020-02-28,72.8737,0.214567
NVDA,2020-03-02,71.2678,0.187803
NVDA,2020-03-03,72.1507,0.202518
NVDA,2020-03-04,73.4975,0.224964
NVDA,2020-03-05,76.149,0.269156
NVDA,2020-03-06,75.33,0.255506
NVDA,2020-03-09,72.8266,0.213783
NVDA,2020-03-10,71.142,0.185706
NVDA,2020-03-11,73.4311,0.223858
NVDA,2020-03-12,78.5085,0.308481
NVDA,2020-03-13,80.7033,0.345061
NVDA,2020-03-16,77.6581,0.294306
NVDA,2020-03-17,79.7441,0.329074
NVDA,2020-03-18,77.5084,0.291812
NVDA,2020-03-19,76.7596,0.279333
NVDA,2020-03-20,77.3133,0.288561
NVDA,2020-03-23,78.2844,0.304746
NVDA,2020-03-24,78.5472,0.309126
NVDA,2020-03-25,77.1735,0.286231
NVDA,2020-03-26,79.8964,0.331613
NVDA,2020-03-27,78.6812,0.311359
NVDA,2020-03-30,81.958,0.365973
NVDA,2020-03-31,78.6243,0.310411
NVDA,2020-04-01,79.262,0.32104
NVDA,2020-04-02,76.3576,0.272634
NVDA,2020-04-03,74.4738,0.241236
NVDA,2020-04-06,73.3746,0.222916
NVDA,2020-04-07,77.0737,0.284569
NVDA,2020-04-08,80.419,0.340324
NVDA,2020-04-09,82.7709,0.379522
NVDA,2020-04-10,82.9647,0.382751
NVDA,2020-04-13,83.5653,0.392761
NVDA,2020-04-14,87.0783,0.451313
NVDA,2020-04-15,89.1381,0.485642
NVDA,2020-04-16,89.3038,0.488404
NVDA,2020-04-17,93.7057,0.56177
NVDA,2020-04-20,96.2649,0.604424
NVDA,2020-04-21,97.1279,0.618807
NVDA,2020-04-22,95.8575,0.597633
NVDA,2020-04-23,94.335,0.57226
NVDA,2020-04-24,93.4619,0.557707
NVDA,2020-04-27,94.9393,0.58233
NVDA,2020-04-28,97.5975,0.626633
NVDA,2020-04-29,93.3775,0.556299
NVDA,2020-04-30,87.9376,0.465634
NVDA,2020-05-01,85.4515,0.424198
NVDA,2020-05-04,84.4701,0.407842
NVDA,2020-05-05,87.8259,0.463771
NVDA,2020-05-06,87.1659,0.452773
NVDA,2020-05-07,87.9816,0.466368
NVDA,2020-05-08,89.2624,0.487714
NVDA,2020-05-11,86.5421,0.442374
NVDA,2020-05-12,90.7313,0.512195
NVDA,2020-05-13,88.9658,0.482771
NVDA,2020-05-14,93.5664,0.559446
NVDA,2020-05-15,93.3155,0.555265
NVDA,2020-05-18,92.448,0.540806
NVDA,2020-05-19,89.3847,0.489752
NVDA,2020-05-20,90.0579,0.500972
NVDA,2020-05-21,96.8098,0.613506
NVDA,2020-05-22,98.2058,0.636771
NVDA,2020-05-25,99.1737,0.652903
NVDA,2020-05-26,97.2385,0.62065
NVDA,2020-05-27,99.1964,0.653282
NVDA,2020-05-28,99.8187,0.663655
NVDA,2020-05-29,99.75,0.662508
NVDA,2020-06-01,101.4474,0.690799
NVDA,2020-06-02,95.9317,0.598871
NVDA,2020-06-03,95.7519,0.595873
NVDA,2020-06-04,92.328,0.538808
NVDA,2020-06-05,92.5313,0.542196
NVDA,2020-06-08,90.5613,0.509361
NVDA,2020-06-09,88.8242,0.48041
NVDA,2020-06-10,85.2808,0.421354
NVDA,2020-06-11,88.4449,0.474089
NVDA,2020-06-12,86.6886,0.444816
NVDA,2020-06-15,85.1105,0.418515
NVDA,2020-06-16,89.4294,0.490497
NVDA,2020-06-17,91.1611,0.519359
NVDA,2020-06-18,85.6126,0.426885
NVDA,2020-06-19,89.5464,0.492449
NVDA,2020-06-22,94.4387,0.573987
NVDA,2020-06-23,99.3052,0.655098
NVDA,2020-06-24,101.5483,0.692482
NVDA,2020-06-25,98.2115,0.636868
NVDA,2020-06-26,98.1859,0.636441
NVDA,2020-06-29,93.9282,0.565479
NVDA,2020-06-30,91.5187,0.525321
NVDA,2020-07-01,88.4859,0.474775
NVDA,2020-07-02,86.8674,0.4478
NVDA,2020-07-03,87.4299,0.457174
NVDA,2020-07-06,86.3245,0.438751
NVDA,2020-07-07,85.1178,0.41864
NVDA,2020-07-08,84.4504,0.407515
NVDA,2020-07-09,88.6488,0.47749
NVDA,2020-07-10,95.0235,0.583735
NVDA,2020-07-13,93.805,0.563427
NVDA,2020-07-14,94.9256,0.582103
NVDA,2020-07-15,92.5626,0.54272
NVDA,2020-07-16,94.9503,0.582516
NVDA,2020-07-17,93.6568,0.560957
NVDA,2020-07-20,91.7006,0.528354
NVDA,2020-07-21,97.7939,0.62991
NVDA,2020-07-22,93.8258,0.563774
NVDA,2020-07-23,86.9621,0.44938
NVDA,2020-07-24,89.1132,0.485232
NVDA,2020-07-27,88.201,0.470027
NVDA,2020-07-28,86.536,0.442278
NVDA,2020-07-29,94.4329,0.573893
NVDA,2020-07-30,96.7547,0.61259
NVDA,2020-07-31,96.7012,0.611698
NVDA,2020-08-03,94.6909,0.578193
NVDA,2020-08-04,96.1537,0.602574
NVDA,2020-08-05,91.1638,0.519408
NVDA,2020-08-06,89.8096,0.496838
NVDA,2020-08-07,89.8205,0.497019
NVDA,2020-08-10,90.5432,0.509064
NVDA,2020-08-11,90.2543,0.504248
NVDA,2020-08-12,88.419,0.473659
NVDA,2020-08-13,91.138,0.518976
NVDA,2020-08-14,86.6296,0.443837
NVDA,2020-08-17,85.9854,0.4331
NVDA,2020-08-18,84.7033,0.411731
NVDA,2020-08-19,87.5591,0.459329
NVDA,2020-08-20,86.414,0.440244
NVDA,2020-08-21,87.7266,0.46212
NVDA,2020-08-24,88.7661,0.479445
NVDA,2020-08-25,83.8889,0.398158
NVDA,2020-08-26,83.8237,0.39707
NVDA,2020-08-27,79.4489,0.324157
NVDA,2020-08-28,80.4365,0.340618
NVDA,2020-08-31,78.7088,0.311823
NVDA,2020-09-01,81.8118,0.36354
NVDA,2020-09-02,81.4523,0.357549
NVDA,2020-09-03,79.6031,0.326728
NVDA,2020-09-04,82.7757,0.379605
NVDA,2020-09-07,80.6374,0.343966
NVDA,2020-09-08,83.0491,0.384161
NVDA,2020-09-09,84.3899,0.406507
NVDA,2020-09-10,83.5318,0.392206
NVDA,2020-09-11,80.1931,0.33656
NVDA,2020-09-14,83.4991,0.39166
NVDA,2020-09-15,84.9352,0.415595
NVDA,2020-09-16,83.002,0.383375
NVDA,2020-09-17,83.7518,0.395874
NVDA,2020-09-18,86.5601,0.442679
NVDA,2020-09-21,86.9781,0.449647
NVDA,2020-09-22,87.7468,0.462457
NVDA,2020-09-23,90.7629,0.512725
NVDA,2020-09-24,95.3886,0.589821
NVDA,2020-09-25,95.1526,0.585888
NVDA,2020-09-28,91.3452,0.522432
NVDA,2020-09-29,87.7866,0.463121
NVDA,2020-09-30,86.0074,0.433469
NVDA,2020-10-01,83.6195,0.39367
NVDA,2020-10-02,79.406,0.323445
NVDA,2020-10-05,84.2733,0.404567
NVDA,2020-10-06,85.7973,0.429968
NVDA,2020-10-07,84.5024,0.408386
NVDA,2020-10-08,84.5248,0.40876
NVDA,2020-10-09,80.0034,0.333402
NVDA,2020-10-12,83.0805,0.384688
NVDA,2020-10-13,78.2331,0.303897
NVDA,2020-10-14,79.6026,0.326723
NVDA,2020-10-15,75.2211,0.253698
NVDA,2020-10-16,74.3424,0.239052
NVDA,2020-10-19,77.4097,0.290174
NVDA,2020-10-20,73.6215,0.227037
NVDA,2020-10-21,73.3721,0.22288
NVDA,2020-10-22,74.9339,0.24891
NVDA,2020-10-23,76.1356,0.268939
NVDA,2020-10-26,76.4025,0.273387
NVDA,2020-10-27,77.7051,0.295096
NVDA,2020-10-28,76.3228,0.272058
NVDA,2020-10-29,81.2181,0.353647
NVDA,2020-10-30,77.3003,0.28835
NVDA,2020-11-02,80.2855,0.338105
NVDA,2020-11-03,80.8704,0.347853
NVDA,2020-11-04,82.5641,0.376081
NVDA,2020-11-05,84.7656,0.412774
NVDA,2020-11-06,86.3735,0.439572
NVDA,2020-11-09,84.3037,0.405075
NVDA,2020-11-10,83.6548,0.394261
NVDA,2020-11-11,80.0193,0.333669
NVDA,2020-11-12,79.3728,0.322894
NVDA,2020-11-13,80.2866,0.338126
NVDA,2020-11-16,81.9423,0.365721
NVDA,2020-11-17,83.0659,0.384447
NVDA,2020-11-18,78.7001,0.311682
NVDA,2020-11-19,77.4186,0.290324
NVDA,2020-11-20,75.9183,0.265319
NVDA,2020-11-23,72.9432,0.215734
NVDA,2020-11-24,71.1394,0.18567
NVDA,2020-11-25,71.2341,0.187248
NVDA,2020-11-26,74.5739,0.242913
NVDA,2020-11-27,72.462,0.207714
NVDA,2020-11-30,70.021,0.167031
NVDA,2020-12-01,68.8,0.14668
NVDA,2020-12-02,69.6249,0.160429
NVDA,2020-12-03,72.4543,0.207585
NVDA,2020-12-04,72.3504,0.205854
NVDA,2020-12-07,69.2186,0.153657
NVDA,2020-12-08,66.6677,0.111141
NVDA,2020-12-09,67.1508,0.119193
NVDA,2020-12-10,69.3785,0.156323
NVDA,2020-12-11,73.5568,0.225961
NVDA,2020-12-14,70.9592,0.182668
NVDA,2020-12-15,71.3643,0.189418
NVDA,2020-12-16,69.1757,0.152942
NVDA,2020-12-17,67.332,0.122213
NVDA,2020-12-18,65.3629,0.089393
NVDA,2020-12-21,64.7618,0.079375
NVDA,2020-12-22,63.0682,0.051148
NVDA,2020-12-23,68.2776,0.137973
NVDA,2020-12-24,67.383,0.123063
NVDA,2020-12-25,69.6021,0.160048
NVDA,2020-12-28,68.2592,0.137665
NVDA,2020-12-29,73.3279,0.222145
NVDA,2020-12-30,74.2109,0.236861
NVDA,2020-12-31,76.2915,0.271538
NVDA,2021-01-01,74.9809,0.249695
NVDA,2021-01-04,77.4226,0.290391
NVDA,2021-01-05,78.3445,0.305757
NVDA,2021-01-06,77.5148,0.291927
NVDA,2021-01-07,75.0193,0.250335
NVDA,2021-01-08,74.5562,0.242617
NVDA,2021-01-11,73.8965,0.231621
NVDA,2021-01-12,76.0451,0.267431
NVDA,2021-01-13,75.5883,0.259818
NVDA,2021-01-14,71.241,0.187362
NVDA,2021-01-15,72.7996,0.213339
NVDA,2021-01-18,75.9239,0.265411
NVDA,2021-01-19,72.1354,0.202268
NVDA,2021-01-20,76.4531,0.274231
NVDA,2021-01-21,79.9945,0.333255
NVDA,2021-01-22,78.5218,0.308709
NVDA,2021-01-25,75.9047,0.265091
NVDA,2021-01-26,78.5656,0.30944
NVDA,2021-01-27,75.3455,0.25577
NVDA,2021-01-28,73.8712,0.231199
NVDA,2021-01-29,70.9652,0.182766
NVDA,2021-02-01,71.07,0.184513
NVDA,2021-02-02,74.5228,0.242059
NVDA,2021-02-03,75.5053,0.258435
NVDA,2021-02-04,78.0663,0.30112
NVDA,2021-02-05,77.3057,0.288443
NVDA,2021-02-08,77.6431,0.294066
NVDA,2021-02-09,74.7974,0.246637
NVDA,2021-02-10,74.6657,0.244443
NVDA,2021-02-11,73.0259,0.217114
NVDA,2021-02-12,72.752,0.212549
NVDA,2021-02-15,72.3223,0.205387
NVDA,2021-02-16,71.702,0.195049
NVDA,2021-02-17,76.7221,0.278719
NVDA,2021-02-18,81.2193,0.353672
NVDA,2021-02-19,85.0336,0.417245
NVDA,2021-02-22,90.0959,0.501619
NVDA,2021-02-23,94.3365,0.572297
NVDA,2021-02-24,94.3917,0.573217
NVDA,2021-02-25,94.1424,0.569062
NVDA,2021-02-26,94.9654,0.582779
NVDA,2021-03-01,94.4591,0.57434
NVDA,2021-03-02,91.5329,0.525568
NVDA,2021-03-03,92.5112,0.541875
NVDA,2021-03-04,88.1722,0.469556
NVDA,2021-03-05,88.6695,0.477846
NVDA,2021-03-08,86.0453,0.434108
NVDA,2021-03-09,85.9367,0.432298
NVDA,2021-03-10,86.5674,0.44281
NVDA,2021-03-11,85.7211,0.428705
NVDA,2021-03-12,81.5093,0.358508
NVDA,2021-03-15,78.617,0.310301
NVDA,2021-03-16,79.8628,0.331066
NVDA,2021-03-17,78.5741,0.309588
NVDA,2021-03-18,80.0777,0.334648
NVDA,2021-03-19,80.2055,0.336779
NVDA,2021-03-22,79.8102,0.33019
NVDA,2021-03-23,80.793,0.346572
NVDA,2021-03-24,79.1958,0.31995
NVDA,2021-03-25,80.3044,0.338427
NVDA,2021-03-26,79.3525,0.322562
NVDA,2021-03-29,86.0627,0.434399
NVDA,2021-03-30,83.1503,0.385859
NVDA,2021-03-31,82.326,0.372121
NVDA,2021-04-01,81.6135,0.360247
NVDA,2021-04-02,78.3123,0.305226
NVDA,2021-04-05,80.2266,0.337133
NVDA,2021-04-06,79.2527,0.3209
NVDA,2021-04-07,73.6243,0.227092
NVDA,2021-04-08,75.3512,0.255874
NVDA,2021-04-09,73.9517,0.232548
NVDA,2021-04-12,73.8029,0.230068
NVDA,2021-04-13,75.4904,0.258194
NVDA,2021-04-14,74.7245,0.245428
NVDA,2021-04-15,73.9473,0.232475
NVDA,2021-04-16,80.0197,0.333683
NVDA,2021-04-19,74.8679,0.247819
NVDA,2021-04-20,71.9889,0.199834
NVDA,2021-04-21,69.6445,0.160762
NVDA,2021-04-22,73.7767,0.229632
NVDA,2021-04-23,72.3872,0.206473
NVDA,2021-04-26,73.0311,0.217205
NVDA,2021-04-27,72.0415,0.200712
NVDA,2021-04-28,73.5181,0.225321
NVDA,2021-04-29,73.5835,0.226412
NVDA,2021-04-30,74.2681,0.237824
NVDA,2021-05-03,77.441,0.290706
NVDA,2021-05-04,78.6237,0.310418
NVDA,2021-05-05,76.9234,0.282078
NVDA,2021-05-06,77.7835,0.296413
NVDA,2021-05-07,84.0489,0.400839
NVDA,2021-05-10,85.6684,0.427831
NVDA,2021-05-11,86.1903,0.436531
NVDA,2021-05-12,82.6553,0.377613
NVDA,2021-05-13,84.6721,0.411227
NVDA,2021-05-14,87.1428,0.452406
NVDA,2021-05-17,88.119,0.468676
NVDA,2021-05-18,88.5503,0.475865
NVDA,2021-05-19,96.9386,0.615671
NVDA,2021-05-20,99.7145,0.661936
NVDA,2021-05-21,103.8199,0.730361
NVDA,2021-05-24,104.1731,0.736248
NVDA,2021-05-25,103.8761,0.731297
NVDA,2021-05-26,106.1016,0.768391
NVDA,2021-05-27,105.796,0.763296
NVDA,2021-05-28,105.7644,0.762769
NVDA,2021-05-31,107.4572,0.790983
NVDA,2021-06-01,105.872,0.764563
NVDA,2021-06-02,106.7471,0.779149
NVDA,2021-06-03,107.1548,0.785943
NVDA,2021-06-04,110.6114,0.843552
NVDA,2021-06-07,108.642,0.810728
NVDA,2021-06-08,102.1412,0.702379
NVDA,2021-06-09,101.2772,0.687981
NVDA,2021-06-10,102.6848,0.711442
NVDA,2021-06-11,105.9874,0.766487
NVDA,2021-06-14,103.8334,0.730587
NVDA,2021-06-15,105.7578,0.762661
NVDA,2021-06-16,109.749,0.829181
NVDA,2021-06-17,112.5219,0.875397
NVDA,2021-06-18,109.896,0.831633
NVDA,2021-06-21,107.6951,0.794951
NVDA,2021-06-22,109.3218,0.822061
NVDA,2021-06-23,115.2125,0.920243
NVDA,2021-06-24,115.4127,0.923579
NVDA,2021-06-25,114.9614,0.916057
NVDA,2021-06-28,110.2497,0.837526
NVDA,2021-06-29,109.1326,0.818906
NVDA,2021-06-30,106.8392,0.780684
NVDA,2021-07-01,107.0688,0.784511
NVDA,2021-07-02,102.2184,0.703669
NVDA,2021-07-05,101.2965,0.688303
NVDA,2021-07-06,98.2547,0.637605
NVDA,2021-07-07,101.3386,0.689005
NVDA,2021-07-08,98.7603,0.646033
NVDA,2021-07-09,97.121,0.618712
NVDA,2021-07-12,98.1144,0.635268
NVDA,2021-07-13,96.847,0.614146
NVDA,2021-07-14,104.4531,0.740916
NVDA,2021-07-15,107.6986,0.795008
NVDA,2021-07-16,107.896,0.798298
NVDA,2021-07-19,109.2951,0.821617
NVDA,2021-07-20,101.6111,0.693548
NVDA,2021-07-21,105.7669,0.762814
NVDA,2021-07-22,107.6248,0.793778
NVDA,2021-07-23,107.5156,0.791959
NVDA,2021-07-26,109.5903,0.826536
NVDA,2021-07-27,112.135,0.868949
NVDA,2021-07-28,110.8168,0.846979
NVDA,2021-07-29,112.2964,0.87164
NVDA,2021-07-30,116.2175,0.936992
NVDA,2021-08-02,118.0468,0.96748
NVDA,2021-08-03,117.2625,0.954408
NVDA,2021-08-04,118.516,0.975301
NVDA,2021-08-05,123.9495,1.065861
NVDA,2021-08-06,127.2122,1.12024
NVDA,2021-08-09,122.7946,1.046613
NVDA,2021-08-10,125.2462,1.087473
NVDA,2021-08-11,127.2147,1.120282
NVDA,2021-08-12,132.136,1.202305
NVDA,2021-08-13,132.4434,1.207428
NVDA,2021-08-16,131.0805,1.184714
NVDA,2021-08-17,125.7138,1.095267
NVDA,2021-08-18,123.1521,1.052572
NVDA,2021-08-19,128.093,1.134921
NVDA,2021-08-20,129.0605,1.151046
NVDA,2021-08-23,128.8215,1.147062
NVDA,2021-08-24,134.3604,1.239379
NVDA,2021-08-25,139.2311,1.320559
NVDA,2021-08-26,136.2172,1.270328
NVDA,2021-08-27,141.6513,1.360899
NVDA,2021-08-30,134.6148,1.243623
NVDA,2021-08-31,136.7537,1.279272
NVDA,2021-09-01,138.4102,1.306881
NVDA,2021-09-02,143.6997,1.395043
NVDA,2021-09-03,145.6223,1.427086
NVDA,2021-09-06,144.6914,1.41157
NVDA,2021-09-07,144.1246,1.402124
NVDA,2021-09-08,157.0866,1.618161
NVDA,2021-09-09,157.6992,1.628372
NVDA,2021-09-10,160.9004,1.681726
NVDA,2021-09-13,151.1714,1.519572
NVDA,2021-09-14,147.473,1.457931
NVDA,2021-09-15,150.0959,1.501648
NVDA,2021-09-16,142.838,1.380681
NVDA,2021-09-17,145.5188,1.425361
NVDA,2021-09-20,142.4165,1.373655
NVDA,2021-09-21,138.0315,1.30057
NVDA,2021-09-22,135.073,1.251262
NVDA,2021-09-23,141.9136,1.365273
NVDA,2021-09-24,143.5969,1.393327
NVDA,2021-09-27,139.7176,1.328671
NVDA,2021-09-28,143.3564,1.389319
NVDA,2021-09-29,147.3422,1.45575
NVDA,2021-09-30,145.7711,1.429564
NVDA,2021-10-01,150.4361,1.507315
NVDA,2021-10-04,155.4832,1.591435
NVDA,2021-10-05,159.9149,1.665299
NVDA,2021-10-06,156.7591,1.612702
NVDA,2021-10-07,151.2393,1.520703
NVDA,2021-10-08,143.5714,1.392904
NVDA,2021-10-11,140.819,1.347029
NVDA,2021-10-12,139.3767,1.322991
NVDA,2021-10-13,138.3032,1.305099
NVDA,2021-10-14,138.2759,1.304645
NVDA,2021-10-15,146.2218,1.437079
NVDA,2021-10-18,144.8529,1.414264
NVDA,2021-10-19,144.8172,1.413667
NVDA,2021-10-20,136.9359,1.282311
NVDA,2021-10-21,147.0801,1.451384
NVDA,2021-10-22,141.2907,1.354893
NVDA,2021-10-25,138.3582,1.306015
NVDA,2021-10-26,141.606,1.360146
NVDA,2021-10-27,142.8925,1.381588
NVDA,2021-10-28,150.6769,1.51133
NVDA,2021-10-29,154.3319,1.57225
NVDA,2021-11-01,154.136,1.568983
NVDA,2021-11-02,159.4947,1.658296
NVDA,2021-11-03,165.6501,1.76089
NVDA,2021-11-04,162.4507,1.707566
NVDA,2021-11-05,167.6698,1.794555
NVDA,2021-11-08,166.715,1.77864
NVDA,2021-11-09,166.387,1.773172
NVDA,2021-11-10,167.3534,1.789278
NVDA,2021-11-11,165.5717,1.759581
NVDA,2021-11-12,163.5315,1.725577
NVDA,2021-11-15,168.9007,1.815066
NVDA,2021-11-16,161.1674,1.686176
NVDA,2021-11-17,156.0685,1.601193
NVDA,2021-11-18,159.6265,1.660495
NVDA,2021-11-19,159.466,1.657819
NVDA,2021-11-22,164.7369,1.74567
NVDA,2021-11-23,166.8197,1.780384
NVDA,2021-11-24,160.1635,1.669446
NVDA,2021-11-25,160.6879,1.678186
NVDA,2021-11-26,163.6272,1.727176
NVDA,2021-11-29,165.0505,1.750899
NVDA,2021-11-30,162.8439,1.714122
NVDA,2021-12-01,161.6532,1.694277
NVDA,2021-12-02,159.0315,1.650581
NVDA,2021-12-03,152.727,1.545504
NVDA,2021-12-06,146.0384,1.434026
NVDA,2021-12-07,148.0343,1.467292
NVDA,2021-12-08,144.2121,1.403587
NVDA,2021-12-09,147.04,1.450719
NVDA,2021-12-10,144.496,1.408316
NVDA,2021-12-13,138.8204,1.313722
NVDA,2021-12-14,137.2249,1.287131
NVDA,2021-12-15,146.7716,1.446246
NVDA,2021-12-16,146.5191,1.442039
NVDA,2021-12-17,149.7233,1.495441
NVDA,2021-12-20,150.7157,1.511981
NVDA,2021-12-21,144.3766,1.406327
NVDA,2021-12-22,151.3134,1.521942
NVDA,2021-12-23,150.3306,1.505562
NVDA,2021-12-24,144.4379,1.407346
NVDA,2021-12-27,142.3096,1.371874
NVDA,2021-12-28,141.5706,1.359557
NVDA,2021-12-29,145.1394,1.419039
NVDA,2021-12-30,142.2438,1.370777
NVDA,2021-12-31,154.6811,1.578068
NVDA,2022-01-03,150.3757,1.50631
NVDA,2022-01-04,153.5003,1.558388
NVDA,2022-01-05,144.4333,1.40727
NVDA,2022-01-06,144.0574,1.401003
NVDA,2022-01-07,145.9214,1.43207
NVDA,2022-01-10,141.0472,1.350832
NVDA,2022-01-11,148.0573,1.46767
NVDA,2022-01-12,150.2911,1.5049
NVDA,2022-01-13,148.987,1.483165
NVDA,2022-01-14,151.1833,1.519772
NVDA,2022-01-17,148.5758,1.476313
NVDA,2022-01-18,154.7482,1.579189
NVDA,2022-01-19,159.9831,1.666438
NVDA,2022-01-20,162.0846,1.701464
NVDA,2022-01-21,165.4509,1.757571
NVDA,2022-01-24,158.1331,1.635604
NVDA,2022-01-25,165.8247,1.7638
NVDA,2022-01-26,165.5199,1.75872
NVDA,2022-01-27,171.1717,1.852919
NVDA,2022-01-28,175.4887,1.92487
NVDA,2022-01-31,181.3932,2.02328
NVDA,2022-02-01,175.7312,1.928911
NVDA,2022-02-02,170.9297,1.848884
NVDA,2022-02-03,183.7095,2.061887
NVDA,2022-02-04,175.3512,1.922577
NVDA,2022-02-07,169.6112,1.82691
NVDA,2022-02-08,170.0616,1.834415
NVDA,2022-02-09,170.5225,1.842096
NVDA,2022-02-10,167.8629,1.797771
NVDA,2022-02-11,171.3729,1.856272
NVDA,2022-02-14,176.5395,1.942383
NVDA,2022-02-15,176.6662,1.944496
NVDA,2022-02-16,175.4046,1.923469
NVDA,2022-02-17,175.5078,1.925191
NVDA,2022-02-18,173.0028,1.88344
NVDA,2022-02-21,164.2038,1.736785
NVDA,2022-02-22,165.9815,1.766414
NVDA,2022-02-23,170.2533,1.837613
NVDA,2022-02-24,169.6485,1.827534
NVDA,2022-02-25,158.1708,1.636234
NVDA,2022-02-28,155.5485,1.592528
NVDA,2022-03-01,160.2564,1.670993
NVDA,2022-03-02,153.3563,1.555991
NVDA,2022-03-03,156.957,1.616003
NVDA,2022-03-04,154.9701,1.582887
NVDA,2022-03-07,155.0784,1.584693
NVDA,2022-03-08,151.9599,1.532717
NVDA,2022-03-09,146.8099,1.446883
NVDA,2022-03-10,153.7923,1.563259
NVDA,2022-03-11,157.9991,1.633375
NVDA,2022-03-14,161.4484,1.690864
NVDA,2022-03-15,166.3497,1.772553
NVDA,2022-03-16,169.2227,1.820438
NVDA,2022-03-17,174.5555,1.909319
NVDA,2022-03-18,171.1639,1.852791
NVDA,2022-03-21,178.9854,1.983152
NVDA,2022-03-22,186.6389,2.110711
NVDA,2022-03-23,189.1328,2.152277
NVDA,2022-03-24,187.6668,2.127843
NVDA,2022-03-25,180.8052,2.01348
NVDA,2022-03-28,182.3471,2.039179
NVDA,2022-03-29,192.5338,2.20896
NVDA,2022-03-30,185.8609,2.097743
NVDA,2022-03-31,192.165,2.202816
NVDA,2022-04-01,189.577,2.15968
NVDA,2022-04-04,187.5272,2.125518
NVDA,2022-04-05,180.9445,2.015803
NVDA,2022-04-06,176.9343,1.948967
NVDA,2022-04-07,180.8088,2.013543
NVDA,2022-04-08,185.4931,2.091618
NVDA,2022-04-11,187.1174,2.118691
NVDA,2022-04-12,184.4267,2.073844
NVDA,2022-04-13,178.3562,1.972669
NVDA,2022-04-14,178.9341,1.9823
NVDA,2022-04-15,177.1173,1.952021
NVDA,2022-04-18,178.5295,1.975557
NVDA,2022-04-19,176.9603,1.949405
NVDA,2022-04-20,175.5462,1.925837
NVDA,2022-04-21,176.655,1.944316
NVDA,2022-04-22,178.8561,1.981002
NVDA,2022-04-25,186.1255,2.102162
NVDA,2022-04-26,184.398,2.073371
NVDA,2022-04-27,187.8357,2.130668
NVDA,2022-04-28,199.0719,2.317941
NVDA,2022-04-29,202.9531,2.382628
NVDA,2022-05-02,210.8053,2.513502
NVDA,2022-05-03,206.9913,2.449932
NVDA,2022-05-04,202.6088,2.37689
NVDA,2022-05-05,201.8545,2.364318
NVDA,2022-05-06,201.7783,2.363046
NVDA,2022-05-09,208.9692,2.482898
NVDA,2022-05-10,204.4848,2.408155
NVDA,2022-05-11,204.1779,2.40304
NVDA,2022-05-12,211.481,2.52476
NVDA,2022-05-13,213.1964,2.553349
NVDA,2022-05-16,213.3988,2.556721
NVDA,2022-05-17,215.2854,2.588162
NVDA,2022-05-18,208.0419,2.467435
NVDA,2022-05-19,200.9396,2.34906
NVDA,2022-05-20,191.3818,2.189759
NVDA,2022-05-23,192.8803,2.214735
NVDA,2022-05-24,198.8003,2.313401
NVDA,2022-05-25,203.9152,2.398652
NVDA,2022-05-26,211.6671,2.527852
NVDA,2022-05-27,221.8736,2.697965
NVDA,2022-05-30,223.1744,2.719646
NVDA,2022-05-31,223.0082,2.716875
NVDA,2022-06-01,233.9217,2.898771
NVDA,2022-06-02,229.1086,2.81855
NVDA,2022-06-03,221.0449,2.684152
NVDA,2022-06-06,218.9803,2.649742
NVDA,2022-06-07,216.1379,2.602369
NVDA,2022-06-08,216.7465,2.612513
NVDA,2022-06-09,211.2929,2.521619
NVDA,2022-06-10,214.0437,2.567467
NVDA,2022-06-13,210.5124,2.50861
NVDA,2022-06-14,219.098,2.651706
NVDA,2022-06-15,211.2799,2.521402
NVDA,2022-06-16,210.6252,2.510493
NVDA,2022-06-17,208.684,2.47814
NVDA,2022-06-20,210.4784,2.508048
NVDA,2022-06-21,216.9922,2.616612
NVDA,2022-06-22,219.1017,2.651769
NVDA,2022-06-23,218.4977,2.641701
NVDA,2022-06-24,223.5953,2.726662
NVDA,2022-06-27,229.9082,2.831881
NVDA,2022-06-28,232.1651,2.869498
NVDA,2022-06-29,235.32,2.922081
NVDA,2022-06-30,240.4719,3.007947
NVDA,2022-07-01,228.6321,2.810612
NVDA,2022-07-04,226.4115,2.773603
NVDA,2022-07-05,229.4062,2.823516
NVDA,2022-07-06,227.6022,2.793448
NVDA,2022-07-07,225.8369,2.764026
NVDA,2022-07-08,228.8144,2.813651
NVDA,2022-07-11,231.9972,2.866699
NVDA,2022-07-12,235.7392,2.929065
NVDA,2022-07-13,230.2264,2.837184
NVDA,2022-07-14,220.4556,2.674334
NVDA,2022-07-15,226.4041,2.773478
NVDA,2022-07-18,221.4568,2.69102
NVDA,2022-07-19,216.1465,2.602513
NVDA,2022-07-20,210.3649,2.50615
NVDA,2022-07-21,218.4129,2.640284
NVDA,2022-07-22,220.1601,2.669407
NVDA,2022-07-25,222.8354,2.713994
NVDA,2022-07-26,228.0219,2.800437
NVDA,2022-07-27,228.0117,2.800266
NVDA,2022-07-28,235.7056,2.928498
NVDA,2022-07-29,227.2788,2.78805
NVDA,2022-08-01,219.9221,2.665439
NVDA,2022-08-02,212.4342,2.540638
NVDA,2022-08-03,215.5523,2.592607
NVDA,2022-08-04,219.3007,2.655083
NVDA,2022-08-05,216.3394,2.605728
NVDA,2022-08-08,215.0385,2.584047
NVDA,2022-08-09,224.0899,2.734907
NVDA,2022-08-10,219.5246,2.658816
NVDA,2022-08-11,221.8628,2.697786
NVDA,2022-08-12,217.4026,2.623445
NVDA,2022-08-15,225.3287,2.755552
NVDA,2022-08-16,230.1298,2.835572
NVDA,2022-08-17,220.4942,2.674977
NVDA,2022-08-18,218.9726,2.649616
NVDA,2022-08-19,205.3578,2.422697
NVDA,2022-08-22,211.5381,2.525703
NVDA,2022-08-23,225.9196,2.765398
NVDA,2022-08-24,211.197,2.520018
NVDA,2022-08-25,202.1746,2.369643
NVDA,2022-08-26,203.5052,2.391819
NVDA,2022-08-29,203.6494,2.394224
NVDA,2022-08-30,201.2905,2.354908
NVDA,2022-08-31,190.8158,2.180329
NVDA,2022-09-01,193.0185,2.21704
NVDA,2022-09-02,198.7464,2.312508
NVDA,2022-09-05,217.6724,2.627949
NVDA,2022-09-06,227.115,2.785329
NVDA,2022-09-07,218.2935,2.638299
NVDA,2022-09-08,218.4933,2.641632
NVDA,2022-09-09,222.8935,2.714967
NVDA,2022-09-12,218.395,2.639992
NVDA,2022-09-13,224.1159,2.735341
NVDA,2022-09-14,229.4321,2.823947
NVDA,2022-09-15,238.8582,2.98105
NVDA,2022-09-16,245.2868,3.088196
NVDA,2022-09-19,247.819,3.130403
NVDA,2022-09-20,243.2028,3.053462
NVDA,2022-09-21,233.7979,2.89671
NVDA,2022-09-22,235.7201,2.928749
NVDA,2022-09-23,233.0412,2.884099
NVDA,2022-09-26,231.0951,2.851663
NVDA,2022-09-27,239.7153,2.995337
NVDA,2022-09-28,250.6001,3.176754
NVDA,2022-09-29,241.3475,3.02254
NVDA,2022-09-30,240.0626,3.001124
NVDA,2022-10-03,237.1149,2.951994
NVDA,2022-10-04,239.7875,2.996537
NVDA,2022-10-05,223.5559,2.726007
NVDA,2022-10-06,213.7783,2.563043
NVDA,2022-10-07,213.2634,2.554463
NVDA,2022-10-10,218.8919,2.648272
NVDA,2022-10-11,219.6948,2.661654
NVDA,2022-10-12,224.6805,2.744752
NVDA,2022-10-13,226.3729,2.772961
NVDA,2022-10-14,235.9625,2.932791
NVDA,2022-10-17,247.5874,3.126544
NVDA,2022-10-18,242.0395,3.034077
NVDA,2022-10-19,249.1918,3.153284
NVDA,2022-10-20,253.5388,3.225733
NVDA,2022-10-21,274.7045,3.578502
NVDA,2022-10-24,268.2331,3.470641
NVDA,2022-10-25,267.5935,3.459983
NVDA,2022-10-26,259.3673,3.322879
NVDA,2022-10-27,251.8643,3.197827
NVDA,2022-10-28,255.2706,3.254598
NVDA,2022-10-31,257.2602,3.287759
NVDA,2022-11-01,262.0228,3.367138
NVDA,2022-11-02,266.6914,3.444947
NVDA,2022-11-03,265.0609,3.417775
NVDA,2022-11-04,263.3833,3.389815
NVDA,2022-11-07,255.7813,3.263112
NVDA,2022-11-08,250.5173,3.175377
NVDA,2022-11-09,250.3922,3.173294
NVDA,2022-11-10,252.2761,3.204693
NVDA,2022-11-11,258.3206,3.305438
NVDA,2022-11-14,263.6621,3.394466
NVDA,2022-11-15,277.2727,3.621312
NVDA,2022-11-16,269.2538,3.487659
NVDA,2022-11-17,267.6335,3.460653
NVDA,2022-11-18,260.6096,3.343587
NVDA,2022-11-21,271.658,3.527729
NVDA,2022-11-22,267.7376,3.462385
NVDA,2022-11-23,278.0155,3.633687
NVDA,2022-11-24,291.4082,3.856901
NVDA,2022-11-25,295.6087,3.926913
NVDA,2022-11-28,298.735,3.97902
NVDA,2022-11-29,299.4848,3.991518
NVDA,2022-11-30,296.8911,3.948291
NVDA,2022-12-01,293.207,3.886888
NVDA,2022-12-02,292.2254,3.870527
NVDA,2022-12-05,309.9087,4.165252
NVDA,2022-12-06,300.291,4.004954
NVDA,2022-12-07,302.6225,4.043812
NVDA,2022-12-08,309.8784,4.164747
NVDA,2022-12-09,307.5115,4.125299
NVDA,2022-12-12,311.9702,4.199611
NVDA,2022-12-13,297.9146,3.965348
NVDA,2022-12-14,311.012,4.183644
NVDA,2022-12-15,322.7084,4.378585
NVDA,2022-12-16,322.1246,4.368856
NVDA,2022-12-19,313.7247,4.228852
NVDA,2022-12-20,322.0734,4.368002
NVDA,2022-12-21,311.0355,4.18403
NVDA,2022-12-22,301.7364,4.029043
NVDA,2022-12-23,301.6161,4.027036
NVDA,2022-12-26,316.7962,4.280042
NVDA,2022-12-27,323.6701,4.394608
NVDA,2022-12-28,317.5502,4.292607
NVDA,2022-12-29,301.5526,4.025976
NVDA,2022-12-30,302.3369,4.039049
NVDA,2023-01-02,305.1339,4.085665
NVDA,2023-01-03,304.8281,4.080569
NVDA,2023-01-04,323.0909,4.384956
NVDA,2023-01-05,322.1664,4.369545
NVDA,2023-01-06,300.2086,4.003578
NVDA,2023-01-09,296.7659,3.946197
NVDA,2023-01-10,301.4347,4.02401
NVDA,2023-01-11,305.5242,4.092171
NVDA,2023-01-12,304.2209,4.070448
NVDA,2023-01-13,301.3477,4.022563
NVDA,2023-01-16,283.3187,3.722073
NVDA,2023-01-17,284.4517,3.740956
NVDA,2023-01-18,281.7972,3.696714
NVDA,2023-01-19,284.3847,3.739839
NVDA,2023-01-20,289.1923,3.819966
NVDA,2023-01-23,301.1087,4.018577
NVDA,2023-01-24,292.5582,3.876065
NVDA,2023-01-25,281.2367,3.687371
NVDA,2023-01-26,276.5546,3.609336
NVDA,2023-01-27,270.5694,3.50958
NVDA,2023-01-30,263.9661,3.39952
NVDA,2023-01-31,276.6133,3.610309
NVDA,2023-02-01,278.268,3.637888
NVDA,2023-02-02,296.4857,3.941521
NVDA,2023-02-03,296.8396,3.947422
NVDA,2023-02-06,286.452,3.774292
NVDA,2023-02-07,279.6128,3.660301
NVDA,2023-02-08,289.1549,3.819338
NVDA,2023-02-09,279.3706,3.656261
NVDA,2023-02-10,284.6899,3.744916
NVDA,2023-02-13,281.8721,3.697951
NVDA,2023-02-14,274.09,3.568246
NVDA,2023-02-15,286.6946,3.778325
NVDA,2023-02-16,281.7919,3.696611
NVDA,2023-02-17,274.8959,3.581676
NVDA,2023-02-20,274.5676,3.576201
NVDA,2023-02-21,270.556,3.509338
NVDA,2023-02-22,290.4799,3.841405
NVDA,2023-02-23,300.7328,4.012288
NVDA,2023-02-24,295.5703,3.926247
NVDA,2023-02-27,291.5538,3.859304
NVDA,2023-02-28,273.9396,3.565729
NVDA,2023-03-01,275.4828,3.591448
NVDA,2023-03-02,269.4236,3.490459
NVDA,2023-03-03,270.5201,3.508735
NVDA,2023-03-06,254.6027,3.243441
NVDA,2023-03-07,254.7165,3.245338
NVDA,2023-03-08,269.0626,3.484444
NVDA,2023-03-09,269.8697,3.497893
NVDA,2023-03-10,263.7043,3.395134
NVDA,2023-03-13,263.8745,3.397969
NVDA,2023-03-14,263.6809,3.394741
NVDA,2023-03-15,282.8921,3.714933
NVDA,2023-03-16,280.3032,3.671782
NVDA,2023-03-17,270.2267,3.50384
NVDA,2023-03-20,270.7584,3.512699
NVDA,2023-03-21,272.7826,3.546436
NVDA,2023-03-22,278.0151,3.633646
NVDA,2023-03-23,285.0799,3.751392
NVDA,2023-03-24,303.5822,4.059767
NVDA,2023-03-27,298.3241,3.972131
NVDA,2023-03-28,292.3191,3.872047
NVDA,2023-03-29,276.0924,3.6016
NVDA,2023-03-30,282.2704,3.704565
NVDA,2023-03-31,274.8451,3.580807
NVDA,2023-04-03,283.0391,3.717375
NVDA,2023-04-04,279.0497,3.650883
NVDA,2023-04-05,295.0197,3.917053
NVDA,2023-04-06,282.3593,3.706043
NVDA,2023-04-07,291.9812,3.866411
NVDA,2023-04-10,300.8005,4.013401
NVDA,2023-04-11,306.2258,4.103822
NVDA,2023-04-12,296.0184,3.933697
NVDA,2023-04-13,301.4009,4.023406
NVDA,2023-04-14,302.9982,4.05003
NVDA,2023-04-17,286.3942,3.773294
NVDA,2023-04-18,301.1895,4.019887
NVDA,2023-04-19,298.3131,3.971947
NVDA,2023-04-20,312.9637,4.216129
NVDA,2023-04-21,312.7005,4.211742
NVDA,2023-04-24,322.943,4.382453
NVDA,2023-04-25,314.7231,4.245453
NVDA,2023-04-26,317.2648,4.287816
NVDA,2023-04-27,319.1178,4.318696
NVDA,2023-04-28,316.2894,4.271557
NVDA,2023-05-01,308.1446,4.135809
NVDA,2023-05-02,280.1328,3.668938
NVDA,2023-05-03,273.1209,3.55207
NVDA,2023-05-04,279.5743,3.659626
NVDA,2023-05-05,267.8996,3.465045
NVDA,2023-05-08,258.3924,3.30659
NVDA,2023-05-09,247.2933,3.121604
NVDA,2023-05-10,249.2469,3.154165
NVDA,2023-05-11,242.6437,3.044109
NVDA,2023-05-12,252.4772,3.208004
NVDA,2023-05-15,258.7207,3.312064
NVDA,2023-05-16,260.6926,3.344931
NVDA,2023-05-17,263.54,3.392386
NVDA,2023-05-18,257.6145,3.293627
NVDA,2023-05-19,251.8242,3.197124
NVDA,2023-05-22,257.8599,3.297721
NVDA,2023-05-23,265.7285,3.428866
NVDA,2023-05-24,272.0223,3.533763
NVDA,2023-05-25,268.366,3.472825
NVDA,2023-05-26,265.4206,3.423736
NVDA,2023-05-29,258.077,3.30134
NVDA,2023-05-30,264.7392,3.412379
NVDA,2023-05-31,249.1998,3.153385
NVDA,2023-06-01,232.7856,2.87981
NVDA,2023-06-02,218.8224,2.647088
NVDA,2023-06-05,204.8057,2.413473
NVDA,2023-06-06,214.0259,2.567148
NVDA,2023-06-07,219.6793,2.661374
NVDA,2023-06-08,211.8135,2.530275
NVDA,2023-06-09,211.3804,2.523056
NVDA,2023-06-12,221.6539,2.694283
NVDA,2023-06-13,225.4643,2.757792
NVDA,2023-06-14,241.3017,3.021754
NVDA,2023-06-15,240.7451,3.012476
NVDA,2023-06-16,236.1324,2.935597
NVDA,2023-06-19,228.5216,2.808748
NVDA,2023-06-20,228.987,2.816503
NVDA,2023-06-21,236.1431,2.935773
NVDA,2023-06-22,237.1872,2.953177
NVDA,2023-06-23,234.829,2.91387
NVDA,2023-06-26,244.6244,3.077129
NVDA,2023-06-27,249.0546,3.150966
NVDA,2023-06-28,248.4866,3.141498
NVDA,2023-06-29,242.8717,3.047917
NVDA,2023-06-30,241.2439,3.020787
NVDA,2023-07-03,245.179,3.08637
NVDA,2023-07-04,239.535,2.992302
NVDA,2023-07-05,230.7034,2.845106
NVDA,2023-07-06,227.5339,2.792282
NVDA,2023-07-07,227.4746,2.791296
NVDA,2023-07-10,237.7615,2.962746
NVDA,2023-07-11,229.5268,2.8255
NVDA,2023-07-12,231.4703,2.857891
NVDA,2023-07-13,229.7516,2.829246
NVDA,2023-07-14,228.4024,2.806761
NVDA,2023-07-17,240.0588,3.001039
NVDA,2023-07-18,240.9843,3.016463
NVDA,2023-07-19,234.4511,2.907576
NVDA,2023-07-20,241.4179,3.023694
NVDA,2023-07-21,248.0169,3.133677
NVDA,2023-07-24,240.6281,3.010531
NVDA,2023-07-25,232.0536,2.86762
NVDA,2023-07-26,235.3769,2.923008
NVDA,2023-07-27,235.4361,2.923993
NVDA,2023-07-28,232.2716,2.87125
NVDA,2023-07-31,240.4392,3.007379
NVDA,2023-08-01,236.2999,2.938392
NVDA,2023-08-02,239.7674,2.996184
NVDA,2023-08-03,249.1255,3.152155
NVDA,2023-08-04,246.7967,3.113341
NVDA,2023-08-07,233.2809,2.888073
NVDA,2023-08-08,230.6353,2.843979
NVDA,2023-08-09,232.3139,2.871955
NVDA,2023-08-10,240.0796,3.001387
NVDA,2023-08-11,236.4757,2.941318
NVDA,2023-08-14,249.9866,3.166505
NVDA,2023-08-15,240.2759,3.004658
NVDA,2023-08-16,241.8331,3.030612
NVDA,2023-08-17,240.328,3.005525
NVDA,2023-08-18,251.0679,3.184528
NVDA,2023-08-21,239.9901,2.999894
NVDA,2023-08-22,243.543,3.059109
NVDA,2023-08-23,241.9886,3.033203
NVDA,2023-08-24,254.2566,3.237671
NVDA,2023-08-25,248.0267,3.133839
NVDA,2023-08-28,251.6168,3.193677
NVDA,2023-08-29,245.3772,3.089682
NVDA,2023-08-30,247.1535,3.119287
NVDA,2023-08-31,244.6101,3.076895
NVDA,2023-09-01,241.9719,3.032926
NVDA,2023-09-04,227.5825,2.7931
NVDA,2023-09-05,230.8713,2.847914
NVDA,2023-09-06,223.4221,2.723757
NVDA,2023-09-07,215.9789,2.5997
NVDA,2023-09-08,205.9191,2.432034
NVDA,2023-09-11,199.4394,2.324038
NVDA,2023-09-12,202.8697,2.381211
NVDA,2023-09-13,206.0388,2.434029
NVDA,2023-09-14,210.6628,2.511099
NVDA,2023-09-15,204.2208,2.40373
NVDA,2023-09-18,205.8724,2.431256
NVDA,2023-09-19,202.181,2.369733
NVDA,2023-09-20,208.622,2.477086
NVDA,2023-09-21,211.7131,2.528606
NVDA,2023-09-22,207.6478,2.46085
NVDA,2023-09-25,214.8431,2.580775
NVDA,2023-09-26,218.5856,2.643152
NVDA,2023-09-27,209.5119,2.491921
NVDA,2023-09-28,199.0234,2.317109
NVDA,2023-09-29,190.9982,2.183353
NVDA,2023-10-02,201.4413,2.357406
NVDA,2023-10-03,195.3521,2.255918
NVDA,2023-10-04,207.5114,2.458576
NVDA,2023-10-05,200.9103,2.348556
NVDA,2023-10-06,193.8675,2.231175
NVDA,2023-10-09,199.5731,2.326269
NVDA,2023-10-10,205.7417,2.429081
NVDA,2023-10-11,209.6455,2.494144
NVDA,2023-10-12,214.4342,2.573957
NVDA,2023-10-13,209.3577,2.489347
NVDA,2023-10-16,215.2007,2.586732
NVDA,2023-10-17,217.1134,2.61861
NVDA,2023-10-18,214.9068,2.581834
NVDA,2023-10-19,215.8264,2.597161
NVDA,2023-10-20,223.4463,2.724163
NVDA,2023-10-23,226.5131,2.775277
NVDA,2023-10-24,211.9029,2.531768
NVDA,2023-10-25,218.2168,2.637
NVDA,2023-10-26,224.1773,2.736345
NVDA,2023-10-27,221.8026,2.696766
NVDA,2023-10-30,222.907,2.715172
NVDA,2023-10-31,223.9886,2.733198
NVDA,2023-11-01,210.7216,2.512077
NVDA,2023-11-02,208.341,2.472401
NVDA,2023-11-03,206.2385,2.437357
NVDA,2023-11-06,205.4748,2.424629
NVDA,2023-11-07,202.3604,2.372722
NVDA,2023-11-08,206.8963,2.448321
NVDA,2023-11-09,201.9504,2.365889
NVDA,2023-11-10,208.0912,2.468239
NVDA,2023-11-13,212.4401,2.540722
NVDA,2023-11-14,222.027,2.700504
NVDA,2023-11-15,234.7916,2.91325
NVDA,2023-11-16,248.3421,3.139095
NVDA,2023-11-17,239.5479,2.992521
NVDA,2023-11-20,242.4714,3.041246
NVDA,2023-11-21,237.357,2.956004
NVDA,2023-11-22,263.532,3.39226
NVDA,2023-11-23,269.0254,3.483817
NVDA,2023-11-24,281.6613,3.694418
NVDA,2023-11-27,285.9188,3.765378
NVDA,2023-11-28,263.483,3.391444
NVDA,2023-11-29,257.3915,3.289918
NVDA,2023-11-30,252.2181,3.203695
NVDA,2023-12-01,249.4593,3.157715
NVDA,2023-12-04,252.6262,3.210497
NVDA,2023-12-05,256.9781,3.283031
NVDA,2023-12-06,236.8738,2.947953
NVDA,2023-12-07,235.4162,2.923657
NVDA,2023-12-08,232.1401,2.869055
NVDA,2023-12-11,242.7736,3.046281
NVDA,2023-12-12,247.664,3.12779
NVDA,2023-12-13,246.5577,3.109351
NVDA,2023-12-14,248.6213,3.143746
NVDA,2023-12-15,236.0596,2.934383
NVDA,2023-12-18,241.3395,3.022384
NVDA,2023-12-19,238.6591,2.977711
NVDA,2023-12-20,232.9668,2.882839
NVDA,2023-12-21,243.126,3.052162
NVDA,2023-12-22,245.5466,3.092505
NVDA,2023-12-25,240.764,3.012795
NVDA,2023-12-26,236.5289,2.94221
NVDA,2023-12-27,239.5794,2.993053
NVDA,2023-12-28,242.0759,3.03466
NVDA,2023-12-29,242.613,3.043613
NVDA,2024-01-01,233.891,2.898245
NVDA,2024-01-02,226.5353,2.775649
NVDA,2024-01-03,221.5439,2.692457
NVDA,2024-01-04,220.4636,2.674452
NVDA,2024-01-05,220.461,2.674412
NVDA,2024-01-08,219.6361,2.660662
NVDA,2024-01-09,219.1296,2.652221
NVDA,2024-01-10,232.8063,2.880171
NVDA,2024-01-11,239.4262,2.990503
NVDA,2024-01-12,248.8774,3.148024
NVDA,2024-01-15,252.8693,3.214559
NVDA,2024-01-16,253.7737,3.229634
NVDA,2024-01-17,257.4036,3.290131
NVDA,2024-01-18,259.5755,3.326331
NVDA,2024-01-19,266.6098,3.44357
NVDA,2024-01-22,258.8793,3.314724
NVDA,2024-01-23,265.1986,3.420047
NVDA,2024-01-24,266.9417,3.4491
NVDA,2024-01-25,252.4977,3.208363
NVDA,2024-01-26,253.5071,3.225188
NVDA,2024-01-29,243.6029,3.060114
NVDA,2024-01-30,239.8415,2.997422
NVDA,2024-01-31,238.9499,2.982564
NVDA,2024-02-01,228.1662,2.802831
NVDA,2024-02-02,228.0743,2.801298
NVDA,2024-02-05,228.8616,2.81442
NVDA,2024-02-06,234.6723,2.911264
NVDA,2024-02-07,231.6407,2.860739
NVDA,2024-02-08,233.9535,2.899284
NVDA,2024-02-09,233.5524,2.892601
NVDA,2024-02-12,230.7932,2.846614
NVDA,2024-02-13,219.2458,2.654156
NVDA,2024-02-14,218.7584,2.646033
NVDA,2024-02-15,224.2379,2.737359
NVDA,2024-02-16,218.0203,2.633729
NVDA,2024-02-19,216.8093,2.613548
NVDA,2024-02-20,216.6077,2.610187
NVDA,2024-02-21,224.5506,2.742573
NVDA,2024-02-22,225.0537,2.750956
NVDA,2024-02-23,227.3982,2.79003
NVDA,2024-02-26,227.6296,2.793888
NVDA,2024-02-27,224.4164,2.740333
NVDA,2024-02-28,216.8184,2.613701
NVDA,2024-02-29,215.1577,2.58602
NVDA,2024-03-01,218.1211,2.63541
NVDA,2024-03-04,219.2509,2.654241
NVDA,2024-03-05,230.0063,2.8335
NVDA,2024-03-06,237.2674,2.95452
NVDA,2024-03-07,247.0403,3.117403
NVDA,2024-03-08,232.0216,2.867085
NVDA,2024-03-11,244.17,3.069562
NVDA,2024-03-12,246.5483,3.109203
NVDA,2024-03-13,250.0667,3.167842
NVDA,2024-03-14,257.5566,3.292677
NVDA,2024-03-15,258.0622,3.301104
NVDA,2024-03-18,249.8289,3.163881
NVDA,2024-03-19,261.8195,3.363727
NVDA,2024-03-20,255.8901,3.264901
NVDA,2024-03-21,248.3877,3.139859
NVDA,2024-03-22,246.8796,3.114721
NVDA,2024-03-25,244.2109,3.070245
NVDA,2024-03-26,244.5554,3.075989
NVDA,2024-03-27,244.1147,3.068644
NVDA,2024-03-28,255.0242,3.250471
NVDA,2024-03-29,259.0745,3.317977
NVDA,2024-04-01,252.4939,3.208301
NVDA,2024-04-02,247.1469,3.119181
NVDA,2024-04-03,244.4586,3.074373
NVDA,2024-04-04,241.8299,3.030561
NVDA,2024-04-05,238.2478,2.970861
NVDA,2024-04-08,230.419,2.840378
NVDA,2024-04-09,232.8363,2.880668
NVDA,2024-04-10,229.8151,2.830312
NVDA,2024-04-11,223.3156,2.721983
NVDA,2024-04-12,227.0492,2.784211
NVDA,2024-04-15,233.4949,2.891641
NVDA,2024-04-16,231.9944,2.866633
NVDA,2024-04-17,245.7008,3.095078
NVDA,2024-04-18,263.7987,3.396717
NVDA,2024-04-19,268.3056,3.471835
NVDA,2024-04-22,264.7141,3.411975
NVDA,2024-04-23,267.3106,3.455252
NVDA,2024-04-24,257.5295,3.292234
NVDA,2024-04-25,250.8771,3.181357
NVDA,2024-04-26,238.2339,2.970634
NVDA,2024-04-29,233.8659,2.897832
NVDA,2024-04-30,225.2513,2.754256
NVDA,2024-05-01,230.0191,2.833722
NVDA,2024-05-02,224.945,2.74915
NVDA,2024-05-03,227.2063,2.78684
NVDA,2024-05-06,232.9223,2.882109
NVDA,2024-05-07,241.988,3.033209
NVDA,2024-05-08,239.618,2.993708
NVDA,2024-05-09,242.2863,3.038178
NVDA,2024-05-10,245.2302,3.087246
NVDA,2024-05-13,255.5848,3.259825
NVDA,2024-05-14,262.3091,3.371901
NVDA,2024-05-15,273.6541,3.560986
NVDA,2024-05-16,260.0108,3.333594
NVDA,2024-05-17,254.9558,3.249344
NVDA,2024-05-20,263.7176,3.395377
NVDA,2024-05-21,268.9321,3.482287
NVDA,2024-05-22,268.2207,3.470431
NVDA,2024-05-23,264.5866,3.409861
NVDA,2024-05-24,271.5916,3.526613
NVDA,2024-05-27,255.5041,3.258483
NVDA,2024-05-28,262.2976,3.371712
NVDA,2024-05-29,263.3874,3.389876
NVDA,2024-05-30,259.6978,3.328383
NVDA,2024-05-31,264.1808,3.4031
NVDA,2024-06-03,261.3248,3.355498
NVDA,2024-06-04,261.9013,3.365106
NVDA,2024-06-05,261.8576,3.364377
NVDA,2024-06-06,268.4168,3.4737
NVDA,2024-06-07,270.1141,3.501987
NVDA,2024-06-10,254.6786,3.244726
NVDA,2024-06-11,244.0676,3.067874
NVDA,2024-06-12,236.1783,2.936384
NVDA,2024-06-13,239.9082,2.998551
NVDA,2024-06-14,244.4682,3.074551
NVDA,2024-06-17,258.0069,3.3002
NVDA,2024-06-18,250.216,3.170347
NVDA,2024-06-19,261.0865,3.351528
NVDA,2024-06-20,245.944,3.099148
NVDA,2024-06-21,246.3992,3.106735
NVDA,2024-06-24,248.63,3.143918
NVDA,2024-06-25,250.8524,3.18096
NVDA,2024-06-26,248.7388,3.145731
NVDA,2024-06-27,249.9863,3.166526
NVDA,2024-06-28,240.7575,3.012711
NVDA,2024-07-01,247.7276,3.128883
NVDA,2024-07-02,250.0066,3.166864
NVDA,2024-07-03,253.2016,3.220117
NVDA,2024-07-04,251.3101,3.188593
NVDA,2024-07-05,249.0483,3.150895
NVDA,2024-07-08,253.5254,3.225516
NVDA,2024-07-09,266.8891,3.448247
NVDA,2024-07-10,255.757,3.262706
NVDA,2024-07-11,244.7001,3.078421
NVDA,2024-07-12,247.0789,3.118067
NVDA,2024-07-15,244.8227,3.080461
NVDA,2024-07-16,246.0987,3.101728
NVDA,2024-07-17,246.2318,3.103947
NVDA,2024-07-18,251.4274,3.190545
NVDA,2024-07-19,249.493,3.158303
NVDA,2024-07-22,240.4868,3.008196
NVDA,2024-07-23,234.8805,2.914757
NVDA,2024-07-24,233.9981,2.90005
NVDA,2024-07-25,225.2193,2.753735
NVDA,2024-07-26,225.2483,2.754219
NVDA,2024-07-29,225.971,2.766263
NVDA,2024-07-30,223.727,2.728864
NVDA,2024-07-31,225.4969,2.758363
NVDA,2024-08-01,214.5947,2.576657
NVDA,2024-08-02,208.5165,2.475352
NVDA,2024-08-05,201.4047,2.356818
NVDA,2024-08-06,207.3315,2.455599
NVDA,2024-08-07,223.2396,2.720741
NVDA,2024-08-08,217.4116,2.623603
NVDA,2024-08-09,216.0852,2.601496
NVDA,2024-08-12,211.6896,2.528234
NVDA,2024-08-13,213.4449,2.55749
NVDA,2024-08-14,209.6638,2.494469
NVDA,2024-08-15,211.8126,2.530284
NVDA,2024-08-16,216.5752,2.609663
NVDA,2024-08-19,208.6547,2.47765
NVDA,2024-08-20,210.7183,2.512044
NVDA,2024-08-21,199.3984,2.323373
NVDA,2024-08-22,198.0489,2.300884
NVDA,2024-08-23,196.2931,2.271619
NVDA,2024-08-26,195.133,2.252283
NVDA,2024-08-27,193.4738,2.224629
NVDA,2024-08-28,190.727,2.178849
NVDA,2024-08-29,189.3811,2.156416
NVDA,2024-08-30,191.0532,2.184284
NVDA,2024-09-02,192.9108,2.215245
NVDA,2024-09-03,193.8619,2.231096
NVDA,2024-09-04,190.6366,2.17734
NVDA,2024-09-05,197.4896,2.291559
NVDA,2024-09-06,207.4769,2.458017
NVDA,2024-09-09,199.4829,2.324779
NVDA,2024-09-10,200.7764,2.34634
NVDA,2024-09-11,198.093,2.301617
NVDA,2024-09-12,204.2163,2.403673
NVDA,2024-09-13,204.3988,2.406712
NVDA,2024-09-16,205.0056,2.416827
NVDA,2024-09-17,208.4955,2.474991
NVDA,2024-09-18,206.8172,2.447021
NVDA,2024-09-19,218.3197,2.638734
NVDA,2024-09-20,222.1395,2.702398
NVDA,2024-09-23,229.0495,2.817568
NVDA,2024-09-24,227.7574,2.796033
NVDA,2024-09-25,227.1706,2.786251
NVDA,2024-09-26,233.3535,2.889301
NVDA,2024-09-27,238.9476,2.982539
NVDA,2024-09-30,230.0289,2.833891
NVDA,2024-10-01,231.2535,2.854303
NVDA,2024-10-02,235.0336,2.917305
NVDA,2024-10-03,234.3731,2.906297
NVDA,2024-10-04,237.4932,2.958302
NVDA,2024-10-07,237.1415,2.95244
NVDA,2024-10-08,221.2251,2.68716
NVDA,2024-10-09,212.5509,2.542586
NVDA,2024-10-10,219.4622,2.657777
NVDA,2024-10-11,218.0605,2.634415
NVDA,2024-10-14,219.6503,2.660913
NVDA,2024-10-15,219.9085,2.665215
NVDA,2024-10-16,214.5422,2.575776
NVDA,2024-10-17,211.6819,2.528104
NVDA,2024-10-18,214.1626,2.56945
NVDA,2024-10-21,217.3698,2.622906
NVDA,2024-10-22,233.1818,2.886444
NVDA,2024-10-23,229.9957,2.833339
NVDA,2024-10-24,242.735,3.045664
NVDA,2024-10-25,236.55,2.942576
NVDA,2024-10-28,240.5285,3.008887
NVDA,2024-10-29,242.192,3.036612
NVDA,2024-10-30,241.5451,3.02583
TSLA,2020-01-02,28.0,0.0
TSLA,2020-01-03,27.8106,-0.006764
TSLA,2020-01-06,28.6886,0.024592
TSLA,2020-01-07,28.4921,0.017575
TSLA,2020-01-08,26.3616,-0.058515
TSLA,2020-01-09,26.9287,-0.038263
TSLA,2020-01-10,26.0817,-0.06851
TSLA,2020-01-13,25.7032,-0.082027
TSLA,2020-01-14,27.321,-0.02425
TSLA,2020-01-15,27.2081,-0.028283
TSLA,2020-01-16,27.2466,-0.026907
TSLA,2020-01-17,27.8586,-0.005049
TSLA,2020-01-20,28.4793,0.017118
TSLA,2020-01-21,27.4642,-0.019135
TSLA,2020-01-22,27.4334,-0.020237
TSLA,2020-01-23,27.511,-0.017466
TSLA,2020-01-24,27.8565,-0.005124
TSLA,2020-01-27,28.2263,0.008082
TSLA,2020-01-28,31.4231,0.122254
TSLA,2020-01-29,29.9863,0.07094
TSLA,2020-01-30,31.2562,0.116291
TSLA,2020-01-31,32.8521,0.173289
TSLA,2020-02-03,33.5668,0.198814
TSLA,2020-02-04,32.7287,0.168883
TSLA,2020-02-05,35.0845,0.253017
TSLA,2020-02-06,32.1159,0.146994
TSLA,2020-02-07,31.2718,0.11685
TSLA,2020-02-10,32.8528,0.173315
TSLA,2020-02-11,32.4022,0.157223
TSLA,2020-02-12,34.6376,0.237058
TSLA,2020-02-13,32.6023,0.164368
TSLA,2020-02-14,31.1929,0.114032
TSLA,2020-02-17,30.5623,0.09151
TSLA,2020-02-18,31.1309,0.111818
TSLA,2020-02-19,30.8907,0.103238
TSLA,2020-02-20,30.3173,0.082761
TSLA,2020-02-21,32.1761,0.149145
TSLA,2020-02-24,34.2791,0.224255
TSLA,2020-02-25,33.7477,0.205276
TSLA,2020-02-26,31.5083,0.125294
TSLA,2020-02-27,28.883,0.031535
TSLA,2020-02-28,29.2066,0.043093
TSLA,2020-03-02,30.0421,0.072931
TSLA,2020-03-03,30.1602,0.077148
TSLA,2020-03-04,30.1132,0.07547
TSLA,2020-03-05,29.1765,0.042018
TSLA,2020-03-06,30.0099,0.071781
TSLA,2020-03-09,32.1878,0.149562
TSLA,2020-03-10,29.4342,0.051222
TSLA,2020-03-11,29.3805,0.049301
TSLA,2020-03-12,28.274,0.009784
TSLA,2020-03-13,26.6358,-0.048721
TSLA,2020-03-16,25.4657,-0.09051
TSLA,2020-03-17,25.8995,-0.075018
TSLA,2020-03-18,26.368,-0.058287
TSLA,2020-03-19,28.0303,0.001083
TSLA,2020-03-20,28.0781,0.00279
TSLA,2020-03-23,26.1629,-0.06561
TSLA,2020-03-24,25.9439,-0.073434
TSLA,2020-03-25,24.5451,-0.12339
TSLA,2020-03-26,23.3931,-0.164531
TSLA,2020-03-27,23.9881,-0.143281
TSLA,2020-03-30,24.2121,-0.13528
TSLA,2020-03-31,24.8351,-0.113033
TSLA,2020-04-01,24.5071,-0.124746
TSLA,2020-04-02,25.3474,-0.094736
TSLA,2020-04-03,24.9555,-0.108733
TSLA,2020-04-06,26.1582,-0.06578
TSLA,2020-04-07,26.5656,-0.051228
TSLA,2020-04-08,26.3768,-0.05797
TSLA,2020-04-09,26.6427,-0.048476
TSLA,2020-04-10,26.659,-0.047892
TSLA,2020-04-13,28.4978,0.017777
TSLA,2020-04-14,28.8243,0.02944
TSLA,2020-04-15,28.8612,0.030757
TSLA,2020-04-16,28.6192,0.022113
TSLA,2020-04-17,29.6644,0.05944
TSLA,2020-04-20,30.5779,0.092066
TSLA,2020-04-21,30.2776,0.081342
TSLA,2020-04-22,28.9171,0.032753
TSLA,2020-04-23,27.9061,-0.003354
TSLA,2020-04-24,27.7337,-0.009511
TSLA,2020-04-27,29.3481,0.048145
TSLA,2020-04-28,29.0881,0.038858
TSLA,2020-04-29,28.4271,0.015254
TSLA,2020-04-30,26.4854,-0.054094
TSLA,2020-05-01,28.2166,0.007736
TSLA,2020-05-04,28.9207,0.032879
TSLA,2020-05-05,29.919,0.068534
TSLA,2020-05-06,31.1625,0.112945
TSLA,2020-05-07,30.9946,0.10695
TSLA,2020-05-08,31.144,0.112285
TSLA,2020-05-11,33.1459,0.18378
TSLA,2020-05-12,33.4354,0.194121
TSLA,2020-05-13,34.2956,0.224842
TSLA,2020-05-14,35.588,0.270997
TSLA,2020-05-15,36.5864,0.306657
TSLA,2020-05-18,36.4439,0.301566
TSLA,2020-05-19,36.4423,0.30151
TSLA,2020-05-20,37.672,0.345425
TSLA,2020-05-21,38.9405,0.39073
TSLA,2020-05-22,40.9034,0.460834
TSLA,2020-05-25,41.8932,0.496183
TSLA,2020-05-26,42.9869,0.535245
TSLA,2020-05-27,42.2654,0.509476
TSLA,2020-05-28,41.3271,0.475964
TSLA,2020-05-29,42.7268,0.525954
TSLA,2020-06-01,41.7901,0.4925
TSLA,2020-06-02,41.8108,0.493242
TSLA,2020-06-03,44.2991,0.582111
TSLA,2020-06-04,46.632,0.665428
TSLA,2020-06-05,47.2753,0.688404
TSLA,2020-06-08,46.7684,0.670298
TSLA,2020-06-09,46.5953,0.664116
TSLA,2020-06-10,48.3454,0.72662
TSLA,2020-06-11,48.3381,0.726361
TSLA,2020-06-12,47.3092,0.689616
TSLA,2020-06-15,49.7908,0.778245
TSLA,2020-06-16,50.2299,0.793927
TSLA,2020-06-17,49.1226,0.754378
TSLA,2020-06-18,50.1628,0.791529
TSLA,2020-06-19,52.2681,0.866717
TSLA,2020-06-22,50.2228,0.793673
TSLA,2020-06-23,49.8793,0.781404
TSLA,2020-06-24,49.4444,0.765874
TSLA,2020-06-25,50.4364,0.801301
TSLA,2020-06-26,51.8283,0.851009
TSLA,2020-06-29,50.7392,0.812114
TSLA,2020-06-30,47.795,0.706963
TSLA,2020-07-01,49.9246,0.78302
TSLA,2020-07-02,47.751,0.705392
TSLA,2020-07-03,48.3492,0.726754
TSLA,2020-07-06,48.1533,0.719757
TSLA,2020-07-07,48.5398,0.733564
TSLA,2020-07-08,52.005,0.857321
TSLA,2020-07-09,58.9736,1.1062
TSLA,2020-07-10,55.2325,0.972589
TSLA,2020-07-13,57.5805,1.056444
TSLA,2020-07-14,57.2902,1.046077
TSLA,2020-07-15,59.8822,1.138648
TSLA,2020-07-16,62.3598,1.22713
TSLA,2020-07-17,66.1542,1.362644
TSLA,2020-07-20,67.0206,1.393588
TSLA,2020-07-21,64.7103,1.311076
TSLA,2020-07-22,67.3059,1.403778
TSLA,2020-07-23,67.7229,1.41867
TSLA,2020-07-24,67.1677,1.398844
TSLA,2020-07-27,65.9593,1.355686
TSLA,2020-07-28,68.8264,1.458083
TSLA,2020-07-29,73.5955,1.628406
TSLA,2020-07-30,70.1743,1.506222
TSLA,2020-07-31,72.0812,1.574324
TSLA,2020-08-03,71.086,1.53878
TSLA,2020-08-04,67.031,1.39396
TSLA,2020-08-05,67.5283,1.411723
TSLA,2020-08-06,65.3513,1.333974
TSLA,2020-08-07,61.3453,1.190904
TSLA,2020-08-10,59.4927,1.124739
TSLA,2020-08-11,57.1178,1.039919
TSLA,2020-08-12,55.7,0.989284
TSLA,2020-08-13,52.8276,0.886701
TSLA,2020-08-14,52.0497,0.858917
TSLA,2020-08-17,50.6196,0.807842
TSLA,2020-08-18,51.4733,0.838331
TSLA,2020-08-19,52.8105,0.886089
TSLA,2020-08-20,53.4479,0.908852
TSLA,2020-08-21,53.0063,0.893081
TSLA,2020-08-24,52.5103,0.875368
TSLA,2020-08-25,50.8092,0.814617
TSLA,2020-08-26,49.2118,0.757565
TSLA,2020-08-27,50.7183,0.81137
TSLA,2020-08-28,47.256,0.687713
TSLA,2020-08-31,47.1634,0.684407
TSLA,2020-09-01,46.6053,0.664477
TSLA,2020-09-02,47.827,0.708109
TSLA,2020-09-03,45.1769,0.613463
TSLA,2020-09-04,45.2608,0.616459
TSLA,2020-09-07,45.9627,0.641526
TSLA,2020-09-08,42.5714,0.520409
TSLA,2020-09-09,40.7941,0.456934
TSLA,2020-09-10,40.6957,0.453421
TSLA,2020-09-11,41.6175,0.486339
TSLA,2020-09-14,41.986,0.499502
TSLA,2020-09-15,43.0185,0.536375
TSLA,2020-09-16,41.214,0.471929
TSLA,2020-09-17,38.6702,0.381078
TSLA,2020-09-18,38.8564,0.38773
TSLA,2020-09-21,36.9986,0.32138
TSLA,2020-09-22,35.7587,0.277096
TSLA,2020-09-23,37.2,0.328575
TSLA,2020-09-24,37.5396,0.340703
TSLA,2020-09-25,36.7257,0.311635
TSLA,2020-09-28,35.7389,0.276392
TSLA,2020-09-29,36.7085,0.31102
TSLA,2020-09-30,37.0783,0.324228
TSLA,2020-10-01,35.3269,0.261678
TSLA,2020-10-02,32.6627,0.166527
TSLA,2020-10-05,35.3264,0.26166
TSLA,2020-10-06,33.6468,0.201675
TSLA,2020-10-07,34.428,0.229574
TSLA,2020-10-08,36.6741,0.309793
TSLA,2020-10-09,36.9461,0.319505
TSLA,2020-10-12,36.0973,0.289192
TSLA,2020-10-13,34.0957,0.217707
TSLA,2020-10-14,32.1867,0.149527
TSLA,2020-10-15,32.731,0.168966
TSLA,2020-10-16,34.7812,0.24219
TSLA,2020-10-19,34.2686,0.223881
TSLA,2020-10-20,33.5427,0.197956
TSLA,2020-10-21,34.5609,0.23432
TSLA,2020-10-22,33.6489,0.201748
TSLA,2020-10-23,34.075,0.216966
TSLA,2020-10-26,34.1792,0.220691
TSLA,2020-10-27,33.6562,0.20201
TSLA,2020-10-28,33.68,0.202861
TSLA,2020-10-29,36.2501,0.294651
TSLA,2020-10-30,37.2086,0.328883
TSLA,2020-11-02,38.9632,0.391548
TSLA,2020-11-03,37.5753,0.341977
TSLA,2020-11-04,39.3527,0.405456
TSLA,2020-11-05,40.4503,0.444657
TSLA,2020-11-06,38.0924,0.360447
TSLA,2020-11-09,38.9961,0.392722
TSLA,2020-11-10,38.2365,0.365592
TSLA,2020-11-11,35.9396,0.283559
TSLA,2020-11-12,36.1797,0.292133
TSLA,2020-11-13,37.0369,0.322747
TSLA,2020-11-16,37.3176,0.332774
TSLA,2020-11-17,37.2012,0.328616
TSLA,2020-11-18,36.7504,0.312516
TSLA,2020-11-19,40.7107,0.453955
TSLA,2020-11-20,38.8385,0.387094
TSLA,2020-11-23,40.306,0.439502
TSLA,2020-11-24,40.3857,0.44235
TSLA,2020-11-25,39.0496,0.394632
TSLA,2020-11-26,39.0247,0.393744
TSLA,2020-11-27,36.9108,0.318246
TSLA,2020-11-30,36.0702,0.288223
TSLA,2020-12-01,36.0493,0.28748
TSLA,2020-12-02,33.8765,0.209877
TSLA,2020-12-03,34.6327,0.236886
TSLA,2020-12-04,33.3374,0.190625
TSLA,2020-12-07,31.4558,0.123423
TSLA,2020-12-08,30.135,0.076253
TSLA,2020-12-09,32.9875,0.178128
TSLA,2020-12-10,30.462,0.08793
TSLA,2020-12-11,31.0526,0.109022
TSLA,2020-12-14,30.1519,0.076857
TSLA,2020-12-15,29.7627,0.062957
TSLA,2020-12-16,30.5489,0.091036
TSLA,2020-12-17,31.2929,0.117607
TSLA,2020-12-18,30.4737,0.088349
TSLA,2020-12-21,28.8644,0.030876
TSLA,2020-12-22,29.649,0.058896
TSLA,2020-12-23,30.368,0.084575
TSLA,2020-12-24,30.0561,0.073435
TSLA,2020-12-25,30.6461,0.094507
TSLA,2020-12-28,30.1323,0.076153
TSLA,2020-12-29,29.1681,0.04172
TSLA,2020-12-30,29.2121,0.04329
TSLA,2020-12-31,29.8797,0.067134
TSLA,2021-01-01,30.3012,0.082186
TSLA,2021-01-04,30.9811,0.106471
TSLA,2021-01-05,30.0716,0.073986
TSLA,2021-01-06,32.127,0.147394
TSLA,2021-01-07,31.7224,0.132943
TSLA,2021-01-08,31.6107,0.128956
TSLA,2021-01-11,29.9895,0.071054
TSLA,2021-01-12,29.7924,0.064015
TSLA,2021-01-13,30.4898,0.08892
TSLA,2021-01-14,31.499,0.124966
TSLA,2021-01-15,33.6246,0.200877
TSLA,2021-01-18,34.3947,0.228382
TSLA,2021-01-19,34.8337,0.244061
TSLA,2021-01-20,34.2489,0.223177
TSLA,2021-01-21,33.3782,0.192081
TSLA,2021-01-22,34.7777,0.242061
TSLA,2021-01-25,36.2074,0.293121
TSLA,2021-01-26,34.692,0.238999
TSLA,2021-01-27,35.7825,0.277948
TSLA,2021-01-28,36.7977,0.314203
TSLA,2021-01-29,35.2045,0.257302
TSLA,2021-02-01,36.0406,0.287165
TSLA,2021-02-02,34.571,0.23468
TSLA,2021-02-03,31.3399,0.119281
TSLA,2021-02-04,31.177,0.113463
TSLA,2021-02-05,31.5502,0.126793
TSLA,2021-02-08,31.4441,0.123005
TSLA,2021-02-09,35.4086,0.264591
TSLA,2021-02-10,36.0105,0.286089
TSLA,2021-02-11,36.2768,0.295601
TSLA,2021-02-12,36.9703,0.320366
TSLA,2021-02-15,36.357,0.298465
TSLA,2021-02-16,37.8182,0.350649
TSLA,2021-02-17,38.433,0.372607
TSLA,2021-02-18,38.9846,0.392305
TSLA,2021-02-19,38.052,0.359001
TSLA,2021-02-22,35.7391,0.276397
TSLA,2021-02-23,35.06,0.252142
TSLA,2021-02-24,35.5158,0.268421
TSLA,2021-02-25,34.9219,0.247209
TSLA,2021-02-26,35.389,0.263894
TSLA,2021-03-01,35.1011,0.25361
TSLA,2021-03-02,35.7735,0.277624
TSLA,2021-03-03,34.4171,0.229183
TSLA,2021-03-04,34.7367,0.240596
TSLA,2021-03-05,33.8824,0.210086
TSLA,2021-03-08,31.8569,0.137746
TSLA,2021-03-09,31.6847,0.131597
TSLA,2021-03-10,33.7873,0.20669
TSLA,2021-03-11,31.8713,0.138262
TSLA,2021-03-12,32.0706,0.145379
TSLA,2021-03-15,33.1798,0.184994
TSLA,2021-03-16,36.5055,0.303769
TSLA,2021-03-17,35.8242,0.279437
TSLA,2021-03-18,34.956,0.24843
TSLA,2021-03-19,33.3702,0.191794
TSLA,2021-03-22,35.0126,0.25045
TSLA,2021-03-23,33.8363,0.20844
TSLA,2021-03-24,33.3715,0.191842
TSLA,2021-03-25,30.98,0.106429
TSLA,2021-03-26,32.1651,0.148753
TSLA,2021-03-29,33.7726,0.206167
TSLA,2021-03-30,35.0097,0.250349
TSLA,2021-03-31,32.8266,0.172378
TSLA,2021-04-01,33.6982,0.203506
TSLA,2021-04-02,31.5098,0.125349
TSLA,2021-04-05,31.6273,0.129544
TSLA,2021-04-06,31.9369,0.140601
TSLA,2021-04-07,32.3886,0.156734
TSLA,2021-04-08,33.1499,0.183927
TSLA,2021-04-09,33.1836,0.185129
TSLA,2021-04-12,30.6627,0.095096
TSLA,2021-04-13,31.3841,0.120862
TSLA,2021-04-14,31.5522,0.126864
TSLA,2021-04-15,30.4482,0.087437
TSLA,2021-04-16,28.5916,0.021127
TSLA,2021-04-19,30.4935,0.089054
TSLA,2021-04-20,32.1135,0.146909
TSLA,2021-04-21,33.0998,0.182134
TSLA,2021-04-22,32.239,0.151394
TSLA,2021-04-23,29.1211,0.040037
TSLA,2021-04-26,30.0877,0.07456
TSLA,2021-04-27,30.5839,0.092282
TSLA,2021-04-28,30.1588,0.077101
TSLA,2021-04-29,31.6228,0.129385
TSLA,2021-04-30,32.7842,0.170862
TSLA,2021-05-03,33.0658,0.180921
TSLA,2021-05-04,33.1579,0.184208
TSLA,2021-05-05,33.2718,0.188279
TSLA,2021-05-06,34.2572,0.223469
TSLA,2021-05-07,33.1198,0.182848
TSLA,2021-05-10,33.7478,0.205279
TSLA,2021-05-11,32.5431,0.162253
TSLA,2021-05-12,34.42,0.229284
TSLA,2021-05-13,35.2255,0.258053
TSLA,2021-05-14,34.2928,0.224741
TSLA,2021-05-17,34.4524,0.230442
TSLA,2021-05-18,33.3135,0.189769
TSLA,2021-05-19,35.4774,0.267049
TSLA,2021-05-20,37.966,0.355927
TSLA,2021-05-21,39.1164,0.397015
TSLA,2021-05-24,41.7469,0.490961
TSLA,2021-05-25,42.0637,0.502274
TSLA,2021-05-26,43.4579,0.552067
TSLA,2021-05-27,45.7542,0.63408
TSLA,2021-05-28,45.805,0.635894
TSLA,2021-05-31,46.0003,0.642871
TSLA,2021-06-01,47.8573,0.709189
TSLA,2021-06-02,49.2071,0.757398
TSLA,2021-06-03,47.7725,0.706161
TSLA,2021-06-04,43.7395,0.562127
TSLA,2021-06-07,43.4847,0.553026
TSLA,2021-06-08,39.9605,0.427164
TSLA,2021-06-09,38.4231,0.372255
TSLA,2021-06-10,37.1218,0.32578
TSLA,2021-06-11,36.3162,0.297009
TSLA,2021-06-14,37.6075,0.343126
TSLA,2021-06-15,39.2926,0.403308
TSLA,2021-06-16,40.1736,0.434775
TSLA,2021-06-17,41.2831,0.474399
TSLA,2021-06-18,42.4643,0.516584
TSLA,2021-06-21,38.3891,0.371039
TSLA,2021-06-22,38.4567,0.373457
TSLA,2021-06-23,35.7775,0.277771
TSLA,2021-06-24,36.5804,0.306444
TSLA,2021-06-25,33.621,0.200752
TSLA,2021-06-28,33.4184,0.193517
TSLA,2021-06-29,34.2224,0.22223
TSLA,2021-06-30,32.7354,0.169123
TSLA,2021-07-01,34.096,0.217715
TSLA,2021-07-02,34.8575,0.244912
TSLA,2021-07-05,35.4529,0.266177
TSLA,2021-07-06,36.5299,0.30464
TSLA,2021-07-07,36.045,0.287321
TSLA,2021-07-08,36.3187,0.297096
TSLA,2021-07-09,36.3825,0.299375
TSLA,2021-07-12,36.4127,0.300454
TSLA,2021-07-13,35.4721,0.26686
TSLA,2021-07-14,33.7578,0.205638
TSLA,2021-07-15,33.3402,0.190721
TSLA,2021-07-16,32.8535,0.17334
TSLA,2021-07-19,31.9201,0.140005
TSLA,2021-07-20,33.0979,0.182067
TSLA,2021-07-21,31.5892,0.128186
TSLA,2021-07-22,31.4104,0.121799
TSLA,2021-07-23,32.9912,0.178255
TSLA,2021-07-26,34.2885,0.224588
TSLA,2021-07-27,36.0878,0.288851
TSLA,2021-07-28,35.2727,0.259739
TSLA,2021-07-29,36.4728,0.302601
TSLA,2021-07-30,34.9664,0.248799
TSLA,2021-08-02,34.6201,0.236434
TSLA,2021-08-03,34.4097,0.228918
TSLA,2021-08-04,33.653,0.201895
TSLA,2021-08-05,33.2028,0.185814
TSLA,2021-08-06,32.5825,0.163661
TSLA,2021-08-09,31.34,0.119285
TSLA,2021-08-10,32.5021,0.16079
TSLA,2021-08-11,32.3036,0.1537
TSLA,2021-08-12,32.615,0.16482
TSLA,2021-08-13,32.8786,0.174235
TSLA,2021-08-16,32.9967,0.178453
TSLA,2021-08-17,33.1669,0.18453
TSLA,2021-08-18,32.7987,0.171383
TSLA,2021-08-19,34.8068,0.243099
TSLA,2021-08-20,35.9563,0.284156
TSLA,2021-08-23,36.0318,0.286851
TSLA,2021-08-24,35.4258,0.265209
TSLA,2021-08-25,35.3013,0.260762
TSLA,2021-08-26,35.9585,0.284231
TSLA,2021-08-27,38.2876,0.367413
TSLA,2021-08-30,36.2431,0.294396
TSLA,2021-08-31,37.2856,0.331629
TSLA,2021-09-01,39.0986,0.396378
TSLA,2021-09-02,36.839,0.315676
TSLA,2021-09-03,36.6159,0.307709
TSLA,2021-09-06,35.1014,0.253617
TSLA,2021-09-07,35.7737,0.277629
TSLA,2021-09-08,35.3,0.260713
TSLA,2021-09-09,35.1597,0.255699
TSLA,2021-09-10,34.6193,0.236402
TSLA,2021-09-13,35.7033,0.275116
TSLA,2021-09-14,36.0882,0.288862
TSLA,2021-09-15,36.4801,0.302856
TSLA,2021-09-16,36.7702,0.313218
TSLA,2021-09-17,37.693,0.346173
TSLA,2021-09-20,37.341,0.333601
TSLA,2021-09-21,40.0879,0.431708
TSLA,2021-09-22,38.1627,0.362951
TSLA,2021-09-23,35.6067,0.271665
TSLA,2021-09-24,33.1095,0.182478
TSLA,2021-09-27,30.4478,0.087417
TSLA,2021-09-28,31.3408,0.119311
TSLA,2021-09-29,32.0995,0.146409
TSLA,2021-09-30,33.7722,0.206148
TSLA,2021-10-01,32.3857,0.156631
TSLA,2021-10-04,33.4344,0.194084
TSLA,2021-10-05,33.5574,0.198476
TSLA,2021-10-06,33.8325,0.208302
TSLA,2021-10-07,34.7571,0.241322
TSLA,2021-10-08,33.7426,0.205091
TSLA,2021-10-11,37.5639,0.341565
TSLA,2021-10-12,39.7227,0.418664
TSLA,2021-10-13,38.9195,0.389979
TSLA,2021-10-14,37.2696,0.331055
TSLA,2021-10-15,37.1857,0.328056
TSLA,2021-10-18,37.5146,0.339804
TSLA,2021-10-19,39.2404,0.401441
TSLA,2021-10-20,37.4571,0.337752
TSLA,2021-10-21,37.9485,0.355302
TSLA,2021-10-22,35.6935,0.274765
TSLA,2021-10-25,36.3858,0.299491
TSLA,2021-10-26,36.2747,0.295524
TSLA,2021-10-27,39.3213,0.404328
TSLA,2021-10-28,36.9589,0.319959
TSLA,2021-10-29,39.145,0.398033
TSLA,2021-11-01,36.5562,0.305577
TSLA,2021-11-02,34.6692,0.238183
TSLA,2021-11-03,32.4119,0.157565
TSLA,2021-11-04,32.7899,0.171066
TSLA,2021-11-05,31.2934,0.117618
TSLA,2021-11-08,29.6523,0.059011
TSLA,2021-11-09,29.9398,0.069276
TSLA,2021-11-10,30.5398,0.090705
TSLA,2021-11-11,30.6308,0.093955
TSLA,2021-11-12,30.469,0.088175
TSLA,2021-11-15,32.8825,0.174371
TSLA,2021-11-16,33.1239,0.182995
TSLA,2021-11-17,34.2809,0.224317
TSLA,2021-11-18,34.5285,0.233159
TSLA,2021-11-19,33.0551,0.180537
TSLA,2021-11-22,33.8533,0.209044
TSLA,2021-11-23,33.0007,0.178593
TSLA,2021-11-24,32.9222,0.17579
TSLA,2021-11-25,33.3813,0.192188
TSLA,2021-11-26,30.8719,0.102566
TSLA,2021-11-29,28.9418,0.033635
TSLA,2021-11-30,30.0803,0.074295
TSLA,2021-12-01,29.3132,0.046897
TSLA,2021-12-02,28.6212,0.022181
TSLA,2021-12-03,28.8556,0.030556
TSLA,2021-12-06,28.4417,0.015773
TSLA,2021-12-07,28.9712,0.034681
TSLA,2021-12-08,28.9495,0.033906
TSLA,2021-12-09,29.2251,0.04375
TSLA,2021-12-10,28.4354,0.015546
TSLA,2021-12-13,28.7002,0.025004
TSLA,2021-12-14,30.0691,0.073893
TSLA,2021-12-15,29.4177,0.050627
TSLA,2021-12-16,30.5822,0.092217
TSLA,2021-12-17,30.5588,0.09138
TSLA,2021-12-20,31.5341,0.126213
TSLA,2021-12-21,31.7435,0.13369
TSLA,2021-12-22,31.7427,0.133663
TSLA,2021-12-23,32.2439,0.151561
TSLA,2021-12-24,33.9322,0.211858
TSLA,2021-12-27,34.3079,0.225276
TSLA,2021-12-28,35.0338,0.251201
TSLA,2021-12-29,34.5556,0.234122
TSLA,2021-12-30,36.9009,0.317882
TSLA,2021-12-31,37.9322,0.354713
TSLA,2022-01-03,38.1042,0.360858
TSLA,2022-01-04,37.9644,0.355862
TSLA,2022-01-05,39.5685,0.413153
TSLA,2022-01-06,38.6504,0.380362
TSLA,2022-01-07,35.9777,0.28491
TSLA,2022-01-10,36.133,0.290458
TSLA,2022-01-11,37.9883,0.356717
TSLA,2022-01-12,40.6005,0.450009
TSLA,2022-01-13,40.4769,0.445595
TSLA,2022-01-14,40.6037,0.450126
TSLA,2022-01-17,41.5325,0.483297
TSLA,2022-01-18,41.1407,0.469302
TSLA,2022-01-19,42.0764,0.50272
TSLA,2022-01-20,41.9859,0.499489
TSLA,2022-01-21,43.8199,0.564991
TSLA,2022-01-24,45.1973,0.614181
TSLA,2022-01-25,46.7847,0.670876
TSLA,2022-01-26,46.4555,0.659116
TSLA,2022-01-27,50.3348,0.797665
TSLA,2022-01-28,51.4112,0.836107
TSLA,2022-01-31,52.0043,0.857288
TSLA,2022-02-01,50.4767,0.802734
TSLA,2022-02-02,50.3441,0.797998
TSLA,2022-02-03,50.6485,0.808869
TSLA,2022-02-04,49.107,0.753816
TSLA,2022-02-07,48.588,0.73528
TSLA,2022-02-08,48.3242,0.725857
TSLA,2022-02-09,48.5001,0.732141
TSLA,2022-02-10,45.1836,0.613696
TSLA,2022-02-11,44.9945,0.606941
TSLA,2022-02-14,44.3642,0.584431
TSLA,2022-02-15,44.3859,0.585205
TSLA,2022-02-16,46.3702,0.656072
TSLA,2022-02-17,50.5033,0.803683
TSLA,2022-02-18,51.9956,0.85698
TSLA,2022-02-21,49.4993,0.767826
TSLA,2022-02-22,48.8698,0.745345
TSLA,2022-02-23,50.1444,0.790865
TSLA,2022-02-24,51.2154,0.829114
TSLA,2022-02-25,53.4001,0.907137
TSLA,2022-02-28,53.2592,0.902106
TSLA,2022-03-01,52.5429,0.876526
TSLA,2022-03-02,56.5276,1.018837
TSLA,2022-03-03,56.7398,1.026415
TSLA,2022-03-04,54.4995,0.946404
TSLA,2022-03-07,57.9706,1.070373
TSLA,2022-03-08,54.5993,0.949968
TSLA,2022-03-09,47.3827,0.692233
TSLA,2022-03-10,48.965,0.748742
TSLA,2022-03-11,50.8937,0.817625
TSLA,2022-03-14,51.8334,0.851187
TSLA,2022-03-15,49.2076,0.75741
TSLA,2022-03-16,49.1552,0.755536
TSLA,2022-03-17,48.6639,0.73799
TSLA,2022-03-18,47.669,0.702458
TSLA,2022-03-21,50.5743,0.80622
TSLA,2022-03-22,48.5178,0.732773
TSLA,2022-03-23,49.216,0.757708
TSLA,2022-03-24,51.7516,0.848263
TSLA,2022-03-25,52.6369,0.879882
TSLA,2022-03-28,55.4555,0.980546
TSLA,2022-03-29,56.8268,1.029518
TSLA,2022-03-30,57.9124,1.068292
TSLA,2022-03-31,58.8679,1.102417
TSLA,2022-04-01,60.4465,1.158796
TSLA,2022-04-04,59.5798,1.127843
TSLA,2022-04-05,56.563,1.020097
TSLA,2022-04-06,58.8954,1.103398
TSLA,2022-04-07,61.8478,1.208839
TSLA,2022-04-08,62.5733,1.234749
TSLA,2022-04-11,61.2662,1.18807
TSLA,2022-04-12,57.5578,1.055628
TSLA,2022-04-13,57.8381,1.065639
TSLA,2022-04-14,54.8037,0.957267
TSLA,2022-04-15,51.6316,0.843979
TSLA,2022-04-18,51.6572,0.844891
TSLA,2022-04-19,50.134,0.790493
TSLA,2022-04-20,50.9163,0.818432
TSLA,2022-04-21,50.6533,0.809039
TSLA,2022-04-22,49.4771,0.767032
TSLA,2022-04-25,46.203,0.6501
TSLA,2022-04-26,44.6773,0.595612
TSLA,2022-04-27,43.2671,0.545247
TSLA,2022-04-28,41.2052,0.47161
TSLA,2022-04-29,40.7085,0.453868
TSLA,2022-05-02,38.8926,0.389017
TSLA,2022-05-03,38.6847,0.381591
TSLA,2022-05-04,39.12,0.397135
TSLA,2022-05-05,37.8696,0.35248
TSLA,2022-05-06,38.5869,0.378096
TSLA,2022-05-09,36.5439,0.305133
TSLA,2022-05-10,34.964,0.248708
TSLA,2022-05-11,34.8491,0.244605
TSLA,2022-05-12,35.8916,0.281837
TSLA,2022-05-13,37.2393,0.329969
TSLA,2022-05-16,39.8343,0.422649
TSLA,2022-05-17,39.2776,0.402764
TSLA,2022-05-18,39.1256,0.397337
TSLA,2022-05-19,37.5562,0.341286
TSLA,2022-05-20,35.7248,0.275879
TSLA,2022-05-23,36.1092,0.289609
TSLA,2022-05-24,35.0271,0.250963
TSLA,2022-05-25,36.8896,0.317478
TSLA,2022-05-26,34.7922,0.242573
TSLA,2022-05-27,35.5398,0.269271
TSLA,2022-05-30,34.1518,0.219701
TSLA,2022-05-31,33.068,0.180994
TSLA,2022-06-01,33.8515,0.208977
TSLA,2022-06-02,32.9718,0.17756
TSLA,2022-06-03,32.3262,0.154502
TSLA,2022-06-06,31.311,0.118242
TSLA,2022-06-07,33.7305,0.204655
TSLA,2022-06-08,32.9326,0.176159
TSLA,2022-06-09,33.0466,0.180229
TSLA,2022-06-10,32.8186,0.172087
TSLA,2022-06-13,33.162,0.184353
TSLA,2022-06-14,32.3812,0.156467
TSLA,2022-06-15,32.1593,0.14854
TSLA,2022-06-16,32.7262,0.168787
TSLA,2022-06-17,31.6324,0.129725
TSLA,2022-06-20,33.1198,0.182845
TSLA,2022-06-21,34.8139,0.243347
TSLA,2022-06-22,35.7372,0.276325
TSLA,2022-06-23,35.8878,0.281703
TSLA,2022-06-24,31.7944,0.135508
TSLA,2022-06-27,32.3951,0.156962
TSLA,2022-06-28,31.923,0.140103
TSLA,2022-06-29,31.6452,0.130182
TSLA,2022-06-30,29.3192,0.047109
TSLA,2022-07-01,29.958,0.069925
TSLA,2022-07-04,28.2707,0.009665
TSLA,2022-07-05,28.4464,0.015937
TSLA,2022-07-06,29.5595,0.055694
TSLA,2022-07-07,29.0359,0.036993
TSLA,2022-07-08,30.5593,0.091401
TSLA,2022-07-11,29.6787,0.059948
TSLA,2022-07-12,30.4583,0.087792
TSLA,2022-07-13,28.9126,0.032588
TSLA,2022-07-14,30.2,0.078567
TSLA,2022-07-15,31.345,0.11946
TSLA,2022-07-18,31.9949,0.14267
TSLA,2022-07-19,31.5261,0.125929
TSLA,2022-07-20,29.8073,0.064544
TSLA,2022-07-21,29.3738,0.049061
TSLA,2022-07-22,30.7814,0.099332
TSLA,2022-07-25,30.9873,0.106684
TSLA,2022-07-26,29.1172,0.039897
TSLA,2022-07-27,27.8441,-0.005572
TSLA,2022-07-28,29.3495,0.048194
TSLA,2022-07-29,29.982,0.070784
TSLA,2022-08-01,28.5431,0.019394
TSLA,2022-08-02,26.5879,-0.050436
TSLA,2022-08-03,25.9509,-0.073185
TSLA,2022-08-04,24.0888,-0.13969
TSLA,2022-08-05,23.9677,-0.144012
TSLA,2022-08-08,26.5343,-0.05235
TSLA,2022-08-09,24.8882,-0.11114
TSLA,2022-08-10,24.7325,-0.116698
TSLA,2022-08-11,26.1326,-0.066697
TSLA,2022-08-12,26.9828,-0.036332
TSLA,2022-08-15,26.855,-0.040895
TSLA,2022-08-16,26.7305,-0.045342
TSLA,2022-08-17,25.5291,-0.088248
TSLA,2022-08-18,25.2848,-0.096973
TSLA,2022-08-19,25.5725,-0.0867
TSLA,2022-08-22,26.7922,-0.043138
TSLA,2022-08-23,26.1555,-0.065876
TSLA,2022-08-24,25.9879,-0.071862
TSLA,2022-08-25,25.0309,-0.106043
TSLA,2022-08-26,25.2968,-0.096543
TSLA,2022-08-29,26.157,-0.065823
TSLA,2022-08-30,26.8762,-0.040136
TSLA,2022-08-31,25.6533,-0.083813
TSLA,2022-09-01,25.8427,-0.077047
TSLA,2022-09-02,25.1697,-0.101084
TSLA,2022-09-05,26.2688,-0.061829
TSLA,2022-09-06,26.131,-0.066752
TSLA,2022-09-07,24.5878,-0.121868
TSLA,2022-09-08,24.4002,-0.128565
TSLA,2022-09-09,24.8961,-0.110857
TSLA,2022-09-12,25.1799,-0.100721
TSLA,2022-09-13,24.6909,-0.118185
TSLA,2022-09-14,24.1386,-0.137909
TSLA,2022-09-15,23.2132,-0.170958
TSLA,2022-09-16,22.8718,-0.183153
TSLA,2022-09-19,22.114,-0.210216
TSLA,2022-09-20,23.041,-0.177109
TSLA,2022-09-21,22.2362,-0.205851
TSLA,2022-09-22,22.3779,-0.200791
TSLA,2022-09-23,22.4579,-0.197935
TSLA,2022-09-26,23.3759,-0.165147
TSLA,2022-09-27,24.4751,-0.125891
TSLA,2022-09-28,25.2165,-0.099413
TSLA,2022-09-29,25.618,-0.085075
TSLA,2022-09-30,24.5743,-0.12235
TSLA,2022-10-03,23.5536,-0.158803
TSLA,2022-10-04,22.7826,-0.18634
TSLA,2022-10-05,23.5265,-0.159771
TSLA,2022-10-06,23.629,-0.156111
TSLA,2022-10-07,24.5175,-0.124379
TSLA,2022-10-10,25.5795,-0.08645
TSLA,2022-10-11,24.8638,-0.112013
TSLA,2022-10-12,24.9299,-0.10965
TSLA,2022-10-13,24.9502,-0.108926
TSLA,2022-10-14,24.6507,-0.119623
TSLA,2022-10-17,24.1491,-0.137535
TSLA,2022-10-18,25.3836,-0.093447
TSLA,2022-10-19,25.4719,-0.090294
TSLA,2022-10-20,25.5199,-0.08858
TSLA,2022-10-21,24.7279,-0.116866
TSLA,2022-10-24,25.4553,-0.090888
TSLA,2022-10-25,24.4618,-0.12637
TSLA,2022-10-26,24.9552,-0.108747
TSLA,2022-10-27,25.4871,-0.089751
TSLA,2022-10-28,25.0939,-0.103792
TSLA,2022-10-31,25.4567,-0.090838
TSLA,2022-11-01,25.6854,-0.082668
TSLA,2022-11-02,25.6786,-0.082913
TSLA,2022-11-03,25.7267,-0.081192
TSLA,2022-11-04,25.8266,-0.077626
TSLA,2022-11-07,25.9993,-0.071459
TSLA,2022-11-08,26.0985,-0.067914
TSLA,2022-11-09,24.9787,-0.107907
TSLA,2022-11-10,24.8569,-0.112257
TSLA,2022-11-11,25.1619,-0.101366
TSLA,2022-11-14,25.2963,-0.096566
TSLA,2022-11-15,26.3391,-0.059322
TSLA,2022-11-16,27.0527,-0.033835
TSLA,2022-11-17,26.1407,-0.066408
TSLA,2022-11-18,25.9978,-0.071509
TSLA,2022-11-21,25.7031,-0.082037
TSLA,2022-11-22,25.7331,-0.080966
TSLA,2022-11-23,25.7645,-0.079842
TSLA,2022-11-24,26.4533,-0.055242
TSLA,2022-11-25,26.6819,-0.047077
TSLA,2022-11-28,28.0985,0.003515
TSLA,2022-11-29,28.4154,0.01483
TSLA,2022-11-30,27.5022,-0.017784
TSLA,2022-12-01,27.0173,-0.035102
TSLA,2022-12-02,27.7308,-0.009619
TSLA,2022-12-05,25.9921,-0.071714
TSLA,2022-12-06,24.6316,-0.120305
TSLA,2022-12-07,24.6755,-0.118736
TSLA,2022-12-08,25.6897,-0.082513
TSLA,2022-12-09,27.1385,-0.030771
TSLA,2022-12-12,26.9345,-0.038057
TSLA,2022-12-13,28.1681,0.005999
TSLA,2022-12-14,28.2896,0.010338
TSLA,2022-12-15,26.6059,-0.049794
TSLA,2022-12-16,26.6328,-0.048831
TSLA,2022-12-19,26.0013,-0.071385
TSLA,2022-12-20,27.0339,-0.03451
TSLA,2022-12-21,27.0418,-0.034227
TSLA,2022-12-22,25.6977,-0.08223
TSLA,2022-12-23,24.1997,-0.135731
TSLA,2022-12-26,24.2114,-0.135312
TSLA,2022-12-27,21.9566,-0.215839
TSLA,2022-12-28,21.5246,-0.231268
TSLA,2022-12-29,21.7584,-0.222917
TSLA,2022-12-30,20.8648,-0.254831
TSLA,2023-01-02,21.7608,-0.222833
TSLA,2023-01-03,22.879,-0.182896
TSLA,2023-01-04,21.9756,-0.215159
TSLA,2023-01-05,21.7383,-0.223636
TSLA,2023-01-06,22.6724,-0.190275
TSLA,2023-01-09,22.7017,-0.189229
TSLA,2023-01-10,21.4706,-0.233196
TSLA,2023-01-11,21.3737,-0.236657
TSLA,2023-01-12,20.6679,-0.261865
TSLA,2023-01-13,21.6564,-0.22656
TSLA,2023-01-16,22.2303,-0.206064
TSLA,2023-01-17,21.976,-0.215144
TSLA,2023-01-18,22.134,-0.209501
TSLA,2023-01-19,21.0079,-0.24972
TSLA,2023-01-20,20.3968,-0.271545
TSLA,2023-01-23,21.7654,-0.222666
TSLA,2023-01-24,21.8425,-0.219912
TSLA,2023-01-25,22.7209,-0.188541
TSLA,2023-01-26,22.9687,-0.179694
TSLA,2023-01-27,24.2712,-0.133175
TSLA,2023-01-30,22.3939,-0.200221
TSLA,2023-01-31,22.2519,-0.205293
TSLA,2023-02-01,23.8341,-0.148784
TSLA,2023-02-02,24.8191,-0.113606
TSLA,2023-02-03,26.2385,-0.062914
TSLA,2023-02-06,26.2665,-0.061913
TSLA,2023-02-07,25.7297,-0.081084
TSLA,2023-02-08,24.7032,-0.117745
TSLA,2023-02-09,23.65,-0.15536
TSLA,2023-02-10,24.4775,-0.125808
TSLA,2023-02-13,25.0309,-0.106042
TSLA,2023-02-14,24.9963,-0.107277
TSLA,2023-02-15,25.5562,-0.08728
TSLA,2023-02-16,25.7403,-0.080706
TSLA,2023-02-17,26.8107,-0.042477
TSLA,2023-02-20,27.9147,-0.003048
TSLA,2023-02-21,26.7586,-0.044339
TSLA,2023-02-22,27.0965,-0.032271
TSLA,2023-02-23,25.3408,-0.094975
TSLA,2023-02-24,25.5135,-0.088808
TSLA,2023-02-27,26.1878,-0.064724
TSLA,2023-02-28,24.8497,-0.112513
TSLA,2023-03-01,24.4624,-0.126345
TSLA,2023-03-02,24.5049,-0.124829
TSLA,2023-03-03,24.774,-0.115217
TSLA,2023-03-06,24.526,-0.124077
TSLA,2023-03-07,23.4079,-0.164006
TSLA,2023-03-08,23.3877,-0.164731
TSLA,2023-03-09,21.8871,-0.21832
TSLA,2023-03-10,21.7088,-0.224689
TSLA,2023-03-13,21.3487,-0.237551
TSLA,2023-03-14,21.2602,-0.240711
TSLA,2023-03-15,20.8068,-0.256904
TSLA,2023-03-16,19.5874,-0.300451
TSLA,2023-03-17,19.3218,-0.309939
TSLA,2023-03-20,20.0994,-0.282166
TSLA,2023-03-21,21.1933,-0.243097
TSLA,2023-03-22,23.451,-0.162468
TSLA,2023-03-23,25.1667,-0.101191
TSLA,2023-03-24,23.9953,-0.143029
TSLA,2023-03-27,23.6291,-0.156108
TSLA,2023-03-28,23.6388,-0.155761
TSLA,2023-03-29,23.5878,-0.157582
TSLA,2023-03-30,23.6869,-0.154044
TSLA,2023-03-31,26.1761,-0.065143
TSLA,2023-04-03,25.0754,-0.104456
TSLA,2023-04-04,24.3861,-0.129072
TSLA,2023-04-05,26.1191,-0.06718
TSLA,2023-04-06,25.5028,-0.08919
TSLA,2023-04-07,25.952,-0.073148
TSLA,2023-04-10,27.1115,-0.031737
TSLA,2023-04-11,27.6942,-0.010927
TSLA,2023-04-12,27.95,-0.001789
TSLA,2023-04-13,29.0842,0.038716
TSLA,2023-04-14,28.0776,0.002766
TSLA,2023-04-17,27.5497,-0.016087
TSLA,2023-04-18,28.1985,0.007084
TSLA,2023-04-19,25.9424,-0.073491
TSLA,2023-04-20,27.5286,-0.016841
TSLA,2023-04-21,27.9102,-0.003213
TSLA,2023-04-24,28.1234,0.004402
TSLA,2023-04-25,26.3425,-0.059202
TSLA,2023-04-26,25.0243,-0.106281
TSLA,2023-04-27,24.6523,-0.119566
TSLA,2023-04-28,25.5152,-0.088748
TSLA,2023-05-01,23.4669,-0.161902
TSLA,2023-05-02,24.2694,-0.133242
TSLA,2023-05-03,23.9464,-0.144777
TSLA,2023-05-04,23.7602,-0.151426
TSLA,2023-05-05,24.0405,-0.141415
TSLA,2023-05-08,24.3398,-0.130727
TSLA,2023-05-09,23.6718,-0.154582
TSLA,2023-05-10,24.318,-0.131504
TSLA,2023-05-11,22.1445,-0.209127
TSLA,2023-05-12,21.7691,-0.222535
TSLA,2023-05-15,21.936,-0.216575
TSLA,2023-05-16,21.6574,-0.226524
TSLA,2023-05-17,20.1235,-0.281307
TSLA,2023-05-18,20.7858,-0.257652
TSLA,2023-05-19,19.7766,-0.293696
TSLA,2023-05-22,19.7485,-0.294699
TSLA,2023-05-23,19.8994,-0.289311
TSLA,2023-05-24,19.9423,-0.287777
TSLA,2023-05-25,20.9483,-0.251851
TSLA,2023-05-26,20.9307,-0.252477
TSLA,2023-05-29,21.329,-0.238254
TSLA,2023-05-30,21.3088,-0.238973
TSLA,2023-05-31,21.8798,-0.218582
TSLA,2023-06-01,23.1957,-0.171586
TSLA,2023-06-02,23.3581,-0.165787
TSLA,2023-06-05,24.1504,-0.137489
TSLA,2023-06-06,25.6677,-0.083299
TSLA,2023-06-07,27.171,-0.02961
TSLA,2023-06-08,26.7817,-0.043514
TSLA,2023-06-09,27.9803,-0.000706
TSLA,2023-06-12,28.3048,0.010882
TSLA,2023-06-13,29.6696,0.059624
TSLA,2023-06-14,30.4093,0.086044
TSLA,2023-06-15,30.7959,0.099849
TSLA,2023-06-16,31.3902,0.121074
TSLA,2023-06-19,31.7626,0.134376
TSLA,2023-06-20,32.191,0.149674
TSLA,2023-06-21,32.0253,0.143758
TSLA,2023-06-22,31.7396,0.133552
TSLA,2023-06-23,34.1616,0.220055
TSLA,2023-06-26,34.883,0.245819
TSLA,2023-06-27,34.1195,0.218551
TSLA,2023-06-28,33.7795,0.206408
TSLA,2023-06-29,35.32,0.261424
TSLA,2023-06-30,34.3173,0.225614
TSLA,2023-07-03,32.3402,0.155002
TSLA,2023-07-04,30.5689,0.091744
TSLA,2023-07-05,28.5179,0.018495
TSLA,2023-07-06,27.0773,-0.032957
TSLA,2023-07-07,25.8339,-0.077363
TSLA,2023-07-10,27.3784,-0.022205
TSLA,2023-07-11,27.3634,-0.022739
TSLA,2023-07-12,26.9957,-0.035873
TSLA,2023-07-13,25.4806,-0.089981
TSLA,2023-07-14,25.3658,-0.094082
TSLA,2023-07-17,23.6558,-0.155153
TSLA,2023-07-18,23.332,-0.166716
TSLA,2023-07-19,25.4243,-0.091993
TSLA,2023-07-20,26.1599,-0.06572
TSLA,2023-07-21,25.9711,-0.072465
TSLA,2023-07-24,26.7601,-0.044285
TSLA,2023-07-25,26.2299,-0.06322
TSLA,2023-07-26,25.4181,-0.092214
TSLA,2023-07-27,27.2917,-0.025299
TSLA,2023-07-28,26.0797,-0.068587
TSLA,2023-07-31,25.7388,-0.080759
TSLA,2023-08-01,26.0984,-0.067916
TSLA,2023-08-02,25.1507,-0.101764
TSLA,2023-08-03,25.8644,-0.076273
TSLA,2023-08-04,25.5761,-0.08657
TSLA,2023-08-07,26.3163,-0.060135
TSLA,2023-08-08,26.9916,-0.036016
TSLA,2023-08-09,26.7603,-0.044277
TSLA,2023-08-10,28.7405,0.026446
TSLA,2023-08-11,28.0057,0.000204
TSLA,2023-08-14,29.6359,0.058421
TSLA,2023-08-15,31.1383,0.112079
TSLA,2023-08-16,33.5251,0.197321
TSLA,2023-08-17,33.8103,0.207507
TSLA,2023-08-18,32.78,0.170713
TSLA,2023-08-21,35.7375,0.276337
TSLA,2023-08-22,35.2985,0.260658
TSLA,2023-08-23,34.1879,0.220996
TSLA,2023-08-24,33.9689,0.213174
TSLA,2023-08-25,32.6745,0.166943
TSLA,2023-08-28,33.4309,0.193961
TSLA,2023-08-29,32.6559,0.166281
TSLA,2023-08-30,32.3172,0.154183
TSLA,2023-08-31,33.6687,0.202453
TSLA,2023-09-01,34.5861,0.235217
TSLA,2023-09-04,34.6547,0.237667
TSLA,2023-09-05,34.945,0.248034
TSLA,2023-09-06,35.0096,0.25034
TSLA,2023-09-07,34.4432,0.230112
TSLA,2023-09-08,34.486,0.23164
TSLA,2023-09-11,35.2334,0.258335
TSLA,2023-09-12,35.099,0.253535
TSLA,2023-09-13,35.7555,0.276983
TSLA,2023-09-14,34.5978,0.235637
TSLA,2023-09-15,33.7982,0.207079
TSLA,2023-09-18,32.8412,0.1729
TSLA,2023-09-19,32.1332,0.147612
TSLA,2023-09-20,33.9177,0.211347
TSLA,2023-09-21,34.9882,0.249579
TSLA,2023-09-22,33.5239,0.197283
TSLA,2023-09-25,34.1758,0.220564
TSLA,2023-09-26,33.6788,0.202814
TSLA,2023-09-27,32.7949,0.171245
TSLA,2023-09-28,30.9008,0.103599
TSLA,2023-09-29,32.1986,0.149949
TSLA,2023-10-02,30.4907,0.088953
TSLA,2023-10-03,30.4668,0.088101
TSLA,2023-10-04,29.3483,0.048153
TSLA,2023-10-05,30.3363,0.08344
TSLA,2023-10-06,29.9641,0.070147
TSLA,2023-10-09,29.8397,0.065702
TSLA,2023-10-10,29.7568,0.062743
TSLA,2023-10-11,30.1683,0.077438
TSLA,2023-10-12,30.225,0.079463
TSLA,2023-10-13,30.212,0.079001
TSLA,2023-10-16,29.6173,0.05776
TSLA,2023-10-17,27.8052,-0.006957
TSLA,2023-10-18,26.5962,-0.050137
TSLA,2023-10-19,27.4271,-0.020462
TSLA,2023-10-20,27.1222,-0.031351
TSLA,2023-10-23,26.4302,-0.056064
TSLA,2023-10-24,24.9854,-0.107663
TSLA,2023-10-25,23.318,-0.167215
TSLA,2023-10-26,22.6866,-0.189763
TSLA,2023-10-27,23.5584,-0.158629
TSLA,2023-10-30,23.0581,-0.176497
TSLA,2023-10-31,23.4708,-0.161755
TSLA,2023-11-01,22.9292,-0.1811
TSLA,2023-11-02,23.5686,-0.158265
TSLA,2023-11-03,23.2628,-0.169186
TSLA,2023-11-06,22.1482,-0.208991
TSLA,2023-11-07,21.9351,-0.216602
TSLA,2023-11-08,23.6776,-0.154371
TSLA,2023-11-09,25.5123,-0.088844
TSLA,2023-11-10,26.0607,-0.06926
TSLA,2023-11-13,25.9497,-0.073224
TSLA,2023-11-14,26.31,-0.060358
TSLA,2023-11-15,26.6894,-0.046807
TSLA,2023-11-16,26.6817,-0.047082
TSLA,2023-11-17,27.2043,-0.028416
TSLA,2023-11-20,27.4742,-0.018779
TSLA,2023-11-21,27.1575,-0.030089
TSLA,2023-11-22,25.8952,-0.075173
TSLA,2023-11-23,25.4461,-0.09121
TSLA,2023-11-24,26.3283,-0.059703
TSLA,2023-11-27,26.3298,-0.05965
TSLA,2023-11-28,26.6914,-0.046737
TSLA,2023-11-29,26.4193,-0.056452
TSLA,2023-11-30,25.3316,-0.095299
TSLA,2023-12-01,25.1191,-0.10289
TSLA,2023-12-04,24.1216,-0.138516
TSLA,2023-12-05,23.1032,-0.174886
TSLA,2023-12-06,24.305,-0.131965
TSLA,2023-12-07,23.9226,-0.145621
TSLA,2023-12-08,23.2384,-0.170056
TSLA,2023-12-11,24.8635,-0.112018
TSLA,2023-12-12,25.7418,-0.080651
TSLA,2023-12-13,25.3873,-0.093312
TSLA,2023-12-14,25.8705,-0.076055
TSLA,2023-12-15,25.6564,-0.083702
TSLA,2023-12-18,24.9725,-0.108128
TSLA,2023-12-19,25.4969,-0.0894
TSLA,2023-12-20,25.1944,-0.100204
TSLA,2023-12-21,25.3064,-0.096204
TSLA,2023-12-22,26.4226,-0.056337
TSLA,2023-12-25,27.464,-0.019146
TSLA,2023-12-26,26.8884,-0.039702
TSLA,2023-12-27,27.4658,-0.019081
TSLA,2023-12-28,26.2615,-0.062091
TSLA,2023-12-29,26.7863,-0.043348
TSLA,2024-01-01,26.9859,-0.036219
TSLA,2024-01-02,27.4448,-0.01983
TSLA,2024-01-03,27.1491,-0.030393
TSLA,2024-01-04,29.6073,0.057402
TSLA,2024-01-05,28.573,0.02046
TSLA,2024-01-08,29.7726,0.063302
TSLA,2024-01-09,28.5794,0.02069
TSLA,2024-01-10,29.215,0.043389
TSLA,2024-01-11,29.9522,0.069718
TSLA,2024-01-12,30.0601,0.073571
TSLA,2024-01-15,29.4962,0.053432
TSLA,2024-01-16,29.707,0.060963
TSLA,2024-01-17,30.074,0.074069
TSLA,2024-01-18,32.4045,0.1573
TSLA,2024-01-19,31.3095,0.118194
TSLA,2024-01-22,30.646,0.094498
TSLA,2024-01-23,31.0471,0.108823
TSLA,2024-01-24,30.7647,0.098734
TSLA,2024-01-25,30.6801,0.095714
TSLA,2024-01-26,32.0977,0.146344
TSLA,2024-01-29,28.6356,0.022697
TSLA,2024-01-30,27.9806,-0.000696
TSLA,2024-01-31,26.089,-0.068254
TSLA,2024-02-01,24.8757,-0.111584
TSLA,2024-02-02,27.4865,-0.01834
TSLA,2024-02-05,28.206,0.007354
TSLA,2024-02-06,29.3661,0.048787
TSLA,2024-02-07,29.3088,0.046741
TSLA,2024-02-08,30.2743,0.081223
TSLA,2024-02-09,28.1996,0.007128
TSLA,2024-02-12,29.4639,0.052282
TSLA,2024-02-13,28.5296,0.018912
TSLA,2024-02-14,27.9532,-0.001674
TSLA,2024-02-15,28.5758,0.020562
TSLA,2024-02-16,28.9874,0.035262
TSLA,2024-02-19,29.1271,0.040253
TSLA,2024-02-20,27.583,-0.014893
TSLA,2024-02-21,27.7332,-0.009528
TSLA,2024-02-22,28.8846,0.031591
TSLA,2024-02-23,28.2996,0.0107
TSLA,2024-02-26,29.9052,0.068044
TSLA,2024-02-27,28.8943,0.031939
TSLA,2024-02-28,28.9409,0.033604
TSLA,2024-02-29,30.8602,0.102149
TSLA,2024-03-01,30.0514,0.073265
TSLA,2024-03-04,31.419,0.122105
TSLA,2024-03-05,34.1107,0.218236
TSLA,2024-03-06,34.3966,0.228449
TSLA,2024-03-07,33.7076,0.203841
TSLA,2024-03-08,32.7017,0.167916
TSLA,2024-03-11,34.5425,0.233658
TSLA,2024-03-12,36.4452,0.301612
TSLA,2024-03-13,38.7255,0.38305
TSLA,2024-03-14,38.7254,0.38305
TSLA,2024-03-15,40.4609,0.44503
TSLA,2024-03-18,40.4343,0.444084
TSLA,2024-03-19,39.0509,0.394676
TSLA,2024-03-20,40.9455,0.462339
TSLA,2024-03-21,43.8373,0.565621
TSLA,2024-03-22,42.0997,0.503563
TSLA,2024-03-25,40.3998,0.44285
TSLA,2024-03-26,40.5204,0.447159
TSLA,2024-03-27,42.1949,0.506963
TSLA,2024-03-28,40.3349,0.440536
TSLA,2024-03-29,40.7664,0.455944
TSLA,2024-04-01,39.8462,0.423079
TSLA,2024-04-02,41.0613,0.466477
TSLA,2024-04-03,39.795,0.421249
TSLA,2024-04-04,41.1279,0.468854
TSLA,2024-04-05,40.9173,0.461332
TSLA,2024-04-08,39.4299,0.408211
TSLA,2024-04-09,39.5861,0.413788
TSLA,2024-04-10,36.6154,0.307693
TSLA,2024-04-11,35.8348,0.279815
TSLA,2024-04-12,36.3822,0.299364
TSLA,2024-04-15,33.8818,0.210063
TSLA,2024-04-16,30.5371,0.090612
TSLA,2024-04-17,27.7851,-0.007675
TSLA,2024-04-18,29.3762,0.04915
TSLA,2024-04-19,29.3234,0.047265
TSLA,2024-04-22,28.7296,0.026058
TSLA,2024-04-23,29.9034,0.067979
TSLA,2024-04-24,29.4518,0.051852
TSLA,2024-04-25,29.8174,0.064908
TSLA,2024-04-26,29.889,0.067466
TSLA,2024-04-29,29.3576,0.048486
TSLA,2024-04-30,29.7533,0.062617
TSLA,2024-05-01,30.7517,0.098275
TSLA,2024-05-02,30.5608,0.091457
TSLA,2024-05-03,30.0302,0.072509
TSLA,2024-05-06,29.6518,0.058995
TSLA,2024-05-07,27.0254,-0.034806
TSLA,2024-05-08,27.3772,-0.022241
TSLA,2024-05-09,26.0899,-0.068218
TSLA,2024-05-10,26.8074,-0.042594
TSLA,2024-05-13,26.7442,-0.044848
TSLA,2024-05-14,26.8957,-0.039438
TSLA,2024-05-15,27.7154,-0.010164
TSLA,2024-05-16,26.7195,-0.045731
TSLA,2024-05-17,27.163,-0.02989
TSLA,2024-05-20,27.4993,-0.017882
TSLA,2024-05-21,27.3287,-0.023974
TSLA,2024-05-22,26.3449,-0.059109
TSLA,2024-05-23,27.0312,-0.034598
TSLA,2024-05-24,27.8586,-0.00505
TSLA,2024-05-27,28.0261,0.000933
TSLA,2024-05-28,26.8605,-0.040696
TSLA,2024-05-29,26.322,-0.059929
TSLA,2024-05-30,26.2923,-0.060988
TSLA,2024-05-31,27.0805,-0.03284
TSLA,2024-06-03,25.4145,-0.09234
TSLA,2024-06-04,24.8679,-0.111861
TSLA,2024-06-05,24.4942,-0.12521
TSLA,2024-06-06,24.4437,-0.127013
TSLA,2024-06-07,23.2065,-0.171198
TSLA,2024-06-10,23.0316,-0.177442
TSLA,2024-06-11,22.7713,-0.18674
TSLA,2024-06-12,21.8534,-0.21952
TSLA,2024-06-13,21.7774,-0.222236
TSLA,2024-06-14,21.3288,-0.238257
TSLA,2024-06-17,21.7953,-0.221596
TSLA,2024-06-18,21.0476,-0.248298
TSLA,2024-06-19,21.1536,-0.244513
TSLA,2024-06-20,20.4924,-0.268128
TSLA,2024-06-21,20.0222,-0.284921
TSLA,2024-06-24,20.2947,-0.27519
TSLA,2024-06-25,20.5182,-0.267206
TSLA,2024-06-26,20.198,-0.278643
TSLA,2024-06-27,20.0033,-0.285597
TSLA,2024-06-28,18.8728,-0.325972
TSLA,2024-07-01,20.0154,-0.285164
TSLA,2024-07-02,20.6145,-0.263768
TSLA,2024-07-03,21.2003,-0.242848
TSLA,2024-07-04,19.8866,-0.289763
TSLA,2024-07-05,19.4337,-0.305939
TSLA,2024-07-08,19.1951,-0.31446
TSLA,2024-07-09,17.7596,-0.365726
TSLA,2024-07-10,18.4435,-0.341302
TSLA,2024-07-11,19.6012,-0.299958
TSLA,2024-07-12,21.3566,-0.237264
TSLA,2024-07-15,20.4888,-0.268255
TSLA,2024-07-16,20.6152,-0.263742
TSLA,2024-07-17,21.7919,-0.221718
TSLA,2024-07-18,21.5957,-0.228723
TSLA,2024-07-19,21.1285,-0.245409
TSLA,2024-07-22,19.6007,-0.299976
TSLA,2024-07-23,20.5587,-0.26576
TSLA,2024-07-24,20.5701,-0.265352
TSLA,2024-07-25,19.9917,-0.286008
TSLA,2024-07-26,20.2527,-0.276689
TSLA,2024-07-29,20.4074,-0.271165
TSLA,2024-07-30,20.5761,-0.265139
TSLA,2024-07-31,20.4214,-0.270662
TSLA,2024-08-01,21.8534,-0.219519
TSLA,2024-08-02,21.7634,-0.222735
TSLA,2024-08-05,23.2866,-0.168334
TSLA,2024-08-06,23.8628,-0.147755
TSLA,2024-08-07,24.241,-0.134249
TSLA,2024-08-08,24.1613,-0.137096
TSLA,2024-08-09,25.1781,-0.10078
TSLA,2024-08-12,25.3289,-0.095395
TSLA,2024-08-13,24.4132,-0.128099
TSLA,2024-08-14,23.4984,-0.160768
TSLA,2024-08-15,23.9406,-0.144975
TSLA,2024-08-16,23.0985,-0.175052
TSLA,2024-08-19,23.0707,-0.176044
TSLA,2024-08-20,24.1237,-0.138436
TSLA,2024-08-21,24.4587,-0.126473
TSLA,2024-08-22,23.778,-0.150783
TSLA,2024-08-23,25.2251,-0.099101
TSLA,2024-08-26,25.8321,-0.077423
TSLA,2024-08-27,26.9676,-0.036868
TSLA,2024-08-28,24.6095,-0.121087
TSLA,2024-08-29,24.9787,-0.1079
TSLA,2024-08-30,25.8899,-0.075359
TSLA,2024-09-02,27.7939,-0.007358
TSLA,2024-09-03,26.2121,-0.063849
TSLA,2024-09-04,27.5762,-0.015133
TSLA,2024-09-05,29.5365,0.054879
TSLA,2024-09-06,27.2314,-0.027446
TSLA,2024-09-09,27.8077,-0.006865
TSLA,2024-09-10,28.5583,0.019941
TSLA,2024-09-11,28.2163,0.007729
TSLA,2024-09-12,27.6929,-0.010963
TSLA,2024-09-13,28.499,0.017824
TSLA,2024-09-16,27.8277,-0.006151
TSLA,2024-09-17,27.6183,-0.013628
TSLA,2024-09-18,28.5909,0.021108
TSLA,2024-09-19,30.7612,0.09862
TSLA,2024-09-20,31.4887,0.1246
TSLA,2024-09-23,31.7038,0.132284
TSLA,2024-09-24,31.0823,0.110085
TSLA,2024-09-25,29.8625,0.066519
TSLA,2024-09-26,31.2925,0.117594
TSLA,2024-09-27,31.1384,0.112088
TSLA,2024-09-30,32.6845,0.167308
TSLA,2024-10-01,32.2898,0.153212
TSLA,2024-10-02,31.485,0.124467
TSLA,2024-10-03,32.0752,0.145548
TSLA,2024-10-04,32.0179,0.1435
TSLA,2024-10-07,30.5168,0.08989
TSLA,2024-10-08,32.9185,0.175666
TSLA,2024-10-09,32.1273,0.147409
TSLA,2024-10-10,33.4159,0.19343
TSLA,2024-10-11,34.6344,0.236948
TSLA,2024-10-14,32.9378,0.176356
TSLA,2024-10-15,31.6558,0.13057
TSLA,2024-10-16,31.3095,0.1182
TSLA,2024-10-17,30.2598,0.080711
TSLA,2024-10-18,32.52,0.161434
TSLA,2024-10-21,32.298,0.153502
TSLA,2024-10-22,33.5414,0.197911
TSLA,2024-10-23,34.3004,0.225017
TSLA,2024-10-24,34.7198,0.239998
TSLA,2024-10-25,34.824,0.243718
TSLA,2024-10-28,36.6827,0.310103
TSLA,2024-10-29,35.5118,0.268284
TSLA,2024-10-30,38.1642,0.363011
