ticker,date,close,ma50,ma200
AAPL,2020-01-02,75.0,75.0,75.0
AAPL,2020-01-03,74.8651,74.9325,74.9325
AAPL,2020-01-06,75.9239,75.263,75.263
AAPL,2020-01-07,78.3684,76.0393,76.0393
AAPL,2020-01-08,78.0764,76.4468,76.4468
AAPL,2020-01-09,77.7855,76.6699,76.6699
AAPL,2020-01-10,80.3809,77.2,77.2
AAPL,2020-01-13,81.7147,77.7644,77.7644
AAPL,2020-01-14,81.025,78.1267,78.1267
AAPL,2020-01-15,81.9969,78.5137,78.5137
AAPL,2020-01-16,81.3147,78.7683,78.7683
AAPL,2020-01-17,80.6345,78.9238,78.9238
AAPL,2020-01-20,81.1088,79.0919,79.0919
AAPL,2020-01-21,78.1172,79.0223,79.0223
AAPL,2020-01-22,75.5222,78.7889,78.7889
AAPL,2020-01-23,74.7448,78.5362,78.5362
AAPL,2020-01-24,73.3065,78.2286,78.2286
AAPL,2020-01-27,73.8453,77.985,77.985
AAPL,2020-01-28,72.5775,77.7004,77.7004
AAPL,2020-01-29,70.6101,77.3459,77.3459
AAPL,2020-01-30,72.7992,77.1294,77.1294
AAPL,2020-01-31,72.5402,76.9208,76.9208
AAPL,2020-02-03,72.7108,76.7378,76.7378
AAPL,2020-02-04,70.722,76.4871,76.4871
AAPL,2020-02-05,70.0193,76.2284,76.2284
AAPL,2020-02-06,70.2453,75.9983,75.9983
AAPL,2020-02-07,68.702,75.728,75.728
AAPL,2020-02-10,69.2927,75.4982,75.4982
AAPL,2020-02-11,68.5264,75.2578,75.2578
AAPL,2020-02-12,68.1919,75.0223,75.0223
AAPL,2020-02-13,67.4364,74.7776,74.7776
AAPL,2020-02-14,70.0711,74.6305,74.6305
AAPL,2020-02-17,70.1212,74.4938,74.4938
AAPL,2020-02-18,68.7098,74.3237,74.3237
AAPL,2020-02-19,69.9275,74.1981,74.1981
AAPL,2020-02-20,68.295,74.0341,74.0341
AAPL,2020-02-21,68.6509,73.8887,73.8887
AAPL,2020-02-24,66.057,73.6826,73.6826
AAPL,2020-02-25,64.3754,73.4439,73.4439
AAPL,2020-02-26,64.6953,73.2252,73.2252
AAPL,2020-02-27,65.7304,73.0424,73.0424
AAPL,2020-02-28,66.023,72.8753,72.8753
AAPL,2020-03-02,65.9343,72.7138,72.7138
AAPL,2020-03-03,65.6001,72.5522,72.5522
AAPL,2020-03-04,63.7367,72.3563,72.3563
AAPL,2020-03-05,62.8805,72.1503,72.1503
AAPL,2020-03-06,62.3609,71.942,71.942
AAPL,2020-03-09,63.7669,71.7717,71.7717
AAPL,2020-03-10,64.2736,71.6187,71.6187
AAPL,2020-03-11,62.0907,71.4281,71.4281
AAPL,2020-03-12,62.5594,71.1793,71.2542
AAPL,2020-03-13,62.137,70.9247,71.0789
AAPL,2020-03-16,61.3554,70.6334,70.8954
AAPL,2020-03-17,62.178,70.3095,70.734
AAPL,2020-03-18,63.5465,70.0189,70.6033
AAPL,2020-03-19,64.8146,69.7595,70.4999
AAPL,2020-03-20,63.7903,69.4277,70.3822
AAPL,2020-03-23,63.4566,69.0626,70.2628
AAPL,2020-03-24,63.9448,68.721,70.1557
AAPL,2020-03-25,65.2792,68.3866,70.0744
AAPL,2020-03-26,64.7155,68.0546,69.9866
AAPL,2020-03-27,64.5375,67.7327,69.8987
AAPL,2020-03-30,63.1765,67.374,69.792
AAPL,2020-03-31,61.7322,67.0463,69.6661
AAPL,2020-04-01,62.8136,66.7922,69.5606
AAPL,2020-04-02,64.6184,66.5896,69.4858
AAPL,2020-04-03,64.5884,66.4153,69.4127
AAPL,2020-04-06,65.9734,66.2578,69.3621
AAPL,2020-04-07,66.5217,66.1367,69.3209
AAPL,2020-04-08,65.7271,66.0391,69.2696
AAPL,2020-04-09,66.2731,65.9085,69.2274
AAPL,2020-04-10,68.4275,65.8263,69.2163
AAPL,2020-04-13,68.4456,65.741,69.2057
AAPL,2020-04-14,70.7086,65.7407,69.226
AAPL,2020-04-15,67.1377,65.6831,69.1982
AAPL,2020-04-16,68.3267,65.6447,69.1867
AAPL,2020-04-17,68.5143,65.6409,69.178
AAPL,2020-04-20,68.1699,65.6185,69.1651
AAPL,2020-04-21,68.3636,65.6152,69.1549
AAPL,2020-04-22,65.7435,65.5663,69.1123
AAPL,2020-04-23,65.5177,65.5279,69.0679
AAPL,2020-04-24,66.0562,65.4476,69.0312
AAPL,2020-04-27,68.121,65.4076,69.0202
AAPL,2020-04-28,67.4796,65.383,69.0019
AAPL,2020-04-29,66.4543,65.3135,68.9719
AAPL,2020-04-30,65.8506,65.2646,68.9356
AAPL,2020-05-01,67.1432,65.2345,68.915
AAPL,2020-05-04,67.6564,65.2665,68.9007
AAPL,2020-05-05,67.0039,65.319,68.8794
AAPL,2020-05-06,67.7676,65.3805,68.867
AAPL,2020-05-07,67.9674,65.4252,68.8571
AAPL,2020-05-08,69.3761,65.4923,68.8628
AAPL,2020-05-11,68.4687,65.543,68.8585
AAPL,2020-05-12,68.0852,65.5927,68.8503
AAPL,2020-05-13,67.6159,65.6703,68.8373
AAPL,2020-05-14,65.7151,65.727,68.8048
AAPL,2020-05-15,66.1738,65.8032,68.7777
AAPL,2020-05-18,66.5887,65.8596,68.7553
AAPL,2020-05-19,66.6613,65.9074,68.7342
AAPL,2020-05-20,66.4124,65.9938,68.711
AAPL,2020-05-21,64.6081,66.0348,68.6703
AAPL,2020-05-22,64.1258,66.0746,68.6258
AAPL,2020-05-25,63.7473,66.1224,68.5784
AAPL,2020-05-26,62.7866,66.1346,68.5227
AAPL,2020-05-27,62.6446,66.1166,68.4668
AAPL,2020-05-28,63.2193,66.0846,68.4172
AAPL,2020-05-29,65.7341,66.1235,68.3922
AAPL,2020-06-01,66.031,66.175,68.3703
AAPL,2020-06-02,66.4403,66.2249,68.3526
AAPL,2020-06-03,66.4062,66.2475,68.3349
AAPL,2020-06-04,63.9498,66.2322,68.2954
AAPL,2020-06-05,63.9788,66.221,68.2569
AAPL,2020-06-08,64.1198,66.2398,68.2203
AAPL,2020-06-09,67.4506,66.3542,68.2135
AAPL,2020-06-10,67.2559,66.4431,68.2052
AAPL,2020-06-11,67.7328,66.5053,68.2011
AAPL,2020-06-12,67.7523,66.5686,68.1973
AAPL,2020-06-15,66.2402,66.574,68.1807
AAPL,2020-06-16,67.8508,66.6005,68.1779
AAPL,2020-06-17,68.9552,66.6651,68.1844
AAPL,2020-06-18,70.1327,66.7423,68.2005
AAPL,2020-06-19,68.9268,66.7523,68.2064
AAPL,2020-06-22,70.9738,66.8028,68.2289
AAPL,2020-06-23,69.0644,66.77,68.2357
AAPL,2020-06-24,69.9553,66.8263,68.2494
AAPL,2020-06-25,73.1856,66.9235,68.2886
AAPL,2020-06-26,71.8096,66.9894,68.3163
AAPL,2020-06-29,71.0647,67.0473,68.3378
AAPL,2020-06-30,71.2779,67.1056,68.3606
AAPL,2020-07-01,70.6279,67.2033,68.378
AAPL,2020-07-02,68.5219,67.2634,68.3791
AAPL,2020-07-03,68.6845,67.3159,68.3814
AAPL,2020-07-06,67.2957,67.2994,68.3733
AAPL,2020-07-07,68.0083,67.31,68.3706
AAPL,2020-07-08,66.8254,67.3174,68.3591
AAPL,2020-07-09,69.0144,67.3807,68.3639
AAPL,2020-07-10,68.0004,67.3978,68.3613
AAPL,2020-07-13,67.6271,67.3972,68.356
AAPL,2020-07-14,68.8131,67.4334,68.3592
AAPL,2020-07-15,67.1931,67.4219,68.3509
AAPL,2020-07-16,67.5685,67.414,68.3454
AAPL,2020-07-17,69.4411,67.4153,68.3531
AAPL,2020-07-20,67.2934,67.3918,68.3457
AAPL,2020-07-21,67.6111,67.3823,68.3406
AAPL,2020-07-22,68.0334,67.3906,68.3385
AAPL,2020-07-23,69.1823,67.46,68.3442
AAPL,2020-07-24,67.5453,67.4874,68.3388
AAPL,2020-07-27,65.8361,67.4723,68.3219
AAPL,2020-07-28,66.5981,67.4711,68.3103
AAPL,2020-07-29,67.0642,67.4841,68.302
AAPL,2020-07-30,67.4703,67.5414,68.2965
AAPL,2020-07-31,68.0102,67.619,68.2946
AAPL,2020-08-03,67.1506,67.6871,68.2871
AAPL,2020-08-04,67.5323,67.782,68.2822
AAPL,2020-08-05,67.9996,67.8891,68.2804
AAPL,2020-08-06,67.0936,67.9666,68.2728
AAPL,2020-08-07,69.7339,68.0466,68.2821
AAPL,2020-08-10,70.4727,68.1354,68.296
AAPL,2020-08-11,68.8685,68.184,68.2996
AAPL,2020-08-12,69.8549,68.253,68.3093
AAPL,2020-08-13,68.5635,68.3453,68.3109
AAPL,2020-08-14,69.7288,68.4603,68.3196
AAPL,2020-08-17,71.447,68.6068,68.3388
AAPL,2020-08-18,70.3442,68.6647,68.3511
AAPL,2020-08-19,71.7944,68.7554,68.3719
AAPL,2020-08-20,72.4658,68.8501,68.3966
AAPL,2020-08-21,73.7495,68.97,68.4286
AAPL,2020-08-24,76.6996,69.1792,68.4779
AAPL,2020-08-25,76.3965,69.3501,68.5247
AAPL,2020-08-26,75.3189,69.4774,68.5647
AAPL,2020-08-27,74.0535,69.5558,68.5968
AAPL,2020-08-28,72.9175,69.6356,68.6219
AAPL,2020-08-31,72.8762,69.6737,68.6465
AAPL,2020-09-01,73.4516,69.7614,68.6741
AAPL,2020-09-02,73.9354,69.841,68.7042
AAPL,2020-09-03,75.2528,69.8824,68.7414
AAPL,2020-09-04,75.3469,69.9531,68.7787
AAPL,2020-09-07,77.6639,70.0851,68.8286
AAPL,2020-09-08,77.327,70.2061,68.8761
AAPL,2020-09-09,81.7662,70.4289,68.9477
AAPL,2020-09-10,82.8857,70.7161,69.0247
AAPL,2020-09-11,81.5464,70.9734,69.0935
AAPL,2020-09-14,79.8837,71.2251,69.1525
AAPL,2020-09-15,80.7441,71.4799,69.2155
AAPL,2020-09-16,80.4606,71.7526,69.2763
AAPL,2020-09-17,81.7077,72.0064,69.3431
AAPL,2020-09-18,82.5723,72.2979,69.4138
AAPL,2020-09-21,82.5326,72.596,69.4836
AAPL,2020-09-22,81.2159,72.844,69.5457
AAPL,2020-09-23,78.8512,73.0772,69.5947
AAPL,2020-09-24,78.2218,73.2903,69.6398
AAPL,2020-09-25,79.6625,73.4947,69.692
AAPL,2020-09-28,80.0861,73.7505,69.7459
AAPL,2020-09-29,78.1772,73.9619,69.7894
AAPL,2020-09-30,78.5281,74.1718,69.8342
AAPL,2020-10-01,79.2186,74.3725,69.8821
AAPL,2020-10-02,77.8965,74.5795,69.9227
AAPL,2020-10-05,78.2155,74.8271,69.9646
AAPL,2020-10-06,78.3846,75.0628,70.0069
AAPL,2020-10-07,76.675,75.255,70.0403
AAPL,2020-10-08,77.3063,75.4518,70.0518
AAPL,2020-10-09,78.2623,75.6568,70.0688
AAPL,2020-10-12,80.0688,75.9152,70.0895
AAPL,2020-10-13,81.8686,76.2019,70.107
AAPL,2020-10-14,79.705,76.436,70.1152
AAPL,2020-10-15,78.2896,76.6599,70.1177
AAPL,2020-10-16,79.1848,76.8489,70.1117
AAPL,2020-10-19,80.0882,77.0412,70.1036
AAPL,2020-10-20,81.004,77.284,70.1035
AAPL,2020-10-21,87.6323,77.6395,70.1316
AAPL,2020-10-22,88.7341,78.0429,70.1687
AAPL,2020-10-23,90.8784,78.4659,70.22
AAPL,2020-10-26,92.7345,78.8917,70.2781
AAPL,2020-10-27,94.053,79.3658,70.3578
AAPL,2020-10-28,93.5495,79.8009,70.4479
AAPL,2020-10-29,95.0856,80.2533,70.5496
AAPL,2020-10-30,93.7083,80.6525,70.6516
AAPL,2020-11-02,93.3541,80.9856,70.7492
AAPL,2020-11-03,92.5365,81.3084,70.8489
AAPL,2020-11-04,92.7809,81.6576,70.9598
AAPL,2020-11-05,97.3086,82.1227,71.0823
AAPL,2020-11-06,93.8065,82.5405,71.1887
AAPL,2020-11-09,95.2071,82.9871,71.3012
AAPL,2020-11-10,92.2528,83.3632,71.4088
AAPL,2020-11-11,91.4696,83.7138,71.5161
AAPL,2020-11-12,93.5921,84.0806,71.6328
AAPL,2020-11-13,93.806,84.4498,71.7583
AAPL,2020-11-16,91.8807,84.7342,71.8713
AAPL,2020-11-17,90.6548,85.0007,71.9819
AAPL,2020-11-18,91.996,85.2053,72.1009
AAPL,2020-11-19,90.7411,85.3624,72.2174
AAPL,2020-11-20,91.2279,85.556,72.3232
AAPL,2020-11-23,91.4019,85.7864,72.4296
AAPL,2020-11-24,90.2983,85.9775,72.5376
AAPL,2020-11-25,94.3795,86.2559,72.6598
AAPL,2020-11-26,95.6877,86.5355,72.7968
AAPL,2020-11-27,91.9508,86.723,72.9133
AAPL,2020-11-30,92.3883,86.9201,73.045
AAPL,2020-12-01,91.254,87.1209,73.1794
AAPL,2020-12-02,92.9273,87.4024,73.3205
AAPL,2020-12-03,91.5449,87.6689,73.4496
AAPL,2020-12-04,91.4236,87.9041,73.5766
AAPL,2020-12-07,92.4502,88.1514,73.7092
AAPL,2020-12-08,94.1708,88.4713,73.852
AAPL,2020-12-09,92.0104,88.7409,73.9934
AAPL,2020-12-10,91.4823,88.9862,74.1364
AAPL,2020-12-11,90.7002,89.2423,74.2781
AAPL,2020-12-14,89.6019,89.47,74.4073
AAPL,2020-12-15,92.9398,89.7611,74.5506
AAPL,2020-12-16,93.7942,90.1035,74.7091
AAPL,2020-12-17,91.5306,90.388,74.854
AAPL,2020-12-18,93.332,90.6894,75.0099
AAPL,2020-12-21,97.5075,91.0381,75.1907
AAPL,2020-12-22,99.6565,91.3939,75.3781
AAPL,2020-12-23,96.746,91.7347,75.5441
AAPL,2020-12-24,95.9008,92.0869,75.6995
AAPL,2020-12-25,98.4787,92.4728,75.873
AAPL,2020-12-28,97.1798,92.8146,76.0416
AAPL,2020-12-29,98.1499,93.1576,76.2126
AAPL,2020-12-30,99.7931,93.4008,76.3852
AAPL,2020-12-31,98.0425,93.587,76.5518
AAPL,2021-01-01,98.0216,93.7298,76.7192
AAPL,2021-01-04,91.9126,93.7134,76.8629
AAPL,2021-01-05,90.123,93.6348,77.0049
AAPL,2021-01-06,89.7539,93.5589,77.1396
AAPL,2021-01-07,87.6109,93.4094,77.2545
AAPL,2021-01-08,90.6313,93.3478,77.3848
AAPL,2021-01-11,88.1428,93.2436,77.4956
AAPL,2021-01-12,87.4506,93.1419,77.6002
AAPL,2021-01-13,87.768,93.0416,77.7104
AAPL,2021-01-14,90.4446,92.9043,77.8313
AAPL,2021-01-15,87.9511,92.7872,77.9289
AAPL,2021-01-18,90.1266,92.6856,78.0373
AAPL,2021-01-19,90.2342,92.6453,78.135
AAPL,2021-01-20,88.5539,92.5869,78.242
AAPL,2021-01-21,89.4709,92.5045,78.3478
AAPL,2021-01-22,89.9194,92.4268,78.4548
AAPL,2021-01-25,88.9257,92.3677,78.5586
AAPL,2021-01-26,89.1389,92.3374,78.6624
AAPL,2021-01-27,88.5366,92.2682,78.7764
AAPL,2021-01-28,88.8271,92.2299,78.893
AAPL,2021-01-29,90.1096,92.2075,79.0132
AAPL,2021-02-01,93.1289,92.2421,79.1383
AAPL,2021-02-02,90.9236,92.2546,79.2555
AAPL,2021-02-03,95.0122,92.2672,79.3983
AAPL,2021-02-04,91.4362,92.1822,79.5262
AAPL,2021-02-05,91.2469,92.1681,79.6467
AAPL,2021-02-08,92.4267,92.1689,79.7706
AAPL,2021-02-09,93.0436,92.2047,79.9008
AAPL,2021-02-10,91.9737,92.1856,80.0218
AAPL,2021-02-11,91.6791,92.1883,80.1404
AAPL,2021-02-12,90.8622,92.1771,80.2478
AAPL,2021-02-15,89.8778,92.1256,80.3548
AAPL,2021-02-16,91.5206,92.0726,80.472
AAPL,2021-02-17,92.2727,92.0779,80.5953
AAPL,2021-02-18,91.0827,92.0699,80.7221
AAPL,2021-02-19,92.8411,92.1127,80.8555
AAPL,2021-02-22,93.5103,92.1909,80.9901
AAPL,2021-02-23,95.149,92.235,81.1325
AAPL,2021-02-24,96.4596,92.2884,81.2827
AAPL,2021-02-25,94.9547,92.3568,81.4345
AAPL,2021-02-26,93.9813,92.3698,81.5838
AAPL,2021-03-01,95.502,92.3297,81.7425
AAPL,2021-03-02,96.7798,92.2722,81.9125
AAPL,2021-03-03,96.8346,92.2739,82.0834
AAPL,2021-03-04,97.1597,92.2991,82.2531
AAPL,2021-03-05,99.7931,92.3254,82.4234
AAPL,2021-03-08,98.7075,92.356,82.5868
AAPL,2021-03-09,99.9007,92.391,82.7541
AAPL,2021-03-10,99.5927,92.387,82.9201
AAPL,2021-03-11,99.2545,92.4112,83.0966
AAPL,2021-03-12,101.5777,92.4823,83.2846
AAPL,2021-03-15,103.384,92.7118,83.4809
AAPL,2021-03-16,105.1972,93.0133,83.6696
AAPL,2021-03-17,108.109,93.3804,83.8739
AAPL,2021-03-18,108.2616,93.7934,84.0765
AAPL,2021-03-19,109.8686,94.1781,84.2871
AAPL,2021-03-22,109.2914,94.6011,84.5024
AAPL,2021-03-23,110.1166,95.0544,84.7137
AAPL,2021-03-24,109.9365,95.4978,84.9186
AAPL,2021-03-25,110.2605,95.8941,85.1193
AAPL,2021-03-26,111.7015,96.3691,85.3331
AAPL,2021-03-29,109.9828,96.7662,85.5282
AAPL,2021-03-30,114.8343,97.2582,85.757
AAPL,2021-03-31,112.6401,97.7399,85.9704
AAPL,2021-04-01,110.0252,98.151,86.1546
AAPL,2021-04-02,112.7352,98.6074,86.3593
AAPL,2021-04-05,114.6619,99.1221,86.5773
AAPL,2021-04-06,116.2283,99.6639,86.802
AAPL,2021-04-07,117.8261,100.2497,87.038
AAPL,2021-04-08,117.9133,100.8314,87.285
AAPL,2021-04-09,115.9142,101.3475,87.5211
AAPL,2021-04-12,116.2061,101.809,87.7657
AAPL,2021-04-13,114.7439,102.2854,87.9993
AAPL,2021-04-14,117.1373,102.7279,88.2509
AAPL,2021-04-15,116.9059,103.2373,88.4904
AAPL,2021-04-16,115.0902,103.7142,88.7258
AAPL,2021-04-19,114.46,104.1548,88.96
AAPL,2021-04-20,115.5307,104.6046,89.1936
AAPL,2021-04-21,114.3381,105.0519,89.4293
AAPL,2021-04-22,112.5697,105.4697,89.6543
AAPL,2021-04-23,113.2358,105.9172,89.8733
AAPL,2021-04-26,113.9088,106.3978,90.1063
AAPL,2021-04-27,112.862,106.8246,90.3326
AAPL,2021-04-28,111.9059,107.2173,90.552
AAPL,2021-04-29,112.5416,107.6465,90.7687
AAPL,2021-04-30,109.4119,107.9779,90.9781
AAPL,2021-05-03,106.4564,108.2368,91.1812
AAPL,2021-05-04,105.0294,108.4344,91.3733
AAPL,2021-05-05,104.6817,108.5988,91.5614
AAPL,2021-05-06,105.4439,108.8086,91.7513
AAPL,2021-05-07,108.7343,109.1037,91.9549
AAPL,2021-05-10,110.7398,109.4084,92.1729
AAPL,2021-05-11,110.4924,109.6827,92.3877
AAPL,2021-05-12,110.5591,109.9572,92.6005
AAPL,2021-05-13,108.4543,110.1831,92.8073
AAPL,2021-05-14,108.5209,110.3576,93.0012
AAPL,2021-05-17,107.9978,110.5434,93.1888
AAPL,2021-05-18,108.8101,110.7216,93.3885
AAPL,2021-05-19,107.1164,110.8721,93.5748
AAPL,2021-05-20,108.3506,111.054,93.7738
AAPL,2021-05-21,111.8609,111.2597,93.9844
AAPL,2021-05-24,111.7262,111.4265,94.1858
AAPL,2021-05-25,112.7459,111.5775,94.3978
AAPL,2021-05-26,114.4383,111.7041,94.6111
AAPL,2021-05-27,113.6286,111.8114,94.8169
AAPL,2021-05-28,114.2558,111.8992,95.0194
AAPL,2021-05-31,114.3977,112.0013,95.2079
AAPL,2021-06-01,114.7364,112.0937,95.3996
AAPL,2021-06-02,113.074,112.1564,95.5884
AAPL,2021-06-03,113.2416,112.2161,95.7843
AAPL,2021-06-04,114.4971,112.272,95.9922
AAPL,2021-06-07,118.0123,112.4326,96.2179
AAPL,2021-06-08,120.4354,112.5446,96.4528
AAPL,2021-06-09,125.9021,112.8098,96.7126
AAPL,2021-06-10,124.0921,113.0912,96.9568
AAPL,2021-06-11,126.4182,113.3648,97.2122
AAPL,2021-06-14,127.0116,113.6118,97.4589
AAPL,2021-06-15,132.8749,113.9448,97.7367
AAPL,2021-06-16,130.8566,114.2054,97.9821
AAPL,2021-06-17,128.7873,114.4228,98.2116
AAPL,2021-06-18,127.3662,114.6519,98.4407
AAPL,2021-06-21,122.1488,114.7707,98.6521
AAPL,2021-06-22,120.9805,114.8955,98.8532
AAPL,2021-06-23,119.2609,114.9379,99.0472
AAPL,2021-06-24,119.7412,114.9946,99.2374
AAPL,2021-06-25,120.6881,115.1066,99.428
AAPL,2021-06-28,125.4637,115.3267,99.6426
AAPL,2021-06-29,128.017,115.5764,99.8766
AAPL,2021-06-30,126.6618,115.8229,100.1157
AAPL,2021-07-01,124.5114,116.0617,100.3471
AAPL,2021-07-02,125.8765,116.3145,100.5782
AAPL,2021-07-05,122.6917,116.4902,100.7912
AAPL,2021-07-06,127.4318,116.7816,101.0375
AAPL,2021-07-07,130.6267,117.156,101.298
AAPL,2021-07-08,129.5249,117.4957,101.5495
AAPL,2021-07-09,125.2519,117.8125,101.7863
AAPL,2021-07-12,128.8444,118.2602,102.0395
AAPL,2021-07-13,128.6743,118.7331,102.2909
AAPL,2021-07-14,132.0557,119.2806,102.5678
AAPL,2021-07-15,128.0051,119.7318,102.8213
AAPL,2021-07-16,126.5927,120.089,103.063
AAPL,2021-07-19,126.7312,120.4088,103.2963
AAPL,2021-07-20,126.9766,120.7385,103.5218
AAPL,2021-07-21,125.9541,121.0464,103.7531
AAPL,2021-07-22,127.6715,121.4308,104.0
AAPL,2021-07-23,125.0766,121.7619,104.2294
AAPL,2021-07-26,124.8413,122.0987,104.4532
AAPL,2021-07-27,125.268,122.4279,104.6745
AAPL,2021-07-28,126.6989,122.8195,104.8698
AAPL,2021-07-29,128.6564,123.2257,105.0695
AAPL,2021-07-30,125.8967,123.5064,105.2446
AAPL,2021-08-02,122.1835,123.7155,105.3918
AAPL,2021-08-03,125.4952,123.9705,105.549
AAPL,2021-08-04,126.4634,124.211,105.7136
AAPL,2021-08-05,124.6927,124.4323,105.8616
AAPL,2021-08-06,128.7803,124.7228,106.037
AAPL,2021-08-09,129.2085,125.019,106.2162
AAPL,2021-08-10,132.4476,125.3732,106.4158
AAPL,2021-08-11,132.759,125.7669,106.6157
AAPL,2021-08-12,138.5267,126.2726,106.8218
AAPL,2021-08-13,143.6579,126.8558,107.071
AAPL,2021-08-16,143.08,127.3572,107.3104
AAPL,2021-08-17,146.0539,127.8696,107.5794
AAPL,2021-08-18,148.1126,128.3138,107.8626
AAPL,2021-08-19,152.4062,128.8801,108.1567
AAPL,2021-08-20,149.618,129.3441,108.4358
AAPL,2021-08-23,151.8514,129.8408,108.7356
AAPL,2021-08-24,155.2793,130.2889,109.0587
AAPL,2021-08-25,150.0187,130.6722,109.3488
AAPL,2021-08-26,146.6274,131.029,109.6283
AAPL,2021-08-27,140.8612,131.2989,109.8764
AAPL,2021-08-30,140.2367,131.6606,110.1206
AAPL,2021-08-31,142.4204,132.0894,110.3812
AAPL,2021-09-01,146.9445,132.6431,110.6441
AAPL,2021-09-02,147.3096,133.1945,110.9022
AAPL,2021-09-03,152.3763,133.8282,111.2043
AAPL,2021-09-06,148.342,134.2858,111.4841
AAPL,2021-09-07,143.4764,134.595,111.7452
AAPL,2021-09-08,143.4574,134.9309,111.9978
AAPL,2021-09-09,144.7152,135.335,112.2637
AAPL,2021-09-10,144.7627,135.7127,112.5304
AAPL,2021-09-13,138.9908,136.0387,112.7631
AAPL,2021-09-14,138.8783,136.2676,112.9866
AAPL,2021-09-15,135.4077,136.3632,113.2036
AAPL,2021-09-16,137.3835,136.5204,113.4331
AAPL,2021-09-17,138.5393,136.7862,113.6723
AAPL,2021-09-20,136.0735,136.9307,113.9047
AAPL,2021-09-21,134.8042,137.0533,114.114
AAPL,2021-09-22,132.0868,137.054,114.3054
AAPL,2021-09-23,132.0503,137.1349,114.508
AAPL,2021-09-24,134.7504,137.298,114.7151
AAPL,2021-09-27,132.2298,137.408,114.8887
AAPL,2021-09-28,133.7121,137.5427,115.059
AAPL,2021-09-29,132.4211,137.672,115.2374
AAPL,2021-09-30,130.4502,137.7276,115.4101
AAPL,2021-10-01,130.2977,137.832,115.5692
AAPL,2021-10-04,127.7328,137.8899,115.722
AAPL,2021-10-05,126.4399,137.9133,115.8635
AAPL,2021-10-06,123.5452,137.8502,115.9822
AAPL,2021-10-07,128.6634,137.8504,116.1353
AAPL,2021-10-08,128.8821,137.9101,116.2896
AAPL,2021-10-11,127.2025,138.0105,116.4661
AAPL,2021-10-12,127.8785,138.0581,116.6548
AAPL,2021-10-13,127.7153,138.0832,116.8447
AAPL,2021-10-14,127.2733,138.1348,117.043
AAPL,2021-10-15,128.9861,138.1389,117.2347
AAPL,2021-10-18,131.1002,138.1767,117.4495
AAPL,2021-10-19,129.8338,138.1244,117.6614
AAPL,2021-10-20,128.4623,138.0385,117.8649
AAPL,2021-10-21,127.8782,137.8255,118.0521
AAPL,2021-10-22,122.2005,137.3964,118.2233
AAPL,2021-10-25,118.6415,136.9076,118.3659
AAPL,2021-10-26,122.0765,136.4281,118.5251
AAPL,2021-10-27,126.317,135.9922,118.7139
AAPL,2021-10-28,125.8086,135.4602,118.8956
AAPL,2021-10-29,127.405,135.016,119.083
AAPL,2021-11-01,128.3335,134.5456,119.2801
AAPL,2021-11-02,136.6857,134.1737,119.5178
AAPL,2021-11-03,139.9437,133.9722,119.7749
AAPL,2021-11-04,139.7212,133.8341,120.0293
AAPL,2021-11-05,137.191,133.7607,120.2647
AAPL,2021-11-08,132.9507,133.615,120.4638
AAPL,2021-11-09,133.629,133.4391,120.6774
AAPL,2021-11-10,131.7371,133.135,120.861
AAPL,2021-11-11,128.1403,132.7516,121.0445
AAPL,2021-11-12,126.6059,132.2362,121.2213
AAPL,2021-11-15,123.9979,131.7493,121.3792
AAPL,2021-11-16,128.4143,131.4481,121.556
AAPL,2021-11-17,130.846,131.1959,121.7504
AAPL,2021-11-18,130.9542,130.9206,121.9468
AAPL,2021-11-19,135.053,130.7264,122.1677
AAPL,2021-11-22,135.3975,130.6546,122.3953
AAPL,2021-11-23,133.1984,130.541,122.6037
AAPL,2021-11-24,137.4872,130.5826,122.8298
AAPL,2021-11-25,139.1262,130.6174,123.07
AAPL,2021-11-26,136.382,130.5743,123.2877
AAPL,2021-11-29,135.9939,130.5727,123.5001
AAPL,2021-11-30,133.7466,130.5515,123.6931
AAPL,2021-12-01,130.1984,130.5138,123.8618
AAPL,2021-12-02,132.783,130.5284,124.0509
AAPL,2021-12-03,138.1298,130.596,124.2717
AAPL,2021-12-06,134.4226,130.6399,124.4663
AAPL,2021-12-07,136.0911,130.6874,124.6628
AAPL,2021-12-08,134.4505,130.728,124.8509
AAPL,2021-12-09,133.2682,130.7844,125.0315
AAPL,2021-12-10,131.8164,130.8148,125.1916
AAPL,2021-12-13,129.6684,130.8535,125.3464
AAPL,2021-12-14,129.9235,130.9231,125.4965
AAPL,2021-12-15,127.8916,131.0101,125.638
AAPL,2021-12-16,128.7178,131.0112,125.7853
AAPL,2021-12-17,128.7145,131.0078,125.921
AAPL,2021-12-20,128.2225,131.0282,126.0452
AAPL,2021-12-21,126.0224,130.9911,126.1493
AAPL,2021-12-22,124.6887,130.9306,126.2322
AAPL,2021-12-23,126.727,130.9196,126.3245
AAPL,2021-12-24,128.1396,130.9027,126.4159
AAPL,2021-12-27,125.7633,130.796,126.4982
AAPL,2021-12-28,126.1399,130.7221,126.5784
AAPL,2021-12-29,128.1915,130.7167,126.6696
AAPL,2021-12-30,124.0718,130.6405,126.7387
AAPL,2021-12-31,125.5621,130.7078,126.808
AAPL,2022-01-03,124.0185,130.8153,126.8782
AAPL,2022-01-04,125.5771,130.8853,126.9319
AAPL,2022-01-05,123.782,130.8346,126.9876
AAPL,2022-01-06,119.4773,130.708,127.0349
AAPL,2022-01-07,115.7352,130.4746,127.0499
AAPL,2022-01-10,115.9619,130.2272,127.0564
AAPL,2022-01-11,116.6858,129.8272,127.0586
AAPL,2022-01-12,114.6911,129.3221,127.043
AAPL,2022-01-13,116.2918,128.8535,127.0349
AAPL,2022-01-14,112.5724,128.3612,127.0182
AAPL,2022-01-17,112.5336,127.9528,126.9998
AAPL,2022-01-18,109.9282,127.4788,126.9757
AAPL,2022-01-19,108.6004,127.0161,126.933
AAPL,2022-01-20,108.8116,126.6295,126.8926
AAPL,2022-01-21,107.0462,126.2383,126.8523
AAPL,2022-01-24,106.3246,125.8848,126.8117
AAPL,2022-01-25,108.6106,125.4888,126.7771
AAPL,2022-01-26,107.4609,125.0211,126.7427
AAPL,2022-01-27,109.3944,124.5899,126.7268
AAPL,2022-01-28,107.037,124.0295,126.6958
AAPL,2022-01-31,108.2931,123.4875,126.6677
AAPL,2022-02-01,111.5964,123.0554,126.6614
AAPL,2022-02-02,106.2773,122.4312,126.6333
AAPL,2022-02-03,104.6871,121.7424,126.594
AAPL,2022-02-04,106.0166,121.1351,126.577
AAPL,2022-02-07,105.6878,120.529,126.5732
AAPL,2022-02-08,106.5867,119.9858,126.5809
AAPL,2022-02-09,105.4009,119.4899,126.5845
AAPL,2022-02-10,105.6893,118.948,126.5858
AAPL,2022-02-11,105.4622,118.2946,126.5694
AAPL,2022-02-14,108.0809,117.7678,126.5561
AAPL,2022-02-15,108.744,117.2209,126.5474
AAPL,2022-02-16,109.5947,116.7237,126.5426
AAPL,2022-02-17,108.7959,116.2343,126.5443
AAPL,2022-02-18,107.8382,115.7547,126.5408
AAPL,2022-02-21,107.0075,115.3015,126.5359
AAPL,2022-02-22,107.9683,114.8624,126.5317
AAPL,2022-02-23,107.1617,114.4478,126.5319
AAPL,2022-02-24,107.896,114.0314,126.5296
AAPL,2022-02-25,112.6168,113.7094,126.5334
AAPL,2022-02-28,114.7251,113.4395,126.5484
AAPL,2022-03-01,114.0862,113.2007,126.5551
AAPL,2022-03-02,116.9978,113.0469,126.5679
AAPL,2022-03-03,116.154,112.8355,126.5805
AAPL,2022-03-04,111.5887,112.5044,126.5672
AAPL,2022-03-07,109.4519,112.1782,126.5425
AAPL,2022-03-08,105.5053,111.7655,126.4963
AAPL,2022-03-09,104.8638,111.299,126.4553
AAPL,2022-03-10,105.0064,110.9177,126.4141
AAPL,2022-03-11,108.7229,110.5809,126.3852
AAPL,2022-03-14,109.5499,110.2915,126.3429
AAPL,2022-03-15,109.1748,109.9635,126.2866
AAPL,2022-03-16,111.1252,109.7103,126.2127
AAPL,2022-03-17,106.3858,109.4485,126.1242
AAPL,2022-03-18,106.9979,109.2738,126.0271
AAPL,2022-03-21,108.7809,109.1301,125.9359
AAPL,2022-03-22,105.6907,108.9102,125.8
AAPL,2022-03-23,108.2627,108.7817,125.687
AAPL,2022-03-24,109.1116,108.6381,125.5887
AAPL,2022-03-25,108.3089,108.5528,125.4934
AAPL,2022-03-28,109.8076,108.4983,125.4317
AAPL,2022-03-29,115.0642,108.601,125.4021
AAPL,2022-03-30,115.6009,108.741,125.3838
AAPL,2022-03-31,116.2955,108.8907,125.3666
AAPL,2022-04-01,115.3374,109.0565,125.3398
AAPL,2022-04-04,113.4904,109.1998,125.2799
AAPL,2022-04-05,115.52,109.338,125.2175
AAPL,2022-04-06,113.6557,109.4619,125.1524
AAPL,2022-04-07,113.9322,109.5527,125.0995
AAPL,2022-04-08,112.9519,109.671,125.0349
AAPL,2022-04-11,114.1604,109.7883,124.9923
AAPL,2022-04-12,115.0444,109.8573,124.9303
AAPL,2022-04-13,117.5919,110.0836,124.8651
AAPL,2022-04-14,116.5041,110.3199,124.8
AAPL,2022-04-15,115.9865,110.5193,124.7537
AAPL,2022-04-18,113.8328,110.6822,124.6787
AAPL,2022-04-19,112.9293,110.809,124.5999
AAPL,2022-04-20,113.9039,110.9791,124.5092
AAPL,2022-04-21,115.7696,111.1807,124.448
AAPL,2022-04-22,113.7497,111.3465,124.3838
AAPL,2022-04-25,115.8756,111.5024,124.3295
AAPL,2022-04-26,119.2034,111.7115,124.2906
AAPL,2022-04-27,120.3198,111.926,124.2625
AAPL,2022-04-28,125.0824,112.2518,124.2495
AAPL,2022-04-29,123.2681,112.5604,124.2405
AAPL,2022-05-02,120.3326,112.8269,124.2179
AAPL,2022-05-03,116.2091,112.9917,124.1726
AAPL,2022-05-04,119.8853,113.2462,124.1386
AAPL,2022-05-05,121.5972,113.5202,124.1033
AAPL,2022-05-06,121.581,113.6995,124.0817
AAPL,2022-05-09,122.3899,113.8528,124.0827
AAPL,2022-05-10,119.7626,113.9663,124.0541
AAPL,2022-05-11,125.9393,114.1451,124.0514
AAPL,2022-05-12,126.3925,114.3499,124.0599
AAPL,2022-05-13,126.7967,114.6541,124.05
AAPL,2022-05-16,128.7925,115.0409,124.0479
AAPL,2022-05-17,130.1758,115.5343,124.0366
AAPL,2022-05-18,130.8938,116.0549,124.0273
AAPL,2022-05-19,128.9518,116.5338,123.9794
AAPL,2022-05-20,130.3118,116.9656,123.9127
AAPL,2022-05-23,135.4843,117.4842,123.8747
AAPL,2022-05-24,139.3465,118.0877,123.8411
AAPL,2022-05-25,144.0365,118.7459,123.8208
AAPL,2022-05-26,142.7006,119.4722,123.7722
AAPL,2022-05-27,140.0204,120.1327,123.7242
AAPL,2022-05-30,139.8037,120.7531,123.664
AAPL,2022-05-31,140.0991,121.4413,123.5881
AAPL,2022-06-01,143.3651,122.1433,123.5548
AAPL,2022-06-02,138.6932,122.735,123.5152
AAPL,2022-06-03,143.1775,123.4323,123.5267
AAPL,2022-06-06,142.8631,124.0934,123.5399
AAPL,2022-06-07,141.7789,124.6277,123.5367
AAPL,2022-06-08,139.0529,125.0968,123.4972
AAPL,2022-06-09,134.6236,125.4633,123.4338
AAPL,2022-06-10,137.0113,125.8968,123.357
AAPL,2022-06-13,137.3495,126.374,123.302
AAPL,2022-06-14,133.9562,126.7427,123.2544
AAPL,2022-06-15,130.6333,127.0823,123.1903
AAPL,2022-06-16,129.8802,127.4012,123.1161
AAPL,2022-06-17,134.457,127.8313,123.0646
AAPL,2022-06-20,133.8873,128.2259,123.039
AAPL,2022-06-21,130.0196,128.5254,122.9948
AAPL,2022-06-22,129.5049,128.7636,122.9652
AAPL,2022-06-23,128.9221,129.012,122.9229
AAPL,2022-06-24,122.2211,129.1367,122.8413
AAPL,2022-06-27,122.208,129.3042,122.772
AAPL,2022-06-28,121.7606,129.4808,122.7068
AAPL,2022-06-29,123.6034,129.6748,122.6644
AAPL,2022-06-30,128.424,129.9279,122.6462
AAPL,2022-07-01,131.5035,130.283,122.63
AAPL,2022-07-04,130.9219,130.5839,122.6235
AAPL,2022-07-05,128.1604,130.763,122.5957
AAPL,2022-07-06,135.1174,131.059,122.6092
AAPL,2022-07-07,135.4124,131.2656,122.634
AAPL,2022-07-08,135.5842,131.5119,122.6604
AAPL,2022-07-11,135.6522,131.8183,122.7
AAPL,2022-07-12,136.3295,132.2207,122.7495
AAPL,2022-07-13,136.0676,132.5444,122.8121
AAPL,2022-07-14,134.636,132.8051,122.842
AAPL,2022-07-15,133.2915,133.0393,122.864
AAPL,2022-07-18,133.3351,133.2582,122.8947
AAPL,2022-07-19,132.0128,133.5033,122.9153
AAPL,2022-07-20,130.2579,133.5896,122.9281
AAPL,2022-07-21,130.6666,133.6751,122.945
AAPL,2022-07-22,130.1251,133.7417,122.9507
AAPL,2022-07-25,134.2631,133.8511,122.9665
AAPL,2022-07-26,127.4024,133.7956,122.9544
AAPL,2022-07-27,130.3653,133.785,122.9639
AAPL,2022-07-28,133.8134,133.8823,122.9936
AAPL,2022-07-29,128.4626,133.8453,123.0249
AAPL,2022-08-01,127.7043,133.6897,123.0702
AAPL,2022-08-02,126.8769,133.4403,123.0942
AAPL,2022-08-03,123.4494,133.0286,123.0799
AAPL,2022-08-04,121.649,132.6075,123.0591
AAPL,2022-08-05,119.0734,132.1886,123.0174
AAPL,2022-08-08,123.4763,131.862,122.9931
AAPL,2022-08-09,125.9517,131.5791,122.9394
AAPL,2022-08-10,129.3495,131.2988,122.8865
AAPL,2022-08-11,131.3746,131.1524,122.8447
AAPL,2022-08-12,128.5452,130.8598,122.8015
AAPL,2022-08-15,127.3188,130.5489,122.7734
AAPL,2022-08-16,128.708,130.2875,122.7487
AAPL,2022-08-17,125.7,130.0204,122.7186
AAPL,2022-08-18,127.6456,129.8808,122.7161
AAPL,2022-08-19,127.1542,129.6837,122.7188
AAPL,2022-08-22,126.3218,129.4631,122.7304
AAPL,2022-08-23,128.2718,129.3495,122.7297
AAPL,2022-08-24,129.5535,129.3279,122.7233
AAPL,2022-08-25,128.7413,129.3051,122.7122
AAPL,2022-08-26,131.9156,129.2543,122.6965
AAPL,2022-08-29,129.1995,129.1605,122.6655
AAPL,2022-08-30,130.9428,129.179,122.6543
AAPL,2022-08-31,132.6486,129.2418,122.6301
AAPL,2022-09-01,131.9537,129.3025,122.5942
AAPL,2022-09-02,132.9553,129.5172,122.5771
AAPL,2022-09-05,129.7721,129.6684,122.546
AAPL,2022-09-06,132.3426,129.8801,122.5389
AAPL,2022-09-07,131.9805,130.0476,122.5478
AAPL,2022-09-08,130.7261,130.0937,122.5376
AAPL,2022-09-09,133.6518,130.1366,122.5152
AAPL,2022-09-12,131.8977,130.1561,122.5025
AAPL,2022-09-13,128.3322,130.1596,122.4638
AAPL,2022-09-14,124.4907,129.947,122.414
AAPL,2022-09-15,126.1452,129.7617,122.3783
AAPL,2022-09-16,123.0524,129.5111,122.3345
AAPL,2022-09-19,127.609,129.3502,122.3242
AAPL,2022-09-20,122.4852,129.0733,122.287
AAPL,2022-09-21,126.8715,128.8894,122.2819
AAPL,2022-09-22,127.5382,128.7474,122.276
AAPL,2022-09-23,127.4156,128.6299,122.2695
AAPL,2022-09-26,126.1481,128.4862,122.2592
AAPL,2022-09-27,127.2928,128.3918,122.2655
AAPL,2022-09-28,127.3219,128.3331,122.2787
AAPL,2022-09-29,130.3139,128.326,122.2966
AAPL,2022-09-30,130.7433,128.3384,122.3096
AAPL,2022-10-03,131.2696,128.2785,122.3372
AAPL,2022-10-04,130.4397,128.3392,122.3587
AAPL,2022-10-05,130.4187,128.3403,122.3698
AAPL,2022-10-06,131.3601,128.2912,122.4062
AAPL,2022-10-07,127.0341,128.2627,122.4136
AAPL,2022-10-10,123.7503,128.1836,122.4123
AAPL,2022-10-11,125.7425,128.1609,122.4131
AAPL,2022-10-12,126.301,128.2179,122.4257
AAPL,2022-10-13,125.9577,128.3041,122.4581
AAPL,2022-10-14,126.129,128.4452,122.5101
AAPL,2022-10-17,127.1413,128.5185,122.566
AAPL,2022-10-18,125.8897,128.5173,122.612
AAPL,2022-10-19,124.0524,128.4113,122.6588
AAPL,2022-10-20,124.6661,128.2772,122.7007
AAPL,2022-10-21,122.3523,128.1533,122.7495
AAPL,2022-10-24,123.4852,128.0766,122.8043
AAPL,2022-10-25,119.4368,127.8912,122.8519
AAPL,2022-10-26,122.061,127.8184,122.9192
AAPL,2022-10-27,123.3511,127.7325,122.9919
AAPL,2022-10-28,124.1119,127.6717,123.0772
AAPL,2022-10-31,126.72,127.6797,123.1792
AAPL,2022-11-01,131.176,127.7378,123.292
AAPL,2022-11-02,134.0181,127.827,123.4248
AAPL,2022-11-03,129.2636,127.8375,123.5241
AAPL,2022-11-04,126.0965,127.7211,123.6194
AAPL,2022-11-07,124.6412,127.6299,123.7012
AAPL,2022-11-08,124.83,127.5077,123.7673
AAPL,2022-11-09,126.264,127.38,123.8673
AAPL,2022-11-10,124.5531,127.232,123.9666
AAPL,2022-11-11,125.1465,127.0758,124.0622
AAPL,2022-11-14,123.377,126.9479,124.1507
AAPL,2022-11-15,121.9859,126.7408,124.2277
AAPL,2022-11-16,118.6926,126.475,124.2941
AAPL,2022-11-17,116.6192,126.1929,124.3488
AAPL,2022-11-18,113.5966,125.7918,124.3895
AAPL,2022-11-21,111.4938,125.3837,124.4065
AAPL,2022-11-22,113.9997,125.097,124.4328
AAPL,2022-11-23,111.9492,124.8462,124.4446
AAPL,2022-11-24,118.1667,124.6866,124.4914
AAPL,2022-11-25,119.4655,124.6149,124.5496
AAPL,2022-11-28,120.0299,124.4633,124.6147
AAPL,2022-11-29,118.0874,124.3754,124.6653
AAPL,2022-11-30,119.8846,124.2356,124.7289
AAPL,2022-12-01,118.6186,124.0572,124.7825
AAPL,2022-12-02,119.0281,123.8895,124.8146
AAPL,2022-12-05,125.4558,123.8756,124.8682
AAPL,2022-12-06,125.3368,123.8365,124.9245
AAPL,2022-12-07,128.4011,123.8581,124.9815
AAPL,2022-12-08,126.719,123.7862,125.0343
AAPL,2022-12-09,126.7547,123.7064,125.1101
AAPL,2022-12-12,131.4908,123.7109,125.2203
AAPL,2022-12-13,129.9677,123.7014,125.3426
AAPL,2022-12-14,134.9371,123.7918,125.493
AAPL,2022-12-15,137.0112,123.9048,125.653
AAPL,2022-12-16,135.6003,124.0761,125.7874
AAPL,2022-12-19,137.4757,124.3506,125.927
AAPL,2022-12-20,140.336,124.6425,126.0829
AAPL,2022-12-21,142.2465,124.9614,126.2385
AAPL,2022-12-22,137.9506,125.2013,126.3963
AAPL,2022-12-23,136.0776,125.4002,126.5417
AAPL,2022-12-26,135.5341,125.5681,126.6754
AAPL,2022-12-27,135.4646,125.7596,126.8243
AAPL,2022-12-28,137.3056,126.0247,126.9695
AAPL,2022-12-29,137.9344,126.29,127.1136
AAPL,2022-12-30,134.4037,126.5311,127.2441
AAPL,2023-01-02,135.5715,126.7728,127.3729
AAPL,2023-01-03,137.386,127.1318,127.4845
AAPL,2023-01-04,139.0824,127.4722,127.602
AAPL,2023-01-05,142.2861,127.8509,127.7319
AAPL,2023-01-06,144.8411,128.2655,127.8794
AAPL,2023-01-09,146.3325,128.6577,128.0436
AAPL,2023-01-10,146.27,128.9596,128.1974
AAPL,2023-01-11,141.5934,129.1111,128.3371
AAPL,2023-01-12,142.966,129.3852,128.4822
AAPL,2023-01-13,143.7076,129.7374,128.636
AAPL,2023-01-16,144.6393,130.1374,128.7884
AAPL,2023-01-17,141.1034,130.4628,128.9187
AAPL,2023-01-18,138.1981,130.7015,129.0217
AAPL,2023-01-19,141.3028,131.0365,129.1457
AAPL,2023-01-20,141.3297,131.3602,129.2725
AAPL,2023-01-23,143.4262,131.7611,129.4204
AAPL,2023-01-24,143.6498,132.1944,129.574
AAPL,2023-01-25,143.878,132.6981,129.7239
AAPL,2023-01-26,146.77,133.3011,129.8789
AAPL,2023-01-27,145.3947,133.9371,130.0371
AAPL,2023-01-30,145.8205,134.6236,130.1868
AAPL,2023-01-31,144.6107,135.2359,130.3139
AAPL,2023-02-01,143.4913,135.8667,130.4297
AAPL,2023-02-02,142.7406,136.3582,130.518
AAPL,2023-02-03,143.5228,136.8393,130.6193
AAPL,2023-02-06,142.2848,137.2844,130.7291
AAPL,2023-02-07,146.0767,137.8442,130.8784
AAPL,2023-02-08,143.6077,138.3187,130.997
AAPL,2023-02-09,143.2091,138.8105,131.1051
AAPL,2023-02-10,142.0855,139.2716,131.2076
AAPL,2023-02-13,146.4354,139.6912,131.3278
AAPL,2023-02-14,147.162,140.1277,131.4648
AAPL,2023-02-15,150.4035,140.5678,131.5871
AAPL,2023-02-16,146.1104,140.9556,131.6857
AAPL,2023-02-17,147.0442,141.3614,131.787
AAPL,2023-02-20,149.8528,141.7286,131.8923
AAPL,2023-02-21,150.2499,142.1343,131.9926
AAPL,2023-02-22,153.6635,142.5088,132.1065
AAPL,2023-02-23,152.2197,142.813,132.2228
AAPL,2023-02-24,156.7609,143.2362,132.3551
AAPL,2023-02-27,164.3586,143.7738,132.4994
AAPL,2023-02-28,163.322,144.2336,132.6193
AAPL,2023-03-01,162.0218,144.6291,132.7092
AAPL,2023-03-02,167.0036,145.2101,132.8308
AAPL,2023-03-03,172.5771,145.9401,132.9935
AAPL,2023-03-06,170.9364,146.6482,133.1492
AAPL,2023-03-07,169.662,147.3321,133.297
AAPL,2023-03-08,168.8677,147.9634,133.4245
AAPL,2023-03-09,164.5149,148.495,133.5536
AAPL,2023-03-10,161.6559,149.04,133.646
AAPL,2023-03-13,158.5731,149.5,133.7246
AAPL,2023-03-14,156.292,149.8782,133.7972
AAPL,2023-03-15,156.337,150.2233,133.8836
AAPL,2023-03-16,157.232,150.5222,133.9966
AAPL,2023-03-17,162.3842,150.873,134.1235
AAPL,2023-03-20,159.3061,151.1325,134.2333
AAPL,2023-03-21,162.6591,151.4603,134.3768
AAPL,2023-03-22,162.119,151.8708,134.5342
AAPL,2023-03-23,162.1174,152.2538,134.6954
AAPL,2023-03-24,164.5001,152.6697,134.8456
AAPL,2023-03-27,160.9778,152.9965,134.9811
AAPL,2023-03-28,162.3838,153.4221,135.1429
AAPL,2023-03-29,163.0905,153.9199,135.3108
AAPL,2023-03-30,164.8802,154.3915,135.4906
AAPL,2023-03-31,166.008,154.885,135.7095
AAPL,2023-04-03,174.6034,155.5086,135.9715
AAPL,2023-04-04,172.5434,156.0864,136.2254
AAPL,2023-04-05,170.875,156.6264,136.4618
AAPL,2023-04-06,168.9087,157.0692,136.6642
AAPL,2023-04-07,167.1929,157.5051,136.8427
AAPL,2023-04-10,165.2215,157.8931,137.0142
AAPL,2023-04-11,169.3966,158.3889,137.2203
AAPL,2023-04-12,174.4895,159.0088,137.4172
AAPL,2023-04-13,172.6639,159.6073,137.6035
AAPL,2023-04-14,169.9587,160.136,137.7753
AAPL,2023-04-17,171.751,160.7253,137.9558
AAPL,2023-04-18,170.0174,161.2041,138.1243
AAPL,2023-04-19,172.3706,161.7794,138.3058
AAPL,2023-04-20,173.2481,162.3802,138.4988
AAPL,2023-04-21,168.2007,162.9025,138.6734
AAPL,2023-04-24,173.7017,163.4478,138.8752
AAPL,2023-04-25,180.2831,164.1102,139.1166
AAPL,2023-04-26,178.2457,164.6671,139.3565
AAPL,2023-04-27,177.0328,165.2855,139.5883
AAPL,2023-04-28,178.2318,165.9093,139.8289
AAPL,2023-05-01,179.6147,166.5045,140.0556
AAPL,2023-05-02,182.1948,167.1434,140.3296
AAPL,2023-05-03,189.9167,167.8685,140.6273
AAPL,2023-05-04,189.4275,168.6126,140.9054
AAPL,2023-05-05,186.5877,169.2092,141.196
AAPL,2023-05-08,181.6504,169.555,141.4658
AAPL,2023-05-09,179.1704,169.872,141.7272
AAPL,2023-05-10,179.2276,170.2161,142.0061
AAPL,2023-05-11,186.0134,170.5963,142.328
AAPL,2023-05-12,184.2645,170.83,142.6539
AAPL,2023-05-15,185.2805,171.1169,142.9629
AAPL,2023-05-16,185.4021,171.4317,143.2602
AAPL,2023-05-17,190.0847,171.8561,143.5639
AAPL,2023-05-18,200.2157,172.5701,143.9081
AAPL,2023-05-19,198.2802,173.3026,144.2567
AAPL,2023-05-22,196.5275,174.0616,144.6028
AAPL,2023-05-23,200.9062,174.9539,144.9638
AAPL,2023-05-24,203.8881,175.9049,145.3547
AAPL,2023-05-25,211.8301,176.9969,145.7756
AAPL,2023-05-26,214.55,178.0402,146.2126
AAPL,2023-05-29,213.2121,179.1183,146.6471
AAPL,2023-05-30,215.979,180.1847,147.0856
AAPL,2023-05-31,221.0785,181.3639,147.5432
AAPL,2023-06-01,224.9874,182.6213,148.0245
AAPL,2023-06-02,227.5244,183.8818,148.5025
AAPL,2023-06-05,232.6993,185.3162,149.02
AAPL,2023-06-06,238.4847,186.8383,149.5577
AAPL,2023-06-07,245.4649,188.4858,150.1218
AAPL,2023-06-08,248.9415,190.167,150.7067
AAPL,2023-06-09,248.3494,191.8138,151.2837
AAPL,2023-06-12,249.331,193.3084,151.8815
AAPL,2023-06-13,255.7217,194.9719,152.4984
AAPL,2023-06-14,251.7934,196.5903,153.0975
AAPL,2023-06-15,253.9222,198.2906,153.7134
AAPL,2023-06-16,252.1657,199.99,154.306
AAPL,2023-06-19,252.5611,201.7368,154.9093
AAPL,2023-06-20,259.4105,203.5371,155.5647
AAPL,2023-06-21,260.6689,205.2607,156.2456
AAPL,2023-06-22,261.1708,207.0308,156.9207
AAPL,2023-06-23,254.3598,208.7188,157.5773
AAPL,2023-06-26,258.4701,210.4532,158.2316
AAPL,2023-06-27,262.1139,212.2952,158.9297
AAPL,2023-06-28,274.0672,214.3291,159.6657
AAPL,2023-06-29,272.6412,216.3169,160.3912
AAPL,2023-06-30,274.1188,218.4353,161.1247
AAPL,2023-07-03,275.7724,220.4767,161.8728
AAPL,2023-07-04,284.9637,222.5703,162.6612
AAPL,2023-07-05,284.6977,224.6994,163.4481
AAPL,2023-07-06,286.5863,226.8904,164.2294
AAPL,2023-07-07,290.4064,229.1339,165.0278
AAPL,2023-07-10,291.7888,231.3774,165.8304
AAPL,2023-07-11,289.4603,233.5227,166.6255
AAPL,2023-07-12,290.8821,235.542,167.4278
AAPL,2023-07-13,297.5397,237.7043,168.2587
AAPL,2023-07-14,291.734,239.8072,169.0822
AAPL,2023-07-17,292.806,242.0303,169.9275
AAPL,2023-07-18,288.9878,244.2267,170.7437
AAPL,2023-07-19,296.3264,246.5686,171.5938
AAPL,2023-07-20,287.6499,248.6014,172.4023
AAPL,2023-07-21,284.7082,250.6102,173.1952
AAPL,2023-07-24,287.1647,252.6479,173.9953
AAPL,2023-07-25,296.6643,254.8732,174.8492
AAPL,2023-07-26,296.564,257.0028,175.7117
AAPL,2023-07-27,293.5531,258.8695,176.5561
AAPL,2023-07-28,305.1998,261.0079,177.4704
AAPL,2023-07-31,296.7128,263.0116,178.3365
AAPL,2023-08-01,284.1289,264.6761,179.16
AAPL,2023-08-02,286.9435,266.3372,179.9844
AAPL,2023-08-03,284.3347,267.7873,180.7893
AAPL,2023-08-04,278.8163,269.0726,181.5628
AAPL,2023-08-07,283.1055,270.4705,182.3448
AAPL,2023-08-08,284.7813,271.8465,183.1128
AAPL,2023-08-09,281.8396,273.0617,183.8519
AAPL,2023-08-10,274.9301,274.0606,184.5802
AAPL,2023-08-11,280.0845,275.1118,185.3502
AAPL,2023-08-14,284.06,276.139,186.1473
AAPL,2023-08-15,283.7727,277.0448,186.942
AAPL,2023-08-16,294.8261,278.032,187.7848
AAPL,2023-08-17,288.8195,278.8295,188.6061
AAPL,2023-08-18,280.3497,279.4695,189.3821
AAPL,2023-08-21,276.7397,280.0177,190.1489
AAPL,2023-08-22,276.7586,280.4385,190.9228
AAPL,2023-08-23,278.3942,280.9705,191.7213
AAPL,2023-08-24,277.3174,281.4384,192.5248
AAPL,2023-08-25,279.5683,281.9864,193.3547
AAPL,2023-08-28,272.8727,282.3927,194.1616
AAPL,2023-08-29,281.2085,282.8286,194.9976
AAPL,2023-08-30,281.0205,283.2356,195.843
AAPL,2023-08-31,287.7055,283.7663,196.6907
AAPL,2023-09-01,289.9862,284.4789,197.5433
AAPL,2023-09-04,292.9576,285.1686,198.4079
AAPL,2023-09-05,296.6345,285.859,199.3006
AAPL,2023-09-06,299.6194,286.3701,200.1993
AAPL,2023-09-07,303.8264,286.9938,201.1253
AAPL,2023-09-08,312.3851,287.7591,202.0921
AAPL,2023-09-11,313.9349,288.5224,203.0345
AAPL,2023-09-12,318.7685,289.1985,204.0017
AAPL,2023-09-13,318.5067,289.8746,204.9522
AAPL,2023-09-14,328.2124,290.7072,205.9597
AAPL,2023-09-15,324.0875,291.3808,206.9463
AAPL,2023-09-18,336.4011,292.273,207.9709
AAPL,2023-09-19,336.4609,293.213,209.0034
AAPL,2023-09-20,327.2183,293.9398,209.9648
AAPL,2023-09-21,328.3885,294.5567,210.9217
AAPL,2023-09-22,324.2309,295.2067,211.8648
AAPL,2023-09-25,330.0978,295.9525,212.8279
AAPL,2023-09-26,326.1054,296.6949,213.7568
AAPL,2023-09-27,323.5047,297.2384,214.6631
AAPL,2023-09-28,311.7219,297.7199,215.5319
AAPL,2023-09-29,309.1978,298.2097,216.3975
AAPL,2023-10-02,294.7441,298.3612,217.1936
AAPL,2023-10-03,285.764,298.1432,217.9451
AAPL,2023-10-04,290.4647,298.0213,218.7109
AAPL,2023-10-05,295.3939,298.0581,219.4982
AAPL,2023-10-06,298.2325,297.9187,220.3173
AAPL,2023-10-09,292.7644,297.8398,221.1033
AAPL,2023-10-10,292.7719,298.0126,221.8802
AAPL,2023-10-11,293.0398,298.1345,222.65
AAPL,2023-10-12,286.5593,298.179,223.3713
AAPL,2023-10-13,295.6684,298.5161,224.1255
AAPL,2023-10-16,301.2413,298.8788,224.9
AAPL,2023-10-17,300.1987,299.1871,225.6697
AAPL,2023-10-18,300.6582,299.5635,226.465
AAPL,2023-10-19,302.222,300.1094,227.2613
AAPL,2023-10-20,290.3223,300.3141,227.9943
AAPL,2023-10-23,289.1647,300.4162,228.717
AAPL,2023-10-24,285.4983,300.4507,229.4389
AAPL,2023-10-25,280.0681,300.1556,230.1483
AAPL,2023-10-26,278.7607,299.9544,230.8356
AAPL,2023-10-27,289.3332,300.134,231.5756
AAPL,2023-10-30,293.3846,300.4669,232.3254
AAPL,2023-10-31,290.3124,300.738,233.0587
AAPL,2023-11-01,293.9728,301.0496,233.8092
AAPL,2023-11-02,302.682,301.5569,234.5887
AAPL,2023-11-03,308.6812,302.1391,235.4052
AAPL,2023-11-06,309.3577,302.8688,236.2229
AAPL,2023-11-07,305.6512,303.3577,237.0281
AAPL,2023-11-08,310.2898,303.9431,237.8621
AAPL,2023-11-09,313.0698,304.4504,238.7137
AAPL,2023-11-10,319.0854,305.0324,239.5915
AAPL,2023-11-13,323.5164,305.6435,240.4977
AAPL,2023-11-14,330.7604,306.326,241.4211
AAPL,2023-11-15,327.5341,306.8843,242.3407
AAPL,2023-11-16,336.6809,307.5414,243.3081
AAPL,2023-11-17,338.3586,308.0609,244.2894
AAPL,2023-11-20,353.162,308.8454,245.3231
AAPL,2023-11-21,348.6335,309.4427,246.3304
AAPL,2023-11-22,361.4062,310.3007,247.3855
AAPL,2023-11-23,363.2093,311.0007,248.4709
AAPL,2023-11-24,358.8251,311.6954,249.5299
AAPL,2023-11-27,355.6931,312.0813,250.5591
AAPL,2023-11-28,353.7527,312.4271,251.5766
AAPL,2023-11-29,357.1428,313.0256,252.594
AAPL,2023-11-30,361.2833,313.6835,253.6393
AAPL,2023-12-01,357.482,314.3485,254.6429
AAPL,2023-12-04,357.6594,314.8997,255.6094
AAPL,2023-12-05,373.8119,315.8539,256.6618
AAPL,2023-12-06,387.4412,317.1326,257.7889
AAPL,2023-12-07,391.25,318.7232,258.9102
AAPL,2023-12-08,391.9366,320.3779,260.007
AAPL,2023-12-11,393.2742,322.3485,261.1187
AAPL,2023-12-12,398.5614,324.6045,262.2632
AAPL,2023-12-13,390.8139,326.6115,263.3729
AAPL,2023-12-14,389.1755,328.4871,264.4962
AAPL,2023-12-15,376.6748,330.0559,265.5713
AAPL,2023-12-18,380.0935,331.8025,266.6789
AAPL,2023-12-19,385.4651,333.6564,267.8247
AAPL,2023-12-20,382.1059,335.4377,268.9536
AAPL,2023-12-21,394.8136,337.6028,270.1415
AAPL,2023-12-22,385.5581,339.4006,271.2574
AAPL,2023-12-25,374.713,340.87,272.3344
AAPL,2023-12-26,376.784,342.4017,273.405
AAPL,2023-12-27,385.2016,344.0926,274.5204
AAPL,2023-12-28,398.8953,346.0261,275.7043
AAPL,2023-12-29,395.6128,348.1319,276.8599
AAPL,2024-01-01,404.7087,350.4428,278.0786
AAPL,2024-01-02,404.7941,352.8287,279.2906
AAPL,2024-01-03,403.7864,355.303,280.4941
AAPL,2024-01-04,411.4495,357.9568,281.7269
AAPL,2024-01-05,417.3074,360.5163,282.9834
AAPL,2024-01-08,404.6544,362.7417,284.1337
AAPL,2024-01-09,417.2915,365.2813,285.3574
AAPL,2024-01-10,429.4873,367.9916,286.6505
AAPL,2024-01-11,424.5244,370.4284,287.9286
AAPL,2024-01-12,428.3477,372.8218,289.2343
AAPL,2024-01-15,433.0622,375.2958,290.5735
AAPL,2024-01-16,435.7738,377.8983,291.9054
AAPL,2024-01-17,431.3922,380.3203,293.1899
AAPL,2024-01-18,426.0114,382.5792,294.4567
AAPL,2024-01-19,426.2126,384.7217,295.7379
AAPL,2024-01-22,436.8394,386.9882,297.0634
AAPL,2024-01-23,442.0889,389.2147,298.4237
AAPL,2024-01-24,439.2318,391.4487,299.7581
AAPL,2024-01-25,446.5586,393.6463,301.1246
AAPL,2024-01-26,422.0555,395.3202,302.3939
AAPL,2024-01-29,432.3697,396.9043,303.6872
AAPL,2024-01-30,417.8819,398.2893,304.8752
AAPL,2024-01-31,415.2497,399.3662,306.0602
AAPL,2024-02-01,406.3834,400.2297,307.207
AAPL,2024-02-02,396.3057,400.9793,308.2974
AAPL,2024-02-05,406.0894,401.9872,309.4297
AAPL,2024-02-06,402.6762,402.9657,310.5321
AAPL,2024-02-07,405.8992,403.9408,311.612
AAPL,2024-02-08,405.916,404.8335,312.6945
AAPL,2024-02-09,410.2431,405.8887,313.8128
AAPL,2024-02-12,411.2847,406.9612,314.9609
AAPL,2024-02-13,401.18,407.5085,316.071
AAPL,2024-02-14,409.7227,407.9542,317.2235
AAPL,2024-02-15,406.0655,408.2505,318.3237
AAPL,2024-02-16,393.9107,408.29,319.372
AAPL,2024-02-19,390.9116,408.2427,320.4001
AAPL,2024-02-20,403.3163,408.3378,321.4897
AAPL,2024-02-21,410.6936,408.7354,322.5927
AAPL,2024-02-22,408.2201,409.1163,323.6327
AAPL,2024-02-23,405.7566,409.6979,324.6701
AAPL,2024-02-26,403.5326,410.1667,325.7052
AAPL,2024-02-27,421.2,410.8814,326.8066
AAPL,2024-02-28,424.8747,411.7368,327.9116
AAPL,2024-02-29,428.9972,412.4205,328.9974
AAPL,2024-03-01,438.4326,413.478,330.1168
AAPL,2024-03-04,440.9833,414.8034,331.2557
AAPL,2024-03-05,439.1199,416.0501,332.3714
AAPL,2024-03-06,437.8173,417.1024,333.4551
AAPL,2024-03-07,437.6177,417.8768,334.5182
AAPL,2024-03-08,437.7214,418.719,335.5692
AAPL,2024-03-11,444.6279,419.5174,336.6288
AAPL,2024-03-12,445.5333,420.3322,337.6641
AAPL,2024-03-13,452.6087,421.3086,338.6998
AAPL,2024-03-14,452.3193,422.126,339.7167
AAPL,2024-03-15,453.4843,422.8496,340.7424
AAPL,2024-03-18,436.0112,423.4767,341.6758
AAPL,2024-03-19,444.5786,424.0224,342.62
AAPL,2024-03-20,448.1368,424.3954,343.6018
AAPL,2024-03-21,457.6954,425.0588,344.6206
AAPL,2024-03-22,432.1653,425.1352,345.5206
AAPL,2024-03-25,451.1921,425.4978,346.5138
AAPL,2024-03-26,450.3687,425.7897,347.4686
AAPL,2024-03-27,460.9976,426.3818,348.4702
AAPL,2024-03-28,451.8804,426.8992,349.4238
AAPL,2024-03-29,457.9487,427.5339,350.4417
AAPL,2024-04-01,448.7696,427.7725,351.3932
AAPL,2024-04-02,443.5999,427.8027,352.3006
AAPL,2024-04-03,461.5053,428.2482,353.2378
AAPL,2024-04-04,460.1889,428.5208,354.1756
AAPL,2024-04-05,462.6669,429.333,355.1183
AAPL,2024-04-08,471.3183,430.112,356.096
AAPL,2024-04-09,476.5215,431.2848,357.0538
AAPL,2024-04-10,478.4407,432.5486,358.0225
AAPL,2024-04-11,482.4496,434.0699,359.0019
AAPL,2024-04-12,506.8992,436.2818,360.0843
AAPL,2024-04-15,506.8109,438.2962,361.1594
AAPL,2024-04-16,509.3722,440.4302,362.259
AAPL,2024-04-17,520.7893,442.728,363.4085
AAPL,2024-04-18,533.0516,445.2707,364.5861
AAPL,2024-04-19,546.4997,447.9958,365.8599
AAPL,2024-04-22,554.1285,450.8527,367.1665
AAPL,2024-04-23,542.0418,453.6699,368.4318
AAPL,2024-04-24,560.74,456.6903,369.7539
AAPL,2024-04-25,548.4721,459.5384,371.058
AAPL,2024-04-26,552.3734,462.7077,372.3963
AAPL,2024-04-29,544.5756,465.7809,373.6834
AAPL,2024-04-30,544.4092,468.6028,374.9221
AAPL,2024-05-01,548.5705,471.3603,376.1821
AAPL,2024-05-02,552.681,474.2495,377.4778
AAPL,2024-05-03,557.9523,477.2935,378.7415
AAPL,2024-05-06,576.9699,480.7622,380.1428
AAPL,2024-05-07,582.8441,483.9951,381.6364
AAPL,2024-05-08,580.5555,487.1087,383.1044
AAPL,2024-05-09,592.5332,490.3794,384.6454
AAPL,2024-05-10,607.5118,493.761,386.2889
AAPL,2024-05-13,593.2481,496.8063,387.8396
AAPL,2024-05-14,601.0286,500.0445,389.4209
AAPL,2024-05-15,610.1861,503.4919,391.0626
AAPL,2024-05-16,607.1361,506.8822,392.7236
AAPL,2024-05-17,624.8252,510.6243,394.4473
AAPL,2024-05-20,623.5534,514.2028,396.1448
AAPL,2024-05-21,625.7514,517.8072,397.8547
AAPL,2024-05-22,624.188,521.2388,399.5015
AAPL,2024-05-23,625.0008,524.6924,401.1824
AAPL,2024-05-24,611.9444,527.8616,402.8404
AAPL,2024-05-27,595.023,531.0418,404.4318
AAPL,2024-05-28,615.066,534.4516,406.1233
AAPL,2024-05-29,605.2513,537.5939,407.7576
AAPL,2024-05-30,593.8617,540.3172,409.3403
AAPL,2024-05-31,569.1964,543.0578,410.7885
AAPL,2024-06-03,562.467,545.2833,412.2364
AAPL,2024-06-04,548.2047,547.24,413.5714
AAPL,2024-06-05,567.2137,549.3643,415.0024
AAPL,2024-06-06,579.45,551.9157,416.4611
AAPL,2024-06-07,572.032,554.1974,417.8713
AAPL,2024-06-10,599.1949,557.2059,419.4025
AAPL,2024-06-11,611.7752,560.5694,420.9782
AAPL,2024-06-12,608.3827,563.507,422.5221
AAPL,2024-06-13,579.0612,565.8844,423.8982
AAPL,2024-06-14,607.029,568.7717,425.3714
AAPL,2024-06-17,590.8444,571.1622,426.756
AAPL,2024-06-18,572.1332,573.0744,428.0228
AAPL,2024-06-19,584.6259,575.1981,429.3534
AAPL,2024-06-20,614.7037,577.8432,430.7859
AAPL,2024-06-21,632.7225,580.3597,432.329
AAPL,2024-06-24,640.5881,583.0352,433.85
AAPL,2024-06-25,648.9548,585.8269,435.4124
AAPL,2024-06-26,660.8676,588.6284,437.0807
AAPL,2024-06-27,671.7185,591.4018,438.7973
AAPL,2024-06-28,676.2041,593.9959,440.5572
AAPL,2024-07-01,678.2953,596.4792,442.2982
AAPL,2024-07-02,678.1092,599.2005,444.0582
AAPL,2024-07-03,668.5406,601.3565,445.7834
AAPL,2024-07-04,665.4254,603.6956,447.5519
AAPL,2024-07-05,643.7349,605.5228,449.2246
AAPL,2024-07-08,643.0947,607.4932,450.9664
AAPL,2024-07-09,631.0286,609.2256,452.6927
AAPL,2024-07-10,617.7552,610.6093,454.3291
AAPL,2024-07-11,620.6119,611.9679,455.9552
AAPL,2024-07-12,638.9034,613.5869,457.6586
AAPL,2024-07-15,651.4835,615.0772,459.4522
AAPL,2024-07-16,631.8052,616.0564,461.1473
AAPL,2024-07-17,619.9379,616.8441,462.7818
AAPL,2024-07-18,632.4308,617.642,464.5112
AAPL,2024-07-19,620.6412,617.9046,466.136
AAPL,2024-07-22,618.4474,618.4086,467.7221
AAPL,2024-07-23,625.9606,618.9073,469.3509
AAPL,2024-07-24,614.4667,618.9929,470.9199
AAPL,2024-07-25,616.3816,619.1778,472.4907
AAPL,2024-07-26,600.6198,618.6937,474.0422
AAPL,2024-07-29,593.9689,618.102,475.5662
AAPL,2024-07-30,598.4007,617.555,477.1307
AAPL,2024-07-31,580.0626,616.6725,478.6307
AAPL,2024-08-01,585.8141,615.8887,480.166
AAPL,2024-08-02,586.1607,615.3731,481.6501
AAPL,2024-08-05,593.3108,615.3388,483.1498
AAPL,2024-08-06,596.5836,614.9692,484.6811
AAPL,2024-08-07,613.8221,615.1406,486.2804
AAPL,2024-08-08,615.9814,615.583,487.8469
AAPL,2024-08-09,611.2757,616.4246,489.3598
AAPL,2024-08-12,613.3898,617.443,490.88
AAPL,2024-08-13,620.7571,618.8941,492.4555
AAPL,2024-08-14,621.9826,619.9894,494.014
AAPL,2024-08-15,623.1066,620.8626,495.5642
AAPL,2024-08-16,614.9581,621.7211,497.0435
AAPL,2024-08-19,607.3945,621.8851,498.4629
AAPL,2024-08-20,591.0449,621.4705,499.7643
AAPL,2024-08-21,612.8667,621.5602,501.191
AAPL,2024-08-22,598.2812,621.9446,502.499
AAPL,2024-08-23,590.5655,621.6153,503.76
AAPL,2024-08-26,582.6496,621.4514,504.9075
AAPL,2024-08-27,593.842,621.8856,506.1335
AAPL,2024-08-28,590.9049,622.0111,507.281
AAPL,2024-08-29,606.5544,621.8482,508.4977
AAPL,2024-08-30,598.9664,621.173,509.6984
AAPL,2024-09-02,602.9394,620.4201,510.9347
AAPL,2024-09-03,593.4572,619.3101,512.1332
AAPL,2024-09-04,620.2946,618.4987,513.449
AAPL,2024-09-05,606.2194,617.1887,514.6736
AAPL,2024-09-06,610.6199,615.877,515.9393
AAPL,2024-09-09,619.082,614.6927,517.2464
AAPL,2024-09-10,624.8843,613.6282,518.5018
AAPL,2024-09-11,623.1696,612.7208,519.6804
AAPL,2024-09-12,622.1549,611.8554,520.835
AAPL,2024-09-13,623.3197,611.4471,521.9919
AAPL,2024-09-16,622.0893,611.027,523.136
AAPL,2024-09-17,634.9212,611.1048,524.3178
AAPL,2024-09-18,664.5088,612.0399,525.6862
AAPL,2024-09-19,657.7319,612.7823,527.029
AAPL,2024-09-20,640.4507,612.8132,528.3479
AAPL,2024-09-23,639.9434,612.5824,529.6471
AAPL,2024-09-24,674.7682,613.4417,531.0937
AAPL,2024-09-25,664.5804,614.3346,532.506
AAPL,2024-09-26,687.5845,615.4376,533.9699
AAPL,2024-09-27,711.9383,617.2636,535.6018
AAPL,2024-09-30,704.7332,618.9893,537.2519
AAPL,2024-10-01,713.5669,620.7414,538.9358
AAPL,2024-10-02,738.1071,623.2142,540.7003
AAPL,2024-10-03,733.2111,625.5508,542.3719
AAPL,2024-10-04,730.9296,628.157,544.0485
AAPL,2024-10-07,723.1227,630.7401,545.6406
AAPL,2024-10-08,709.1809,632.9557,547.1625
AAPL,2024-10-09,700.6509,635.3675,548.6468
AAPL,2024-10-10,684.2509,637.3362,550.0108
AAPL,2024-10-11,685.3976,639.3209,551.3513
AAPL,2024-10-14,675.5081,640.9649,552.7056
AAPL,2024-10-15,679.3695,642.6206,554.0159
AAPL,2024-10-16,659.0429,643.525,555.1637
AAPL,2024-10-17,664.1087,644.4876,556.3616
AAPL,2024-10-18,676.0286,645.7826,557.6
AAPL,2024-10-21,650.0393,646.5156,558.6849
AAPL,2024-10-22,655.6063,647.2126,559.7841
AAPL,2024-10-23,672.6971,648.2269,560.9906
AAPL,2024-10-24,657.1409,648.9076,562.1463
AAPL,2024-10-25,680.3461,650.2153,563.4169
AAPL,2024-10-28,686.7948,651.8033,564.6667
AAPL,2024-10-29,677.7721,653.5379,565.8451
AAPL,2024-10-30,677.6793,654.8341,567.0374
AMZN,2020-01-02,1850.0,1850.0,1850.0
AMZN,2020-01-03,1939.392,1894.696,1894.696
AMZN,2020-01-06,1939.6472,1909.6797,1909.6797
AMZN,2020-01-07,1948.1916,1919.3077,1919.3077
AMZN,2020-01-08,1975.6652,1930.5792,1930.5792
AMZN,2020-01-09,1964.734,1936.2717,1936.2717
AMZN,2020-01-10,1976.3193,1941.9928,1941.9928
AMZN,2020-01-13,1905.1484,1937.3872,1937.3872
AMZN,2020-01-14,1869.7877,1929.8762,1929.8762
AMZN,2020-01-15,1803.2894,1917.2175,1917.2175
AMZN,2020-01-16,1833.9471,1909.6474,1909.6474
AMZN,2020-01-17,1781.1864,1898.9424,1898.9424
AMZN,2020-01-20,1839.0924,1894.3385,1894.3385
AMZN,2020-01-21,1855.1949,1891.5425,1891.5425
AMZN,2020-01-22,1896.5014,1891.8731,1891.8731
AMZN,2020-01-23,1871.2777,1890.5859,1890.5859
AMZN,2020-01-24,1827.0804,1886.8503,1886.8503
AMZN,2020-01-27,1814.7011,1882.842,1882.842
AMZN,2020-01-28,1859.3963,1881.608,1881.608
AMZN,2020-01-29,1949.85,1885.0201,1885.0201
AMZN,2020-01-30,1973.54,1889.2354,1889.2354
AMZN,2020-01-31,1918.7793,1890.5783,1890.5783
AMZN,2020-02-03,1879.7315,1890.1067,1890.1067
AMZN,2020-02-04,1820.6298,1887.2118,1887.2118
AMZN,2020-02-05,1817.0288,1884.4045,1884.4045
AMZN,2020-02-06,1807.5244,1881.4475,1881.4475
AMZN,2020-02-07,1803.6534,1878.5663,1878.5663
AMZN,2020-02-10,1762.9977,1874.4388,1874.4388
AMZN,2020-02-11,1719.4563,1869.0946,1869.0946
AMZN,2020-02-12,1724.5243,1864.2756,1864.2756
AMZN,2020-02-13,1744.5551,1860.4136,1860.4136
AMZN,2020-02-14,1701.0477,1855.4335,1855.4335
AMZN,2020-02-17,1720.4,1851.3415,1851.3415
AMZN,2020-02-18,1758.2152,1848.6025,1848.6025
AMZN,2020-02-19,1671.5955,1843.5452,1843.5452
AMZN,2020-02-20,1732.191,1840.452,1840.452
AMZN,2020-02-21,1760.7455,1838.2978,1838.2978
AMZN,2020-02-24,1799.8189,1837.2852,1837.2852
AMZN,2020-02-25,1761.2887,1835.3366,1835.3366
AMZN,2020-02-26,1793.679,1834.2951,1834.2951
AMZN,2020-02-27,1831.2994,1834.222,1834.222
AMZN,2020-02-28,1806.7481,1833.5679,1833.5679
AMZN,2020-03-02,1839.6793,1833.71,1833.71
AMZN,2020-03-03,1835.6767,1833.7547,1833.7547
AMZN,2020-03-04,1812.4264,1833.2808,1833.2808
AMZN,2020-03-05,1806.1604,1832.6912,1832.6912
AMZN,2020-03-06,1814.4482,1832.303,1832.303
AMZN,2020-03-09,1803.9482,1831.7123,1831.7123
AMZN,2020-03-10,1774.269,1830.54,1830.54
AMZN,2020-03-11,1791.262,1829.7544,1829.7544
AMZN,2020-03-12,1815.0815,1829.0561,1829.4667
AMZN,2020-03-13,1822.5159,1826.7186,1829.3331
AMZN,2020-03-16,1760.1908,1823.1294,1828.0285
AMZN,2020-03-17,1739.1583,1818.9488,1826.3828
AMZN,2020-03-18,1708.5736,1813.6069,1824.2408
AMZN,2020-03-19,1776.5869,1809.844,1823.3898
AMZN,2020-03-20,1782.7577,1805.9728,1822.677
AMZN,2020-03-23,1773.3157,1803.3361,1821.8259
AMZN,2020-03-24,1753.1261,1801.0029,1820.6615
AMZN,2020-03-25,1749.825,1799.9336,1819.4809
AMZN,2020-03-26,1780.6057,1798.8668,1818.8436
AMZN,2020-03-27,1711.6812,1797.4766,1817.1152
AMZN,2020-03-30,1721.8835,1795.1325,1815.6036
AMZN,2020-03-31,1704.312,1792.1148,1813.8646
AMZN,2020-04-01,1722.0664,1788.6261,1812.4523
AMZN,2020-04-02,1754.1976,1786.2845,1811.5697
AMZN,2020-04-03,1729.0028,1784.323,1810.3374
AMZN,2020-04-06,1679.0444,1781.6098,1808.4066
AMZN,2020-04-07,1669.2618,1777.8071,1806.39
AMZN,2020-04-08,1718.8006,1773.1861,1805.1387
AMZN,2020-04-09,1752.2826,1768.761,1804.3943
AMZN,2020-04-10,1739.2631,1765.1707,1803.4897
AMZN,2020-04-13,1716.5779,1761.9076,1802.2991
AMZN,2020-04-14,1697.0107,1759.4352,1800.8763
AMZN,2020-04-15,1650.5794,1756.1062,1798.8723
AMZN,2020-04-16,1680.8457,1753.5727,1797.3193
AMZN,2020-04-17,1718.5736,1751.8711,1796.2967
AMZN,2020-04-20,1705.4468,1750.72,1795.1319
AMZN,2020-04-21,1688.1887,1750.0947,1793.7782
AMZN,2020-04-22,1663.8409,1748.881,1792.154
AMZN,2020-04-23,1648.832,1746.9666,1790.3846
AMZN,2020-04-24,1623.7303,1745.4202,1788.3522
AMZN,2020-04-27,1619.5888,1743.404,1786.3189
AMZN,2020-04-28,1649.3459,1741.2266,1784.6883
AMZN,2020-04-29,1675.8382,1741.3115,1783.4077
AMZN,2020-04-30,1646.5631,1739.5989,1781.8165
AMZN,2020-05-01,1653.5183,1737.4544,1780.3418
AMZN,2020-05-04,1678.6999,1735.032,1779.1868
AMZN,2020-05-05,1645.7024,1732.7202,1777.6869
AMZN,2020-05-06,1652.2753,1729.8922,1776.2935
AMZN,2020-05-07,1698.5582,1727.2374,1775.4392
AMZN,2020-05-08,1690.879,1724.92,1774.5201
AMZN,2020-05-11,1618.7042,1720.5005,1772.8447
AMZN,2020-05-12,1532.644,1714.4398,1770.2893
AMZN,2020-05-13,1544.523,1709.0817,1767.9129
AMZN,2020-05-14,1549.499,1703.9485,1765.6377
AMZN,2020-05-15,1557.2772,1698.8051,1763.4897
AMZN,2020-05-18,1575.5347,1694.2368,1761.5718
AMZN,2020-05-19,1526.296,1689.2774,1759.1952
AMZN,2020-05-20,1500.6876,1683.4659,1756.6102
AMZN,2020-05-21,1516.0665,1677.4856,1754.2285
AMZN,2020-05-22,1542.2023,1671.8793,1752.1499
AMZN,2020-05-25,1534.8241,1667.372,1750.0399
AMZN,2020-05-26,1488.405,1662.3569,1747.5242
AMZN,2020-05-27,1500.9055,1658.2035,1745.1754
AMZN,2020-05-28,1503.9035,1652.7499,1742.8993
AMZN,2020-05-29,1470.4963,1646.5046,1740.3535
AMZN,2020-06-01,1408.7925,1639.2142,1737.2834
AMZN,2020-06-02,1427.8873,1632.7094,1734.4449
AMZN,2020-06-03,1409.8037,1625.909,1731.4937
AMZN,2020-06-04,1416.8482,1618.6338,1728.659
AMZN,2020-06-05,1422.7624,1612.8555,1725.9278
AMZN,2020-06-08,1388.4403,1606.1866,1722.9412
AMZN,2020-06-09,1402.508,1600.1505,1720.1304
AMZN,2020-06-10,1377.3669,1593.2565,1717.1498
AMZN,2020-06-11,1333.8528,1584.8496,1713.8455
AMZN,2020-06-12,1288.0704,1576.031,1710.2064
AMZN,2020-06-15,1289.097,1568.232,1706.6377
AMZN,2020-06-16,1336.3696,1561.5742,1703.5262
AMZN,2020-06-17,1338.7404,1553.973,1700.4863
AMZN,2020-06-18,1393.6305,1546.7999,1697.9503
AMZN,2020-06-19,1440.1162,1540.817,1695.8369
AMZN,2020-06-22,1457.8677,1535.6428,1693.9022
AMZN,2020-06-23,1510.676,1531.9161,1692.4246
AMZN,2020-06-24,1561.4978,1530.1345,1691.3772
AMZN,2020-06-25,1604.0013,1528.5976,1690.6837
AMZN,2020-06-26,1540.0638,1525.0274,1689.4977
AMZN,2020-06-29,1533.3765,1521.586,1688.278
AMZN,2020-06-30,1511.414,1518.0505,1686.907
AMZN,2020-07-01,1552.2953,1515.8196,1685.8715
AMZN,2020-07-02,1543.1542,1513.706,1684.7821
AMZN,2020-07-03,1605.3333,1513.3381,1684.1802
AMZN,2020-07-06,1610.3293,1513.1529,1683.6249
AMZN,2020-07-07,1610.7348,1512.3807,1683.081
AMZN,2020-07-08,1598.7309,1510.8385,1682.4562
AMZN,2020-07-09,1593.6194,1509.7796,1681.8029
AMZN,2020-07-10,1604.4822,1508.7989,1681.2386
AMZN,2020-07-13,1603.5377,1507.2957,1680.6755
AMZN,2020-07-14,1588.5647,1506.1529,1680.0128
AMZN,2020-07-15,1575.7884,1504.6232,1679.2684
AMZN,2020-07-16,1641.7677,1503.4874,1679.0024
AMZN,2020-07-17,1717.1785,1504.0134,1679.2713
AMZN,2020-07-20,1700.9221,1505.6577,1679.4227
AMZN,2020-07-21,1734.5649,1509.6961,1679.8056
AMZN,2020-07-22,1704.6728,1512.8991,1679.9771
AMZN,2020-07-23,1693.903,1515.7872,1680.0725
AMZN,2020-07-24,1655.2068,1517.7458,1679.9033
AMZN,2020-07-27,1694.3162,1520.1214,1680.0007
AMZN,2020-07-28,1714.0003,1523.8755,1680.2289
AMZN,2020-07-29,1741.2274,1528.6863,1680.6356
AMZN,2020-07-30,1777.2062,1533.9091,1681.2751
AMZN,2020-07-31,1744.9703,1537.9645,1681.6941
AMZN,2020-08-03,1734.0381,1541.9488,1682.0363
AMZN,2020-08-04,1752.6648,1547.234,1682.4949
AMZN,2020-08-05,1740.8724,1552.0333,1682.8715
AMZN,2020-08-06,1745.0533,1556.8563,1683.2701
AMZN,2020-08-07,1716.0428,1561.7672,1683.4789
AMZN,2020-08-10,1768.6328,1568.964,1684.0178
AMZN,2020-08-11,1807.1798,1576.5499,1684.7924
AMZN,2020-08-12,1858.7618,1585.529,1685.8797
AMZN,2020-08-13,1887.6089,1594.9443,1687.1327
AMZN,2020-08-14,1844.2289,1603.3736,1688.1024
AMZN,2020-08-17,1826.4181,1612.1331,1688.951
AMZN,2020-08-18,1799.9394,1620.0818,1689.6277
AMZN,2020-08-19,1791.3127,1628.3607,1690.244
AMZN,2020-08-20,1835.1721,1638.3871,1691.1171
AMZN,2020-08-21,1778.0815,1648.1873,1691.6378
AMZN,2020-08-24,1756.8721,1657.5428,1692.0261
AMZN,2020-08-25,1743.1703,1665.6788,1692.3288
AMZN,2020-08-26,1694.8634,1672.8013,1692.3437
AMZN,2020-08-27,1704.0107,1679.0089,1692.4119
AMZN,2020-08-28,1692.6796,1684.0601,1692.4134
AMZN,2020-08-31,1736.1919,1689.6266,1692.6665
AMZN,2020-09-01,1727.1908,1693.9569,1692.8649
AMZN,2020-09-02,1746.2717,1697.6524,1693.1701
AMZN,2020-09-03,1752.2249,1700.6169,1693.5056
AMZN,2020-09-04,1660.3728,1703.0231,1693.3184
AMZN,2020-09-07,1610.0548,1704.5566,1692.8507
AMZN,2020-09-08,1625.1377,1706.8311,1692.4724
AMZN,2020-09-09,1638.7143,1708.5595,1692.1737
AMZN,2020-09-10,1637.6561,1710.4495,1691.8725
AMZN,2020-09-11,1687.8588,1712.1,1691.8505
AMZN,2020-09-14,1708.4264,1714.062,1691.9411
AMZN,2020-09-15,1770.1468,1717.2502,1692.3661
AMZN,2020-09-16,1678.1634,1718.8389,1692.2893
AMZN,2020-09-17,1745.0835,1721.8681,1692.5732
AMZN,2020-09-18,1723.374,1724.246,1692.7379
AMZN,2020-09-21,1725.8165,1726.6915,1692.9138
AMZN,2020-09-22,1773.1084,1730.3824,1693.3381
AMZN,2020-09-23,1693.8026,1732.7427,1693.3406
AMZN,2020-09-24,1685.831,1733.624,1693.3013
AMZN,2020-09-25,1725.2448,1733.7853,1693.4676
AMZN,2020-09-28,1703.4104,1733.8351,1693.5191
AMZN,2020-09-29,1739.5849,1733.9355,1693.7566
AMZN,2020-09-30,1767.2548,1735.1871,1694.1335
AMZN,2020-10-01,1775.399,1736.817,1694.5481
AMZN,2020-10-02,1800.56,1739.7241,1695.0863
AMZN,2020-10-05,1854.3047,1742.9239,1695.8904
AMZN,2020-10-06,1880.7333,1746.2585,1696.8193
AMZN,2020-10-07,1921.3252,1749.8605,1697.9418
AMZN,2020-10-08,1885.9893,1752.0361,1698.1217
AMZN,2020-10-09,1912.0048,1755.3768,1697.9848
AMZN,2020-10-12,1934.4245,1759.3845,1697.9587
AMZN,2020-10-13,1984.6795,1764.0248,1698.1411
AMZN,2020-10-14,1936.3294,1767.934,1697.9444
AMZN,2020-10-15,1984.4326,1772.7216,1698.0429
AMZN,2020-10-16,1948.0276,1777.3613,1697.9015
AMZN,2020-10-19,2052.9787,1783.0482,1698.6406
AMZN,2020-10-20,2014.9025,1787.2026,1699.3662
AMZN,2020-10-21,1965.4357,1789.3361,1700.1769
AMZN,2020-10-22,1954.5832,1790.6756,1700.7801
AMZN,2020-10-23,2002.0252,1793.8315,1701.8843
AMZN,2020-10-26,2019.511,1797.6934,1702.7864
AMZN,2020-10-27,2097.5143,1803.6449,1703.998
AMZN,2020-10-28,2085.4731,1809.5281,1704.9429
AMZN,2020-10-29,2064.8571,1814.1218,1705.9108
AMZN,2020-10-30,2033.4541,1819.2292,1706.9426
AMZN,2020-11-02,2011.7398,1824.3266,1707.9278
AMZN,2020-11-03,1952.4057,1828.5113,1708.3929
AMZN,2020-11-04,1926.3465,1833.141,1708.2753
AMZN,2020-11-05,1877.2438,1836.6056,1707.7939
AMZN,2020-11-06,1908.8949,1840.9299,1707.7444
AMZN,2020-11-09,1973.9325,1845.6847,1708.2154
AMZN,2020-11-10,1985.3248,1850.8474,1709.0389
AMZN,2020-11-11,1957.7434,1855.0769,1709.7425
AMZN,2020-11-12,1991.8628,1859.8696,1710.6642
AMZN,2020-11-13,1991.8677,1866.4995,1711.6053
AMZN,2020-11-16,2038.7076,1875.0726,1712.9838
AMZN,2020-11-17,1998.3851,1882.5375,1714.3784
AMZN,2020-11-18,1961.8608,1889.0005,1715.5651
AMZN,2020-11-19,1995.2548,1896.1524,1716.8186
AMZN,2020-11-20,1996.0954,1902.3172,1718.2939
AMZN,2020-11-23,2039.076,1908.9302,1719.8872
AMZN,2020-11-24,2002.5796,1913.5788,1721.1091
AMZN,2020-11-25,2023.5741,1920.487,1722.869
AMZN,2020-11-26,2049.8821,1926.583,1724.4574
AMZN,2020-11-27,1983.2958,1931.7814,1725.5702
AMZN,2020-11-30,1984.8684,1936.9625,1726.4954
AMZN,2020-12-01,1900.2165,1939.5046,1727.1901
AMZN,2020-12-02,1964.5105,1944.9188,1728.0442
AMZN,2020-12-03,1909.9189,1949.4005,1728.4373
AMZN,2020-12-04,1903.633,1952.9683,1728.9217
AMZN,2020-12-07,1905.0803,1957.0017,1729.2487
AMZN,2020-12-08,1866.713,1959.5443,1729.4039
AMZN,2020-12-09,1946.0824,1963.1208,1730.0722
AMZN,2020-12-10,1918.2934,1965.9787,1730.6329
AMZN,2020-12-11,1908.5725,1968.139,1731.1035
AMZN,2020-12-14,1881.4103,1968.6811,1731.4908
AMZN,2020-12-15,1854.2873,1968.1521,1731.8909
AMZN,2020-12-16,1851.4436,1966.7545,1732.1918
AMZN,2020-12-17,1881.9993,1966.6747,1732.5264
AMZN,2020-12-18,1890.2957,1966.2405,1732.8653
AMZN,2020-12-21,1860.5597,1964.7632,1733.3671
AMZN,2020-12-22,1861.9171,1962.308,1733.9809
AMZN,2020-12-23,1808.2058,1959.7455,1734.4791
AMZN,2020-12-24,1857.6117,1957.2091,1734.8842
AMZN,2020-12-25,1838.5996,1955.0205,1735.1634
AMZN,2020-12-28,1821.9301,1950.3996,1735.4065
AMZN,2020-12-29,1746.9229,1945.04,1735.3755
AMZN,2020-12-30,1729.0158,1940.3116,1735.2714
AMZN,2020-12-31,1795.9105,1937.1381,1735.348
AMZN,2021-01-01,1821.8691,1933.535,1735.8989
AMZN,2021-01-04,1868.5862,1930.5165,1736.6324
AMZN,2021-01-05,1875.0235,1926.0667,1737.486
AMZN,2021-01-06,1771.3114,1919.7835,1737.7322
AMZN,2021-01-07,1775.5724,1913.9978,1737.8391
AMZN,2021-01-08,1785.0157,1909.029,1738.1191
AMZN,2021-01-11,1822.1958,1905.2381,1738.8349
AMZN,2021-01-12,1822.3015,1902.636,1739.6001
AMZN,2021-01-13,1793.1107,1899.9713,1739.9716
AMZN,2021-01-14,1790.747,1898.2414,1740.164
AMZN,2021-01-15,1778.8281,1895.64,1740.3618
AMZN,2021-01-18,1801.0469,1892.1823,1740.7841
AMZN,2021-01-19,1798.7611,1888.4511,1741.2929
AMZN,2021-01-20,1761.4471,1884.5251,1741.8472
AMZN,2021-01-21,1785.1505,1880.3909,1742.3687
AMZN,2021-01-22,1757.8307,1875.7101,1742.565
AMZN,2021-01-25,1747.1423,1869.8788,1742.7735
AMZN,2021-01-26,1730.8647,1864.5284,1742.9869
AMZN,2021-01-27,1741.4523,1860.1203,1743.3749
AMZN,2021-01-28,1691.0566,1854.0363,1743.5861
AMZN,2021-01-29,1693.7238,1847.9889,1743.936
AMZN,2021-02-01,1736.0614,1841.9286,1744.5184
AMZN,2021-02-02,1741.242,1836.7018,1744.9779
AMZN,2021-02-03,1717.2965,1830.5763,1745.1852
AMZN,2021-02-04,1704.9869,1823.6784,1745.4773
AMZN,2021-02-05,1717.6312,1818.3651,1745.7978
AMZN,2021-02-08,1740.4916,1813.4775,1746.1068
AMZN,2021-02-09,1800.7339,1811.4879,1746.882
AMZN,2021-02-10,1738.8398,1806.9745,1747.3148
AMZN,2021-02-11,1750.4877,1803.7858,1747.5744
AMZN,2021-02-12,1759.1839,1800.8969,1747.916
AMZN,2021-02-15,1758.1219,1797.9577,1748.613
AMZN,2021-02-16,1773.4928,1796.0933,1749.8173
AMZN,2021-02-17,1766.0726,1792.4931,1750.925
AMZN,2021-02-18,1729.1059,1788.7093,1751.8231
AMZN,2021-02-19,1738.7741,1785.3134,1752.7306
AMZN,2021-02-22,1765.375,1782.9927,1753.6798
AMZN,2021-02-23,1765.0658,1781.2082,1754.8736
AMZN,2021-02-24,1808.3455,1780.3463,1756.4119
AMZN,2021-02-25,1800.4674,1778.7156,1757.8339
AMZN,2021-02-26,1820.423,1777.3182,1759.225
AMZN,2021-03-01,1759.5582,1775.2982,1760.3487
AMZN,2021-03-02,1850.3444,1775.0667,1762.1584
AMZN,2021-03-03,1842.6821,1775.7562,1763.8673
AMZN,2021-03-04,1824.5379,1775.0948,1765.4704
AMZN,2021-03-05,1815.4539,1774.6318,1767.1952
AMZN,2021-03-08,1779.4154,1773.7815,1769.0483
AMZN,2021-03-09,1735.6631,1773.5564,1770.5872
AMZN,2021-03-10,1738.7432,1773.7509,1772.2319
AMZN,2021-03-11,1744.6372,1772.7254,1773.8709
AMZN,2021-03-12,1754.7926,1771.3839,1775.531
AMZN,2021-03-15,1755.0027,1769.1122,1777.3638
AMZN,2021-03-16,1753.3119,1766.678,1779.1178
AMZN,2021-03-17,1708.8989,1765.4298,1780.7755
AMZN,2021-03-18,1692.1025,1763.7604,1782.5667
AMZN,2021-03-19,1699.6046,1762.0521,1784.6244
AMZN,2021-03-22,1680.9945,1759.2281,1786.5839
AMZN,2021-03-23,1693.3272,1756.6486,1788.3687
AMZN,2021-03-24,1689.7529,1754.5815,1790.1238
AMZN,2021-03-25,1685.8995,1752.4845,1791.5851
AMZN,2021-03-26,1695.0923,1750.8098,1792.86
AMZN,2021-03-29,1714.8089,1749.085,1794.1447
AMZN,2021-03-30,1743.3004,1747.9758,1795.3078
AMZN,2021-03-31,1822.7933,1749.2027,1796.6143
AMZN,2021-04-01,1859.4538,1750.6888,1797.8915
AMZN,2021-04-02,1801.3027,1751.5583,1799.1977
AMZN,2021-04-05,1760.2947,1751.8213,1800.3323
AMZN,2021-04-06,1751.1871,1752.2278,1801.5312
AMZN,2021-04-07,1723.4726,1751.8682,1802.3871
AMZN,2021-04-08,1739.8848,1752.8447,1803.3707
AMZN,2021-04-09,1760.5668,1754.1816,1804.1469
AMZN,2021-04-12,1743.4108,1754.3286,1804.8123
AMZN,2021-04-13,1791.2995,1755.3297,1805.7151
AMZN,2021-04-14,1851.2693,1758.0092,1806.9778
AMZN,2021-04-15,1780.3189,1759.5158,1807.9113
AMZN,2021-04-16,1726.6045,1759.6953,1808.5219
AMZN,2021-04-19,1770.4198,1760.2938,1809.3563
AMZN,2021-04-20,1806.2677,1760.4045,1810.4449
AMZN,2021-04-21,1827.983,1762.1874,1811.7058
AMZN,2021-04-22,1830.0118,1763.7779,1812.6471
AMZN,2021-04-23,1827.4416,1765.143,1813.1984
AMZN,2021-04-26,1850.7962,1766.9965,1813.9477
AMZN,2021-04-27,1859.6251,1768.7192,1814.573
AMZN,2021-04-28,1915.6855,1771.7114,1815.6281
AMZN,2021-04-29,1888.7658,1774.9046,1816.6024
AMZN,2021-04-30,1891.1562,1777.9523,1817.7822
AMZN,2021-05-03,1930.3214,1781.2512,1818.9622
AMZN,2021-05-04,1939.0141,1784.7301,1820.0873
AMZN,2021-05-05,1969.7162,1787.9576,1821.2297
AMZN,2021-05-06,2000.2632,1791.9535,1822.345
AMZN,2021-05-07,1983.3354,1795.2117,1823.5368
AMZN,2021-05-10,1940.8857,1798.8383,1824.5711
AMZN,2021-05-11,1910.8065,1800.0475,1825.3618
AMZN,2021-05-12,1867.3095,1800.5401,1825.9939
AMZN,2021-05-13,1793.997,1799.9292,1826.2387
AMZN,2021-05-14,1839.3003,1800.4062,1826.855
AMZN,2021-05-17,1765.9175,1800.1362,1826.8414
AMZN,2021-05-18,1841.4987,1802.2529,1827.013
AMZN,2021-05-19,1821.7748,1803.9136,1826.828
AMZN,2021-05-20,1812.201,1805.2648,1826.451
AMZN,2021-05-21,1754.1947,1805.2529,1826.0008
AMZN,2021-05-24,1770.668,1805.5662,1825.7221
AMZN,2021-05-25,1762.041,1805.7408,1825.5326
AMZN,2021-05-26,1765.9484,1806.8818,1825.4058
AMZN,2021-05-27,1737.073,1807.7812,1824.9153
AMZN,2021-05-28,1757.1103,1808.9313,1824.8104
AMZN,2021-05-31,1726.9778,1809.8509,1824.6609
AMZN,2021-06-01,1731.4819,1810.614,1824.6025
AMZN,2021-06-02,1750.7275,1811.8335,1824.8818
AMZN,2021-06-03,1809.2237,1814.3,1825.4079
AMZN,2021-06-04,1843.2574,1817.2633,1826.1608
AMZN,2021-06-07,1848.5177,1819.9375,1826.7224
AMZN,2021-06-08,1849.798,1822.0674,1827.3354
AMZN,2021-06-09,1864.2421,1822.8964,1827.9253
AMZN,2021-06-10,1897.6704,1823.6608,1828.6525
AMZN,2021-06-11,1868.404,1825.0028,1829.6927
AMZN,2021-06-14,1907.6393,1827.9497,1831.1806
AMZN,2021-06-15,1870.2569,1830.3311,1832.4062
AMZN,2021-06-16,1890.8087,1833.6778,1833.6667
AMZN,2021-06-17,1915.1769,1837.1836,1835.0543
AMZN,2021-06-18,1888.6673,1839.7456,1836.0583
AMZN,2021-06-21,1827.1058,1841.4195,1836.6517
AMZN,2021-06-22,1818.0565,1841.9547,1836.8913
AMZN,2021-06-23,1717.1276,1839.2718,1837.0861
AMZN,2021-06-24,1711.8735,1837.9029,1836.92
AMZN,2021-06-25,1666.8495,1836.7078,1836.6374
AMZN,2021-06-28,1786.8319,1837.0361,1836.9425
AMZN,2021-06-29,1830.6191,1837.5231,1837.23
AMZN,2021-06-30,1835.1278,1837.666,1837.9367
AMZN,2021-07-01,1891.479,1838.8953,1838.9649
AMZN,2021-07-02,1922.7793,1840.8021,1839.9526
AMZN,2021-07-05,1875.7079,1841.3003,1840.8141
AMZN,2021-07-06,1851.6268,1841.1404,1841.3743
AMZN,2021-07-07,1895.7798,1840.7423,1842.0169
AMZN,2021-07-08,1857.6653,1840.1202,1842.4282
AMZN,2021-07-09,1875.5547,1839.8082,1842.8032
AMZN,2021-07-12,1905.3192,1839.3082,1843.0583
AMZN,2021-07-13,1896.0465,1838.4488,1843.1348
AMZN,2021-07-14,1904.0774,1837.136,1843.0486
AMZN,2021-07-15,1941.0032,1835.9508,1843.3237
AMZN,2021-07-16,1976.5651,1835.8154,1843.6465
AMZN,2021-07-19,1997.9267,1836.9563,1843.964
AMZN,2021-07-20,1999.0907,1838.7219,1844.036
AMZN,2021-07-21,2026.9059,1841.9139,1844.4889
AMZN,2021-07-22,1940.2325,1844.8386,1844.2679
AMZN,2021-07-23,2006.1338,1848.1753,1844.5585
AMZN,2021-07-26,2002.0163,1852.8972,1844.3036
AMZN,2021-07-27,1971.5467,1855.4982,1844.0869
AMZN,2021-07-28,1999.5124,1859.0529,1844.2572
AMZN,2021-07-29,2026.6217,1863.3414,1844.6174
AMZN,2021-07-30,1985.181,1867.9611,1844.5332
AMZN,2021-08-02,1989.866,1872.345,1844.385
AMZN,2021-08-03,1993.2341,1876.9689,1843.8636
AMZN,2021-08-04,1993.7375,1881.5247,1843.4049
AMZN,2021-08-05,2068.2139,1888.1475,1843.4217
AMZN,2021-08-06,2069.0903,1894.3871,1843.5999
AMZN,2021-08-09,2064.9644,1901.1468,1843.866
AMZN,2021-08-10,2035.9862,1907.2369,1844.2839
AMZN,2021-08-11,2001.0307,1912.243,1844.6573
AMZN,2021-08-12,2020.1548,1916.4616,1845.3719
AMZN,2021-08-13,2001.0732,1919.6179,1845.8328
AMZN,2021-08-16,1994.5296,1922.5382,1845.9358
AMZN,2021-08-17,2005.0029,1925.6423,1846.0341
AMZN,2021-08-18,2009.564,1928.5487,1846.2932
AMZN,2021-08-19,2017.303,1930.9413,1846.4204
AMZN,2021-08-20,2024.909,1934.0714,1846.5857
AMZN,2021-08-23,2054.7701,1937.0141,1846.666
AMZN,2021-08-24,2179.8614,1943.2062,1847.5733
AMZN,2021-08-25,2241.6969,1950.2239,1848.9725
AMZN,2021-08-26,2225.7933,1956.4362,1850.1252
AMZN,2021-08-27,2288.2352,1964.4276,1851.5859
AMZN,2021-08-30,2237.625,1972.638,1852.5787
AMZN,2021-08-31,2211.7814,1980.5125,1853.6247
AMZN,2021-09-01,2248.4737,1991.1394,1854.7492
AMZN,2021-09-02,2284.2121,2002.5862,1855.9208
AMZN,2021-09-03,2316.7187,2015.5836,1857.5879
AMZN,2021-09-06,2288.7482,2025.6219,1859.1073
AMZN,2021-09-07,2261.4571,2034.2386,1860.9135
AMZN,2021-09-08,2269.9755,2042.9356,1862.4409
AMZN,2021-09-09,2259.3443,2050.2929,1864.188
AMZN,2021-09-10,2306.0247,2057.9578,1866.2
AMZN,2021-09-13,2293.9576,2066.3228,1868.1443
AMZN,2021-09-14,2280.471,2074.8997,1870.2131
AMZN,2021-09-15,2202.0828,2081.0258,1871.4931
AMZN,2021-09-16,2246.9436,2088.8113,1873.1364
AMZN,2021-09-17,2264.9365,2096.599,1874.9182
AMZN,2021-09-20,2155.4794,2101.6022,1876.2885
AMZN,2021-09-21,2178.6228,2107.2537,1877.9102
AMZN,2021-09-22,2161.3129,2112.3984,1879.4596
AMZN,2021-09-23,2200.516,2117.5887,1881.0522
AMZN,2021-09-24,2197.3289,2122.0039,1882.5873
AMZN,2021-09-27,2160.5779,2125.257,1884.0874
AMZN,2021-09-28,2246.4826,2130.2048,1886.0102
AMZN,2021-09-29,2327.7273,2136.2212,1888.6078
AMZN,2021-09-30,2320.2306,2143.8212,1890.9209
AMZN,2021-10-01,2341.4036,2150.5266,1893.435
AMZN,2021-10-04,2319.8294,2156.8828,1895.9245
AMZN,2021-10-05,2236.1086,2162.1741,1898.3704
AMZN,2021-10-06,2304.0252,2168.2643,1901.2454
AMZN,2021-10-07,2265.8211,2173.0483,1903.595
AMZN,2021-10-08,2332.3683,2179.9921,1906.1475
AMZN,2021-10-11,2370.5564,2187.6059,1908.6573
AMZN,2021-10-12,2387.6844,2195.4949,1911.2206
AMZN,2021-10-13,2387.603,2203.3722,1914.3021
AMZN,2021-10-14,2426.9209,2210.5463,1917.5588
AMZN,2021-10-15,2379.708,2216.7587,1920.5323
AMZN,2021-10-18,2452.8901,2224.5172,1923.6858
AMZN,2021-10-19,2462.7841,2233.0532,1926.8882
AMZN,2021-10-20,2547.5261,2243.9831,1930.6603
AMZN,2021-10-21,2542.8718,2254.4374,1934.4209
AMZN,2021-10-22,2553.0891,2265.4777,1938.2922
AMZN,2021-10-25,2570.2171,2276.9915,1942.138
AMZN,2021-10-26,2605.3268,2288.9979,1946.1709
AMZN,2021-10-27,2713.8063,2303.0828,1950.9327
AMZN,2021-10-28,2690.0552,2316.5378,1955.4572
AMZN,2021-10-29,2684.8096,2329.7359,1960.0921
AMZN,2021-11-01,2686.0018,2342.3605,1964.7864
AMZN,2021-11-02,2554.5372,2349.854,1968.9047
AMZN,2021-11-03,2525.6654,2355.5334,1972.8258
AMZN,2021-11-04,2500.7045,2361.0316,1976.874
AMZN,2021-11-05,2652.7723,2368.3223,1981.6693
AMZN,2021-11-08,2670.2499,2376.9748,1986.3402
AMZN,2021-11-09,2701.8058,2386.7753,1991.1431
AMZN,2021-11-10,2617.9914,2394.1657,1995.6465
AMZN,2021-11-11,2616.6436,2400.8143,2000.2048
AMZN,2021-11-12,2673.5295,2407.9505,2004.9843
AMZN,2021-11-15,2828.5223,2418.746,2010.4245
AMZN,2021-11-16,2788.5873,2429.2886,2015.3637
AMZN,2021-11-17,2681.4922,2437.5189,2020.077
AMZN,2021-11-18,2638.3302,2445.0987,2024.5162
AMZN,2021-11-19,2596.0943,2450.9001,2028.7007
AMZN,2021-11-22,2555.0612,2456.1221,2032.6854
AMZN,2021-11-23,2608.9631,2462.692,2036.8628
AMZN,2021-11-24,2631.0384,2471.2711,2041.1876
AMZN,2021-11-25,2568.6164,2477.7045,2045.3852
AMZN,2021-11-26,2652.3864,2485.4535,2049.9532
AMZN,2021-11-29,2767.8348,2497.7006,2054.9655
AMZN,2021-11-30,2668.033,2507.4888,2059.4804
AMZN,2021-12-01,2740.5928,2519.0744,2064.1416
AMZN,2021-12-02,2732.7039,2529.7182,2068.8028
AMZN,2021-12-03,2678.8569,2539.3488,2073.095
AMZN,2021-12-06,2596.5255,2548.0677,2077.2798
AMZN,2021-12-07,2572.9659,2554.5974,2080.8929
AMZN,2021-12-08,2545.7403,2558.9576,2084.4082
AMZN,2021-12-09,2556.2504,2563.678,2088.0668
AMZN,2021-12-10,2682.436,2570.4987,2092.4017
AMZN,2021-12-13,2654.8676,2577.1994,2096.7789
AMZN,2021-12-14,2576.034,2583.998,2100.9808
AMZN,2021-12-15,2559.5701,2589.1089,2105.0849
AMZN,2021-12-16,2621.3291,2596.219,2109.4684
AMZN,2021-12-17,2609.3174,2601.758,2113.741
AMZN,2021-12-20,2649.3662,2607.3342,2118.2128
AMZN,2021-12-21,2661.6242,2612.813,2122.7544
AMZN,2021-12-22,2667.5306,2618.4115,2127.5475
AMZN,2021-12-23,2764.9326,2625.1718,2132.9117
AMZN,2021-12-24,2708.8902,2631.7554,2137.9581
AMZN,2021-12-27,2649.7431,2635.6925,2142.8019
AMZN,2021-12-28,2599.434,2638.4255,2147.3324
AMZN,2021-12-29,2621.5754,2639.9065,2151.9915
AMZN,2021-12-30,2626.9449,2641.5879,2156.6967
AMZN,2021-12-31,2670.7157,2643.9405,2161.5749
AMZN,2022-01-03,2668.557,2645.9073,2166.3436
AMZN,2022-01-04,2659.3808,2646.9883,2170.924
AMZN,2022-01-05,2681.077,2646.3337,2175.2154
AMZN,2022-01-06,2785.6744,2648.2461,2179.8465
AMZN,2022-01-07,2717.5533,2648.901,2184.4278
AMZN,2022-01-10,2665.2889,2648.4867,2188.9527
AMZN,2022-01-11,2670.0218,2650.7964,2193.5469
AMZN,2022-01-12,2794.8167,2656.1795,2198.9036
AMZN,2022-01-13,2731.9262,2660.8039,2203.8638
AMZN,2022-01-14,2733.6962,2662.4224,2208.7295
AMZN,2022-01-17,2683.6499,2662.6904,2213.4307
AMZN,2022-01-18,2709.6645,2662.8476,2218.0225
AMZN,2022-01-19,2591.3532,2662.3148,2221.7229
AMZN,2022-01-20,2535.0233,2660.6824,2225.4965
AMZN,2022-01-21,2609.7533,2659.4069,2229.9122
AMZN,2022-01-24,2612.5566,2655.0875,2234.1229
AMZN,2022-01-25,2572.2064,2650.7599,2237.9526
AMZN,2022-01-26,2571.8412,2648.5669,2241.6719
AMZN,2022-01-27,2570.485,2647.21,2245.3742
AMZN,2022-01-28,2604.7255,2647.3826,2249.2606
AMZN,2022-01-31,2490.3633,2646.0887,2252.4585
AMZN,2022-02-01,2436.202,2642.6334,2255.3414
AMZN,2022-02-02,2387.5204,2637.7631,2257.7005
AMZN,2022-02-03,2422.9864,2634.8505,2260.3716
AMZN,2022-02-04,2424.7532,2630.2978,2263.0396
AMZN,2022-02-07,2505.1787,2625.0447,2265.9139
AMZN,2022-02-08,2553.6123,2622.7563,2268.9869
AMZN,2022-02-09,2536.4121,2618.6727,2271.8204
AMZN,2022-02-10,2535.8432,2614.7355,2274.4983
AMZN,2022-02-11,2611.4921,2613.3882,2277.6391
AMZN,2022-02-14,2697.6721,2615.4111,2281.423
AMZN,2022-02-15,2694.3251,2617.8383,2285.3406
AMZN,2022-02-16,2638.73,2619.6981,2289.1977
AMZN,2022-02-17,2521.4802,2619.0027,2292.8351
AMZN,2022-02-18,2409.4276,2613.5425,2295.6858
AMZN,2022-02-21,2436.7513,2609.1802,2299.0399
AMZN,2022-02-22,2463.2934,2606.9254,2302.1489
AMZN,2022-02-23,2428.9916,2604.3138,2305.185
AMZN,2022-02-24,2501.8722,2601.9247,2308.6333
AMZN,2022-02-25,2492.6458,2599.5912,2312.3256
AMZN,2022-02-28,2462.6545,2595.857,2315.7855
AMZN,2022-03-01,2529.2671,2593.2098,2319.6217
AMZN,2022-03-02,2590.0981,2591.6612,2323.7424
AMZN,2022-03-03,2589.4001,2588.1505,2328.004
AMZN,2022-03-04,2621.3901,2586.4005,2332.3254
AMZN,2022-03-07,2661.1687,2586.6291,2336.9964
AMZN,2022-03-08,2794.3333,2590.527,2342.3106
AMZN,2022-03-09,2788.6926,2593.8694,2347.5005
AMZN,2022-03-10,2719.4434,2595.7194,2352.0516
AMZN,2022-03-11,2759.6001,2597.497,2356.6333
AMZN,2022-03-14,2765.7879,2599.4417,2361.2196
AMZN,2022-03-15,2775.0534,2601.7551,2365.8459
AMZN,2022-03-16,2775.552,2603.6446,2370.4025
AMZN,2022-03-17,2682.1864,2601.5749,2374.325
AMZN,2022-03-18,2700.0309,2601.2244,2378.4832
AMZN,2022-03-21,2681.061,2601.5398,2382.3503
AMZN,2022-03-22,2665.166,2601.4427,2386.3248
AMZN,2022-03-23,2644.1653,2598.4297,2390.0916
AMZN,2022-03-24,2644.1752,2596.6747,2393.7366
AMZN,2022-03-25,2661.7122,2595.235,2397.6018
AMZN,2022-03-28,2662.303,2594.8081,2401.7778
AMZN,2022-03-29,2733.3306,2595.2814,2406.3542
AMZN,2022-03-30,2781.6962,2599.0882,2411.677
AMZN,2022-03-31,2779.6283,2603.9803,2417.0158
AMZN,2022-04-01,2719.2535,2606.1704,2422.2778
AMZN,2022-04-04,2756.674,2609.0527,2427.127
AMZN,2022-04-05,2739.9781,2612.4081,2431.6738
AMZN,2022-04-06,2732.0532,2615.6124,2436.1585
AMZN,2022-04-07,2656.0689,2617.3241,2439.9814
AMZN,2022-04-08,2682.7265,2618.8841,2443.7811
AMZN,2022-04-11,2843.0586,2625.938,2448.6179
AMZN,2022-04-12,2813.9409,2633.4928,2453.4295
AMZN,2022-04-13,2855.3119,2642.8486,2458.2271
AMZN,2022-04-14,2937.3792,2653.1364,2463.6257
AMZN,2022-04-15,2906.2258,2662.7659,2468.7791
AMZN,2022-04-18,2757.3027,2667.8084,2473.039
AMZN,2022-04-19,2802.3422,2672.783,2477.5704
AMZN,2022-04-20,2809.6847,2678.2484,2482.0985
AMZN,2022-04-21,2831.4943,2684.1614,2486.5509
AMZN,2022-04-22,2837.3854,2688.6793,2490.855
AMZN,2022-04-25,2913.4044,2692.994,2495.4324
AMZN,2022-04-26,2909.6714,2697.3009,2499.9853
AMZN,2022-04-27,3054.976,2705.6258,2505.1257
AMZN,2022-04-28,3105.0516,2717.2972,2510.9498
AMZN,2022-04-29,3177.833,2732.6653,2516.8083
AMZN,2022-05-02,3181.0535,2747.5514,2522.7035
AMZN,2022-05-03,3205.7112,2762.3997,2528.8743
AMZN,2022-05-04,3091.1682,2775.6433,2534.3326
AMZN,2022-05-05,3054.744,2786.7007,2539.4732
AMZN,2022-05-06,3130.9106,2799.466,2545.2018
AMZN,2022-05-09,3129.0127,2812.7932,2550.8976
AMZN,2022-05-10,3055.0145,2823.3081,2556.2065
AMZN,2022-05-11,3011.8876,2831.7439,2561.2972
AMZN,2022-05-12,2968.8411,2839.3327,2565.8003
AMZN,2022-05-13,2968.8704,2846.2823,2570.2992
AMZN,2022-05-16,2917.2959,2851.4049,2574.5609
AMZN,2022-05-17,3012.893,2855.7761,2579.4454
AMZN,2022-05-18,3029.3839,2860.5899,2584.5872
AMZN,2022-05-19,2940.1457,2865.0039,2589.1872
AMZN,2022-05-20,3044.0714,2870.6934,2594.4021
AMZN,2022-05-23,3043.6411,2876.2504,2599.6477
AMZN,2022-05-24,3080.4592,2882.3585,2605.025
AMZN,2022-05-25,3104.0564,2888.9286,2610.4974
AMZN,2022-05-26,3135.4763,2897.9944,2616.0883
AMZN,2022-05-27,3114.5214,2906.2842,2621.5364
AMZN,2022-05-30,3140.042,2915.4639,2626.9627
AMZN,2022-05-31,3132.4451,2924.8094,2631.7257
AMZN,2022-06-01,3160.2957,2935.1321,2636.3186
AMZN,2022-06-02,3150.1144,2945.2508,2640.9403
AMZN,2022-06-03,3132.7525,2954.6716,2645.1628
AMZN,2022-06-06,3036.0134,2962.1459,2649.1548
AMZN,2022-06-07,3038.3013,2968.2453,2653.2874
AMZN,2022-06-08,3056.0367,2973.7321,2657.3252
AMZN,2022-06-09,3185.9509,2981.8585,2661.8339
AMZN,2022-06-10,3222.598,2991.9254,2666.3633
AMZN,2022-06-13,3174.2716,3000.2774,2670.7909
AMZN,2022-06-14,3106.7423,3007.6127,2675.0173
AMZN,2022-06-15,3127.8292,3015.5282,2679.3066
AMZN,2022-06-16,3079.5476,3023.9977,2683.4076
AMZN,2022-06-17,3043.8313,3031.2198,2687.0966
AMZN,2022-06-20,2996.6364,3034.2914,2690.61
AMZN,2022-06-21,2977.5888,3037.5644,2694.0956
AMZN,2022-06-22,3028.9374,3041.0369,2698.2299
AMZN,2022-06-23,2901.4428,3040.3181,2701.5024
AMZN,2022-06-24,2988.0486,3041.9546,2705.118
AMZN,2022-06-27,2977.2136,3046.3528,2709.2266
AMZN,2022-06-28,2938.4307,3049.0746,2713.0257
AMZN,2022-06-29,2999.1143,3052.8632,2717.2147
AMZN,2022-06-30,2988.0998,3055.9953,2721.1526
AMZN,2022-07-01,2922.457,3057.6967,2724.7782
AMZN,2022-07-04,2828.4801,3055.9982,2728.1177
AMZN,2022-07-05,2874.678,3055.2984,2731.2587
AMZN,2022-07-06,2925.7749,3052.7143,2734.249
AMZN,2022-07-07,2901.769,3048.6487,2737.1567
AMZN,2022-07-08,2990.1426,3044.8949,2740.4004
AMZN,2022-07-11,2995.1045,3041.1759,2743.7767
AMZN,2022-07-12,3086.7753,3038.7972,2748.0301
AMZN,2022-07-13,3024.9272,3037.4724,2751.6346
AMZN,2022-07-14,2956.3276,3035.504,2755.0871
AMZN,2022-07-15,2925.5748,3031.3973,2758.0531
AMZN,2022-07-18,2902.4333,3026.8657,2760.7125
AMZN,2022-07-19,2979.6224,3025.3579,2763.6722
AMZN,2022-07-20,3001.5603,3025.1513,2766.742
AMZN,2022-07-21,2954.2966,3024.8605,2769.3789
AMZN,2022-07-22,2957.5898,3024.6348,2772.2683
AMZN,2022-07-25,2932.3527,3024.936,2774.6656
AMZN,2022-07-26,2883.3474,3022.3451,2776.7684
AMZN,2022-07-27,2880.7822,3019.373,2778.4347
AMZN,2022-07-28,2871.1766,3017.9936,2780.0762
AMZN,2022-07-29,2825.565,3013.6235,2781.4386
AMZN,2022-08-01,2780.0229,3008.3512,2782.4876
AMZN,2022-08-02,2832.8617,3003.3992,2783.6253
AMZN,2022-08-03,2861.9148,2998.5564,2784.3658
AMZN,2022-08-04,2924.621,2994.3393,2785.5387
AMZN,2022-08-05,2908.9053,2990.2269,2786.6592
AMZN,2022-08-08,2842.4392,2984.2749,2787.4413
AMZN,2022-08-09,2809.1368,2977.8087,2788.7143
AMZN,2022-08-10,2875.9857,2972.1225,2790.4659
AMZN,2022-08-11,2778.6853,2964.6939,2791.8558
AMZN,2022-08-12,2871.1104,2959.4611,2792.9475
AMZN,2022-08-15,2804.1212,2954.8233,2793.6169
AMZN,2022-08-16,2855.2188,2951.1616,2794.384
AMZN,2022-08-17,2794.1209,2945.9233,2795.2646
AMZN,2022-08-18,2760.0902,2937.4061,2795.9818
AMZN,2022-08-19,2639.972,2925.7536,2795.814
AMZN,2022-08-22,2752.4978,2917.3181,2795.4339
AMZN,2022-08-23,2790.0254,2910.9837,2795.4411
AMZN,2022-08-24,2831.7375,2905.0619,2796.1923
AMZN,2022-08-25,2803.565,2899.5423,2797.0185
AMZN,2022-08-26,2749.004,2893.6457,2797.7831
AMZN,2022-08-29,2798.9032,2889.691,2799.0023
AMZN,2022-08-30,2728.0014,2884.6993,2799.5975
AMZN,2022-08-31,2720.3282,2878.5271,2800.0439
AMZN,2022-09-01,2648.6354,2873.471,2800.444
AMZN,2022-09-02,2658.19,2866.8738,2800.473
AMZN,2022-09-05,2550.3983,2858.3375,2799.3858
AMZN,2022-09-06,2470.6318,2848.9815,2798.3988
AMZN,2022-09-07,2426.3419,2837.5261,2796.8276
AMZN,2022-09-08,2461.5883,2826.9958,2795.472
AMZN,2022-09-09,2435.0332,2817.2474,2794.2529
AMZN,2022-09-12,2490.5779,2810.4893,2793.7231
AMZN,2022-09-13,2576.5985,2804.5277,2793.7413
AMZN,2022-09-14,2561.3468,2797.2392,2793.8193
AMZN,2022-09-15,2481.3545,2788.8309,2793.4449
AMZN,2022-09-16,2536.9533,2779.7671,2792.7175
AMZN,2022-09-19,2454.3049,2768.9511,2791.7146
AMZN,2022-09-20,2408.0001,2755.3756,2790.8745
AMZN,2022-09-21,2321.375,2741.3045,2789.6835
AMZN,2022-09-22,2373.2576,2729.6431,2788.4431
AMZN,2022-09-23,2405.4689,2719.241,2787.4239
AMZN,2022-09-26,2495.0101,2711.0926,2786.6521
AMZN,2022-09-27,2473.0002,2700.9601,2785.709
AMZN,2022-09-28,2430.5879,2689.5407,2784.5243
AMZN,2022-09-29,2404.7122,2678.549,2782.7232
AMZN,2022-09-30,2337.1061,2666.1393,2780.8643
AMZN,2022-10-03,2413.9884,2655.772,2779.6855
AMZN,2022-10-04,2602.8218,2650.1615,2779.7024
AMZN,2022-10-05,2563.8388,2643.8226,2779.4137
AMZN,2022-10-06,2599.8181,2638.3955,2779.2781
AMZN,2022-10-07,2593.1707,2633.7476,2778.8904
AMZN,2022-10-10,2620.8242,2630.5636,2778.6517
AMZN,2022-10-11,2685.1083,2627.6085,2778.7804
AMZN,2022-10-12,2620.5555,2622.7814,2778.4777
AMZN,2022-10-13,2595.3008,2616.195,2777.5259
AMZN,2022-10-14,2667.3823,2611.3645,2777.275
AMZN,2022-10-17,2699.8181,2608.5121,2777.4477
AMZN,2022-10-18,2721.734,2606.764,2777.7062
AMZN,2022-10-19,2754.8822,2604.3419,2777.5066
AMZN,2022-10-20,2794.4785,2604.6578,2777.8193
AMZN,2022-10-21,2869.2189,2604.62,2778.4969
AMZN,2022-10-24,2919.8348,2606.9343,2779.6779
AMZN,2022-10-25,2919.1039,2608.212,2780.7251
AMZN,2022-10-26,2944.4689,2611.2189,2782.4906
AMZN,2022-10-27,2942.648,2614.8701,2784.5288
AMZN,2022-10-28,2897.1485,2620.0136,2785.9657
AMZN,2022-10-31,2896.3657,2622.891,2787.3848
AMZN,2022-11-01,2891.616,2624.9228,2788.9818
AMZN,2022-11-02,2787.7761,2624.0435,2790.0615
AMZN,2022-11-03,2838.2791,2624.7378,2791.4005
AMZN,2022-11-04,2900.5183,2627.7681,2792.8794
AMZN,2022-11-07,2938.0537,2630.5511,2795.1179
AMZN,2022-11-08,2998.5276,2635.9616,2797.9295
AMZN,2022-11-09,2989.5144,2641.3454,2800.9395
AMZN,2022-11-10,2958.3887,2647.5404,2803.6165
AMZN,2022-11-11,3023.5578,2654.8478,2806.6105
AMZN,2022-11-14,2956.3585,2662.967,2808.8664
AMZN,2022-11-15,2888.4449,2671.3233,2810.5406
AMZN,2022-11-16,2919.659,2681.1896,2812.4568
AMZN,2022-11-17,2949.4298,2690.9464,2814.5247
AMZN,2022-11-18,3013.1501,2702.5088,2816.533
AMZN,2022-11-21,2904.1549,2710.7803,2817.5655
AMZN,2022-11-22,2900.4197,2717.2567,2818.5959
AMZN,2022-11-23,2831.4849,2722.6595,2819.5597
AMZN,2022-11-24,2887.8919,2730.7902,2821.3918
AMZN,2022-11-25,2976.6582,2739.5843,2824.2279
AMZN,2022-11-28,3012.5666,2750.7496,2827.107
AMZN,2022-11-29,2978.325,2762.1561,2829.6821
AMZN,2022-11-30,2932.116,2774.3709,2832.1978
AMZN,2022-12-01,2908.1364,2785.0685,2834.2291
AMZN,2022-12-02,2857.181,2794.1027,2836.0518
AMZN,2022-12-05,2849.6397,2801.1953,2837.9867
AMZN,2022-12-06,2805.2863,2807.841,2839.3668
AMZN,2022-12-07,2723.4819,2813.6989,2840.0337
AMZN,2022-12-08,2748.8199,2820.5811,2840.8308
AMZN,2022-12-09,2779.1185,2829.4213,2841.6194
AMZN,2022-12-12,2887.7295,2838.8961,2842.7523
AMZN,2022-12-13,2862.764,2844.095,2843.0944
AMZN,2022-12-14,2748.2945,2847.7841,2842.8924
AMZN,2022-12-15,2800.5737,2851.7992,2843.2981
AMZN,2022-12-16,2860.9321,2857.1544,2843.8047
AMZN,2022-12-19,2936.4292,2863.4665,2844.6579
AMZN,2022-12-20,3035.882,2870.482,2845.9621
AMZN,2022-12-21,3139.6864,2880.8646,2847.7827
AMZN,2022-12-22,3075.4619,2890.4678,2849.7491
AMZN,2022-12-23,3185.0088,2900.8204,2852.174
AMZN,2022-12-26,3164.8023,2910.1201,2854.5927
AMZN,2022-12-27,3223.8056,2920.1615,2857.3859
AMZN,2022-12-28,3245.1185,2929.9662,2860.3907
AMZN,2022-12-29,3179.0195,2937.657,2863.0649
AMZN,2022-12-30,3264.2315,2945.5573,2866.0775
AMZN,2023-01-02,3234.377,2951.8481,2868.9379
AMZN,2023-01-03,3372.6086,2960.9182,2872.1343
AMZN,2023-01-04,3319.2095,2968.413,2874.8218
AMZN,2023-01-05,3249.3294,2974.5467,2877.1703
AMZN,2023-01-06,3204.9669,2980.703,2879.5989
AMZN,2023-01-09,3315.2595,2989.0809,2882.3918
AMZN,2023-01-10,3205.4435,2995.3575,2884.7192
AMZN,2023-01-11,3273.4672,3005.0713,2887.4262
AMZN,2023-01-12,3411.3822,3016.5333,2891.2028
AMZN,2023-01-13,3401.6176,3026.5553,2894.7972
AMZN,2023-01-16,3375.1926,3035.2981,2897.4579
AMZN,2023-01-17,3384.0797,3043.0091,2900.3086
AMZN,2023-01-18,3304.2293,3049.3034,2902.5532
AMZN,2023-01-19,3505.9448,3060.2546,2905.396
AMZN,2023-01-20,3561.1945,3071.0073,2908.6709
AMZN,2023-01-23,3469.6518,3081.2732,2912.2326
AMZN,2023-01-24,3411.4093,3091.7325,2915.278
AMZN,2023-01-25,3427.8837,3101.8969,2918.3689
AMZN,2023-01-26,3334.33,3109.595,2920.8831
AMZN,2023-01-27,3228.3548,3113.899,2922.838
AMZN,2023-01-30,3252.1545,3120.859,2924.5317
AMZN,2023-01-31,3327.9814,3129.4103,2926.6233
AMZN,2023-02-01,3398.767,3140.7559,2928.3422
AMZN,2023-02-02,3397.2412,3150.9429,2929.8032
AMZN,2023-02-03,3379.6744,3159.0032,2930.8124
AMZN,2023-02-06,3386.4652,3166.4812,2931.8394
AMZN,2023-02-07,3464.364,3176.202,2933.1327
AMZN,2023-02-08,3372.6136,3185.0119,2934.5399
AMZN,2023-02-09,3318.1772,3193.2127,2935.8571
AMZN,2023-02-10,3293.5127,3201.9394,2936.6701
AMZN,2023-02-13,3278.8143,3210.5229,2937.4191
AMZN,2023-02-14,3277.7229,3219.9716,2938.5327
AMZN,2023-02-15,3278.7687,3231.0773,2939.8671
AMZN,2023-02-16,3330.7479,3242.7159,2941.6766
AMZN,2023-02-17,3206.5592,3251.2647,2942.865
AMZN,2023-02-20,3098.0042,3255.4702,2943.7686
AMZN,2023-02-21,3055.5512,3259.3259,2943.9819
AMZN,2023-02-22,3116.9919,3266.6999,2944.4199
AMZN,2023-02-23,3075.1766,3272.192,2945.0951
AMZN,2023-02-24,3075.0606,3276.4745,2945.25
AMZN,2023-02-27,3086.4386,3279.4747,2945.464
AMZN,2023-02-28,3110.7231,3280.9715,2945.6153
AMZN,2023-03-01,3222.698,3282.6318,2946.2085
AMZN,2023-03-02,3275.277,3286.6281,2946.9075
AMZN,2023-03-03,3351.0123,3289.9481,2948.09
AMZN,2023-03-06,3344.5593,3293.5433,2949.1126
AMZN,2023-03-07,3458.0011,3298.2272,2950.7404
AMZN,2023-03-08,3466.4727,3302.6543,2952.2712
AMZN,2023-03-09,3323.0893,3305.5357,2953.1361
AMZN,2023-03-10,3511.2259,3310.4756,2955.0285
AMZN,2023-03-13,3517.8554,3316.1451,2957.4377
AMZN,2023-03-14,3562.2771,3319.9385,2960.0576
AMZN,2023-03-15,3482.3502,3323.2013,2962.1891
AMZN,2023-03-16,3658.3689,3331.3821,2964.5512
AMZN,2023-03-17,3598.0637,3339.244,2966.4286
AMZN,2023-03-20,3570.7298,3344.3534,2968.4108
AMZN,2023-03-21,3455.3532,3349.3516,2970.1539
AMZN,2023-03-22,3486.2649,3353.6076,2971.9461
AMZN,2023-03-23,3467.7021,3354.734,2973.8869
AMZN,2023-03-24,3354.5819,3353.7933,2975.4406
AMZN,2023-03-27,3352.4969,3353.3394,2977.2199
AMZN,2023-03-28,3362.4286,3352.9063,2979.1441
AMZN,2023-03-29,3347.0361,3353.7625,2980.7346
AMZN,2023-03-30,3218.1172,3348.0059,2982.318
AMZN,2023-03-31,3241.629,3341.6146,2983.5859
AMZN,2023-04-03,3155.0211,3335.322,2984.4749
AMZN,2023-04-04,3220.281,3331.4994,2985.8842
AMZN,2023-04-05,3183.8496,3326.6188,2986.8078
AMZN,2023-04-06,3252.4585,3324.9813,2988.1296
AMZN,2023-04-07,3256.2939,3325.5401,2989.7988
AMZN,2023-04-10,3263.8242,3325.7735,2991.9755
AMZN,2023-04-11,3359.887,3326.4116,2994.4016
AMZN,2023-04-12,3302.8988,3324.4942,2996.2872
AMZN,2023-04-13,3226.8583,3321.0866,2997.9127
AMZN,2023-04-14,3269.4741,3318.8826,2999.3093
AMZN,2023-04-17,3178.8679,3314.7306,3000.2281
AMZN,2023-04-18,3126.0861,3307.9651,3000.4247
AMZN,2023-04-19,3021.7393,3300.9476,3000.4087
AMZN,2023-04-20,3102.1516,3296.6271,3001.1379
AMZN,2023-04-21,3036.9602,3291.496,3001.6948
AMZN,2023-04-24,2996.0646,3285.841,3002.1629
AMZN,2023-04-25,2914.5771,3278.5781,3001.8377
AMZN,2023-04-26,2892.4244,3270.8512,3001.292
AMZN,2023-04-27,2885.8268,3261.9528,3000.9497
AMZN,2023-04-28,2941.4145,3256.6499,3000.8688
AMZN,2023-05-01,2859.4013,3251.8779,3000.5041
AMZN,2023-05-02,2824.2172,3247.2512,3000.2084
AMZN,2023-05-03,2916.7434,3243.2462,3000.3882
AMZN,2023-05-04,2987.0581,3241.4838,3000.9676
AMZN,2023-05-05,2945.3064,3238.8888,3001.5663
AMZN,2023-05-08,2944.6504,3236.053,3002.3895
AMZN,2023-05-09,3077.9053,3235.3966,3003.6147
AMZN,2023-05-10,3000.5406,3230.9535,3004.3078
AMZN,2023-05-11,2878.5904,3223.0198,3004.0777
AMZN,2023-05-12,2847.2369,3212.9442,3003.7693
AMZN,2023-05-15,2844.4757,3202.9426,3003.7795
AMZN,2023-05-16,2797.0354,3189.7233,3003.719
AMZN,2023-05-17,2860.4157,3177.6021,3003.6411
AMZN,2023-05-18,2876.2275,3168.6649,3004.1288
AMZN,2023-05-19,2840.6168,3155.2527,3003.9764
AMZN,2023-05-22,2809.4977,3141.0855,3004.0033
AMZN,2023-05-23,2766.0446,3125.1609,3003.5574
AMZN,2023-05-24,2819.5585,3111.9051,3003.6846
AMZN,2023-05-25,2792.7589,3094.5929,3003.8479
AMZN,2023-05-26,2722.6259,3077.0841,3004.2612
AMZN,2023-05-29,2783.3989,3061.3375,3004.4157
AMZN,2023-05-30,2768.8907,3047.6082,3004.31
AMZN,2023-05-31,2689.4369,3031.6717,3003.5985
AMZN,2023-06-01,2795.3689,3018.225,3003.5575
AMZN,2023-06-02,2835.7131,3007.8476,3003.9911
AMZN,2023-06-05,2841.0712,2997.6191,3004.2019
AMZN,2023-06-06,2830.288,2986.9763,3004.7134
AMZN,2023-06-07,2815.291,2976.3414,3005.1882
AMZN,2023-06-08,2799.1142,2967.9614,3005.9406
AMZN,2023-06-09,2784.6977,2958.8227,3006.5731
AMZN,2023-06-12,2751.1131,2950.7446,3007.5767
AMZN,2023-06-13,2747.2352,2941.2836,3008.9597
AMZN,2023-06-14,2712.9194,2931.865,3010.3926
AMZN,2023-06-15,2728.6858,2921.3896,3011.7281
AMZN,2023-06-16,2729.6422,2910.8566,3013.2011
AMZN,2023-06-19,2690.1436,2899.3829,3014.1989
AMZN,2023-06-20,2687.3308,2885.9318,3014.7526
AMZN,2023-06-21,2722.0551,2874.3149,3015.5561
AMZN,2023-06-22,2592.1975,2861.6217,3016.1104
AMZN,2023-06-23,2627.7346,2848.7869,3016.5643
AMZN,2023-06-26,2559.856,2836.4067,3017.092
AMZN,2023-06-27,2536.2881,2824.6107,3017.7335
AMZN,2023-06-28,2384.9569,2811.8751,3018.0514
AMZN,2023-06-29,2416.9847,2798.1718,3018.27
AMZN,2023-06-30,2379.9231,2785.031,3018.1423
AMZN,2023-07-03,2355.885,2772.2274,3017.4467
AMZN,2023-07-04,2362.6488,2761.1889,3016.8949
AMZN,2023-07-05,2264.1498,2748.6234,3016.0627
AMZN,2023-07-06,2269.2189,2736.2912,3015.3852
AMZN,2023-07-07,2303.8836,2723.5406,3015.2191
AMZN,2023-07-10,2314.7578,2712.6477,3014.723
AMZN,2023-07-11,2296.7372,2702.0981,3013.1926
AMZN,2023-07-12,2300.8184,2689.7796,3011.8775
AMZN,2023-07-13,2298.9868,2676.0182,3010.3733
AMZN,2023-07-14,2339.7889,2663.9078,3009.1064
AMZN,2023-07-17,2407.5247,2653.1653,3008.0399
AMZN,2023-07-18,2387.8877,2639.365,3006.5538
AMZN,2023-07-19,2402.1927,2627.398,3005.462
AMZN,2023-07-20,2369.1498,2617.2092,3004.3312
AMZN,2023-07-21,2393.0932,2608.1263,3002.9598
AMZN,2023-07-24,2419.5936,2599.6287,3001.5586
AMZN,2023-07-25,2412.8056,2591.9441,3000.014
AMZN,2023-07-26,2442.6939,2583.5897,2998.4531
AMZN,2023-07-27,2444.9874,2574.9649,2996.7056
AMZN,2023-07-28,2444.5188,2567.0429,2994.5821
AMZN,2023-07-31,2399.6098,2558.8451,2991.981
AMZN,2023-08-01,2410.8168,2551.7406,2989.4396
AMZN,2023-08-02,2382.3605,2542.9966,2986.629
AMZN,2023-08-03,2430.5913,2535.7533,2984.0687
AMZN,2023-08-04,2387.894,2529.0586,2981.5225
AMZN,2023-08-07,2404.176,2521.4742,2979.0615
AMZN,2023-08-08,2392.4766,2513.9459,2976.5658
AMZN,2023-08-09,2408.6561,2508.3303,2974.6702
AMZN,2023-08-10,2407.6511,2500.5759,2972.5171
AMZN,2023-08-11,2366.6712,2491.1951,2969.8478
AMZN,2023-08-14,2426.5443,2482.9045,2967.2903
AMZN,2023-08-15,2381.6082,2473.9309,2964.2057
AMZN,2023-08-16,2417.6874,2465.9789,2961.3466
AMZN,2023-08-17,2330.8518,2456.6136,2958.2089
AMZN,2023-08-18,2318.0625,2447.2809,2954.6814
AMZN,2023-08-21,2399.6314,2440.2513,2951.8978
AMZN,2023-08-22,2387.1737,2433.0501,2949.3914
AMZN,2023-08-23,2394.3342,2426.6784,2946.7648
AMZN,2023-08-24,2482.6027,2421.7567,2944.4306
AMZN,2023-08-25,2476.9466,2416.7028,2941.7496
AMZN,2023-08-28,2493.2952,2412.7658,2939.6953
AMZN,2023-08-29,2528.9503,2409.5982,2937.838
AMZN,2023-08-30,2455.3099,2404.2633,2935.9571
AMZN,2023-08-31,2431.2767,2401.0449,2933.674
AMZN,2023-09-01,2440.3658,2397.2975,2930.9926
AMZN,2023-09-04,2358.0397,2393.2612,2927.7199
AMZN,2023-09-05,2432.4526,2391.1845,2924.9906
AMZN,2023-09-06,2475.5076,2392.9955,2922.7075
AMZN,2023-09-07,2511.0658,2394.8771,2920.7222
AMZN,2023-09-08,2587.4647,2399.0279,2919.3736
AMZN,2023-09-11,2631.3385,2404.537,2918.2821
AMZN,2023-09-12,2620.3086,2409.6902,2917.3572
AMZN,2023-09-13,2529.8818,2415.0048,2916.3892
AMZN,2023-09-14,2494.3329,2419.5071,2915.1168
AMZN,2023-09-15,2460.8551,2422.6466,2913.5254
AMZN,2023-09-18,2496.8251,2426.2879,2911.5709
AMZN,2023-09-19,2503.4545,2430.4223,2909.7744
AMZN,2023-09-20,2420.6212,2432.8183,2908.136
AMZN,2023-09-21,2469.3788,2436.2261,2906.48
AMZN,2023-09-22,2545.035,2440.3311,2904.9005
AMZN,2023-09-25,2631.4763,2444.8101,2903.3758
AMZN,2023-09-26,2568.9584,2448.4315,2901.0412
AMZN,2023-09-27,2589.4837,2452.1773,2898.2902
AMZN,2023-09-28,2534.8595,2455.4915,2895.5871
AMZN,2023-09-29,2647.8851,2460.5874,2892.9015
AMZN,2023-10-02,2651.9719,2465.2349,2890.3374
AMZN,2023-10-03,2632.6994,2469.6328,2887.3818
AMZN,2023-10-04,2602.9839,2472.8386,2884.1712
AMZN,2023-10-05,2624.5023,2476.4289,2881.3986
AMZN,2023-10-06,2656.8138,2480.6748,2878.3615
AMZN,2023-10-09,2564.233,2483.9673,2875.0108
AMZN,2023-10-10,2646.7313,2488.6856,2871.3814
AMZN,2023-10-11,2676.677,2494.5719,2868.1687
AMZN,2023-10-12,2762.3033,2501.2061,2865.7336
AMZN,2023-10-13,2870.9715,2510.8677,2864.0636
AMZN,2023-10-16,2867.1733,2520.1276,2861.8232
AMZN,2023-10-17,2924.3953,2530.766,2860.4179
AMZN,2023-10-18,2890.0128,2540.3931,2858.5007
AMZN,2023-10-19,2862.8476,2549.4971,2855.758
AMZN,2023-10-20,2966.4102,2561.4918,2853.582
AMZN,2023-10-23,2920.9967,2571.3809,2851.311
AMZN,2023-10-24,2936.2248,2582.4732,2849.0717
AMZN,2023-10-25,2880.5423,2591.7303,2846.9533
AMZN,2023-10-26,2841.67,2601.9467,2843.6319
AMZN,2023-10-27,2812.6387,2611.8382,2839.8891
AMZN,2023-10-30,2906.3492,2621.9726,2837.0726
AMZN,2023-10-31,2942.0108,2633.0693,2834.7256
AMZN,2023-11-01,2999.7309,2645.1772,2832.5848
AMZN,2023-11-02,2885.0838,2653.2269,2830.3386
AMZN,2023-11-03,2889.796,2661.4839,2828.6458
AMZN,2023-11-06,2868.0168,2668.9783,2826.7251
AMZN,2023-11-07,2901.8357,2676.436,2824.5944
AMZN,2023-11-08,3062.6192,2688.5822,2822.9137
AMZN,2023-11-09,2907.9015,2698.1147,2820.467
AMZN,2023-11-10,2936.1723,2708.0308,2818.2495
AMZN,2023-11-13,3085.1053,2722.5721,2816.7427
AMZN,2023-11-14,3053.2728,2734.9885,2814.6872
AMZN,2023-11-15,3066.0368,2746.7991,2813.1543
AMZN,2023-11-16,3114.8182,2758.8742,2812.1375
AMZN,2023-11-17,2972.8049,2766.581,2810.534
AMZN,2023-11-20,2992.8999,2773.8122,2809.1044
AMZN,2023-11-21,2943.5118,2780.2762,2807.4334
AMZN,2023-11-22,3082.1287,2791.3212,2806.4502
AMZN,2023-11-23,3070.7334,2802.8492,2805.1501
AMZN,2023-11-24,3025.641,2814.1449,2804.2455
AMZN,2023-11-27,3085.3265,2825.9149,2804.1821
AMZN,2023-11-28,3121.4112,2838.2741,2804.5114
AMZN,2023-11-29,3186.4479,2853.5906,2804.8587
AMZN,2023-11-30,3326.4169,2870.7314,2806.1149
AMZN,2023-12-01,3286.6249,2885.5632,2807.1727
AMZN,2023-12-04,3416.547,2901.2646,2808.8233
AMZN,2023-12-05,3564.0313,2921.166,2811.0898
AMZN,2023-12-06,3507.1947,2939.5203,2812.5123
AMZN,2023-12-07,3458.6426,2957.9959,2813.4291
AMZN,2023-12-08,3465.2522,2974.3433,2814.0003
AMZN,2023-12-11,3453.0261,2990.3643,2814.5426
AMZN,2023-12-12,3588.7364,3009.4851,2815.1963
AMZN,2023-12-13,3524.0838,3027.9071,2815.4844
AMZN,2023-12-14,3546.2218,3046.3415,2816.6
AMZN,2023-12-15,3489.9012,3063.0032,2816.4934
AMZN,2023-12-18,3501.2952,3081.7445,2816.4106
AMZN,2023-12-19,3673.7797,3102.2854,2816.9681
AMZN,2023-12-20,3827.7737,3125.3074,2818.6952
AMZN,2023-12-21,3863.2048,3147.3254,2819.7194
AMZN,2023-12-22,3920.6219,3168.3184,2821.3322
AMZN,2023-12-25,3965.0312,3190.2756,2823.3037
AMZN,2023-12-26,3941.9641,3210.6269,2825.7368
AMZN,2023-12-27,4115.6759,3235.1402,2828.8838
AMZN,2023-12-28,4240.8532,3262.7003,2832.7496
AMZN,2023-12-29,4266.5262,3288.7026,2837.3093
AMZN,2024-01-01,4249.8641,3315.28,2841.7961
AMZN,2024-01-02,4239.3278,3341.342,2846.1806
AMZN,2024-01-03,4274.8202,3369.2276,2850.8196
AMZN,2024-01-04,4275.2278,3397.8988,2856.1051
AMZN,2024-01-05,4387.8057,3429.4021,2861.836
AMZN,2024-01-08,4438.2442,3460.04,2868.2521
AMZN,2024-01-09,4349.6649,3488.1931,2873.899
AMZN,2024-01-10,4244.7647,3513.0938,2879.2036
AMZN,2024-01-11,4342.2798,3542.2377,2884.6527
AMZN,2024-01-12,4236.6495,3569.1747,2889.5545
AMZN,2024-01-15,4207.8619,3595.9716,2894.2747
AMZN,2024-01-16,4170.8919,3621.3528,2898.3297
AMZN,2024-01-17,4062.0661,3641.3417,2902.1255
AMZN,2024-01-18,4093.4954,3665.0536,2906.4587
AMZN,2024-01-19,4085.8812,3688.0478,2910.5408
AMZN,2024-01-22,4032.3243,3706.9921,2914.808
AMZN,2024-01-23,4225.7006,3730.4407,2920.3061
AMZN,2024-01-24,4008.6563,3749.2931,2925.2407
AMZN,2024-01-25,3936.4872,3765.7265,2929.4124
AMZN,2024-01-26,3890.1227,3784.0728,2933.6782
AMZN,2024-01-29,3778.6219,3799.7873,2937.591
AMZN,2024-01-30,3974.9398,3820.4158,2942.8928
AMZN,2024-01-31,4180.4848,3842.383,2949.3331
AMZN,2024-02-01,4121.4472,3863.3972,2955.5112
AMZN,2024-02-02,4242.0448,3887.7253,2962.0143
AMZN,2024-02-05,4301.9396,3912.0576,2969.227
AMZN,2024-02-06,4465.7981,3938.9453,2977.4349
AMZN,2024-02-07,4459.1241,3964.3988,2985.1468
AMZN,2024-02-08,4505.6695,3987.9839,2992.7399
AMZN,2024-02-09,4651.2118,4015.2756,3001.2694
AMZN,2024-02-12,4785.2909,4042.6505,3010.4726
AMZN,2024-02-13,4805.4856,4067.4796,3019.1105
AMZN,2024-02-14,4710.7368,4091.5504,3027.6615
AMZN,2024-02-15,4636.1392,4115.1004,3036.4493
AMZN,2024-02-16,4454.7873,4134.8911,3044.487
AMZN,2024-02-19,4536.7232,4156.565,3052.9482
AMZN,2024-02-20,4561.953,4176.0293,3061.7728
AMZN,2024-02-21,4595.1277,4197.4502,3070.4464
AMZN,2024-02-22,4596.5671,4218.4571,3079.0481
AMZN,2024-02-23,4486.0353,4238.3798,3087.2752
AMZN,2024-02-26,4520.9851,4258.7736,3095.8326
AMZN,2024-02-27,4585.6988,4277.012,3104.9309
AMZN,2024-02-28,4502.6634,4290.5098,3113.3464
AMZN,2024-02-29,4503.7579,4303.3208,3121.9014
AMZN,2024-03-01,4443.6914,4313.7822,3130.5067
AMZN,2024-03-04,4426.4648,4323.0109,3138.7221
AMZN,2024-03-05,4320.7807,4330.5872,3146.4815
AMZN,2024-03-06,4299.0366,4334.2544,3154.5295
AMZN,2024-03-07,4459.9586,4338.6365,3162.8525
AMZN,2024-03-08,4414.7067,4341.6002,3170.7474
AMZN,2024-03-11,4352.7012,4343.6569,3178.3056
AMZN,2024-03-12,4297.5129,4344.8206,3185.6417
AMZN,2024-03-13,4283.244,4344.9891,3192.9815
AMZN,2024-03-14,4459.7633,4348.6798,3201.2847
AMZN,2024-03-15,4604.1428,4353.0065,3210.3819
AMZN,2024-03-18,4593.5927,4356.1135,3219.5943
AMZN,2024-03-19,4532.8807,4359.7778,3228.5226
AMZN,2024-03-20,4364.0466,4362.1635,3236.7782
AMZN,2024-03-21,4280.9509,4360.9369,3244.5395
AMZN,2024-03-22,4102.1394,4358.2467,3251.402
AMZN,2024-03-25,4173.2485,4357.5544,3258.8175
AMZN,2024-03-26,4301.6947,4360.1705,3266.8894
AMZN,2024-03-27,4269.9582,4364.3283,3274.6289
AMZN,2024-03-28,4309.9926,4368.6583,3283.2178
AMZN,2024-03-29,4211.3966,4371.1686,3291.1362
AMZN,2024-04-01,4038.575,4371.2936,3298.5298
AMZN,2024-04-02,4047.047,4367.7205,3306.0835
AMZN,2024-04-03,4084.9416,4369.2462,3314.5835
AMZN,2024-04-04,4245.0117,4375.4167,3323.7236
AMZN,2024-04-05,4446.4301,4386.5428,3334.0561
AMZN,2024-04-08,4423.0423,4399.4313,3344.3919
AMZN,2024-04-09,4516.8103,4410.2687,3355.1627
AMZN,2024-04-10,4552.2481,4417.7039,3366.6032
AMZN,2024-04-11,4556.4295,4426.4036,3378.0393
AMZN,2024-04-12,4556.6198,4432.6951,3389.303
AMZN,2024-04-15,4546.0253,4437.5768,3400.4593
AMZN,2024-04-16,4539.7599,4439.056,3411.6744
AMZN,2024-04-17,4712.7287,4444.1281,3423.734
AMZN,2024-04-18,4739.1896,4448.7985,3435.935
AMZN,2024-04-19,4929.0124,4454.3545,3448.8811
AMZN,2024-04-22,4836.5461,4455.3796,3461.0262
AMZN,2024-04-23,4547.6609,4450.2231,3471.8251
AMZN,2024-04-24,4505.3934,4446.1163,3482.3411
AMZN,2024-04-25,4426.9467,4441.9324,3492.6301
AMZN,2024-04-26,4287.2601,4438.5819,3502.1009
AMZN,2024-04-29,4415.8156,4436.1637,3512.082
AMZN,2024-04-30,4291.3267,4430.7512,3521.4746
AMZN,2024-05-01,4350.5976,4425.8606,3531.0141
AMZN,2024-05-02,4552.1064,4424.9714,3541.5497
AMZN,2024-05-03,4442.0008,4424.0907,3551.5371
AMZN,2024-05-06,4423.279,4422.1366,3561.6555
AMZN,2024-05-07,4561.1452,4421.6455,3572.4071
AMZN,2024-05-08,4523.4867,4422.062,3583.1128
AMZN,2024-05-09,4560.7161,4423.2011,3593.7634
AMZN,2024-05-10,4629.472,4426.9167,3604.9713
AMZN,2024-05-13,4651.2606,4431.4127,3616.2067
AMZN,2024-05-14,4609.5118,4437.1873,3627.2919
AMZN,2024-05-15,4534.7648,4441.9018,3637.9224
AMZN,2024-05-16,4430.461,4441.3119,3648.0365
AMZN,2024-05-17,4493.0133,4442.878,3658.6682
AMZN,2024-05-20,4432.1581,4444.4672,3668.6962
AMZN,2024-05-21,4554.5352,4449.6076,3679.5609
AMZN,2024-05-22,4721.0412,4458.3636,3691.0776
AMZN,2024-05-23,4606.1489,4461.2913,3702.4541
AMZN,2024-05-24,4685.796,4462.9243,3714.2928
AMZN,2024-05-27,4907.6746,4469.206,3726.833
AMZN,2024-05-28,4820.1736,4474.9518,3738.998
AMZN,2024-05-29,4953.7738,4486.7464,3751.7952
AMZN,2024-05-30,5019.8855,4501.5251,3764.4816
AMZN,2024-05-31,5131.7764,4522.1178,3777.7558
AMZN,2024-06-03,5051.2856,4539.6785,3790.5457
AMZN,2024-06-04,5272.5611,4559.0959,3804.2638
AMZN,2024-06-05,5199.7962,4577.6926,3817.9862
AMZN,2024-06-06,5278.3438,4597.0597,3832.2215
AMZN,2024-06-07,5275.5673,4618.3431,3846.3975
AMZN,2024-06-10,5342.995,4644.4315,3861.3223
AMZN,2024-06-11,5232.9336,4668.1492,3875.3247
AMZN,2024-06-12,5097.6481,4688.4033,3888.4354
AMZN,2024-06-13,5134.4656,4706.1924,3901.5524
AMZN,2024-06-14,5097.4818,4719.2134,3914.1025
AMZN,2024-06-17,5056.968,4731.892,3926.2307
AMZN,2024-06-18,5122.5239,4744.0062,3938.7417
AMZN,2024-06-19,4960.7691,4752.1766,3950.8962
AMZN,2024-06-20,5098.9677,4763.0274,3963.9194
AMZN,2024-06-21,5116.861,4774.2322,3977.1994
AMZN,2024-06-24,5208.1673,4787.4751,3990.7561
AMZN,2024-06-25,5273.6516,4802.1529,4004.6071
AMZN,2024-06-26,5346.4562,4814.8275,4019.2363
AMZN,2024-06-27,5211.5562,4824.2748,4032.9471
AMZN,2024-06-28,5351.7602,4832.7297,4046.9808
AMZN,2024-07-01,5388.7355,4843.7735,4060.7671
AMZN,2024-07-02,5337.2268,4859.5649,4074.6084
AMZN,2024-07-03,5327.1259,4875.9995,4088.2966
AMZN,2024-07-04,5374.4931,4894.9504,4102.4948
AMZN,2024-07-05,5400.5781,4917.2168,4116.2582
AMZN,2024-07-08,5476.9151,4938.4388,4130.383
AMZN,2024-07-09,5685.1862,4966.316,4145.6454
AMZN,2024-07-10,5561.5467,4990.535,4160.4382
AMZN,2024-07-11,5659.2213,5012.6773,4175.6118
AMZN,2024-07-12,5650.752,5036.8523,4190.5815
AMZN,2024-07-15,5799.9392,5064.3855,4206.76
AMZN,2024-07-16,6016.8127,5093.4988,4223.6104
AMZN,2024-07-17,6048.1341,5123.9918,4240.4677
AMZN,2024-07-18,6136.812,5155.5137,4257.3403
AMZN,2024-07-19,6309.0503,5189.1053,4274.5307
AMZN,2024-07-22,6455.0471,5225.181,4292.47
AMZN,2024-07-23,6642.1756,5265.8343,4311.0589
AMZN,2024-07-24,6604.3959,5307.2269,4329.6308
AMZN,2024-07-25,6535.2287,5349.3222,4347.9928
AMZN,2024-07-26,6379.0878,5387.0437,4365.0561
AMZN,2024-07-29,6357.189,5425.5444,4382.2371
AMZN,2024-07-30,6350.9133,5461.4719,4399.3105
AMZN,2024-07-31,6336.3353,5493.7778,4416.5895
AMZN,2024-08-01,6411.0383,5529.8756,4434.4363
AMZN,2024-08-02,6490.3459,5565.9666,4452.8249
AMZN,2024-08-05,6486.6183,5597.5455,4470.7262
AMZN,2024-08-06,6542.0787,5631.9836,4488.7266
AMZN,2024-08-07,6668.2071,5666.2722,4507.069
AMZN,2024-08-08,6557.4872,5697.0243,4525.431
AMZN,2024-08-09,6699.6221,5728.3812,4544.4801
AMZN,2024-08-12,6615.6618,5759.6687,4563.2183
AMZN,2024-08-13,6834.8644,5790.9148,4582.8835
AMZN,2024-08-14,6865.9198,5824.2372,4601.9
AMZN,2024-08-15,6881.6014,5856.3024,4621.7685
AMZN,2024-08-16,6621.0915,5883.2129,4640.1931
AMZN,2024-08-19,6723.6649,5910.8263,4658.3859
AMZN,2024-08-20,6743.6225,5941.04,4676.8376
AMZN,2024-08-21,6775.444,5974.596,4695.3846
AMZN,2024-08-22,6767.4256,6007.2552,4713.6477
AMZN,2024-08-23,6867.3142,6042.6518,4733.1202
AMZN,2024-08-26,6999.5165,6081.5028,4753.1533
AMZN,2024-08-27,7080.7571,6120.6674,4773.8395
AMZN,2024-08-28,7295.7174,6167.3664,4794.9075
AMZN,2024-08-29,7187.1632,6209.1303,4815.4896
AMZN,2024-08-30,7099.9908,6248.7929,4835.8614
AMZN,2024-09-02,7170.164,6288.0329,4856.2856
AMZN,2024-09-03,7281.868,6328.1972,4877.0879
AMZN,2024-09-04,7371.6941,6368.7019,4898.0141
AMZN,2024-09-05,7171.5962,6407.9027,4917.24
AMZN,2024-09-06,6990.0199,6440.6679,4935.757
AMZN,2024-09-09,6967.645,6472.2461,4953.5124
AMZN,2024-09-10,6703.9414,6499.5804,4969.212
AMZN,2024-09-11,6748.4707,6528.0073,4985.4184
AMZN,2024-09-12,6743.196,6555.3814,5001.8411
AMZN,2024-09-13,6614.3402,6579.6566,5017.5866
AMZN,2024-09-16,6540.0403,6600.9191,5033.0217
AMZN,2024-09-17,6561.5749,6618.4469,5047.8858
AMZN,2024-09-18,6354.5405,6634.3068,5062.0381
AMZN,2024-09-19,6276.0069,6646.6425,5075.6871
AMZN,2024-09-20,6245.0852,6658.5291,5089.463
AMZN,2024-09-23,6209.3291,6666.7169,5103.0031
AMZN,2024-09-24,6177.691,6669.9345,5115.5227
AMZN,2024-09-25,6371.1307,6676.3944,5128.2395
AMZN,2024-09-26,6511.4272,6683.8867,5141.4806
AMZN,2024-09-27,6425.3231,6686.2122,5154.0041
AMZN,2024-09-30,6285.5099,6682.8215,5165.6065
AMZN,2024-10-01,6233.8961,6674.6559,5177.0662
AMZN,2024-10-02,6410.4272,6670.7765,5188.5399
AMZN,2024-10-03,6122.0144,6662.5122,5197.9457
AMZN,2024-10-04,6138.6335,6657.7031,5207.3063
AMZN,2024-10-07,6102.3764,6652.6069,5216.5688
AMZN,2024-10-08,6271.201,6651.0126,5226.7282
AMZN,2024-10-09,6413.9045,6652.564,5237.4236
AMZN,2024-10-10,6215.0071,6648.6434,5247.1225
AMZN,2024-10-11,6386.7059,6646.5706,5257.117
AMZN,2024-10-14,6071.6599,6638.2714,5265.2841
AMZN,2024-10-15,6159.5241,6630.6203,5274.3334
AMZN,2024-10-16,6261.0402,6622.477,5284.4148
AMZN,2024-10-17,6503.6843,6621.4009,5295.2218
AMZN,2024-10-18,6542.0422,6618.2493,5306.7487
AMZN,2024-10-21,6452.5029,6614.9861,5317.9719
AMZN,2024-10-22,6316.1121,6604.6111,5328.698
AMZN,2024-10-23,6528.4327,6597.8614,5341.0299
AMZN,2024-10-24,6783.2256,6595.8938,5354.4785
AMZN,2024-10-25,6722.3168,6597.9183,5367.6607
AMZN,2024-10-28,6731.4471,6598.074,5381.1563
AMZN,2024-10-29,6942.8772,6602.0591,5394.7422
AMZN,2024-10-30,7067.7395,6607.905,5410.0376
GOOGL,2020-01-02,1350.0,1350.0,1350.0
GOOGL,2020-01-03,1371.7729,1360.8864,1360.8864
GOOGL,2020-01-06,1416.7738,1379.5156,1379.5156
GOOGL,2020-01-07,1424.5124,1390.7648,1390.7648
GOOGL,2020-01-08,1443.2591,1401.2636,1401.2636
GOOGL,2020-01-09,1453.2664,1409.9308,1409.9308
GOOGL,2020-01-10,1482.5116,1420.2995,1420.2995
GOOGL,2020-01-13,1470.6197,1426.5895,1426.5895
GOOGL,2020-01-14,1501.8554,1434.9524,1434.9524
GOOGL,2020-01-15,1534.7725,1444.9344,1444.9344
GOOGL,2020-01-16,1567.5825,1456.0842,1456.0842
GOOGL,2020-01-17,1549.2229,1463.8458,1463.8458
GOOGL,2020-01-20,1545.3751,1470.1173,1470.1173
GOOGL,2020-01-21,1553.4629,1476.0705,1476.0705
GOOGL,2020-01-22,1514.7866,1478.6516,1478.6516
GOOGL,2020-01-23,1562.2235,1483.8748,1483.8748
GOOGL,2020-01-24,1562.9461,1488.5261,1488.5261
GOOGL,2020-01-27,1572.4466,1493.1883,1493.1883
GOOGL,2020-01-28,1556.4738,1496.5191,1496.5191
GOOGL,2020-01-29,1518.984,1497.6424,1497.6424
GOOGL,2020-01-30,1502.7865,1497.8873,1497.8873
GOOGL,2020-01-31,1510.0731,1498.4412,1498.4412
GOOGL,2020-02-03,1530.4764,1499.8341,1499.8341
GOOGL,2020-02-04,1536.2296,1501.3506,1501.3506
GOOGL,2020-02-05,1547.403,1503.1927,1503.1927
GOOGL,2020-02-06,1538.6467,1504.5563,1504.5563
GOOGL,2020-02-07,1554.2233,1506.3958,1506.3958
GOOGL,2020-02-10,1599.5035,1509.7211,1509.7211
GOOGL,2020-02-11,1622.0763,1513.5954,1513.5954
GOOGL,2020-02-12,1648.2273,1518.0831,1518.0831
GOOGL,2020-02-13,1658.5623,1522.6147,1522.6147
GOOGL,2020-02-14,1613.2304,1525.4464,1525.4464
GOOGL,2020-02-17,1582.7926,1527.1842,1527.1842
GOOGL,2020-02-18,1597.5665,1529.2543,1529.2543
GOOGL,2020-02-19,1598.3459,1531.2283,1531.2283
GOOGL,2020-02-20,1612.8067,1533.4944,1533.4944
GOOGL,2020-02-21,1665.8772,1537.0723,1537.0723
GOOGL,2020-02-24,1690.0651,1541.0984,1541.0984
GOOGL,2020-02-25,1731.9574,1545.9922,1545.9922
GOOGL,2020-02-26,1736.2645,1550.7491,1550.7491
GOOGL,2020-02-27,1711.1668,1554.6617,1554.6617
GOOGL,2020-02-28,1710.484,1558.3717,1558.3717
GOOGL,2020-03-02,1685.8374,1561.3361,1561.3361
GOOGL,2020-03-03,1737.428,1565.3381,1565.3381
GOOGL,2020-03-04,1764.7999,1569.7706,1569.7706
GOOGL,2020-03-05,1783.4836,1574.4166,1574.4166
GOOGL,2020-03-06,1826.8992,1579.7885,1579.7885
GOOGL,2020-03-09,1759.6924,1583.5365,1583.5365
GOOGL,2020-03-10,1780.5962,1587.5582,1587.5582
GOOGL,2020-03-11,1738.2412,1590.5718,1590.5718
GOOGL,2020-03-12,1739.2103,1598.356,1593.4863
GOOGL,2020-03-13,1730.1963,1605.5245,1596.1153
GOOGL,2020-03-16,1753.1864,1612.2527,1599.0789
GOOGL,2020-03-17,1761.9863,1619.0022,1602.0957
GOOGL,2020-03-18,1808.6062,1626.3092,1605.8505
GOOGL,2020-03-19,1789.3925,1633.0317,1609.128
GOOGL,2020-03-20,1814.7934,1639.6773,1612.7362
GOOGL,2020-03-23,1821.6301,1646.6975,1616.3378
GOOGL,2020-03-24,1767.4223,1652.0089,1618.8986
GOOGL,2020-03-25,1738.2109,1656.0776,1620.8871
GOOGL,2020-03-26,1734.4986,1659.416,1622.7496
GOOGL,2020-03-27,1772.5748,1663.883,1625.1661
GOOGL,2020-03-30,1789.4193,1668.7639,1627.7733
GOOGL,2020-03-31,1751.5865,1672.7264,1629.7079
GOOGL,2020-04-01,1748.1615,1677.3938,1631.5302
GOOGL,2020-04-02,1817.373,1682.4968,1634.346
GOOGL,2020-04-03,1822.4621,1687.6872,1637.1538
GOOGL,2020-04-06,1812.4817,1692.4879,1639.7321
GOOGL,2020-04-07,1830.6744,1697.9719,1642.4994
GOOGL,2020-04-08,1858.5668,1704.7635,1645.5861
GOOGL,2020-04-09,1843.8934,1711.5857,1648.3791
GOOGL,2020-04-10,1862.7829,1718.6399,1651.357
GOOGL,2020-04-13,1852.5268,1725.0809,1654.1127
GOOGL,2020-04-14,1879.1866,1731.94,1657.1542
GOOGL,2020-04-15,1886.5323,1738.7226,1660.2126
GOOGL,2020-04-16,1905.1165,1746.052,1663.435
GOOGL,2020-04-17,1879.2831,1752.5532,1666.2383
GOOGL,2020-04-20,1851.6256,1757.5956,1668.615
GOOGL,2020-04-21,1886.3177,1762.8805,1671.3707
GOOGL,2020-04-22,1884.7979,1767.6119,1674.0386
GOOGL,2020-04-23,1896.2945,1772.3665,1676.7825
GOOGL,2020-04-24,1886.6558,1777.835,1679.3419
GOOGL,2020-04-27,1920.3061,1784.5853,1682.2451
GOOGL,2020-04-28,1899.6934,1790.6278,1684.8338
GOOGL,2020-04-29,1896.1478,1796.5839,1687.3198
GOOGL,2020-04-30,1925.8601,1802.8449,1690.0935
GOOGL,2020-05-01,1970.3952,1808.9353,1693.3154
GOOGL,2020-05-04,1952.3435,1814.1809,1696.2589
GOOGL,2020-05-05,2027.4106,1820.0899,1699.9797
GOOGL,2020-05-06,2040.8647,1826.1819,1703.7673
GOOGL,2020-05-07,2002.4242,1832.0071,1707.0493
GOOGL,2020-05-08,2017.8395,1838.1542,1710.4274
GOOGL,2020-05-11,2004.6788,1844.531,1713.5914
GOOGL,2020-05-12,2022.5951,1850.2344,1716.8787
GOOGL,2020-05-13,2022.3616,1855.3856,1720.0943
GOOGL,2020-05-14,2026.6092,1860.2481,1723.2872
GOOGL,2020-05-15,1993.3786,1863.5777,1726.0716
GOOGL,2020-05-18,2032.4375,1869.0326,1729.1978
GOOGL,2020-05-19,1989.8943,1873.2186,1731.8311
GOOGL,2020-05-20,1949.9862,1877.4535,1734.0126
GOOGL,2020-05-21,1964.935,1881.968,1736.299
GOOGL,2020-05-22,2026.7723,1887.8995,1739.1468
GOOGL,2020-05-25,2014.7107,1893.13,1741.8222
GOOGL,2020-05-26,2042.9956,1898.7501,1744.7181
GOOGL,2020-05-27,2086.3077,1904.3042,1747.9713
GOOGL,2020-05-28,2120.149,1910.9193,1751.4824
GOOGL,2020-05-29,2109.1806,1916.807,1754.8254
GOOGL,2020-06-01,2067.5723,1921.7259,1757.7212
GOOGL,2020-06-02,1984.468,1926.0668,1759.8014
GOOGL,2020-06-03,1976.0069,1930.8227,1761.7669
GOOGL,2020-06-04,2021.8972,1936.5707,1764.1104
GOOGL,2020-06-05,1980.7706,1940.7346,1766.0449
GOOGL,2020-06-08,2008.5502,1945.1172,1768.191
GOOGL,2020-06-09,1974.1766,1949.569,1769.9979
GOOGL,2020-06-10,1979.5121,1954.196,1771.8197
GOOGL,2020-06-11,2007.5616,1957.9998,1773.852
GOOGL,2020-06-12,1984.0734,1961.232,1775.6487
GOOGL,2020-06-15,1991.8589,1964.8196,1777.481
GOOGL,2020-06-16,1977.6678,1967.7595,1779.1633
GOOGL,2020-06-17,2005.591,1970.6999,1781.0502
GOOGL,2020-06-18,2015.9293,1974.1407,1782.9913
GOOGL,2020-06-19,2019.4852,1977.2747,1784.9298
GOOGL,2020-06-22,2081.2884,1981.8499,1787.3392
GOOGL,2020-06-23,2108.9664,1986.4455,1789.933
GOOGL,2020-06-24,2083.0767,1990.3764,1792.2781
GOOGL,2020-06-25,2081.1441,1993.897,1794.5707
GOOGL,2020-06-26,2079.6048,1997.9034,1796.8151
GOOGL,2020-06-29,2084.2107,2002.5551,1799.0604
GOOGL,2020-06-30,2187.5745,2008.5802,1802.0721
GOOGL,2020-07-01,2204.4902,2014.9741,1805.1676
GOOGL,2020-07-02,2122.7571,2019.5033,1807.592
GOOGL,2020-07-03,2102.5529,2023.8213,1809.8265
GOOGL,2020-07-06,2028.5644,2025.9864,1811.4712
GOOGL,2020-07-07,2017.3609,2028.3398,1813.0077
GOOGL,2020-07-08,1944.3505,2029.3039,1813.9806
GOOGL,2020-07-09,1913.9151,2029.065,1814.7154
GOOGL,2020-07-10,1860.986,2026.8768,1815.0531
GOOGL,2020-07-13,1875.848,2025.3469,1815.4937
GOOGL,2020-07-14,1877.1703,2022.3421,1815.9374
GOOGL,2020-07-15,1889.2603,2019.31,1816.4611
GOOGL,2020-07-16,1886.8409,2016.9983,1816.9603
GOOGL,2020-07-17,1839.0491,2013.4225,1817.1158
GOOGL,2020-07-20,1858.2733,2010.4944,1817.4036
GOOGL,2020-07-21,1928.3579,2008.6096,1818.1742
GOOGL,2020-07-22,1944.6785,2007.056,1819.0466
GOOGL,2020-07-23,1930.4283,2005.1324,1819.8095
GOOGL,2020-07-24,1880.3321,2002.8714,1820.2212
GOOGL,2020-07-27,1849.6233,1999.2151,1820.4199
GOOGL,2020-07-28,1866.823,1996.7537,1820.7313
GOOGL,2020-07-29,1906.3922,1995.8818,1821.3024
GOOGL,2020-07-30,1917.1446,1994.926,1821.9371
GOOGL,2020-07-31,1947.6973,1993.3445,1822.7645
GOOGL,2020-08-03,1975.2917,1992.5561,1823.7614
GOOGL,2020-08-04,1995.6766,1991.6098,1824.8777
GOOGL,2020-08-05,1972.3655,1989.3309,1825.8292
GOOGL,2020-08-06,1980.2337,1986.5326,1826.819
GOOGL,2020-08-07,1950.0919,1983.3508,1827.6042
GOOGL,2020-08-10,1952.0895,1981.0412,1828.3921
GOOGL,2020-08-11,1965.6982,1980.6658,1829.2556
GOOGL,2020-08-12,2030.4714,1981.7551,1830.5132
GOOGL,2020-08-13,1982.2069,1980.9613,1831.4554
GOOGL,2020-08-14,2001.7162,1981.3802,1832.5064
GOOGL,2020-08-17,2059.9714,1982.4086,1833.9019
GOOGL,2020-08-18,2091.1777,1984.7486,1835.4707
GOOGL,2020-08-19,2125.8315,1987.675,1837.2304
GOOGL,2020-08-20,2151.0667,1990.5451,1839.121
GOOGL,2020-08-21,2206.03,1994.9843,1841.3181
GOOGL,2020-08-24,2162.657,1998.4002,1843.2308
GOOGL,2020-08-25,2108.2126,2001.0111,1844.7987
GOOGL,2020-08-26,2109.4246,2003.0878,1846.3554
GOOGL,2020-08-27,2026.4136,2003.2975,1847.4083
GOOGL,2020-08-28,2075.5351,2004.4185,1848.7346
GOOGL,2020-08-31,2125.4484,2005.3017,1850.3341
GOOGL,2020-09-01,2109.5774,2005.3139,1851.8241
GOOGL,2020-09-02,2096.3028,2005.5784,1853.2211
GOOGL,2020-09-03,2094.8929,2005.8534,1854.5942
GOOGL,2020-09-04,2098.4101,2006.2295,1855.9717
GOOGL,2020-09-07,2104.9206,2006.6437,1857.3703
GOOGL,2020-09-08,2128.722,2005.4666,1858.8862
GOOGL,2020-09-09,2123.2627,2003.8421,1860.355
GOOGL,2020-09-10,2162.95,2004.646,1862.0268
GOOGL,2020-09-11,2182.7708,2006.2503,1863.7891
GOOGL,2020-09-14,2159.3754,2008.8665,1865.4043
GOOGL,2020-09-15,2216.0907,2012.8411,1867.3102
GOOGL,2020-09-16,2161.431,2017.1827,1868.9001
GOOGL,2020-09-17,2159.1685,2022.0878,1870.4607
GOOGL,2020-09-18,2200.5133,2028.8783,1872.2256
GOOGL,2020-09-21,2172.1562,2034.8045,1873.821
GOOGL,2020-09-22,2186.4185,2040.9895,1875.475
GOOGL,2020-09-23,2210.5191,2047.4147,1877.2384
GOOGL,2020-09-24,2176.3724,2053.2053,1878.8045
GOOGL,2020-09-25,2174.9033,2059.9224,1880.3467
GOOGL,2020-09-28,2169.9866,2066.1566,1881.8474
GOOGL,2020-09-29,2148.9699,2070.5689,1883.2243
GOOGL,2020-09-30,2246.0668,2076.5966,1885.0851
GOOGL,2020-10-01,2215.4459,2082.297,1886.7706
GOOGL,2020-10-02,2259.4909,2089.8802,1888.6626
GOOGL,2020-10-05,2244.3383,2097.7745,1890.4589
GOOGL,2020-10-06,2200.2471,2104.443,1892.0156
GOOGL,2020-10-07,2206.0578,2110.4363,1893.5858
GOOGL,2020-10-08,2234.837,2116.7901,1898.01
GOOGL,2020-10-09,2275.6341,2123.3488,1902.5293
GOOGL,2020-10-12,2345.4498,2130.752,1907.1727
GOOGL,2020-10-13,2481.4215,2140.4669,1912.4573
GOOGL,2020-10-14,2494.9291,2150.9182,1917.7156
GOOGL,2020-10-15,2465.5711,2160.6249,1922.7771
GOOGL,2020-10-16,2488.4908,2171.3929,1927.807
GOOGL,2020-10-19,2477.7229,2181.9056,1932.8425
GOOGL,2020-10-20,2523.214,2193.0559,1937.9493
GOOGL,2020-10-21,2463.8221,2201.7229,1942.5946
GOOGL,2020-10-22,2578.3911,2213.6466,1947.6486
GOOGL,2020-10-23,2622.2634,2226.0575,1953.0138
GOOGL,2020-10-26,2541.8892,2235.6959,1957.9964
GOOGL,2020-10-27,2509.7989,2244.0683,1962.7781
GOOGL,2020-10-28,2550.5769,2252.5632,1967.957
GOOGL,2020-10-29,2609.7249,2261.7364,1973.1945
GOOGL,2020-10-30,2549.4974,2268.6057,1978.1273
GOOGL,2020-11-02,2585.8793,2277.0702,1983.1945
GOOGL,2020-11-03,2494.1769,2284.7895,1987.883
GOOGL,2020-11-04,2491.6993,2292.435,1992.7466
GOOGL,2020-11-05,2546.386,2302.8344,1997.9646
GOOGL,2020-11-06,2521.7343,2311.7584,2003.0229
GOOGL,2020-11-09,2452.6355,2318.3021,2007.6337
GOOGL,2020-11-10,2461.1305,2325.3332,2012.2582
GOOGL,2020-11-11,2434.8549,2332.1042,2016.6954
GOOGL,2020-11-12,2465.7083,2339.5205,2021.3307
GOOGL,2020-11-13,2426.482,2346.082,2025.692
GOOGL,2020-11-16,2392.9704,2351.843,2029.6594
GOOGL,2020-11-17,2304.8983,2355.3665,2033.0735
GOOGL,2020-11-18,2313.919,2359.1796,2036.4019
GOOGL,2020-11-19,2308.4961,2362.0905,2039.6516
GOOGL,2020-11-20,2258.797,2363.6111,2042.8794
GOOGL,2020-11-23,2268.6598,2365.7968,2046.3088
GOOGL,2020-11-24,2314.731,2367.7696,2049.8946
GOOGL,2020-11-25,2306.9218,2370.6794,2053.4375
GOOGL,2020-11-26,2320.2534,2373.9011,2056.9747
GOOGL,2020-11-27,2333.889,2376.5686,2060.3148
GOOGL,2020-11-30,2282.9551,2378.7846,2063.2792
GOOGL,2020-12-01,2375.0796,2382.5578,2066.4948
GOOGL,2020-12-02,2355.6747,2385.4609,2069.5919
GOOGL,2020-12-03,2386.7224,2389.6679,2072.9696
GOOGL,2020-12-04,2423.3535,2394.6369,2076.534
GOOGL,2020-12-07,2418.6479,2399.6101,2080.198
GOOGL,2020-12-08,2448.2426,2405.5956,2083.7521
GOOGL,2020-12-09,2461.3511,2409.9013,2087.2349
GOOGL,2020-12-10,2397.9495,2413.5514,2090.3072
GOOGL,2020-12-11,2384.5945,2416.0534,2093.0957
GOOGL,2020-12-14,2358.7868,2418.3424,2096.0911
GOOGL,2020-12-15,2339.9175,2421.1358,2098.8878
GOOGL,2020-12-16,2284.5448,2422.7055,2101.6193
GOOGL,2020-12-17,2335.3198,2424.7152,2104.5998
GOOGL,2020-12-18,2408.7745,2427.378,2107.9927
GOOGL,2020-12-21,2455.4132,2429.5773,2111.5038
GOOGL,2020-12-22,2516.8302,2430.2854,2115.2781
GOOGL,2020-12-23,2502.2284,2430.4314,2118.7462
GOOGL,2020-12-24,2474.039,2430.6008,2122.1694
GOOGL,2020-12-25,2439.5963,2429.6229,2125.2934
GOOGL,2020-12-28,2471.1872,2429.4922,2128.5412
GOOGL,2020-12-29,2483.5382,2428.6987,2132.1218
GOOGL,2020-12-30,2481.6392,2429.055,2135.8389
GOOGL,2020-12-31,2544.8959,2428.3851,2139.8909
GOOGL,2021-01-01,2566.2274,2427.2644,2143.8592
GOOGL,2021-01-04,2527.6302,2426.9792,2147.5502
GOOGL,2021-01-05,2497.0466,2426.7242,2151.2775
GOOGL,2021-01-06,2531.1951,2426.3365,2155.1927
GOOGL,2021-01-07,2583.3136,2425.8083,2159.0224
GOOGL,2021-01-08,2612.2009,2427.0624,2162.9711
GOOGL,2021-01-11,2709.4222,2429.5332,2167.4558
GOOGL,2021-01-12,2796.388,2435.5774,2172.2844
GOOGL,2021-01-13,2821.7516,2442.1785,2177.1003
GOOGL,2021-01-14,2779.3152,2446.8371,2181.7774
GOOGL,2021-01-15,2713.2375,2450.6671,2186.0297
GOOGL,2021-01-18,2695.318,2455.5208,2190.2436
GOOGL,2021-01-19,2735.8579,2461.0153,2194.527
GOOGL,2021-01-20,2833.9171,2468.9966,2199.2639
GOOGL,2021-01-21,2858.3465,2476.8493,2204.0301
GOOGL,2021-01-22,2924.2106,2486.8039,2209.2547
GOOGL,2021-01-25,2912.7077,2497.1987,2214.5601
GOOGL,2021-01-26,2949.2379,2510.0855,2219.8747
GOOGL,2021-01-27,2997.5678,2523.7584,2225.4386
GOOGL,2021-01-28,2889.504,2535.3786,2230.4046
GOOGL,2021-01-29,2869.0072,2547.5828,2235.3164
GOOGL,2021-02-01,2922.9931,2560.6695,2240.3298
GOOGL,2021-02-02,2940.2351,2573.1795,2245.5325
GOOGL,2021-02-03,2876.4934,2584.571,2250.4342
GOOGL,2021-02-04,2749.2865,2593.1516,2254.5514
GOOGL,2021-02-05,2732.244,2601.1187,2258.3606
GOOGL,2021-02-08,2730.4457,2610.0686,2262.2511
GOOGL,2021-02-09,2687.079,2616.3085,2265.5495
GOOGL,2021-02-10,2696.2266,2623.1196,2268.8263
GOOGL,2021-02-11,2724.0438,2629.866,2272.4344
GOOGL,2021-02-12,2760.7068,2636.6131,2276.1487
GOOGL,2021-02-15,2642.3231,2641.0866,2279.3369
GOOGL,2021-02-16,2579.2929,2643.7076,2282.1204
GOOGL,2021-02-17,2566.2685,2645.8059,2284.84
GOOGL,2021-02-18,2595.9704,2649.7663,2287.6868
GOOGL,2021-02-19,2621.9033,2654.5125,2290.8294
GOOGL,2021-02-22,2647.2264,2660.2813,2293.9033
GOOGL,2021-02-23,2629.9398,2666.0818,2297.1036
GOOGL,2021-02-24,2615.5221,2672.7013,2300.4312
GOOGL,2021-02-25,2581.5604,2677.6261,2303.5144
GOOGL,2021-02-26,2621.1312,2681.8733,2306.4862
GOOGL,2021-03-01,2577.7188,2684.3194,2309.3012
GOOGL,2021-03-02,2621.2818,2686.4084,2312.1926
GOOGL,2021-03-03,2633.4268,2689.0324,2314.9282
GOOGL,2021-03-04,2633.0138,2692.2119,2317.4925
GOOGL,2021-03-05,2602.3449,2695.4668,2319.9584
GOOGL,2021-03-08,2538.2885,2696.8089,2322.312
GOOGL,2021-03-09,2509.1524,2697.3211,2324.9354
GOOGL,2021-03-10,2495.2848,2697.5941,2327.5318
GOOGL,2021-03-11,2387.6915,2694.45,2329.3607
GOOGL,2021-03-12,2380.4553,2690.7345,2331.3592
GOOGL,2021-03-15,2424.0869,2688.6637,2333.4368
GOOGL,2021-03-16,2451.9136,2687.761,2335.8255
GOOGL,2021-03-17,2430.7159,2685.7514,2338.0815
GOOGL,2021-03-18,2434.563,2682.7764,2340.2166
GOOGL,2021-03-19,2410.782,2678.748,2342.3501
GOOGL,2021-03-22,2419.2485,2672.9446,2344.487
GOOGL,2021-03-23,2492.4264,2666.8653,2347.0608
GOOGL,2021-03-24,2540.2285,2661.2349,2349.734
GOOGL,2021-03-25,2567.1352,2656.9913,2352.4901
GOOGL,2021-03-26,2545.1011,2653.6285,2355.1181
GOOGL,2021-03-29,2583.2217,2651.3866,2357.6278
GOOGL,2021-03-30,2503.9082,2646.7476,2359.6025
GOOGL,2021-03-31,2493.7266,2639.9438,2361.6558
GOOGL,2021-04-01,2523.139,2633.2397,2363.8657
GOOGL,2021-04-02,2560.47,2625.9648,2366.2701
GOOGL,2021-04-05,2594.8921,2619.6085,2368.8235
GOOGL,2021-04-06,2611.2033,2612.8478,2370.9416
GOOGL,2021-04-07,2603.3699,2604.9639,2372.936
GOOGL,2021-04-08,2631.7998,2599.8098,2375.4812
GOOGL,2021-04-09,2586.6278,2594.1622,2377.9016
GOOGL,2021-04-12,2547.434,2586.651,2380.4959
GOOGL,2021-04-13,2552.1795,2578.8899,2383.17
GOOGL,2021-04-14,2562.3255,2572.6066,2386.2599
GOOGL,2021-04-15,2477.1503,2567.1638,2389.0761
GOOGL,2021-04-16,2500.285,2562.5246,2392.2726
GOOGL,2021-04-19,2538.8275,2558.6923,2395.5875
GOOGL,2021-04-20,2536.8832,2555.6884,2398.886
GOOGL,2021-04-21,2655.1573,2554.867,2402.7155
GOOGL,2021-04-22,2622.9302,2552.8447,2406.396
GOOGL,2021-04-23,2606.9022,2549.7686,2410.2352
GOOGL,2021-04-26,2589.3089,2548.7083,2413.8904
GOOGL,2021-04-27,2587.3796,2548.8701,2417.1855
GOOGL,2021-04-28,2573.1421,2549.0075,2420.3278
GOOGL,2021-04-29,2507.374,2547.2356,2423.2126
GOOGL,2021-04-30,2483.3331,2544.4642,2426.2276
GOOGL,2021-05-03,2480.4779,2541.1292,2429.3819
GOOGL,2021-05-04,2540.5066,2539.3406,2432.7503
GOOGL,2021-05-05,2650.3095,2540.0363,2436.4699
GOOGL,2021-05-06,2719.9377,2542.8039,2440.4838
GOOGL,2021-05-07,2682.2342,2544.0259,2444.1565
GOOGL,2021-05-10,2649.0339,2545.4522,2447.5252
GOOGL,2021-05-11,2642.9043,2545.8847,2450.7614
GOOGL,2021-05-12,2735.4552,2547.9252,2454.5768
GOOGL,2021-05-13,2728.8112,2549.8412,2458.3197
GOOGL,2021-05-14,2663.0524,2551.0553,2461.8845
GOOGL,2021-05-17,2639.7813,2553.0852,2465.323
GOOGL,2021-05-18,2679.6804,2556.4958,2468.8929
GOOGL,2021-05-19,2716.7345,2560.9248,2472.3242
GOOGL,2021-05-20,2708.3547,2567.338,2475.9549
GOOGL,2021-05-21,2745.4667,2574.6382,2479.6737
GOOGL,2021-05-24,2631.8489,2578.7935,2482.5331
GOOGL,2021-05-25,2638.8501,2582.5322,2485.2714
GOOGL,2021-05-26,2683.9863,2587.5976,2488.0622
GOOGL,2021-05-27,2643.9075,2591.7845,2490.5264
GOOGL,2021-05-28,2604.2561,2595.654,2492.5175
GOOGL,2021-05-31,2515.7449,2597.5839,2494.283
GOOGL,2021-06-01,2594.2815,2599.621,2496.7133
GOOGL,2021-06-02,2560.9913,2600.0363,2498.9711
GOOGL,2021-06-03,2574.4712,2600.183,2501.7114
GOOGL,2021-06-04,2605.8308,2601.3976,2504.3629
GOOGL,2021-06-07,2683.2303,2603.3978,2507.1518
GOOGL,2021-06-08,2677.2963,2606.8655,2509.9904
GOOGL,2021-06-09,2651.9829,2610.0307,2512.7688
GOOGL,2021-06-10,2662.5192,2612.8183,2515.607
GOOGL,2021-06-11,2729.8155,2616.2052,2518.764
GOOGL,2021-06-14,2722.9409,2618.7661,2521.8541
GOOGL,2021-06-15,2676.103,2620.0641,2524.591
GOOGL,2021-06-16,2601.1105,2620.019,2526.9802
GOOGL,2021-06-17,2543.5292,2618.2535,2528.8831
GOOGL,2021-06-18,2587.2162,2618.2653,2530.9053
GOOGL,2021-06-21,2573.3735,2618.7841,2532.9753
GOOGL,2021-06-22,2545.7647,2618.6558,2534.6237
GOOGL,2021-06-23,2513.2959,2617.6752,2536.383
GOOGL,2021-06-24,2519.0873,2618.514,2538.1826
GOOGL,2021-06-25,2509.4556,2618.6974,2539.7273
GOOGL,2021-06-28,2498.2702,2617.8862,2541.3579
GOOGL,2021-06-29,2564.5752,2618.4401,2543.2487
GOOGL,2021-06-30,2642.0445,2618.1778,2545.4063
GOOGL,2021-07-01,2564.6473,2617.0121,2547.3477
GOOGL,2021-07-02,2582.3667,2616.5214,2549.385
GOOGL,2021-07-05,2546.4989,2615.6652,2551.2676
GOOGL,2021-07-06,2536.3407,2614.6445,2553.2044
GOOGL,2021-07-07,2552.9809,2614.2412,2554.739
GOOGL,2021-07-08,2544.5048,2614.9838,2556.3843
GOOGL,2021-07-09,2557.3864,2616.4649,2557.8738
GOOGL,2021-07-12,2591.9181,2618.6937,2559.6117
GOOGL,2021-07-13,2608.1981,2620.0475,2561.6514
GOOGL,2021-07-14,2578.2993,2618.6073,2563.5126
GOOGL,2021-07-15,2549.5928,2615.2004,2565.0864
GOOGL,2021-07-16,2482.8826,2611.2134,2566.1227
GOOGL,2021-07-19,2444.8337,2607.1294,2566.6196
GOOGL,2021-07-20,2538.9514,2605.0504,2566.9072
GOOGL,2021-07-21,2502.9703,2600.4007,2566.9474
GOOGL,2021-07-22,2448.8532,2594.8015,2566.8638
GOOGL,2021-07-23,2465.4155,2590.8488,2566.7485
GOOGL,2021-07-26,2461.9879,2587.2929,2566.6698
GOOGL,2021-07-27,2454.6083,2582.7914,2566.3268
GOOGL,2021-07-28,2522.6,2578.9088,2566.6206
GOOGL,2021-07-29,2550.6853,2575.7554,2566.4821
GOOGL,2021-07-30,2527.0196,2571.3864,2566.0059
GOOGL,2021-08-02,2508.5708,2568.9209,2565.8393
GOOGL,2021-08-03,2486.5834,2565.8755,2565.7232
GOOGL,2021-08-04,2529.787,2562.7915,2565.6193
GOOGL,2021-08-05,2516.8449,2560.2503,2565.1549
GOOGL,2021-08-06,2434.6747,2556.8587,2564.5808
GOOGL,2021-08-09,2434.1422,2555.2266,2563.8221
GOOGL,2021-08-10,2366.0971,2550.6629,2563.1817
GOOGL,2021-08-11,2467.5218,2548.7935,2563.0608
GOOGL,2021-08-12,2424.5826,2545.7958,2562.4518
GOOGL,2021-08-13,2418.8564,2542.0563,2561.9374
GOOGL,2021-08-16,2432.3768,2537.0392,2561.8361
GOOGL,2021-08-17,2420.8245,2531.9098,2561.6346
GOOGL,2021-08-18,2409.2647,2527.0554,2561.5066
GOOGL,2021-08-19,2430.2346,2522.4097,2561.3292
GOOGL,2021-08-20,2503.0876,2517.8752,2561.7123
GOOGL,2021-08-23,2541.4227,2514.2448,2562.4545
GOOGL,2021-08-24,2615.2502,2513.0277,2564.0063
GOOGL,2021-08-25,2565.8119,2512.3218,2565.2658
GOOGL,2021-08-26,2583.04,2513.112,2566.6385
GOOGL,2021-08-27,2592.4291,2513.2162,2568.3066
GOOGL,2021-08-30,2611.5,2513.9788,2570.0208
GOOGL,2021-08-31,2682.1737,2516.7069,2571.8581
GOOGL,2021-09-01,2672.8611,2519.8982,2573.6877
GOOGL,2021-09-02,2654.2991,2522.6025,2575.358
GOOGL,2021-09-03,2683.0826,2526.075,2577.1039
GOOGL,2021-09-06,2596.2184,2528.034,2578.6703
GOOGL,2021-09-07,2586.419,2528.4709,2579.727
GOOGL,2021-09-08,2581.6601,2527.2632,2580.8569
GOOGL,2021-09-09,2538.9076,2526.7484,2581.6178
GOOGL,2021-09-10,2591.9355,2526.9398,2582.4607
GOOGL,2021-09-13,2542.1874,2526.8535,2583.0784
GOOGL,2021-09-14,2537.4296,2526.8753,2583.5244
GOOGL,2021-09-15,2553.2988,2526.8817,2583.9841
GOOGL,2021-09-16,2621.2687,2528.4169,2585.1007
GOOGL,2021-09-17,2622.5665,2529.7205,2586.2905
GOOGL,2021-09-20,2671.2312,2531.3068,2587.8528
GOOGL,2021-09-21,2708.7139,2533.3171,2589.6968
GOOGL,2021-09-22,2716.9271,2536.0897,2591.8587
GOOGL,2021-09-23,2663.4069,2538.366,2593.4991
GOOGL,2021-09-24,2593.97,2540.5877,2594.4251
GOOGL,2021-09-27,2601.0019,2543.7111,2595.153
GOOGL,2021-09-28,2576.2508,2544.4571,2595.4501
GOOGL,2021-09-29,2623.2185,2546.862,2596.0551
GOOGL,2021-09-30,2662.3037,2551.131,2596.9964
GOOGL,2021-10-01,2654.8746,2554.9202,2598.0728
GOOGL,2021-10-04,2599.2246,2557.6649,2598.713
GOOGL,2021-10-05,2626.2569,2561.0979,2599.4266
GOOGL,2021-10-06,2578.007,2562.2061,2599.9084
GOOGL,2021-10-07,2543.0838,2562.054,2599.8993
GOOGL,2021-10-08,2498.1805,2561.4772,2599.5591
GOOGL,2021-10-11,2493.3811,2561.1735,2599.3879
GOOGL,2021-10-12,2550.9062,2562.4599,2599.6572
GOOGL,2021-10-13,2552.4351,2562.9129,2599.7634
GOOGL,2021-10-14,2532.9034,2563.234,2599.5113
GOOGL,2021-10-15,2462.6285,2563.7931,2598.7635
GOOGL,2021-10-18,2490.1872,2564.914,2597.6673
GOOGL,2021-10-19,2455.4354,2566.7008,2595.9625
GOOGL,2021-10-20,2462.6042,2566.6024,2594.1668
GOOGL,2021-10-21,2447.8736,2567.0683,2592.5096
GOOGL,2021-10-22,2488.6845,2568.4648,2591.3868
GOOGL,2021-10-25,2483.0241,2569.4778,2590.3253
GOOGL,2021-10-26,2481.9835,2570.7009,2589.056
GOOGL,2021-10-27,2506.6125,2572.6479,2587.4194
GOOGL,2021-10-28,2610.2451,2576.2481,2586.1789
GOOGL,2021-10-29,2656.2853,2579.3121,2584.8393
GOOGL,2021-11-01,2653.6833,2581.5573,2583.5442
GOOGL,2021-11-02,2655.6872,2582.366,2582.0764
GOOGL,2021-11-03,2631.3026,2583.6758,2580.2451
GOOGL,2021-11-04,2586.2791,2583.7406,2578.729
GOOGL,2021-11-05,2561.1814,2583.1157,2577.1899
GOOGL,2021-11-08,2525.8328,2581.4023,2575.204
GOOGL,2021-11-09,2558.9904,2578.9386,2573.2978
GOOGL,2021-11-10,2509.4499,2575.6704,2571.4626
GOOGL,2021-11-11,2575.2672,2574.0898,2570.5925
GOOGL,2021-11-12,2613.9438,2572.707,2570.001
GOOGL,2021-11-15,2616.7733,2573.1181,2569.4326
GOOGL,2021-11-16,2618.6069,2573.7619,2569.0903
GOOGL,2021-11-17,2592.9735,2573.9881,2568.574
GOOGL,2021-11-18,2608.0527,2575.371,2567.9941
GOOGL,2021-11-19,2664.0867,2576.8141,2567.511
GOOGL,2021-11-22,2630.7457,2578.5852,2567.4531
GOOGL,2021-11-23,2557.3802,2578.9842,2567.3435
GOOGL,2021-11-24,2593.3939,2579.7861,2567.4791
GOOGL,2021-11-25,2611.1528,2579.5838,2567.5551
GOOGL,2021-11-26,2558.2322,2578.2971,2567.2367
GOOGL,2021-11-29,2524.7729,2575.368,2566.6244
GOOGL,2021-11-30,2485.8385,2570.9105,2565.9039
GOOGL,2021-12-01,2453.7368,2565.6467,2565.095
GOOGL,2021-12-02,2440.4672,2561.1879,2564.3895
GOOGL,2021-12-03,2429.8917,2557.9063,2563.4333
GOOGL,2021-12-06,2401.8572,2553.9234,2562.554
GOOGL,2021-12-07,2369.3337,2549.7851,2561.2943
GOOGL,2021-12-08,2360.7506,2544.5357,2559.9309
GOOGL,2021-12-09,2369.889,2538.6874,2558.6153
GOOGL,2021-12-10,2357.4019,2532.738,2557.3906
GOOGL,2021-12-13,2411.2645,2528.9788,2556.7554
GOOGL,2021-12-14,2436.2201,2525.178,2556.3908
GOOGL,2021-12-15,2365.7095,2520.9321,2555.7429
GOOGL,2021-12-16,2390.9002,2517.8884,2555.759
GOOGL,2021-12-17,2420.0982,2516.3267,2555.9572
GOOGL,2021-12-20,2401.9643,2514.4984,2555.8466
GOOGL,2021-12-21,2336.665,2510.2136,2555.2703
GOOGL,2021-12-22,2338.6448,2505.9378,2554.81
GOOGL,2021-12-23,2339.9285,2502.0783,2554.3368
GOOGL,2021-12-24,2292.4421,2498.6746,2553.7451
GOOGL,2021-12-27,2231.9746,2493.5103,2552.8087
GOOGL,2021-12-28,2229.8326,2488.9982,2551.4957
GOOGL,2021-12-29,2221.5746,2484.1777,2549.9025
GOOGL,2021-12-30,2205.6562,2479.3333,2548.0951
GOOGL,2021-12-31,2203.712,2473.6339,2546.3881
GOOGL,2022-01-03,2159.7601,2467.1686,2544.2708
GOOGL,2022-01-04,2143.5734,2460.4004,2542.4692
GOOGL,2022-01-05,2166.7917,2453.604,2540.8345
GOOGL,2022-01-06,2154.0035,2444.4791,2538.9888
GOOGL,2022-01-07,2088.4566,2433.1226,2536.6287
GOOGL,2022-01-10,2071.3214,2421.4753,2534.0109
GOOGL,2022-01-11,2031.2616,2408.9868,2531.1112
GOOGL,2022-01-12,2042.9604,2397.22,2528.3091
GOOGL,2022-01-13,2056.7352,2386.6291,2525.4338
GOOGL,2022-01-14,1994.6456,2375.2984,2522.4739
GOOGL,2022-01-17,2024.8687,2365.2791,2519.8611
GOOGL,2022-01-18,1984.1308,2353.7819,2517.0208
GOOGL,2022-01-19,2044.8842,2344.4906,2514.4336
GOOGL,2022-01-20,2044.4194,2333.8736,2512.27
GOOGL,2022-01-21,1998.2137,2321.559,2509.7596
GOOGL,2022-01-24,1956.9098,2308.3617,2506.85
GOOGL,2022-01-25,1971.1939,2295.4135,2504.0216
GOOGL,2022-01-26,1958.0302,2282.7146,2500.5359
GOOGL,2022-01-27,1955.8147,2269.6699,2497.2004
GOOGL,2022-01-28,2017.7438,2256.743,2494.2546
GOOGL,2022-01-31,1992.6391,2243.9809,2491.2712
GOOGL,2022-02-01,1996.2842,2232.759,2488.3157
GOOGL,2022-02-02,2051.9992,2221.9311,2485.71
GOOGL,2022-02-03,2063.9492,2210.987,2483.4929
GOOGL,2022-02-04,2003.6164,2199.8947,2481.0943
GOOGL,2022-02-07,2024.2497,2189.8842,2478.8132
GOOGL,2022-02-08,1981.6204,2179.7998,2476.0187
GOOGL,2022-02-09,2036.4243,2171.4536,2472.9493
GOOGL,2022-02-10,2006.3942,2162.7721,2469.3816
GOOGL,2022-02-11,2123.6835,2156.648,2466.5888
GOOGL,2022-02-14,2184.9159,2152.3091,2464.2683
GOOGL,2022-02-15,2153.7645,2147.9978,2461.8226
GOOGL,2022-02-16,2156.076,2143.9043,2458.9257
GOOGL,2022-02-17,2188.523,2140.2769,2456.2242
GOOGL,2022-02-18,2222.7188,2137.5833,2454.0226
GOOGL,2022-02-21,2242.9342,2134.2167,2452.0383
GOOGL,2022-02-22,2298.2385,2131.457,2450.1311
GOOGL,2022-02-23,2294.4967,2130.0328,2448.0199
GOOGL,2022-02-24,2280.233,2127.8194,2445.8793
GOOGL,2022-02-25,2266.9084,2124.7557,2443.4865
GOOGL,2022-02-28,2305.582,2122.828,2441.8552
GOOGL,2022-03-01,2323.1612,2122.5579,2440.2767
GOOGL,2022-03-02,2337.6077,2122.5372,2438.5448
GOOGL,2022-03-03,2374.6522,2123.2317,2437.1986
GOOGL,2022-03-04,2285.9557,2123.1019,2435.6071
GOOGL,2022-03-07,2300.9875,2124.4822,2434.5333
GOOGL,2022-03-08,2312.1166,2126.1279,2433.1225
GOOGL,2022-03-09,2387.8547,2129.4535,2432.2568
GOOGL,2022-03-10,2321.4737,2131.7698,2430.9918
GOOGL,2022-03-11,2392.4662,2135.5449,2429.925
GOOGL,2022-03-14,2397.5425,2140.3006,2428.4965
GOOGL,2022-03-15,2421.482,2145.8587,2427.2175
GOOGL,2022-03-16,2501.1386,2152.5457,2426.4632
GOOGL,2022-03-17,2529.5411,2160.0564,2425.7983
GOOGL,2022-03-18,2550.5234,2169.2978,2424.9019
GOOGL,2022-03-21,2564.0086,2179.1515,2424.1072
GOOGL,2022-03-22,2542.4533,2189.3753,2423.439
GOOGL,2022-03-23,2542.8501,2199.3731,2423.1477
GOOGL,2022-03-24,2510.44,2208.4472,2422.9822
GOOGL,2022-03-25,2510.069,2218.7557,2422.5965
GOOGL,2022-03-28,2403.3408,2226.3251,2421.7463
GOOGL,2022-03-29,2424.5896,2235.1343,2421.1404
GOOGL,2022-03-30,2420.6985,2242.6506,2420.6775
GOOGL,2022-03-31,2407.0379,2249.903,2420.1172
GOOGL,2022-04-01,2418.7343,2258.3134,2419.6636
GOOGL,2022-04-04,2355.7214,2266.2896,2418.9509
GOOGL,2022-04-05,2444.8927,2275.7636,2418.3524
GOOGL,2022-04-06,2441.8442,2285.4399,2417.3514
GOOGL,2022-04-07,2436.8149,2295.0599,2416.7123
GOOGL,2022-04-08,2394.4223,2302.5934,2415.7726
GOOGL,2022-04-11,2397.1702,2310.6841,2415.0259
GOOGL,2022-04-12,2462.5428,2320.0092,2414.6569
GOOGL,2022-04-13,2512.9715,2329.2287,2414.4569
GOOGL,2022-04-14,2555.6529,2339.0628,2414.5126
GOOGL,2022-04-15,2583.973,2350.6699,2414.6456
GOOGL,2022-04-18,2568.3066,2361.551,2414.5275
GOOGL,2022-04-19,2500.6125,2371.9309,2413.9896
GOOGL,2022-04-20,2492.8605,2381.0596,2413.5624
GOOGL,2022-04-21,2483.4973,2390.6017,2413.2319
GOOGL,2022-04-22,2534.9719,2398.8274,2413.4923
GOOGL,2022-04-25,2551.6084,2406.1613,2414.0262
GOOGL,2022-04-26,2632.3795,2415.7336,2414.4934
GOOGL,2022-04-27,2694.501,2426.5021,2415.451
GOOGL,2022-04-28,2673.2114,2436.1958,2416.5728
GOOGL,2022-04-29,2585.8395,2443.4583,2417.1749
GOOGL,2022-05-02,2656.2878,2451.7253,2418.1464
GOOGL,2022-05-03,2727.3051,2460.3067,2419.5099
GOOGL,2022-05-04,2659.6365,2467.6094,2420.1951
GOOGL,2022-05-05,2738.4878,2476.7745,2421.1341
GOOGL,2022-05-06,2760.2511,2486.6414,2422.3003
GOOGL,2022-05-09,2770.5691,2495.9411,2423.6103
GOOGL,2022-05-10,2858.4049,2506.646,2425.4694
GOOGL,2022-05-11,2934.0107,2518.5741,2427.4905
GOOGL,2022-05-12,2972.4121,2530.5293,2429.7683
GOOGL,2022-05-13,3001.1969,2544.8341,2432.6009
GOOGL,2022-05-16,3038.4709,2559.5838,2435.6226
GOOGL,2022-05-17,3017.6804,2573.695,2438.8805
GOOGL,2022-05-18,3016.6338,2586.2706,2441.626
GOOGL,2022-05-19,2967.6899,2599.1949,2444.3416
GOOGL,2022-05-20,2951.119,2610.368,2447.0029
GOOGL,2022-05-23,2932.7781,2621.0727,2449.5049
GOOGL,2022-05-24,2899.7903,2630.6389,2451.8997
GOOGL,2022-05-25,2909.3135,2638.8024,2454.4
GOOGL,2022-05-26,2893.5639,2646.0828,2456.7166
GOOGL,2022-05-27,2923.1878,2653.5361,2458.8171
GOOGL,2022-05-30,2836.8951,2658.9939,2460.2945
GOOGL,2022-05-31,2832.791,2664.8006,2461.3822
GOOGL,2022-06-01,2841.8151,2670.7799,2462.7622
GOOGL,2022-06-02,2827.1442,2677.114,2463.9827
GOOGL,2022-06-03,2819.9061,2683.3107,2465.1201
GOOGL,2022-06-06,2738.5805,2690.0155,2465.7555
GOOGL,2022-06-07,2759.0073,2696.7039,2466.1397
GOOGL,2022-06-08,2794.9214,2704.1883,2466.75
GOOGL,2022-06-09,2823.0713,2712.509,2467.5938
GOOGL,2022-06-10,2881.036,2721.755,2468.5836
GOOGL,2022-06-13,2894.0385,2732.5214,2470.0727
GOOGL,2022-06-14,2922.3661,2742.0709,2471.7524
GOOGL,2022-06-15,2933.0355,2751.8947,2473.5093
GOOGL,2022-06-16,2973.4587,2762.6276,2475.6821
GOOGL,2022-06-17,2888.1421,2772.5019,2477.1631
GOOGL,2022-06-20,2841.7521,2781.3936,2478.6609
GOOGL,2022-06-21,2930.3,2790.7487,2480.6253
GOOGL,2022-06-22,2799.1097,2796.4715,2481.8543
GOOGL,2022-06-23,2793.6437,2801.2313,2482.7162
GOOGL,2022-06-24,2858.2086,2806.716,2483.8944
GOOGL,2022-06-27,2855.1577,2812.453,2484.8141
GOOGL,2022-06-28,2835.356,2819.1479,2485.4473
GOOGL,2022-06-29,2844.2739,2826.1762,2486.084
GOOGL,2022-06-30,2827.319,2833.0526,2486.9036
GOOGL,2022-07-01,2830.933,2838.9718,2488.0884
GOOGL,2022-07-04,2796.5489,2843.8706,2489.0661
GOOGL,2022-07-05,2857.7441,2848.3779,2490.4736
GOOGL,2022-07-06,2937.6917,2853.2418,2492.0459
GOOGL,2022-07-07,2932.3312,2858.4242,2493.3961
GOOGL,2022-07-08,2858.48,2863.877,2494.4141
GOOGL,2022-07-11,2832.2877,2867.397,2495.5794
GOOGL,2022-07-12,2824.4175,2869.3392,2496.5702
GOOGL,2022-07-13,2853.5116,2873.2167,2497.9478
GOOGL,2022-07-14,2801.6125,2874.4792,2499.2404
GOOGL,2022-07-15,2763.1015,2874.5362,2500.565
GOOGL,2022-07-18,2791.8351,2874.9615,2502.0573
GOOGL,2022-07-19,2843.7888,2874.6692,2503.5217
GOOGL,2022-07-20,2812.5307,2872.2396,2504.8222
GOOGL,2022-07-21,2744.4582,2867.6805,2505.8799
GOOGL,2022-07-22,2922.2157,2866.1009,2508.1779
GOOGL,2022-07-25,2967.8555,2864.6886,2510.5662
GOOGL,2022-07-26,2954.9691,2863.4344,2513.0639
GOOGL,2022-07-27,3005.9864,2863.2214,2515.7808
GOOGL,2022-07-28,3001.008,2863.8878,2518.5465
GOOGL,2022-07-29,3052.712,2865.9196,2521.3666
GOOGL,2022-08-01,3064.0485,2868.5451,2524.2717
GOOGL,2022-08-02,3071.4704,2871.9787,2527.2192
GOOGL,2022-08-03,3067.0137,2875.1327,2530.0212
GOOGL,2022-08-04,2986.3319,2876.988,2531.9016
GOOGL,2022-08-05,3099.8907,2880.5221,2534.1196
GOOGL,2022-08-08,3047.3367,2884.7309,2536.0879
GOOGL,2022-08-09,2972.0751,2887.5166,2537.6698
GOOGL,2022-08-10,2962.1998,2889.9243,2539.3243
GOOGL,2022-08-11,2910.8831,2891.5991,2540.9473
GOOGL,2022-08-12,2910.0599,2893.4021,2542.6917
GOOGL,2022-08-15,2950.1783,2897.6341,2544.8135
GOOGL,2022-08-16,3008.2831,2902.6196,2547.0599
GOOGL,2022-08-17,3057.0822,2907.8628,2549.7981
GOOGL,2022-08-18,3041.5872,2912.2331,2552.1297
GOOGL,2022-08-19,3046.554,2915.5435,2554.2927
GOOGL,2022-08-22,3072.2609,2919.108,2556.5702
GOOGL,2022-08-23,2973.9443,2920.1395,2558.3469
GOOGL,2022-08-24,3008.2744,2921.6443,2560.4234
GOOGL,2022-08-25,2928.5889,2920.7469,2562.026
GOOGL,2022-08-26,3045.8319,2923.9007,2563.9348
GOOGL,2022-08-29,3024.7362,2927.5604,2565.9047
GOOGL,2022-08-30,3016.2807,2929.28,2568.1992
GOOGL,2022-08-31,2974.7883,2932.7936,2570.1062
GOOGL,2022-09-01,2941.6246,2935.7532,2571.7586
GOOGL,2022-09-02,3072.9339,2940.0477,2574.3321
GOOGL,2022-09-05,3130.2051,2945.5486,2577.3592
GOOGL,2022-09-06,3042.0019,2949.6816,2580.14
GOOGL,2022-09-07,3131.8917,2955.4339,2583.5308
GOOGL,2022-09-08,3205.544,2962.9984,2587.3562
GOOGL,2022-09-09,3190.7686,2970.1951,2591.1606
GOOGL,2022-09-12,3211.5456,2978.4951,2595.209
GOOGL,2022-09-13,3212.8691,2985.5976,2599.4267
GOOGL,2022-09-14,3337.2164,2993.5881,2604.309
GOOGL,2022-09-15,3289.656,3000.7345,2608.9079
GOOGL,2022-09-16,3301.0374,3009.5857,2613.626
GOOGL,2022-09-19,3276.7106,3018.4742,2617.9533
GOOGL,2022-09-20,3191.3773,3025.8134,2621.7291
GOOGL,2022-09-21,3328.6443,3035.316,2626.5437
GOOGL,2022-09-22,3257.4023,3044.4318,2630.8762
GOOGL,2022-09-23,3273.2538,3054.6348,2635.142
GOOGL,2022-09-26,3169.5284,3062.1887,2638.9798
GOOGL,2022-09-27,3147.8999,3068.2709,2643.036
GOOGL,2022-09-28,3175.3074,3075.5265,2647.2193
GOOGL,2022-09-29,3128.3724,3083.2048,2651.1616
GOOGL,2022-09-30,3165.4551,3088.0695,2655.5266
GOOGL,2022-10-03,3151.5894,3091.7442,2660.1247
GOOGL,2022-10-04,3223.6841,3097.1185,2665.094
GOOGL,2022-10-05,3310.0197,3103.1992,2670.5362
GOOGL,2022-10-06,3275.7936,3108.6949,2675.8869
GOOGL,2022-10-07,3282.8262,3113.2972,2681.2824
GOOGL,2022-10-10,3296.5159,3117.9465,2686.9662
GOOGL,2022-10-11,3337.644,3123.27,2692.9366
GOOGL,2022-10-12,3340.8705,3128.7471,2698.807
GOOGL,2022-10-13,3355.2306,3136.1251,2704.8131
GOOGL,2022-10-14,3342.1522,3140.9703,2711.0816
GOOGL,2022-10-17,3351.7656,3147.0589,2717.4838
GOOGL,2022-10-18,3437.3831,3156.3651,2724.5144
GOOGL,2022-10-19,3482.0275,3166.7616,2731.7097
GOOGL,2022-10-20,3530.9313,3179.1626,2739.0807
GOOGL,2022-10-21,3581.9984,3192.6014,2747.0175
GOOGL,2022-10-24,3574.0828,3205.0795,2754.7636
GOOGL,2022-10-25,3598.1805,3216.8774,2762.8338
GOOGL,2022-10-26,3527.5899,3226.2876,2770.2473
GOOGL,2022-10-27,3615.7075,3237.77,2778.1038
GOOGL,2022-10-28,3432.8437,3245.4958,2785.2769
GOOGL,2022-10-31,3429.5754,3252.642,2792.6402
GOOGL,2022-11-01,3506.7575,3263.2983,2800.3181
GOOGL,2022-11-02,3419.9009,3271.5308,2807.6274
GOOGL,2022-11-03,3448.2304,3281.9237,2815.0895
GOOGL,2022-11-04,3406.5169,3289.1374,2822.0334
GOOGL,2022-11-07,3385.207,3296.3468,2828.9962
GOOGL,2022-11-08,3448.6612,3304.9944,2836.2581
GOOGL,2022-11-09,3463.9982,3314.7786,2843.3181
GOOGL,2022-11-10,3335.6654,3322.6594,2849.6767
GOOGL,2022-11-11,3276.9527,3326.7398,2856.0433
GOOGL,2022-11-14,3340.2327,3330.9403,2862.6233
GOOGL,2022-11-15,3371.0327,3337.521,2869.5703
GOOGL,2022-11-16,3486.6809,3344.6167,2876.8216
GOOGL,2022-11-17,3601.8361,3352.5426,2884.7988
GOOGL,2022-11-18,3581.1013,3360.3492,2892.0859
GOOGL,2022-11-21,3757.1908,3371.2621,2899.9473
GOOGL,2022-11-22,3761.5407,3382.2356,2907.9862
GOOGL,2022-11-23,3696.2927,3389.4171,2915.6872
GOOGL,2022-11-24,3654.832,3396.7206,2923.0188
GOOGL,2022-11-25,3504.6704,3400.7933,2929.4285
GOOGL,2022-11-28,3615.249,3407.564,2936.2901
GOOGL,2022-11-29,3728.4527,3418.3056,2943.4412
GOOGL,2022-11-30,3660.122,3424.9351,2950.2693
GOOGL,2022-12-01,3646.9249,3432.7256,2957.1028
GOOGL,2022-12-02,3656.0582,3440.3816,2964.0485
GOOGL,2022-12-05,3592.7972,3448.847,2970.4846
GOOGL,2022-12-06,3477.9992,3455.449,2976.2588
GOOGL,2022-12-07,3466.6068,3461.275,2981.9038
GOOGL,2022-12-08,3448.0294,3467.6681,2987.2707
GOOGL,2022-12-09,3425.1903,3472.8628,2992.9668
GOOGL,2022-12-12,3442.0266,3478.6716,2998.672
GOOGL,2022-12-13,3538.7383,3484.9727,3004.8052
GOOGL,2022-12-14,3520.9709,3489.1917,3010.4707
GOOGL,2022-12-15,3534.7843,3494.3715,3016.5373
GOOGL,2022-12-16,3586.1647,3500.4383,3022.5058
GOOGL,2022-12-19,3626.4349,3507.0367,3028.6502
GOOGL,2022-12-20,3587.0602,3512.025,3034.4781
GOOGL,2022-12-21,3596.0959,3517.1295,3039.9529
GOOGL,2022-12-22,3636.0239,3522.7454,3045.4853
GOOGL,2022-12-23,3561.7834,3527.138,3050.5416
GOOGL,2022-12-26,3650.3916,3533.1105,3055.9735
GOOGL,2022-12-27,3753.1046,3539.4249,3062.0268
GOOGL,2022-12-28,3704.7603,3543.8796,3067.8364
GOOGL,2022-12-29,3720.9277,3547.6795,3073.8888
GOOGL,2022-12-30,3768.9837,3551.4192,3080.1834
GOOGL,2023-01-02,3732.9123,3554.5958,3086.8312
GOOGL,2023-01-03,3769.6599,3558.0254,3093.5566
GOOGL,2023-01-04,3783.935,3563.1523,3100.3728
GOOGL,2023-01-05,3682.964,3564.4974,3106.7524
GOOGL,2023-01-06,3717.6422,3570.1934,3113.2469
GOOGL,2023-01-09,3643.6771,3574.4754,3119.6867
GOOGL,2023-01-10,3711.5036,3578.5704,3126.0198
GOOGL,2023-01-11,3667.2674,3583.5177,3132.1469
GOOGL,2023-01-12,3658.6464,3587.726,3138.256
GOOGL,2023-01-13,3757.3778,3594.7432,3145.0708
GOOGL,2023-01-16,3795.4254,3602.9476,3152.0621
GOOGL,2023-01-17,3721.366,3608.4017,3158.3562
GOOGL,2023-01-18,3653.206,3612.1858,3164.0574
GOOGL,2023-01-19,3614.5733,3617.764,3169.352
GOOGL,2023-01-20,3644.1616,3625.1082,3174.6529
GOOGL,2023-01-23,3671.4696,3631.7329,3180.1687
GOOGL,2023-01-24,3615.9453,3636.6312,3185.7454
GOOGL,2023-01-25,3539.5145,3637.6878,3190.9787
GOOGL,2023-01-26,3560.872,3636.8686,3196.3655
GOOGL,2023-01-27,3551.1201,3636.2689,3201.4463
GOOGL,2023-01-30,3701.4516,3635.1542,3207.1955
GOOGL,2023-01-31,3706.586,3634.0551,3212.5665
GOOGL,2023-02-01,3838.5391,3636.9,3218.2867
GOOGL,2023-02-02,3757.1779,3638.9469,3223.7066
GOOGL,2023-02-03,3649.6513,3641.8465,3229.0256
GOOGL,2023-02-06,3575.691,3641.0554,3233.6226
GOOGL,2023-02-07,3659.4957,3639.6762,3238.2836
GOOGL,2023-02-08,3785.6098,3642.186,3243.9134
GOOGL,2023-02-09,3732.6545,3643.9006,3248.8843
GOOGL,2023-02-10,3702.8774,3644.837,3253.5974
GOOGL,2023-02-13,3624.4878,3645.4708,3257.867
GOOGL,2023-02-14,3504.9303,3646.0094,3261.0996
GOOGL,2023-02-15,3555.3083,3647.7834,3264.2061
GOOGL,2023-02-16,3572.8047,3650.2789,3267.2081
GOOGL,2023-02-17,3575.9954,3653.295,3270.0821
GOOGL,2023-02-20,3485.0397,3654.1553,3272.3149
GOOGL,2023-02-21,3597.2374,3655.3253,3275.2127
GOOGL,2023-02-22,3565.656,3656.219,3277.9578
GOOGL,2023-02-23,3604.2982,3657.6092,3281.1409
GOOGL,2023-02-24,3509.0063,3656.0661,3283.9303
GOOGL,2023-02-27,3498.8235,3653.5139,3286.7605
GOOGL,2023-02-28,3520.5867,3652.1844,3289.8645
GOOGL,2023-03-01,3544.8762,3651.16,3293.0423
GOOGL,2023-03-02,3557.7214,3649.5939,3296.3631
GOOGL,2023-03-03,3593.621,3650.2307,3299.7153
GOOGL,2023-03-06,3520.1019,3647.6249,3303.1313
GOOGL,2023-03-07,3535.7108,3643.277,3306.6459
GOOGL,2023-03-08,3545.7817,3640.0974,3310.1657
GOOGL,2023-03-09,3563.8138,3636.9552,3313.8491
GOOGL,2023-03-10,3571.1687,3632.9989,3317.6054
GOOGL,2023-03-13,3488.6886,3628.1144,3321.3559
GOOGL,2023-03-14,3405.2429,3620.8261,3324.5871
GOOGL,2023-03-15,3267.9569,3610.5065,3326.9523
GOOGL,2023-03-16,3321.1442,3603.2701,3329.4427
GOOGL,2023-03-17,3375.843,3596.4341,3331.9167
GOOGL,2023-03-20,3432.4734,3592.21,3334.6089
GOOGL,2023-03-21,3454.8303,3587.0766,3337.2712
GOOGL,2023-03-22,3320.6337,3580.1439,3339.2092
GOOGL,2023-03-23,3259.0869,3572.1527,3340.6373
GOOGL,2023-03-24,3271.8712,3562.4426,3342.556
GOOGL,2023-03-27,3282.5402,3552.1849,3344.7599
GOOGL,2023-03-28,3271.022,3543.178,3346.4635
GOOGL,2023-03-29,3296.195,3536.0378,3348.9489
GOOGL,2023-03-30,3299.2112,3529.7305,3351.4768
GOOGL,2023-03-31,3309.0469,3523.0282,3353.731
GOOGL,2023-04-03,3271.5944,3515.0307,3355.8132
GOOGL,2023-04-04,3335.1917,3509.4157,3358.3123
GOOGL,2023-04-05,3310.4489,3504.8344,3360.6432
GOOGL,2023-04-06,3230.4819,3498.2266,3362.659
GOOGL,2023-04-07,3185.9651,3490.9234,3364.4342
GOOGL,2023-04-10,3167.252,3480.2395,3366.2877
GOOGL,2023-04-11,3229.5527,3470.6988,3368.1467
GOOGL,2023-04-12,3229.2158,3458.5123,3369.6044
GOOGL,2023-04-13,3220.1112,3447.771,3371.0433
GOOGL,2023-04-14,3147.1989,3437.7219,3372.4869
GOOGL,2023-04-17,3196.4841,3430.1378,3374.3078
GOOGL,2023-04-18,3159.536,3420.1386,3375.9834
GOOGL,2023-04-19,3155.7598,3407.5416,3377.4947
GOOGL,2023-04-20,3247.536,3397.8392,3379.7243
GOOGL,2023-04-21,3281.1885,3389.4055,3382.3147
GOOGL,2023-04-24,3183.9707,3380.5951,3384.2754
GOOGL,2023-04-25,3081.3965,3372.1244,3385.4634
GOOGL,2023-04-26,3079.7918,3362.6141,3386.7997
GOOGL,2023-04-27,3012.1008,3351.4,3388.138
GOOGL,2023-04-28,3051.3637,3340.9074,3388.7837
GOOGL,2023-05-01,3055.9233,3332.3251,3389.224
GOOGL,2023-05-02,3067.619,3321.7327,3389.7873
GOOGL,2023-05-03,3029.0224,3311.0,3389.9025
GOOGL,2023-05-04,3132.5377,3301.5648,3390.5601
GOOGL,2023-05-05,3307.7158,3297.539,3391.8351
GOOGL,2023-05-08,3292.633,3293.4152,3392.9781
GOOGL,2023-05-09,3316.9769,3289.343,3394.2056
GOOGL,2023-05-10,3325.3976,3284.9534,3395.4975
GOOGL,2023-05-11,3311.4166,3280.0273,3397.1229
GOOGL,2023-05-12,3262.0175,3273.3953,3397.9336
GOOGL,2023-05-15,3198.0343,3266.9539,3398.6871
GOOGL,2023-05-16,3132.3077,3258.8859,3399.4882
GOOGL,2023-05-17,3158.5807,3251.1418,3400.4701
GOOGL,2023-05-18,3129.8851,3242.4633,3401.5651
GOOGL,2023-05-19,2983.1077,3230.702,3401.9304
GOOGL,2023-05-22,3010.3823,3221.1359,3402.2314
GOOGL,2023-05-23,3010.2961,3213.237,3402.2415
GOOGL,2023-05-24,3090.0356,3209.6786,3402.4062
GOOGL,2023-05-25,3114.0633,3205.5369,3402.7686
GOOGL,2023-05-26,3030.3513,3198.6271,3402.6876
GOOGL,2023-05-29,2907.3327,3188.1243,3401.863
GOOGL,2023-05-30,2870.0624,3176.4289,3401.3435
GOOGL,2023-05-31,2838.327,3166.7828,3400.4938
GOOGL,2023-06-01,2891.3782,3159.4286,3400.3078
GOOGL,2023-06-02,2892.9018,3151.8492,3399.5431
GOOGL,2023-06-05,2957.6032,3145.3505,3399.2074
GOOGL,2023-06-06,2886.4768,3137.6596,3398.5584
GOOGL,2023-06-07,2941.6566,3130.5688,3398.3928
GOOGL,2023-06-08,2984.0837,3124.2663,3398.6051
GOOGL,2023-06-09,2874.4063,3115.5735,3397.6124
GOOGL,2023-06-12,2949.2052,3109.1257,3396.7074
GOOGL,2023-06-13,2956.4711,3101.5513,3396.2798
GOOGL,2023-06-14,2980.5259,3094.9528,3395.5229
GOOGL,2023-06-15,2934.2421,3089.028,3394.1664
GOOGL,2023-06-16,3007.9042,3085.4668,3393.2521
GOOGL,2023-06-19,2943.2885,3080.9875,3391.9108
GOOGL,2023-06-20,2992.0148,3076.2368,3390.8065
GOOGL,2023-06-21,3040.8877,3072.4702,3389.3249
GOOGL,2023-06-22,2987.4909,3067.8178,3387.8141
GOOGL,2023-06-23,3103.7484,3066.9488,3386.8276
GOOGL,2023-06-26,3119.5242,3065.4096,3386.0417
GOOGL,2023-06-27,3160.5066,3065.429,3385.8873
GOOGL,2023-06-28,3072.7315,3063.7684,3384.6078
GOOGL,2023-06-29,3200.422,3062.8262,3384.3229
GOOGL,2023-06-30,3129.3809,3059.79,3383.6035
GOOGL,2023-07-03,3192.7996,3059.9666,3383.7199
GOOGL,2023-07-04,3135.5142,3061.0489,3383.6579
GOOGL,2023-07-05,3101.2022,3061.4771,3383.2874
GOOGL,2023-07-06,3149.9618,3064.2344,3383.3954
GOOGL,2023-07-07,3213.9596,3067.4863,3383.6379
GOOGL,2023-07-10,3139.844,3069.1647,3383.5792
GOOGL,2023-07-11,3207.4479,3071.9613,3383.498
GOOGL,2023-07-12,3273.6916,3076.8547,3383.3163
GOOGL,2023-07-13,3218.4088,3078.5721,3383.0294
GOOGL,2023-07-14,3319.4301,3078.8064,3383.2124
GOOGL,2023-07-17,3231.5294,3077.5843,3382.8875
GOOGL,2023-07-18,3195.8174,3075.1611,3382.1784
GOOGL,2023-07-19,3227.1185,3073.1955,3381.6096
GOOGL,2023-07-20,3177.6858,3070.5209,3380.7219
GOOGL,2023-07-21,3195.7869,3069.1963,3379.9901
GOOGL,2023-07-24,3212.61,3069.4878,3379.2943
GOOGL,2023-07-25,3203.4962,3070.9116,3378.1248
GOOGL,2023-07-26,3256.5492,3072.8709,3376.9975
GOOGL,2023-07-27,3244.778,3075.1688,3375.5667
GOOGL,2023-07-28,3261.2713,3080.7321,3373.9631
GOOGL,2023-07-31,3335.0172,3087.2248,3372.7677
GOOGL,2023-08-01,3387.5767,3094.7704,3371.7147
GOOGL,2023-08-02,3440.661,3101.7829,3371.2801
GOOGL,2023-08-03,3369.083,3106.8833,3370.0469
GOOGL,2023-08-04,3405.0264,3114.3768,3369.9079
GOOGL,2023-08-07,3351.2891,3123.2559,3369.5164
GOOGL,2023-08-08,3273.3799,3131.3223,3368.3495
GOOGL,2023-08-09,3271.2179,3139.9801,3367.6061
GOOGL,2023-08-10,3218.0232,3146.513,3366.4551
GOOGL,2023-08-11,3268.7347,3154.0296,3365.7662
GOOGL,2023-08-14,3321.7464,3161.3125,3365.4489
GOOGL,2023-08-15,3206.6567,3167.7161,3364.2388
GOOGL,2023-08-16,3159.0453,3172.0639,3362.7141
GOOGL,2023-08-17,3075.2215,3173.8866,3361.4119
GOOGL,2023-08-18,3050.5701,3177.4099,3360.2799
GOOGL,2023-08-21,3079.0619,3180.007,3358.9741
GOOGL,2023-08-22,3067.1248,3182.2201,3357.4546
GOOGL,2023-08-23,3035.2374,3183.3144,3355.1973
GOOGL,2023-08-24,3112.901,3186.8875,3352.7527
GOOGL,2023-08-25,2982.2911,3186.3753,3349.7586
GOOGL,2023-08-28,3054.9431,3188.6084,3346.2474
GOOGL,2023-08-29,3025.7813,3189.2837,3342.5686
GOOGL,2023-08-30,3023.417,3188.9343,3339.2042
GOOGL,2023-08-31,2995.5141,3189.0947,3335.9076
GOOGL,2023-09-01,3086.2852,3188.7455,3333.8157
GOOGL,2023-09-04,3017.4114,3186.7032,3330.8265
GOOGL,2023-09-05,3020.1773,3183.8966,3327.2851
GOOGL,2023-09-06,3052.551,3183.493,3324.2473
GOOGL,2023-09-07,2963.0732,3178.746,3320.828
GOOGL,2023-09-08,2914.03,3174.439,3317.1179
GOOGL,2023-09-11,2907.8999,3168.741,3313.6934
GOOGL,2023-09-12,2861.5664,3163.2621,3310.6112
GOOGL,2023-09-13,2819.7561,3157.6332,3307.377
GOOGL,2023-09-14,2803.1199,3150.6963,3304.1524
GOOGL,2023-09-15,2839.7142,3143.2114,3301.225
GOOGL,2023-09-18,2823.3415,3136.8814,3298.1316
GOOGL,2023-09-19,2883.4742,3130.4019,3294.8553
GOOGL,2023-09-20,2831.5789,3121.5596,3291.4083
GOOGL,2023-09-21,2767.2937,3112.5373,3287.5709
GOOGL,2023-09-22,2871.8855,3103.5864,3283.9995
GOOGL,2023-09-25,2838.3673,3095.7232,3280.0591
GOOGL,2023-09-26,2770.8372,3087.2236,3275.978
GOOGL,2023-09-27,2682.9642,3076.3405,3271.4124
GOOGL,2023-09-28,2739.9351,3067.5855,3266.9319
GOOGL,2023-09-29,2724.2104,3058.154,3262.7441
GOOGL,2023-10-02,2713.0634,3048.163,3258.0574
GOOGL,2023-10-03,2706.7921,3038.2289,3252.8259
GOOGL,2023-10-04,2761.0236,3028.3184,3248.1072
GOOGL,2023-10-05,2753.5834,3018.4945,3243.2704
GOOGL,2023-10-06,2880.3045,3010.8752,3238.8271
GOOGL,2023-10-09,2889.6007,3001.9669,3234.6105
GOOGL,2023-10-10,2950.2166,2993.2197,3230.5133
GOOGL,2023-10-11,2997.5361,2984.3572,3226.5813
GOOGL,2023-10-12,2997.553,2976.9266,3223.1542
GOOGL,2023-10-13,2966.5452,2968.157,3219.3987
GOOGL,2023-10-16,2987.2882,2960.8769,3216.1168
GOOGL,2023-10-17,3018.3201,2955.7757,3212.6509
GOOGL,2023-10-18,2987.9096,2950.1096,3209.2541
GOOGL,2023-10-19,2999.3991,2945.7371,3205.9579
GOOGL,2023-10-20,3072.4291,2941.811,3202.5331
GOOGL,2023-10-23,3197.2186,2939.3204,3199.5421
GOOGL,2023-10-24,3251.5174,2940.2176,3197.1928
GOOGL,2023-10-25,3370.3583,2944.4439,3195.7786
GOOGL,2023-10-26,3332.8222,2949.5959,3194.3698
GOOGL,2023-10-27,3379.6705,2956.1779,3193.0474
GOOGL,2023-10-30,3468.6598,2963.9699,3192.0333
GOOGL,2023-10-31,3412.7678,2970.8827,3191.0174
GOOGL,2023-11-01,3383.942,2977.8568,3190.2396
GOOGL,2023-11-02,3499.3564,2985.5859,3189.932
GOOGL,2023-11-03,3437.8486,2994.6971,3189.3656
GOOGL,2023-11-06,3354.1398,3000.681,3187.6291
GOOGL,2023-11-07,3454.8046,3009.2615,3186.3702
GOOGL,2023-11-08,3536.2861,3019.5189,3184.8589
GOOGL,2023-11-09,3567.7595,3030.9638,3183.9118
GOOGL,2023-11-10,3567.1551,3040.5812,3183.4993
GOOGL,2023-11-13,3540.1727,3051.0364,3183.3218
GOOGL,2023-11-14,3561.5587,3061.864,3182.8321
GOOGL,2023-11-15,3672.0433,3074.2539,3182.2642
GOOGL,2023-11-16,3691.1985,3088.8164,3182.057
GOOGL,2023-11-17,3848.1685,3107.4992,3182.7834
GOOGL,2023-11-20,3786.0462,3125.0621,3183.5912
GOOGL,2023-11-21,3787.2675,3143.5761,3185.0029
GOOGL,2023-11-22,3763.273,3162.4464,3186.0427
GOOGL,2023-11-23,3689.4458,3180.173,3186.6259
GOOGL,2023-11-24,3681.3433,3197.0055,3187.1527
GOOGL,2023-11-27,3713.0696,3214.8001,3188.2928
GOOGL,2023-11-28,3752.643,3232.1835,3189.0698
GOOGL,2023-11-29,3912.4842,3253.8016,3190.804
GOOGL,2023-11-30,3949.7196,3277.4501,3192.5311
GOOGL,2023-12-01,4039.3128,3300.7986,3195.1826
GOOGL,2023-12-04,4047.1708,3324.9747,3197.9244
GOOGL,2023-12-05,4180.4746,3353.1675,3201.2238
GOOGL,2023-12-06,4377.3594,3387.0554,3205.3862
GOOGL,2023-12-07,4424.5858,3420.7484,3209.7205
GOOGL,2023-12-08,4345.3731,3453.1716,3213.4793
GOOGL,2023-12-11,4303.5258,3484.9809,3217.3964
GOOGL,2023-12-12,4329.522,3517.4355,3221.3655
GOOGL,2023-12-13,4370.0681,3549.6164,3225.4869
GOOGL,2023-12-14,4431.2071,3583.1688,3229.8239
GOOGL,2023-12-15,4473.0182,3615.0231,3234.3331
GOOGL,2023-12-18,4476.7164,3646.7654,3239.2733
GOOGL,2023-12-19,4426.2878,3676.2869,3244.3785
GOOGL,2023-12-20,4463.0683,3705.5975,3250.354
GOOGL,2023-12-21,4625.5113,3738.1567,3256.8759
GOOGL,2023-12-22,4718.8078,3773.2019,3263.5907
GOOGL,2023-12-25,4770.0443,3808.857,3270.2785
GOOGL,2023-12-26,4867.1426,3845.8335,3277.3401
GOOGL,2023-12-27,4836.4889,3882.8051,3284.9194
GOOGL,2023-12-28,4793.583,3918.6888,3292.5919
GOOGL,2023-12-29,4729.6007,3951.8322,3299.8805
GOOGL,2024-01-01,4721.6935,3982.3217,3307.0763
GOOGL,2024-01-02,4687.4411,4011.0402,3314.1584
GOOGL,2024-01-03,4799.0381,4039.6138,3321.6726
GOOGL,2024-01-04,4759.4265,4068.1458,3328.9737
GOOGL,2024-01-05,4691.0274,4094.373,3335.8836
GOOGL,2024-01-08,4869.8217,4122.3962,3343.8747
GOOGL,2024-01-09,4831.8121,4150.7771,3351.3578
GOOGL,2024-01-10,4849.2179,4180.0826,3359.0517
GOOGL,2024-01-11,4894.1523,4207.9785,3367.37
GOOGL,2024-01-12,4793.4674,4235.0909,3375.4075
GOOGL,2024-01-15,4910.1129,4266.2104,3384.1218
GOOGL,2024-01-16,4973.0423,4296.5751,3392.8393
GOOGL,2024-01-17,5125.2378,4328.3542,3402.3194
GOOGL,2024-01-18,5063.3853,4358.2667,3411.5357
GOOGL,2024-01-19,5076.4035,4388.4516,3421.1818
GOOGL,2024-01-22,5083.7096,4419.3224,3430.6179
GOOGL,2024-01-23,5112.6747,4450.3447,3440.3836
GOOGL,2024-01-24,4977.4988,4476.4538,3449.4923
GOOGL,2024-01-25,4991.4007,4502.4579,3458.2116
GOOGL,2024-01-26,4862.017,4522.7348,3466.1158
GOOGL,2024-01-29,4898.4542,4544.983,3474.6882
GOOGL,2024-01-30,4708.5804,4563.4092,3482.8241
GOOGL,2024-01-31,4549.8269,4579.1403,3490.1743
GOOGL,2024-02-01,4623.9659,4597.8307,3498.2336
GOOGL,2024-02-02,4579.6058,4615.796,3505.8748
GOOGL,2024-02-05,4498.0259,4631.4951,3513.0853
GOOGL,2024-02-06,4610.5621,4648.6535,3520.8
GOOGL,2024-02-07,4642.42,4663.2522,3528.867
GOOGL,2024-02-08,4722.8441,4678.7147,3536.8186
GOOGL,2024-02-09,4711.3003,4692.1544,3543.8365
GOOGL,2024-02-12,4959.4686,4710.4004,3552.1707
GOOGL,2024-02-13,4906.539,4724.9217,3560.1185
GOOGL,2024-02-14,5074.5159,4738.8648,3568.8641
GOOGL,2024-02-15,5072.1554,4751.8162,3577.6677
GOOGL,2024-02-16,4919.4316,4763.2974,3585.9548
GOOGL,2024-02-19,4967.9756,4776.5864,3594.8045
GOOGL,2024-02-20,5001.0872,4790.0177,3604.1484
GOOGL,2024-02-21,4906.1114,4800.7385,3612.8861
GOOGL,2024-02-22,4824.6963,4808.6083,3621.3601
GOOGL,2024-02-23,4825.795,4815.6639,3630.5736
GOOGL,2024-02-26,4861.1719,4823.353,3639.8275
GOOGL,2024-02-27,4642.6385,4827.68,3647.9892
GOOGL,2024-02-28,4739.2525,4833.2037,3656.2353
GOOGL,2024-02-29,4698.4315,4834.6621,3664.1572
GOOGL,2024-03-01,4584.8414,4831.9828,3671.9296
GOOGL,2024-03-04,4670.352,4829.9889,3680.7447
GOOGL,2024-03-05,4671.5109,4826.0763,3689.7519
GOOGL,2024-03-06,4783.442,4825.0153,3699.4775
GOOGL,2024-03-07,4826.5471,4825.6746,3709.1534
GOOGL,2024-03-08,4829.7618,4827.6778,3718.8377
GOOGL,2024-03-11,4819.1871,4829.6277,3728.1456
GOOGL,2024-03-12,4866.7294,4833.2135,3738.0468
GOOGL,2024-03-13,4832.1986,4833.8767,3747.4996
GOOGL,2024-03-14,4758.2688,4833.8535,3756.3705
GOOGL,2024-03-15,4816.7747,4836.3685,3766.0823
GOOGL,2024-03-18,4806.9771,4835.1116,3775.3712
GOOGL,2024-03-19,4813.3689,4834.7427,3784.6557
GOOGL,2024-03-20,4916.9038,4836.0964,3794.3376
GOOGL,2024-03-21,4909.7421,4836.4082,3804.2151
GOOGL,2024-03-22,4914.5489,4838.8299,3813.7483
GOOGL,2024-03-25,4862.5457,4837.8785,3823.3446
GOOGL,2024-03-26,4905.695,4836.5316,3832.913
GOOGL,2024-03-27,4941.6651,4832.8601,3842.4169
GOOGL,2024-03-28,5029.9992,4832.1924,3852.6294
GOOGL,2024-03-29,4978.7048,4830.2384,3862.0042
GOOGL,2024-04-01,4939.244,4827.3491,3871.1028
GOOGL,2024-04-02,5017.2236,4825.4401,3880.3864
GOOGL,2024-04-03,5044.6967,4826.784,3890.2462
GOOGL,2024-04-04,4962.4823,4826.2057,3899.0565
GOOGL,2024-04-05,5090.0725,4830.7668,3908.86
GOOGL,2024-04-08,4932.7114,4831.4519,3917.5595
GOOGL,2024-04-09,5009.8444,4837.4772,3926.9312
GOOGL,2024-04-10,4894.8764,4844.3782,3935.8995
GOOGL,2024-04-11,5075.9897,4853.4187,3945.5297
GOOGL,2024-04-12,4933.3871,4860.4943,3954.1268
GOOGL,2024-04-15,5045.4948,4871.4437,3963.6551
GOOGL,2024-04-16,5041.2165,4880.0568,3972.8239
GOOGL,2024-04-17,5009.8888,4887.4061,3981.5049
GOOGL,2024-04-18,5030.9651,4893.5686,3990.5677
GOOGL,2024-04-19,5094.9409,4901.2414,3999.4452
GOOGL,2024-04-22,5012.0798,4902.2936,4008.348
GOOGL,2024-04-23,4938.83,4902.9394,4017.063
GOOGL,2024-04-24,5003.308,4901.5153,4025.944
GOOGL,2024-04-25,4847.8145,4897.0284,4034.2946
GOOGL,2024-04-26,4797.9154,4894.5981,4042.3053
GOOGL,2024-04-29,5085.2264,4896.9431,4051.6684
GOOGL,2024-04-30,4996.513,4896.8517,4060.6334
GOOGL,2024-05-01,5109.6257,4900.9219,4069.8988
GOOGL,2024-05-02,5056.8673,4905.5654,4078.9593
GOOGL,2024-05-03,5109.2962,4911.2354,4088.1994
GOOGL,2024-05-06,5176.4644,4917.5412,4097.4066
GOOGL,2024-05-07,5291.7658,4930.5238,4106.9276
GOOGL,2024-05-08,5275.4395,4941.2475,4116.1015
GOOGL,2024-05-09,5481.3029,4956.905,4126.6626
GOOGL,2024-05-10,5424.3597,4973.6953,4136.7592
GOOGL,2024-05-13,5452.2079,4989.3324,4147.2638
GOOGL,2024-05-14,5481.3444,5005.5291,4158.3037
GOOGL,2024-05-15,5370.0737,5017.2617,4168.7979
GOOGL,2024-05-16,5344.8506,5027.6278,4179.4321
GOOGL,2024-05-17,5364.9141,5038.3309,4189.913
GOOGL,2024-05-20,5324.9775,5048.4467,4199.9291
GOOGL,2024-05-21,5580.2415,5062.7169,4211.797
GOOGL,2024-05-22,5496.3158,5075.9992,4223.4834
GOOGL,2024-05-23,5624.103,5093.3159,4236.2278
GOOGL,2024-05-24,5719.8438,5111.3773,4249.5742
GOOGL,2024-05-27,5722.318,5129.6841,4262.7905
GOOGL,2024-05-28,5633.4244,5146.0852,4275.622
GOOGL,2024-05-29,5556.0825,5158.8688,4288.2262
GOOGL,2024-05-30,5505.7834,5170.7896,4300.1906
GOOGL,2024-05-31,5326.7759,5179.0342,4311.913
GOOGL,2024-06-03,5230.3432,5186.3901,4322.79
GOOGL,2024-06-04,5089.3757,5190.0637,4333.108
GOOGL,2024-06-05,5224.109,5195.7126,4344.1114
GOOGL,2024-06-06,5289.1976,5200.8966,4355.5799
GOOGL,2024-06-07,5372.0764,5208.764,4367.0088
GOOGL,2024-06-10,5435.9637,5218.6984,4379.1016
GOOGL,2024-06-11,5456.9317,5227.4926,4391.2854
GOOGL,2024-06-12,5613.5615,5238.8699,4404.0904
GOOGL,2024-06-13,5552.9954,5250.6801,4417.04
GOOGL,2024-06-14,5568.0661,5260.24,4430.3102
GOOGL,2024-06-17,5651.1571,5274.6089,4444.0265
GOOGL,2024-06-18,5515.6321,5284.7247,4457.2968
GOOGL,2024-06-19,5852.101,5303.8692,4472.4585
GOOGL,2024-06-20,5859.3286,5319.5359,4487.7396
GOOGL,2024-06-21,5879.1537,5338.4513,4502.9368
GOOGL,2024-06-24,6024.6538,5358.0345,4518.9433
GOOGL,2024-06-25,6133.9904,5379.8899,4535.1959
GOOGL,2024-06-26,6142.6703,5402.5456,4551.7514
GOOGL,2024-06-27,6162.0728,5425.1677,4568.7253
GOOGL,2024-06-28,5993.5382,5443.1397,4584.3335
GOOGL,2024-07-01,5934.9592,5461.5973,4599.8165
GOOGL,2024-07-02,5997.4174,5482.769,4615.9494
GOOGL,2024-07-03,6052.1415,5503.7457,4632.7953
GOOGL,2024-07-04,6197.7386,5530.7442,4650.0843
GOOGL,2024-07-05,6187.9365,5558.5446,4667.4029
GOOGL,2024-07-08,6032.0014,5577.4801,4683.9976
GOOGL,2024-07-09,6157.9482,5600.7088,4701.2534
GOOGL,2024-07-10,6331.7561,5625.1514,4719.1071
GOOGL,2024-07-11,6444.6304,5652.9067,4737.5623
GOOGL,2024-07-12,6429.1951,5679.3046,4755.3068
GOOGL,2024-07-15,6561.9042,5707.0134,4773.6683
GOOGL,2024-07-16,7006.0608,5741.2993,4793.9475
GOOGL,2024-07-17,7026.2014,5776.3146,4814.0908
GOOGL,2024-07-18,6858.9281,5803.8671,4833.3977
GOOGL,2024-07-19,6788.0646,5831.1412,4852.5053
GOOGL,2024-07-22,6873.5499,5859.568,4871.9366
GOOGL,2024-07-23,6672.8509,5883.3981,4890.2093
GOOGL,2024-07-24,6698.8981,5909.9746,4908.7642
GOOGL,2024-07-25,6751.9084,5938.1158,4927.5267
GOOGL,2024-07-26,6955.486,5969.9272,4946.942
GOOGL,2024-07-29,7134.8092,6006.1239,4966.63
GOOGL,2024-07-30,7257.3813,6039.6666,4986.6593
GOOGL,2024-07-31,6971.5858,6069.172,5004.6654
GOOGL,2024-08-01,7098.9255,6098.6685,5023.496
GOOGL,2024-08-02,7199.2066,6128.2558,5042.5936
GOOGL,2024-08-05,7239.1382,6158.5922,5061.446
GOOGL,2024-08-06,7011.1272,6186.1462,5079.4378
GOOGL,2024-08-07,6913.7576,6213.2997,5097.0869
GOOGL,2024-08-08,6767.6699,6238.5374,5113.4285
GOOGL,2024-08-09,6519.3274,6262.3885,5128.8359
GOOGL,2024-08-12,6523.4969,6288.2515,5144.6826
GOOGL,2024-08-13,6430.3411,6315.0709,5159.5603
GOOGL,2024-08-14,6762.1145,6345.831,5175.6895
GOOGL,2024-08-15,6745.2638,6374.9523,5191.577
GOOGL,2024-08-16,6917.0175,6405.8511,5208.3263
GOOGL,2024-08-19,6719.5819,6431.5235,5224.2233
GOOGL,2024-08-20,6657.2243,6455.5293,5239.7017
GOOGL,2024-08-21,6674.0594,6476.7393,5254.7118
GOOGL,2024-08-22,6565.0506,6496.9804,5269.081
GOOGL,2024-08-23,6517.402,6515.9671,5282.4272
GOOGL,2024-08-26,6495.1217,6532.8464,5295.9726
GOOGL,2024-08-27,6470.9659,6551.9531,5309.3911
GOOGL,2024-08-28,6706.5072,6569.0412,5324.1072
GOOGL,2024-08-29,6759.308,6587.0408,5339.4565
GOOGL,2024-08-30,6825.5769,6605.9693,5355.1777
GOOGL,2024-09-02,6900.3341,6623.4829,5371.114
GOOGL,2024-09-03,6985.5367,6640.5138,5387.2785
GOOGL,2024-09-04,6979.4481,6657.2493,5402.6133
GOOGL,2024-09-05,6942.0891,6672.8497,5417.5752
GOOGL,2024-09-06,6968.8466,6692.3558,5432.2228
GOOGL,2024-09-09,7127.822,6716.2131,5447.6261
GOOGL,2024-09-10,7286.2139,6741.989,5463.1548
GOOGL,2024-09-11,7258.2256,6766.1107,5477.5591
GOOGL,2024-09-12,7369.4327,6789.5446,5492.2833
GOOGL,2024-09-13,7347.4834,6812.7355,5507.2939
GOOGL,2024-09-16,7357.2955,6839.2414,5522.5628
GOOGL,2024-09-17,7296.816,6862.0188,5537.3992
GOOGL,2024-09-18,7276.8623,6880.9209,5551.9332
GOOGL,2024-09-19,7468.8644,6901.4056,5567.1215
GOOGL,2024-09-20,7487.1185,6922.564,5582.192
GOOGL,2024-09-23,7511.499,6941.5559,5597.3659
GOOGL,2024-09-24,7313.922,6947.7132,5611.8041
GOOGL,2024-09-25,7276.3542,6952.7162,5625.8705
GOOGL,2024-09-26,7248.2782,6960.5032,5638.9843
GOOGL,2024-09-27,7140.5447,6967.5528,5651.093
GOOGL,2024-09-30,7148.4314,6973.0504,5662.9849
GOOGL,2024-10-01,7095.6123,6981.5057,5674.1273
GOOGL,2024-10-02,7111.2841,6989.7534,5685.5013
GOOGL,2024-10-03,7132.5832,6997.3669,5697.1963
GOOGL,2024-10-04,7009.7767,6998.4527,5708.5972
GOOGL,2024-10-07,6961.9913,6994.9963,5719.7986
GOOGL,2024-10-08,6977.0223,6989.3892,5731.2465
GOOGL,2024-10-09,7139.8932,6992.7553,5742.9508
GOOGL,2024-10-10,7179.6009,6994.3688,5755.0517
GOOGL,2024-10-11,7095.2734,6992.2902,5767.0729
GOOGL,2024-10-14,7153.9437,6990.5863,5778.4935
GOOGL,2024-10-15,7393.6968,6998.2377,5791.303
GOOGL,2024-10-16,7528.1282,7010.5251,5804.6975
GOOGL,2024-10-17,7611.7123,7027.4059,5818.2853
GOOGL,2024-10-18,7722.1665,7051.4627,5832.9288
GOOGL,2024-10-21,7940.7043,7079.8068,5848.0818
GOOGL,2024-10-22,8109.3998,7113.388,5863.7635
GOOGL,2024-10-23,8202.4186,7142.1941,5879.1495
GOOGL,2024-10-24,8375.5684,7174.8002,5895.7104
GOOGL,2024-10-25,8211.7997,7200.6958,5911.3874
GOOGL,2024-10-28,7987.4887,7226.054,5925.9062
GOOGL,2024-10-29,8016.8032,7253.2456,5940.4269
GOOGL,2024-10-30,8032.7917,7280.4202,5955.7034
JNJ,2020-01-02,155.0,155.0,155.0
JNJ,2020-01-03,159.3949,157.1975,157.1975
JNJ,2020-01-06,158.8166,157.7372,157.7372
JNJ,2020-01-07,157.3595,157.6428,157.6428
JNJ,2020-01-08,158.8453,157.8833,157.8833
JNJ,2020-01-09,160.8943,158.3851,158.3851
JNJ,2020-01-10,161.2945,158.8007,158.8007
JNJ,2020-01-13,157.5323,158.6422,158.6422
JNJ,2020-01-14,155.829,158.3296,158.3296
JNJ,2020-01-15,156.617,158.1583,158.1583
JNJ,2020-01-16,155.4883,157.9156,157.9156
JNJ,2020-01-17,153.139,157.5176,157.5176
JNJ,2020-01-20,152.7309,157.1494,157.1494
JNJ,2020-01-21,147.2479,156.4421,156.4421
JNJ,2020-01-22,146.2811,155.7647,155.7647
JNJ,2020-01-23,145.613,155.1302,155.1302
JNJ,2020-01-24,146.1634,154.6028,154.6028
JNJ,2020-01-27,147.111,154.1866,154.1866
JNJ,2020-01-28,147.7799,153.8494,153.8494
JNJ,2020-01-29,149.3288,153.6233,153.6233
JNJ,2020-01-30,149.0824,153.4071,153.4071
JNJ,2020-01-31,146.6791,153.1013,153.1013
JNJ,2020-02-03,146.7898,152.8269,152.8269
JNJ,2020-02-04,145.3766,152.5164,152.5164
JNJ,2020-02-05,143.1933,152.1435,152.1435
JNJ,2020-02-06,144.173,151.837,151.837
JNJ,2020-02-07,141.9176,151.4696,151.4696
JNJ,2020-02-10,143.0526,151.169,151.169
JNJ,2020-02-11,141.0076,150.8186,150.8186
JNJ,2020-02-12,140.5794,150.4773,150.4773
JNJ,2020-02-13,139.7186,150.1302,150.1302
JNJ,2020-02-14,141.5672,149.8626,149.8626
JNJ,2020-02-17,142.5606,149.6413,149.6413
JNJ,2020-02-18,141.2702,149.3951,149.3951
JNJ,2020-02-19,141.0537,149.1568,149.1568
JNJ,2020-02-20,143.2323,148.9922,148.9922
JNJ,2020-02-21,145.7146,148.9037,148.9037
JNJ,2020-02-24,143.5068,148.7616,148.7616
JNJ,2020-02-25,145.7015,148.6832,148.6832
JNJ,2020-02-26,147.8014,148.6611,148.6611
JNJ,2020-02-27,148.1385,148.6484,148.6484
JNJ,2020-02-28,148.0236,148.6335,148.6335
JNJ,2020-03-02,147.1399,148.5988,148.5988
JNJ,2020-03-03,145.1002,148.5193,148.5193
JNJ,2020-03-04,145.6958,148.4565,148.4565
JNJ,2020-03-05,145.452,148.3912,148.3912
JNJ,2020-03-06,146.2081,148.3447,148.3447
JNJ,2020-03-09,147.0079,148.3169,148.3169
JNJ,2020-03-10,151.3038,148.3779,148.3779
JNJ,2020-03-11,153.4097,148.4785,148.4785
JNJ,2020-03-12,154.4031,148.4666,148.5947
JNJ,2020-03-13,150.7449,148.2936,148.636
JNJ,2020-03-16,151.4553,148.1463,148.6892
JNJ,2020-03-17,154.2362,148.0839,148.7919
JNJ,2020-03-18,153.5301,147.9776,148.8781
JNJ,2020-03-19,157.4314,147.9083,149.0308
JNJ,2020-03-20,158.4454,147.8513,149.196
JNJ,2020-03-23,159.0157,147.881,149.3653
JNJ,2020-03-24,157.2791,147.91,149.4994
JNJ,2020-03-25,160.0243,147.9781,149.6748
JNJ,2020-03-26,158.5643,148.0397,149.8206
JNJ,2020-03-27,157.5927,148.1287,149.9459
JNJ,2020-03-30,154.306,148.1602,150.0151
JNJ,2020-03-31,155.9215,148.3337,150.1074
JNJ,2020-04-01,157.0037,148.5482,150.2135
JNJ,2020-04-02,157.0616,148.7771,150.3173
JNJ,2020-04-03,158.4256,149.0224,150.4383
JNJ,2020-04-06,159.6307,149.2728,150.5735
JNJ,2020-04-07,159.0107,149.4974,150.6958
JNJ,2020-04-08,157.6418,149.6636,150.795
JNJ,2020-04-09,154.6445,149.7749,150.8492
JNJ,2020-04-10,154.3724,149.9287,150.8981
JNJ,2020-04-13,152.138,150.0357,150.9151
JNJ,2020-04-14,152.4574,150.1773,150.936
JNJ,2020-04-15,152.2189,150.3578,150.9531
JNJ,2020-04-16,151.565,150.5057,150.9611
JNJ,2020-04-17,153.413,150.7356,150.993
JNJ,2020-04-20,151.7452,150.9094,151.0026
JNJ,2020-04-21,148.6362,151.062,150.9726
JNJ,2020-04-22,148.2944,151.2163,150.9392
JNJ,2020-04-23,147.0926,151.3638,150.8917
JNJ,2020-04-24,147.3328,151.4791,150.8483
JNJ,2020-04-27,145.8513,151.5449,150.7881
JNJ,2020-04-28,146.5856,151.6512,150.738
JNJ,2020-04-29,145.0141,151.7304,150.6707
JNJ,2020-04-30,143.4419,151.7346,150.5866
JNJ,2020-05-01,144.4846,151.71,150.5165
JNJ,2020-05-04,144.4451,151.7288,150.4475
JNJ,2020-05-05,142.55,151.6658,150.3588
JNJ,2020-05-06,141.0555,151.5308,150.2554
JNJ,2020-05-07,140.496,151.378,150.1482
JNJ,2020-05-08,138.722,151.192,150.024
JNJ,2020-05-11,138.3049,151.0153,149.898
JNJ,2020-05-12,137.944,150.8721,149.7708
JNJ,2020-05-13,136.5516,150.6893,149.6316
JNJ,2020-05-14,137.5966,150.5321,149.5063
JNJ,2020-05-15,136.0482,150.3289,149.3675
JNJ,2020-05-18,138.0184,150.1492,149.2517
JNJ,2020-05-19,137.7118,149.8773,149.1352
JNJ,2020-05-20,136.7202,149.5435,149.011
JNJ,2020-05-21,137.5937,149.2073,148.898
JNJ,2020-05-22,137.6823,148.9461,148.788
JNJ,2020-05-25,138.9089,148.6952,148.6921
JNJ,2020-05-26,135.827,148.327,148.5684
JNJ,2020-05-27,136.6599,147.9896,148.455
JNJ,2020-05-28,135.8921,147.5588,148.3365
JNJ,2020-05-29,135.9844,147.1096,148.221
JNJ,2020-06-01,135.8829,146.6469,148.1068
JNJ,2020-06-02,138.0086,146.2615,148.0141
JNJ,2020-06-03,135.1619,145.7643,147.8973
JNJ,2020-06-04,137.6932,145.3468,147.8054
JNJ,2020-06-05,138.8358,144.9717,147.7253
JNJ,2020-06-08,139.1107,144.6678,147.649
JNJ,2020-06-09,136.9025,144.2874,147.5548
JNJ,2020-06-10,134.3653,143.8346,147.4401
JNJ,2020-06-11,133.5472,143.3643,147.3203
JNJ,2020-06-12,134.5465,142.8868,147.2111
JNJ,2020-06-15,134.5714,142.3856,147.104
JNJ,2020-06-16,135.4909,141.9152,147.0064
JNJ,2020-06-17,133.295,141.4282,146.8922
JNJ,2020-06-18,133.3959,141.0033,146.7806
JNJ,2020-06-19,135.0973,140.6178,146.6849
JNJ,2020-06-22,137.3745,140.3225,146.6092
JNJ,2020-06-23,135.4694,139.9827,146.5193
JNJ,2020-06-24,134.964,139.6376,146.4269
JNJ,2020-06-25,134.4775,139.2959,146.3321
JNJ,2020-06-26,133.5596,138.8988,146.2315
JNJ,2020-06-29,134.9756,138.5634,146.1436
JNJ,2020-06-30,139.478,138.3803,146.0919
JNJ,2020-07-01,137.7626,138.1696,146.0278
JNJ,2020-07-02,138.4628,137.997,145.9701
JNJ,2020-07-03,138.9627,137.8296,145.917
JNJ,2020-07-06,139.4984,137.7026,145.8687
JNJ,2020-07-07,141.6588,137.604,145.8373
JNJ,2020-07-08,142.2957,137.5497,145.8111
JNJ,2020-07-09,138.9254,137.4593,145.7604
JNJ,2020-07-10,136.7149,137.304,145.6944
JNJ,2020-07-13,135.1051,137.1172,145.6177
JNJ,2020-07-14,133.9971,136.9461,145.5341
JNJ,2020-07-15,133.8191,136.8014,145.4504
JNJ,2020-07-16,133.5275,136.662,145.3658
JNJ,2020-07-17,130.8282,136.5041,145.2635
JNJ,2020-07-20,128.496,136.3079,145.1462
JNJ,2020-07-21,125.4771,136.0586,145.0096
JNJ,2020-07-22,123.3167,135.7939,144.86
JNJ,2020-07-23,124.742,135.5368,144.7222
JNJ,2020-07-24,124.3916,135.3037,144.5839
JNJ,2020-07-27,123.0862,135.005,144.4387
JNJ,2020-07-28,120.4693,134.6602,144.2778
JNJ,2020-07-29,119.1238,134.3083,144.1101
JNJ,2020-07-30,119.9772,133.9559,143.9503
JNJ,2020-07-31,120.6566,133.6154,143.797
JNJ,2020-08-03,120.3421,133.2441,143.6437
JNJ,2020-08-04,120.0087,132.9277,143.4902
JNJ,2020-08-05,117.6522,132.5476,143.3236
JNJ,2020-08-06,116.651,132.1627,143.1526
JNJ,2020-08-07,117.4179,131.7914,142.9887
JNJ,2020-08-10,116.5524,131.4048,142.8213
JNJ,2020-08-11,118.7479,131.0196,142.6699
JNJ,2020-08-12,120.4128,130.7246,142.5308
JNJ,2020-08-13,119.8251,130.3672,142.3898
JNJ,2020-08-14,119.4954,129.9804,142.2485
JNJ,2020-08-17,122.5769,129.6498,142.1278
JNJ,2020-08-18,123.7914,129.3875,142.016
JNJ,2020-08-19,123.9214,129.1787,141.9063
JNJ,2020-08-20,124.2141,128.992,141.7997
JNJ,2020-08-21,124.4555,128.7902,141.6959
JNJ,2020-08-24,124.463,128.588,141.5933
JNJ,2020-08-25,122.9919,128.338,141.4832
JNJ,2020-08-26,122.4631,128.1214,141.3714
JNJ,2020-08-27,120.5156,127.8638,141.2494
JNJ,2020-08-28,121.5409,127.5927,141.1348
JNJ,2020-08-31,121.3892,127.2729,141.0207
JNJ,2020-09-01,122.4923,127.0134,140.9142
JNJ,2020-09-02,120.7655,126.7294,140.7991
JNJ,2020-09-03,122.7597,126.4951,140.6966
JNJ,2020-09-04,124.611,126.3161,140.6057
JNJ,2020-09-07,122.4371,126.0653,140.5036
JNJ,2020-09-08,121.7676,125.7111,140.3989
JNJ,2020-09-09,121.251,125.3809,140.2926
JNJ,2020-09-10,119.3203,124.998,140.1767
JNJ,2020-09-11,118.9994,124.5988,140.0603
JNJ,2020-09-14,119.7851,124.2045,139.9495
JNJ,2020-09-15,119.1794,123.7549,139.8367
JNJ,2020-09-16,116.9166,123.2473,139.7128
JNJ,2020-09-17,117.975,122.8283,139.5959
JNJ,2020-09-18,116.9503,122.433,139.4748
JNJ,2020-09-21,116.0732,122.0524,139.3503
JNJ,2020-09-22,118.3372,121.7392,139.2391
JNJ,2020-09-23,118.9007,121.4408,139.1321
JNJ,2020-09-24,117.8448,121.1272,139.0206
JNJ,2020-09-25,116.296,120.8365,138.9023
JNJ,2020-09-28,117.6064,120.6188,138.7919
JNJ,2020-09-29,118.8388,120.486,138.6891
JNJ,2020-09-30,118.1879,120.3834,138.584
JNJ,2020-10-01,116.5422,120.2194,138.4715
JNJ,2020-10-02,117.0825,120.0732,138.3629
JNJ,2020-10-05,117.9035,119.9696,138.2596
JNJ,2020-10-06,117.4359,119.9089,138.155
JNJ,2020-10-07,116.0055,119.8465,138.0442
JNJ,2020-10-08,116.0674,119.7683,137.8495
JNJ,2020-10-09,116.7063,119.6893,137.6361
JNJ,2020-10-12,116.0928,119.6044,137.4225
JNJ,2020-10-13,116.4676,119.5335,137.218
JNJ,2020-10-14,116.9749,119.52,137.0087
JNJ,2020-10-15,118.5341,119.5576,136.7969
JNJ,2020-10-16,117.9999,119.5693,136.5804
JNJ,2020-10-19,116.5149,119.5685,136.3753
JNJ,2020-10-20,116.4555,119.5227,136.1784
JNJ,2020-10-21,118.7353,119.4891,135.989
JNJ,2020-10-22,116.4146,119.4209,135.7937
JNJ,2020-10-23,113.4297,119.2996,135.5951
JNJ,2020-10-26,113.3195,119.1145,135.3981
JNJ,2020-10-27,112.8618,118.8959,135.2261
JNJ,2020-10-28,112.624,118.6699,135.0578
JNJ,2020-10-29,112.3392,118.4324,134.8915
JNJ,2020-10-30,113.6562,118.2164,134.7289
JNJ,2020-11-02,113.6303,117.9998,134.5615
JNJ,2020-11-03,114.7203,117.8344,134.3962
JNJ,2020-11-04,111.5706,117.6165,134.2074
JNJ,2020-11-05,110.9314,117.4248,134.0167
JNJ,2020-11-06,109.9384,117.1928,133.833
JNJ,2020-11-09,107.1541,116.9081,133.6348
JNJ,2020-11-10,107.307,116.6044,133.4445
JNJ,2020-11-11,107.2122,116.3333,133.2646
JNJ,2020-11-12,106.6729,116.0116,133.0771
JNJ,2020-11-13,106.5476,115.6503,132.9002
JNJ,2020-11-16,106.6996,115.3355,132.7184
JNJ,2020-11-17,107.9597,115.0594,132.5532
JNJ,2020-11-18,108.7766,114.8099,132.3942
JNJ,2020-11-19,109.2103,114.6077,132.2416
JNJ,2020-11-20,112.1335,114.4704,132.0945
JNJ,2020-11-23,111.265,114.3,131.938
JNJ,2020-11-24,109.5902,114.1082,131.7796
JNJ,2020-11-25,111.0871,113.9916,131.6298
JNJ,2020-11-26,113.4924,113.902,131.4811
JNJ,2020-11-27,112.7064,113.8171,131.316
JNJ,2020-11-30,114.51,113.7858,131.171
JNJ,2020-12-01,113.8483,113.696,131.0118
JNJ,2020-12-02,114.6347,113.6107,130.8459
JNJ,2020-12-03,115.4992,113.5638,130.6827
JNJ,2020-12-04,114.7047,113.532,130.5162
JNJ,2020-12-07,117.1616,113.5231,130.3663
JNJ,2020-12-08,119.8271,113.5428,130.2399
JNJ,2020-12-09,118.4776,113.5486,130.1038
JNJ,2020-12-10,118.778,113.5934,129.9704
JNJ,2020-12-11,120.0465,113.6526,129.8396
JNJ,2020-12-14,117.5408,113.6454,129.6923
JNJ,2020-12-15,117.6056,113.6488,129.5238
JNJ,2020-12-16,115.4508,113.6377,129.334
JNJ,2020-12-17,116.3574,113.6435,129.1438
JNJ,2020-12-18,116.5003,113.6394,128.9726
JNJ,2020-12-21,116.037,113.6382,128.7955
JNJ,2020-12-22,114.0225,113.5893,128.5944
JNJ,2020-12-23,113.2798,113.5154,128.3931
JNJ,2020-12-24,113.9775,113.4243,128.1759
JNJ,2020-12-25,113.9534,113.3434,127.9534
JNJ,2020-12-28,115.534,113.3238,127.736
JNJ,2020-12-29,117.0506,113.3357,127.5349
JNJ,2020-12-30,118.5299,113.3316,127.3274
JNJ,2020-12-31,117.8392,113.36,127.1238
JNJ,2021-01-01,118.2639,113.4567,126.9271
JNJ,2021-01-04,117.0062,113.5305,126.7406
JNJ,2021-01-05,115.3757,113.5807,126.5379
JNJ,2021-01-06,116.9619,113.6675,126.3377
JNJ,2021-01-07,115.428,113.7293,126.1295
JNJ,2021-01-08,113.7756,113.7317,125.9063
JNJ,2021-01-11,113.9403,113.7379,125.6778
JNJ,2021-01-12,113.6199,113.7159,125.4509
JNJ,2021-01-13,113.4115,113.7527,125.2297
JNJ,2021-01-14,116.445,113.8629,125.0387
JNJ,2021-01-15,115.1685,113.9676,124.8427
JNJ,2021-01-18,115.8461,114.1414,124.6612
JNJ,2021-01-19,115.9894,114.315,124.4789
JNJ,2021-01-20,117.3542,114.5179,124.3046
JNJ,2021-01-21,116.3427,114.7113,124.1285
JNJ,2021-01-22,116.0763,114.9018,123.9418
JNJ,2021-01-25,116.2561,115.093,123.7643
JNJ,2021-01-26,114.4103,115.222,123.5932
JNJ,2021-01-27,112.1201,115.2889,123.4123
JNJ,2021-01-28,112.1221,115.3471,123.2375
JNJ,2021-01-29,113.8645,115.3817,123.0701
JNJ,2021-02-01,113.4394,115.4252,122.9081
JNJ,2021-02-02,113.1917,115.4972,122.7411
JNJ,2021-02-03,114.7073,115.5696,122.5896
JNJ,2021-02-04,114.5429,115.5907,122.4451
JNJ,2021-02-05,115.5857,115.6482,122.3006
JNJ,2021-02-08,119.1639,115.7413,122.1742
JNJ,2021-02-09,118.4167,115.8327,122.0535
JNJ,2021-02-10,118.2091,115.9042,121.9393
JNJ,2021-02-11,118.7715,115.9696,121.8307
JNJ,2021-02-12,120.828,116.0921,121.7412
JNJ,2021-02-15,120.7009,116.1629,121.6532
JNJ,2021-02-16,121.734,116.201,121.5721
JNJ,2021-02-17,122.246,116.2764,121.5006
JNJ,2021-02-18,122.1769,116.3444,121.4235
JNJ,2021-02-19,121.6266,116.376,121.3514
JNJ,2021-02-22,120.8199,116.4415,121.2654
JNJ,2021-02-23,125.1251,116.5919,121.2025
JNJ,2021-02-24,122.9888,116.7427,121.1338
JNJ,2021-02-25,121.019,116.8359,121.0509
JNJ,2021-02-26,121.386,116.9336,120.9694
JNJ,2021-03-01,121.6969,117.0468,120.8834
JNJ,2021-03-02,122.3176,117.2127,120.8158
JNJ,2021-03-03,121.1413,117.37,120.7382
JNJ,2021-03-04,119.7698,117.4858,120.6576
JNJ,2021-03-05,119.413,117.595,120.5748
JNJ,2021-03-08,120.6788,117.6979,120.4987
JNJ,2021-03-09,119.3244,117.7434,120.4053
JNJ,2021-03-10,119.5593,117.764,120.3273
JNJ,2021-03-11,118.8969,117.7851,120.2333
JNJ,2021-03-12,116.8889,117.7576,120.1236
JNJ,2021-03-15,115.232,117.7221,120.0042
JNJ,2021-03-16,116.4571,117.7438,119.902
JNJ,2021-03-17,115.6918,117.7184,119.8086
JNJ,2021-03-18,117.3647,117.7571,119.7277
JNJ,2021-03-19,117.3448,117.8285,119.6417
JNJ,2021-03-22,115.5682,117.861,119.5467
JNJ,2021-03-23,116.2246,117.9131,119.4503
JNJ,2021-03-24,115.2025,117.9489,119.3599
JNJ,2021-03-25,114.7403,117.9149,119.2666
JNJ,2021-03-26,116.253,117.9365,119.1724
JNJ,2021-03-29,114.5943,117.9115,119.0585
JNJ,2021-03-30,114.0405,117.8725,118.9513
JNJ,2021-03-31,112.6764,117.779,118.8399
JNJ,2021-04-01,111.194,117.676,118.7235
JNJ,2021-04-02,110.627,117.567,118.6088
JNJ,2021-04-05,109.5842,117.4336,118.4819
JNJ,2021-04-06,109.2721,117.3308,118.3308
JNJ,2021-04-07,110.0943,117.2903,118.1925
JNJ,2021-04-08,109.1886,117.2316,118.0461
JNJ,2021-04-09,107.4131,117.1026,117.8884
JNJ,2021-04-12,108.2247,116.9983,117.732
JNJ,2021-04-13,107.3261,116.881,117.5603
JNJ,2021-04-14,109.6014,116.7789,117.3969
JNJ,2021-04-15,109.1219,116.6705,117.2478
JNJ,2021-04-16,108.9814,116.5384,117.1092
JNJ,2021-04-19,106.1979,116.279,116.9646
JNJ,2021-04-20,104.8347,116.0074,116.8188
JNJ,2021-04-21,102.186,115.6869,116.6607
JNJ,2021-04-22,102.5533,115.3626,116.5058
JNJ,2021-04-23,102.4842,114.9957,116.3641
JNJ,2021-04-26,103.2452,114.6466,116.2378
JNJ,2021-04-27,104.2211,114.2963,116.1315
JNJ,2021-04-28,105.3903,113.9592,116.0419
JNJ,2021-04-29,105.1483,113.6186,115.9439
JNJ,2021-04-30,105.2768,113.2917,115.8484
JNJ,2021-05-03,105.997,112.9952,115.7629
JNJ,2021-05-04,105.0727,112.5941,115.6859
JNJ,2021-05-05,103.9874,112.2141,115.6103
JNJ,2021-05-06,105.8461,111.9107,115.5396
JNJ,2021-05-07,103.7267,111.5575,115.455
JNJ,2021-05-10,104.3428,111.2104,115.375
JNJ,2021-05-11,104.7738,110.8595,115.2988
JNJ,2021-05-12,103.474,110.5062,115.2279
JNJ,2021-05-13,102.7193,110.1652,115.1582
JNJ,2021-05-14,102.3305,109.8235,115.0828
JNJ,2021-05-17,102.6082,109.4621,115.0131
JNJ,2021-05-18,103.0442,109.1365,114.9346
JNJ,2021-05-19,103.0342,108.806,114.8477
JNJ,2021-05-20,103.2806,108.4937,114.7649
JNJ,2021-05-21,104.0822,108.2375,114.6879
JNJ,2021-05-24,104.835,108.0296,114.5992
JNJ,2021-05-25,106.7018,107.8345,114.5137
JNJ,2021-05-26,107.9987,107.6806,114.4341
JNJ,2021-05-27,108.0479,107.4943,114.3533
JNJ,2021-05-28,108.8632,107.3247,114.2753
JNJ,2021-05-31,109.4153,107.2016,114.2001
JNJ,2021-06-01,109.6472,107.07,114.1333
JNJ,2021-06-02,108.6001,106.938,114.064
JNJ,2021-06-03,108.8277,106.8197,114.0056
JNJ,2021-06-04,106.3357,106.6214,113.9296
JNJ,2021-06-07,107.6638,106.4828,113.8609
JNJ,2021-06-08,108.1197,106.3644,113.7891
JNJ,2021-06-09,107.952,106.2699,113.725
JNJ,2021-06-10,107.4655,106.1953,113.6485
JNJ,2021-06-11,108.2934,106.1486,113.567
JNJ,2021-06-14,110.6014,106.169,113.5078
JNJ,2021-06-15,111.1009,106.2056,113.4544
JNJ,2021-06-16,113.5521,106.2747,113.4159
JNJ,2021-06-17,114.5955,106.3829,113.3923
JNJ,2021-06-18,113.5825,106.5062,113.3652
JNJ,2021-06-21,114.2413,106.6266,113.3375
JNJ,2021-06-22,114.7768,106.7756,113.3155
JNJ,2021-06-23,113.7614,106.8588,113.2997
JNJ,2021-06-24,113.2653,106.9417,113.2762
JNJ,2021-06-25,112.7461,107.017,113.2552
JNJ,2021-06-28,112.9029,107.1511,113.2393
JNJ,2021-06-29,112.5734,107.3058,113.2105
JNJ,2021-06-30,112.9455,107.521,113.1807
JNJ,2021-07-01,113.5272,107.7405,113.1591
JNJ,2021-07-02,115.1999,107.9948,113.1536
JNJ,2021-07-05,115.9488,108.2489,113.1454
JNJ,2021-07-06,115.0588,108.4656,113.1265
JNJ,2021-07-07,117.8761,108.7154,113.1249
JNJ,2021-07-08,116.9798,108.952,113.1271
JNJ,2021-07-09,116.4963,109.1764,113.1242
JNJ,2021-07-12,117.3179,109.4028,113.1212
JNJ,2021-07-13,121.264,109.7266,113.1404
JNJ,2021-07-14,121.8483,110.0838,113.1696
JNJ,2021-07-15,120.9958,110.3868,113.1942
JNJ,2021-07-16,118.7975,110.6882,113.2047
JNJ,2021-07-19,116.5513,110.9324,113.207
JNJ,2021-07-20,116.5953,111.1688,113.2076
JNJ,2021-07-21,117.3474,111.4463,113.2095
JNJ,2021-07-22,115.5026,111.702,113.1943
JNJ,2021-07-23,115.823,111.9718,113.1834
JNJ,2021-07-26,114.1395,112.2025,113.1716
JNJ,2021-07-27,112.978,112.4011,113.1542
JNJ,2021-07-28,113.819,112.6168,113.1296
JNJ,2021-07-29,112.8868,112.809,113.1119
JNJ,2021-07-30,114.6052,113.0194,113.1178
JNJ,2021-08-02,113.8772,113.2003,113.1206
JNJ,2021-08-03,115.348,113.3732,113.133
JNJ,2021-08-04,118.3791,113.5808,113.1618
JNJ,2021-08-05,117.4121,113.7681,113.1872
JNJ,2021-08-06,120.7721,114.0062,113.2228
JNJ,2021-08-09,120.8211,114.2344,113.2587
JNJ,2021-08-10,119.988,114.4412,113.2851
JNJ,2021-08-11,119.6162,114.6615,113.3253
JNJ,2021-08-12,119.1004,114.867,113.3661
JNJ,2021-08-13,121.0392,115.161,113.4216
JNJ,2021-08-16,122.8926,115.4656,113.5003
JNJ,2021-08-17,124.7575,115.7984,113.5876
JNJ,2021-08-18,122.964,116.0986,113.6663
JNJ,2021-08-19,123.2594,116.4145,113.7493
JNJ,2021-08-20,121.1431,116.6715,113.8222
JNJ,2021-08-23,122.571,116.9109,113.9016
JNJ,2021-08-24,121.9315,117.1275,113.9715
JNJ,2021-08-25,122.6601,117.3096,114.0409
JNJ,2021-08-26,121.9949,117.4576,114.1048
JNJ,2021-08-27,119.6204,117.5784,114.1422
JNJ,2021-08-30,120.8576,117.7107,114.1902
JNJ,2021-08-31,122.2146,117.8595,114.2533
JNJ,2021-09-01,122.4389,118.033,114.3101
JNJ,2021-09-02,119.5727,118.1592,114.3405
JNJ,2021-09-03,120.6249,118.3167,114.3801
JNJ,2021-09-06,119.6505,118.4517,114.4058
JNJ,2021-09-07,120.3839,118.6079,114.4385
JNJ,2021-09-08,119.7464,118.7439,114.464
JNJ,2021-09-09,119.251,118.8584,114.4828
JNJ,2021-09-10,119.9561,118.9535,114.509
JNJ,2021-09-13,118.8748,119.012,114.5176
JNJ,2021-09-14,118.6804,119.0845,114.5119
JNJ,2021-09-15,119.3984,119.1149,114.5165
JNJ,2021-09-16,122.3987,119.2233,114.5346
JNJ,2021-09-17,122.3264,119.3399,114.546
JNJ,2021-09-20,123.5276,119.4641,114.5759
JNJ,2021-09-21,121.928,119.4774,114.5975
JNJ,2021-09-22,124.325,119.5269,114.6419
JNJ,2021-09-23,123.2223,119.5714,114.6762
JNJ,2021-09-24,123.0689,119.6569,114.7091
JNJ,2021-09-27,123.8157,119.8021,114.7479
JNJ,2021-09-28,122.7567,119.9254,114.7916
JNJ,2021-09-29,124.302,120.0645,114.8467
JNJ,2021-09-30,123.4039,120.2225,114.8939
JNJ,2021-10-01,124.6032,120.3981,114.9471
JNJ,2021-10-04,126.1528,120.6384,115.0002
JNJ,2021-10-05,127.0151,120.9191,115.05
JNJ,2021-10-06,128.0719,121.2042,115.0977
JNJ,2021-10-07,131.8339,121.5831,115.1677
JNJ,2021-10-08,132.4916,121.9408,115.2388
JNJ,2021-10-11,132.6903,122.3171,115.3173
JNJ,2021-10-12,133.2308,122.6748,115.4065
JNJ,2021-10-13,135.1996,123.0112,115.4977
JNJ,2021-10-14,138.8531,123.44,115.6149
JNJ,2021-10-15,138.6264,123.7971,115.7391
JNJ,2021-10-18,137.2344,124.1253,115.8556
JNJ,2021-10-19,139.0906,124.5074,115.9829
JNJ,2021-10-20,136.992,124.8549,116.1008
JNJ,2021-10-21,137.4278,125.2215,116.2058
JNJ,2021-10-22,137.9382,125.5594,116.3196
JNJ,2021-10-25,137.8053,125.8577,116.4294
JNJ,2021-10-26,137.7643,126.1178,116.5383
JNJ,2021-10-27,135.2412,126.3634,116.6277
JNJ,2021-10-28,133.9502,126.5772,116.7157
JNJ,2021-10-29,135.4154,126.8626,116.8124
JNJ,2021-11-01,132.3506,127.0582,116.8929
JNJ,2021-11-02,132.255,127.2647,116.9821
JNJ,2021-11-03,131.8205,127.4479,117.0806
JNJ,2021-11-04,128.9084,127.5862,117.1646
JNJ,2021-11-05,131.4393,127.8225,117.2524
JNJ,2021-11-08,129.9456,128.0043,117.335
JNJ,2021-11-09,130.7901,128.1758,117.423
JNJ,2021-11-10,130.1295,128.3296,117.5001
JNJ,2021-11-11,128.9215,128.5166,117.572
JNJ,2021-11-12,128.6095,128.6763,117.6371
JNJ,2021-11-15,128.1233,128.8458,117.6819
JNJ,2021-11-16,127.8847,128.9958,117.7292
JNJ,2021-11-17,126.7807,129.1365,117.7721
JNJ,2021-11-18,125.3632,129.2587,117.805
JNJ,2021-11-19,126.8312,129.3962,117.8351
JNJ,2021-11-22,126.8733,129.5562,117.8659
JNJ,2021-11-23,126.8187,129.7189,117.8913
JNJ,2021-11-24,125.575,129.8425,117.908
JNJ,2021-11-25,127.8693,129.9519,117.9365
JNJ,2021-11-26,127.7749,130.0608,117.9672
JNJ,2021-11-29,125.0893,130.0921,117.9885
JNJ,2021-11-30,125.5129,130.1638,117.9905
JNJ,2021-12-01,124.4616,130.1665,117.9978
JNJ,2021-12-02,125.7855,130.2178,118.0217
JNJ,2021-12-03,127.3076,130.3026,118.0513
JNJ,2021-12-06,128.6794,130.3998,118.0862
JNJ,2021-12-07,128.0403,130.5055,118.1148
JNJ,2021-12-08,127.9089,130.5776,118.1486
JNJ,2021-12-09,128.3025,130.6756,118.1913
JNJ,2021-12-10,129.6405,130.7764,118.2424
JNJ,2021-12-13,128.1564,130.8164,118.2798
JNJ,2021-12-14,128.3248,130.8426,118.3248
JNJ,2021-12-15,131.1049,130.9033,118.3826
JNJ,2021-12-16,130.3444,130.8735,118.4398
JNJ,2021-12-17,130.3388,130.8304,118.5071
JNJ,2021-12-20,134.2931,130.8625,118.6024
JNJ,2021-12-21,133.9602,130.8771,118.6899
JNJ,2021-12-22,131.6764,130.8066,118.7698
JNJ,2021-12-23,131.6241,130.662,118.8411
JNJ,2021-12-24,134.1787,130.5731,118.9253
JNJ,2021-12-27,135.8305,130.545,119.0266
JNJ,2021-12-28,134.364,130.4505,119.1173
JNJ,2021-12-29,135.0325,130.4113,119.2164
JNJ,2021-12-30,134.7977,130.3587,119.3167
JNJ,2021-12-31,136.079,130.3215,119.4158
JNJ,2022-01-03,135.167,130.2687,119.5187
JNJ,2022-01-04,135.9614,130.2327,119.6283
JNJ,2022-01-05,138.9737,130.3073,119.7598
JNJ,2022-01-06,134.9516,130.3273,119.8786
JNJ,2022-01-07,135.8963,130.337,120.0049
JNJ,2022-01-10,137.9791,130.4495,120.1469
JNJ,2022-01-11,135.5999,130.5164,120.2785
JNJ,2022-01-12,134.5305,130.5706,120.4007
JNJ,2022-01-13,133.9652,130.6718,120.5246
JNJ,2022-01-14,132.8931,130.7008,120.652
JNJ,2022-01-17,131.7177,130.7363,120.7695
JNJ,2022-01-18,131.1924,130.7443,120.8888
JNJ,2022-01-19,132.4991,130.7917,121.0033
JNJ,2022-01-20,134.7872,130.909,121.1316
JNJ,2022-01-21,136.8275,131.0734,121.2708
JNJ,2022-01-24,138.4131,131.2792,121.4319
JNJ,2022-01-25,141.3544,131.5486,121.6145
JNJ,2022-01-26,144.6847,131.9067,121.827
JNJ,2022-01-27,144.9941,132.2993,122.0392
JNJ,2022-01-28,147.4032,132.7107,122.2638
JNJ,2022-01-31,148.1509,133.1363,122.4883
JNJ,2022-02-01,147.8255,133.5564,122.7064
JNJ,2022-02-02,147.7796,134.0005,122.9183
JNJ,2022-02-03,149.5238,134.4336,123.1402
JNJ,2022-02-04,152.0679,134.9195,123.3741
JNJ,2022-02-07,153.1108,135.4799,123.6097
JNJ,2022-02-08,152.4634,136.0189,123.8467
JNJ,2022-02-09,151.6579,136.5628,124.085
JNJ,2022-02-10,148.5418,137.018,124.2985
JNJ,2022-02-11,149.1887,137.4556,124.5258
JNJ,2022-02-14,149.7229,137.8764,124.7527
JNJ,2022-02-15,147.9974,138.2756,124.9688
JNJ,2022-02-16,148.8311,138.694,125.1956
JNJ,2022-02-17,149.6411,139.1208,125.4302
JNJ,2022-02-18,147.1819,139.4716,125.6545
JNJ,2022-02-21,146.6831,139.8422,125.8749
JNJ,2022-02-22,149.0832,140.2573,126.105
JNJ,2022-02-23,148.0541,140.5963,126.3301
JNJ,2022-02-24,148.1213,140.9519,126.5544
JNJ,2022-02-25,148.4286,141.3136,126.7761
JNJ,2022-02-28,148.4218,141.5962,126.994
JNJ,2022-03-01,149.6233,141.9095,127.2086
JNJ,2022-03-02,151.2567,142.3011,127.4249
JNJ,2022-03-03,153.48,142.7382,127.6521
JNJ,2022-03-04,152.9742,143.1141,127.8726
JNJ,2022-03-07,153.9245,143.476,128.0952
JNJ,2022-03-08,155.4366,143.8975,128.3241
JNJ,2022-03-09,155.2675,144.3022,128.5575
JNJ,2022-03-10,154.0455,144.6871,128.7835
JNJ,2022-03-11,154.3356,145.0522,129.0235
JNJ,2022-03-14,153.318,145.4153,129.2518
JNJ,2022-03-15,152.1371,145.7388,129.4719
JNJ,2022-03-16,152.556,146.0104,129.6949
JNJ,2022-03-17,152.2691,146.3568,129.9189
JNJ,2022-03-18,152.6111,146.6911,130.1405
JNJ,2022-03-21,149.9882,146.9312,130.3375
JNJ,2022-03-22,149.7279,147.2138,130.5306
JNJ,2022-03-23,145.9762,147.4427,130.6927
JNJ,2022-03-24,144.2925,147.6493,130.8412
JNJ,2022-03-25,144.1835,147.8751,130.9942
JNJ,2022-03-28,146.2176,148.1651,131.1541
JNJ,2022-03-29,147.1476,148.4842,131.3159
JNJ,2022-03-30,147.3356,148.7809,131.4838
JNJ,2022-03-31,146.7447,149.0201,131.6512
JNJ,2022-04-01,146.3654,149.2108,131.8193
JNJ,2022-04-04,148.5862,149.4143,131.9977
JNJ,2022-04-05,146.771,149.5226,132.1687
JNJ,2022-04-06,145.6054,149.541,132.332
JNJ,2022-04-07,147.4146,149.5894,132.5015
JNJ,2022-04-08,146.878,149.5789,132.6598
JNJ,2022-04-11,150.1812,149.6195,132.831
JNJ,2022-04-12,151.4004,149.691,133.0127
JNJ,2022-04-13,153.435,149.8041,133.1905
JNJ,2022-04-14,150.6708,149.8271,133.359
JNJ,2022-04-15,152.5303,149.8363,133.5391
JNJ,2022-04-18,151.1065,149.7962,133.7081
JNJ,2022-04-19,152.3765,149.7945,133.8636
JNJ,2022-04-20,151.7878,149.7971,134.0133
JNJ,2022-04-21,152.2103,149.8705,134.1694
JNJ,2022-04-22,150.351,149.8937,134.3272
JNJ,2022-04-25,147.4835,149.8489,134.4818
JNJ,2022-04-26,147.7729,149.8444,134.6377
JNJ,2022-04-27,147.3187,149.8142,134.7876
JNJ,2022-04-28,145.8702,149.7388,134.9394
JNJ,2022-04-29,143.1506,149.6581,135.0761
JNJ,2022-05-02,138.9089,149.5027,135.1999
JNJ,2022-05-03,139.7714,149.3164,135.3339
JNJ,2022-05-04,139.403,149.1434,135.4618
JNJ,2022-05-05,138.4868,148.9507,135.5898
JNJ,2022-05-06,138.8566,148.7593,135.711
JNJ,2022-05-09,140.4985,148.6008,135.8442
JNJ,2022-05-10,140.9643,148.4276,135.9722
JNJ,2022-05-11,140.2933,148.2084,136.0818
JNJ,2022-05-12,143.7633,148.014,136.2136
JNJ,2022-05-13,142.7669,147.8099,136.3235
JNJ,2022-05-16,140.5386,147.5422,136.4221
JNJ,2022-05-17,140.7334,147.2481,136.5259
JNJ,2022-05-18,140.3617,146.95,136.6296
JNJ,2022-05-19,141.9131,146.7073,136.7436
JNJ,2022-05-20,141.1045,146.4427,136.844
JNJ,2022-05-23,140.8761,146.1939,136.9339
JNJ,2022-05-24,139.5353,145.9418,137.0078
JNJ,2022-05-25,140.8547,145.7078,137.0972
JNJ,2022-05-26,141.1199,145.4848,137.1865
JNJ,2022-05-27,140.7158,145.2469,137.2844
JNJ,2022-05-30,140.5123,145.0574,137.3741
JNJ,2022-05-31,140.5139,144.8731,137.467
JNJ,2022-06-01,138.2774,144.7191,137.5451
JNJ,2022-06-02,140.1479,144.6363,137.6359
JNJ,2022-06-03,141.9493,144.5916,137.7475
JNJ,2022-06-06,142.0508,144.5082,137.8535
JNJ,2022-06-07,141.9802,144.4049,137.9523
JNJ,2022-06-08,140.4202,144.2666,138.0422
JNJ,2022-06-09,143.2339,144.1964,138.1605
JNJ,2022-06-10,145.7038,144.1831,138.2859
JNJ,2022-06-13,146.3939,144.1393,138.4196
JNJ,2022-06-14,147.7989,144.1598,138.5567
JNJ,2022-06-15,149.9134,144.246,138.7075
JNJ,2022-06-16,151.7086,144.3319,138.8698
JNJ,2022-06-17,150.2809,144.3999,139.0215
JNJ,2022-06-20,149.7896,144.3921,139.176
JNJ,2022-06-21,150.625,144.3766,139.3357
JNJ,2022-06-22,151.0109,144.3281,139.4938
JNJ,2022-06-23,152.3445,144.3616,139.6435
JNJ,2022-06-24,153.4994,144.381,139.7994
JNJ,2022-06-27,153.9688,144.4382,139.9516
JNJ,2022-06-28,149.5274,144.3812,140.0896
JNJ,2022-06-29,151.5676,144.3768,140.2258
JNJ,2022-06-30,153.0552,144.3937,140.375
JNJ,2022-07-01,156.7284,144.5213,140.5433
JNJ,2022-07-04,155.9216,144.69,140.7038
JNJ,2022-07-05,152.7358,144.7893,140.8537
JNJ,2022-07-06,152.4622,144.8922,140.9945
JNJ,2022-07-07,153.2926,145.0406,141.144
JNJ,2022-07-08,152.5648,145.2289,141.2838
JNJ,2022-07-11,154.9957,145.5506,141.428
JNJ,2022-07-12,153.8788,145.8328,141.5623
JNJ,2022-07-13,153.7417,146.1196,141.6906
JNJ,2022-07-14,153.3523,146.4169,141.7982
JNJ,2022-07-15,158.2932,146.8056,141.9272
JNJ,2022-07-18,156.7149,147.1299,142.0474
JNJ,2022-07-19,157.7956,147.4666,142.1702
JNJ,2022-07-20,155.7003,147.7747,142.2727
JNJ,2022-07-21,156.3466,148.0264,142.3602
JNJ,2022-07-22,154.7028,148.2651,142.4405
JNJ,2022-07-25,156.684,148.588,142.5378
JNJ,2022-07-26,158.3458,148.9402,142.6341
JNJ,2022-07-27,158.8743,149.3105,142.7435
JNJ,2022-07-28,156.427,149.6008,142.8385
JNJ,2022-07-29,156.3722,149.9061,142.9306
JNJ,2022-08-01,155.8733,150.2061,143.021
JNJ,2022-08-02,157.3878,150.5631,143.1191
JNJ,2022-08-03,155.8248,150.8625,143.222
JNJ,2022-08-04,157.9191,151.1985,143.3419
JNJ,2022-08-05,159.7013,151.5782,143.4633
JNJ,2022-08-08,157.2716,151.9134,143.5879
JNJ,2022-08-09,156.9202,152.2415,143.7112
JNJ,2022-08-10,156.8686,152.6133,143.8365
JNJ,2022-08-11,158.7083,152.9846,143.9855
JNJ,2022-08-12,157.517,153.2959,144.1159
JNJ,2022-08-15,157.9282,153.6135,144.2558
JNJ,2022-08-16,159.9491,153.9728,144.4016
JNJ,2022-08-17,160.4461,154.3734,144.5531
JNJ,2022-08-18,157.1422,154.6515,144.6942
JNJ,2022-08-19,156.3031,154.8635,144.8327
JNJ,2022-08-22,157.9539,155.0947,144.9819
JNJ,2022-08-23,159.3963,155.3267,145.1394
JNJ,2022-08-24,155.4216,155.4368,145.2826
JNJ,2022-08-25,155.8152,155.519,145.4349
JNJ,2022-08-26,157.5354,155.664,145.5884
JNJ,2022-08-29,158.5412,155.8391,145.7467
JNJ,2022-08-30,159.7609,156.0218,145.9115
JNJ,2022-08-31,163.5823,156.2732,146.1015
JNJ,2022-09-01,163.5431,156.4972,146.2799
JNJ,2022-09-02,164.1508,156.7102,146.4617
JNJ,2022-09-05,162.4525,156.8799,146.6486
JNJ,2022-09-06,161.3285,157.1159,146.8276
JNJ,2022-09-07,160.763,157.2998,147.0091
JNJ,2022-09-08,162.3606,157.4859,147.192
JNJ,2022-09-09,161.0308,157.572,147.3606
JNJ,2022-09-12,163.3423,157.7204,147.534
JNJ,2022-09-13,161.371,157.8931,147.7006
JNJ,2022-09-14,162.5867,158.0956,147.874
JNJ,2022-09-15,163.6491,158.3027,148.0507
JNJ,2022-09-16,164.1691,158.5348,148.2234
JNJ,2022-09-19,166.0544,158.756,148.4129
JNJ,2022-09-20,164.7038,158.9725,148.5948
JNJ,2022-09-21,163.8771,159.1752,148.7586
JNJ,2022-09-22,162.1378,159.3509,148.9176
JNJ,2022-09-23,162.1954,159.4289,149.0769
JNJ,2022-09-26,162.016,159.535,149.2155
JNJ,2022-09-27,163.6384,159.6518,149.3639
JNJ,2022-09-28,164.3993,159.8258,149.5275
JNJ,2022-09-29,165.7315,160.0135,149.698
JNJ,2022-09-30,165.4033,160.2275,149.8541
JNJ,2022-10-03,166.208,160.418,150.006
JNJ,2022-10-04,169.7026,160.6451,150.1827
JNJ,2022-10-05,167.1754,160.8111,150.3434
JNJ,2022-10-06,163.7668,160.9579,150.4883
JNJ,2022-10-07,164.9956,161.1304,150.6329
JNJ,2022-10-10,163.4571,161.2821,150.7743
JNJ,2022-10-11,160.9568,161.3535,150.8993
JNJ,2022-10-12,161.9752,161.4765,151.0143
JNJ,2022-10-13,160.1816,161.5217,151.1405
JNJ,2022-10-14,163.0427,161.5885,151.2762
JNJ,2022-10-17,163.3736,161.7106,151.4032
JNJ,2022-10-18,163.04,161.833,151.5404
JNJ,2022-10-19,161.5691,161.927,151.6756
JNJ,2022-10-20,162.0048,161.9929,151.8158
JNJ,2022-10-21,159.1488,162.0256,151.947
JNJ,2022-10-24,154.7956,161.9629,152.0624
JNJ,2022-10-25,152.1301,161.8065,152.1671
JNJ,2022-10-26,154.1434,161.6805,152.2753
JNJ,2022-10-27,152.5753,161.5891,152.3643
JNJ,2022-10-28,150.1516,161.4661,152.4309
JNJ,2022-10-31,150.0385,161.3078,152.489
JNJ,2022-11-01,153.9104,161.1981,152.5518
JNJ,2022-11-02,155.8672,161.207,152.6077
JNJ,2022-11-03,154.4981,161.1807,152.6552
JNJ,2022-11-04,153.1096,161.0921,152.6838
JNJ,2022-11-07,151.7724,160.9568,152.7019
JNJ,2022-11-08,150.252,160.7666,152.714
JNJ,2022-11-09,151.2196,160.5193,152.7312
JNJ,2022-11-10,150.6828,160.2621,152.737
JNJ,2022-11-11,148.8305,159.9557,152.7208
JNJ,2022-11-14,146.6296,159.6393,152.6884
JNJ,2022-11-15,150.5438,159.4236,152.6788
JNJ,2022-11-16,151.8486,159.2453,152.6798
JNJ,2022-11-17,150.4198,159.0065,152.6892
JNJ,2022-11-18,152.5405,158.8367,152.7059
JNJ,2022-11-21,150.5983,158.5818,152.7103
JNJ,2022-11-22,150.4025,158.3624,152.7223
JNJ,2022-11-23,150.0205,158.1111,152.7283
JNJ,2022-11-24,150.3691,157.8455,152.7319
JNJ,2022-11-25,148.809,157.5383,152.74
JNJ,2022-11-28,149.0637,157.1985,152.7519
JNJ,2022-11-29,146.1746,156.8279,152.7374
JNJ,2022-11-30,145.5884,156.4621,152.7251
JNJ,2022-12-01,147.8468,156.1763,152.7237
JNJ,2022-12-02,149.6136,155.9247,152.7296
JNJ,2022-12-05,148.4751,155.6538,152.7299
JNJ,2022-12-06,145.9652,155.3004,152.7116
JNJ,2022-12-07,142.4323,154.861,152.6675
JNJ,2022-12-08,143.4693,154.4158,152.6174
JNJ,2022-12-09,143.9594,153.9869,152.5723
JNJ,2022-12-12,144.6269,153.5553,152.5259
JNJ,2022-12-13,147.4634,153.1105,152.486
JNJ,2022-12-14,147.7567,152.7221,152.4484
JNJ,2022-12-15,148.1769,152.4103,152.4191
JNJ,2022-12-16,145.8845,152.0281,152.3768
JNJ,2022-12-19,148.6332,151.7316,152.3534
JNJ,2022-12-20,148.3947,151.4804,152.3347
JNJ,2022-12-21,147.0638,151.1822,152.3072
JNJ,2022-12-22,147.4481,150.9275,152.2831
JNJ,2022-12-23,150.8689,150.684,152.2744
JNJ,2022-12-26,154.6053,150.5086,152.2975
JNJ,2022-12-27,152.9521,150.3069,152.3136
JNJ,2022-12-28,155.0435,150.1764,152.359
JNJ,2022-12-29,155.6743,150.0498,152.4159
JNJ,2022-12-30,157.4672,150.0161,152.4823
JNJ,2023-01-02,158.002,150.0803,152.5412
JNJ,2023-01-03,159.1478,150.2206,152.6012
JNJ,2023-01-04,161.591,150.3696,152.6725
JNJ,2023-01-05,158.4578,150.4872,152.7311
JNJ,2023-01-06,159.1469,150.6671,152.795
JNJ,2023-01-09,157.0901,150.8082,152.8375
JNJ,2023-01-10,156.3061,150.8561,152.8852
JNJ,2023-01-11,156.3474,150.8657,152.9389
JNJ,2023-01-12,154.61,150.8679,152.9749
JNJ,2023-01-13,153.633,150.8784,153.0086
JNJ,2023-01-16,151.2505,150.8679,153.014
JNJ,2023-01-17,150.2744,150.8684,153.0083
JNJ,2023-01-18,151.1874,150.8677,152.9971
JNJ,2023-01-19,152.717,150.9084,153.0073
JNJ,2023-01-20,151.4289,150.9604,153.0018
JNJ,2023-01-23,153.7649,151.1031,153.0151
JNJ,2023-01-24,154.8141,151.1885,153.0273
JNJ,2023-01-25,157.3907,151.2994,153.0553
JNJ,2023-01-26,154.3011,151.377,153.0658
JNJ,2023-01-27,154.8858,151.4239,153.0885
JNJ,2023-01-30,156.0025,151.532,153.131
JNJ,2023-01-31,153.0307,151.5845,153.1573
JNJ,2023-02-01,157.3176,151.7305,153.2073
JNJ,2023-02-02,156.2258,151.8476,153.2591
JNJ,2023-02-03,157.2319,152.0161,153.3295
JNJ,2023-02-06,158.9331,152.2135,153.4296
JNJ,2023-02-07,159.1559,152.4731,153.5266
JNJ,2023-02-08,161.7175,152.7957,153.6381
JNJ,2023-02-09,165.4597,153.1479,153.773
JNJ,2023-02-10,163.4323,153.4243,153.8959
JNJ,2023-02-13,163.6892,153.7286,154.0118
JNJ,2023-02-14,165.4394,154.1181,154.1342
JNJ,2023-02-15,162.4453,154.5183,154.245
JNJ,2023-02-16,164.4592,154.9381,154.3484
JNJ,2023-02-17,167.715,155.4132,154.4732
JNJ,2023-02-20,170.2175,155.925,154.6216
JNJ,2023-02-21,171.1091,156.398,154.7735
JNJ,2023-02-22,174.1663,156.9261,154.9425
JNJ,2023-02-23,174.9179,157.461,155.1075
JNJ,2023-02-24,172.3638,157.9906,155.2638
JNJ,2023-02-27,171.3901,158.4457,155.4164
JNJ,2023-02-28,170.9374,158.8965,155.5734
JNJ,2023-03-01,170.8567,159.3724,155.7234
JNJ,2023-03-02,170.7175,159.8378,155.8714
JNJ,2023-03-03,170.107,160.2226,156.0183
JNJ,2023-03-06,170.5728,160.5419,156.1686
JNJ,2023-03-07,173.5511,160.9539,156.3338
JNJ,2023-03-08,174.017,161.3334,156.5125
JNJ,2023-03-09,175.3064,161.726,156.6883
JNJ,2023-03-10,171.0424,161.9975,156.8338
JNJ,2023-03-13,171.3303,162.2641,156.9802
JNJ,2023-03-14,173.4987,162.5511,157.1378
JNJ,2023-03-15,176.0136,162.8395,157.3157
JNJ,2023-03-16,178.359,163.2376,157.4914
JNJ,2023-03-17,179.019,163.635,157.6579
JNJ,2023-03-20,179.9068,164.0913,157.8255
JNJ,2023-03-21,178.5849,164.5369,157.9794
JNJ,2023-03-22,180.3499,165.017,158.1316
JNJ,2023-03-23,179.0355,165.5055,158.2682
JNJ,2023-03-24,180.4688,166.0422,158.4192
JNJ,2023-03-27,180.5995,166.6292,158.5732
JNJ,2023-03-28,180.6759,167.2372,158.7235
JNJ,2023-03-29,182.785,167.8692,158.8824
JNJ,2023-03-30,183.9985,168.4948,159.0406
JNJ,2023-03-31,184.6358,169.1589,159.1963
JNJ,2023-04-03,183.6432,169.7565,159.3447
JNJ,2023-04-04,187.0575,170.4014,159.5323
JNJ,2023-04-05,187.8126,171.0098,159.7136
JNJ,2023-04-06,189.459,171.7129,159.8956
JNJ,2023-04-07,189.681,172.4089,160.0603
JNJ,2023-04-10,188.2424,173.0537,160.2219
JNJ,2023-04-11,189.0494,173.774,160.4035
JNJ,2023-04-12,187.8242,174.3842,160.5803
JNJ,2023-04-13,188.8066,175.0358,160.7579
JNJ,2023-04-14,181.99,175.5309,160.905
JNJ,2023-04-17,181.2106,175.9765,161.0361
JNJ,2023-04-18,181.227,176.4179,161.1728
JNJ,2023-04-19,179.3217,176.77,161.3007
JNJ,2023-04-20,180.1085,177.063,161.4345
JNJ,2023-04-21,179.2937,177.3802,161.5395
JNJ,2023-04-24,179.327,177.6929,161.6526
JNJ,2023-04-25,178.2542,177.9492,161.7549
JNJ,2023-04-26,180.2751,178.3058,161.8777
JNJ,2023-04-27,181.4406,178.6455,162.0032
JNJ,2023-04-28,182.1006,178.9332,162.1402
JNJ,2023-05-01,182.2748,179.1743,162.2682
JNJ,2023-05-02,187.6284,179.5047,162.4146
JNJ,2023-05-03,187.3412,179.7682,162.5569
JNJ,2023-05-04,185.9137,179.9881,162.7043
JNJ,2023-05-05,183.5037,180.2109,162.84
JNJ,2023-05-08,185.4441,180.492,162.9879
JNJ,2023-05-09,188.9539,180.8523,163.1457
JNJ,2023-05-10,187.193,181.1791,163.3025
JNJ,2023-05-11,186.6365,181.4974,163.4461
JNJ,2023-05-12,185.9245,181.8138,163.5772
JNJ,2023-05-15,185.7101,182.1165,163.7194
JNJ,2023-05-16,182.0707,182.2869,163.8452
JNJ,2023-05-17,183.7904,182.4824,163.9798
JNJ,2023-05-18,186.3348,182.703,164.1179
JNJ,2023-05-19,182.4001,182.9301,164.2423
JNJ,2023-05-22,186.1195,183.2259,164.3833
JNJ,2023-05-23,189.6126,183.5482,164.5316
JNJ,2023-05-24,183.1724,183.6914,164.6452
JNJ,2023-05-25,178.7588,183.6994,164.7533
JNJ,2023-05-26,178.5348,183.6897,164.8645
JNJ,2023-05-29,181.2648,183.7168,164.981
JNJ,2023-05-30,181.9074,183.7833,165.0936
JNJ,2023-05-31,181.9976,183.8162,165.2265
JNJ,2023-06-01,183.2317,183.9002,165.3635
JNJ,2023-06-02,181.6064,183.9229,165.4839
JNJ,2023-06-05,184.3026,183.997,165.6127
JNJ,2023-06-06,184.1328,184.0661,165.7346
JNJ,2023-06-07,180.8004,184.0264,165.8207
JNJ,2023-06-08,179.2223,183.9309,165.8991
JNJ,2023-06-09,180.0193,183.8386,165.9784
JNJ,2023-06-12,179.4744,183.7552,166.0635
JNJ,2023-06-13,178.7211,183.5885,166.1505
JNJ,2023-06-14,179.1782,183.4158,166.2425
JNJ,2023-06-15,179.9539,183.2257,166.3305
JNJ,2023-06-16,177.5057,182.9822,166.4129
JNJ,2023-06-19,180.0309,182.8179,166.4963
JNJ,2023-06-20,179.809,182.6331,166.5885
JNJ,2023-06-21,180.7124,182.4909,166.6792
JNJ,2023-06-22,180.9579,182.3339,166.7657
JNJ,2023-06-23,180.164,182.2974,166.8457
JNJ,2023-06-26,182.0821,182.3148,166.9258
JNJ,2023-06-27,182.2959,182.3362,167.0138
JNJ,2023-06-28,182.4937,182.3996,167.1069
JNJ,2023-06-29,177.4608,182.3467,167.1835
JNJ,2023-06-30,179.1638,182.3441,167.2683
JNJ,2023-07-03,178.8629,182.3348,167.3525
JNJ,2023-07-04,180.4463,182.3787,167.4366
JNJ,2023-07-05,183.8901,182.451,167.534
JNJ,2023-07-06,185.662,182.5354,167.6337
JNJ,2023-07-07,185.823,182.6098,167.7358
JNJ,2023-07-10,185.2674,182.6697,167.8311
JNJ,2023-07-11,190.6983,182.7311,167.9361
JNJ,2023-07-12,191.7949,182.8202,168.0592
JNJ,2023-07-13,192.3,182.9479,168.2018
JNJ,2023-07-14,191.9501,183.1168,168.3366
JNJ,2023-07-17,190.0568,183.2091,168.4696
JNJ,2023-07-18,185.9462,183.1489,168.5945
JNJ,2023-07-19,189.2292,183.1896,168.7308
JNJ,2023-07-20,187.6118,183.2091,168.868
JNJ,2023-07-21,187.2547,183.2357,168.989
JNJ,2023-07-24,187.077,183.2631,169.1075
JNJ,2023-07-25,190.19,183.4255,169.2433
JNJ,2023-07-26,188.5924,183.5215,169.3784
JNJ,2023-07-27,189.1914,183.5786,169.5143
JNJ,2023-07-28,190.3415,183.7375,169.6703
JNJ,2023-07-31,187.4242,183.7636,169.8334
JNJ,2023-08-01,184.3551,183.6584,169.9946
JNJ,2023-08-02,182.9127,183.6532,170.1384
JNJ,2023-08-03,183.4653,183.7473,170.2929
JNJ,2023-08-04,183.7543,183.8517,170.4609
JNJ,2023-08-07,183.5528,183.8975,170.6285
JNJ,2023-08-08,184.9625,183.9586,170.7837
JNJ,2023-08-09,183.2206,183.9831,170.9205
JNJ,2023-08-10,182.9129,183.9767,171.0626
JNJ,2023-08-11,182.7238,183.999,171.2106
JNJ,2023-08-14,181.0585,183.9341,171.3571
JNJ,2023-08-15,185.8932,183.9694,171.5353
JNJ,2023-08-16,181.4406,183.9822,171.6864
JNJ,2023-08-17,184.0577,184.0789,171.8532
JNJ,2023-08-18,185.7821,184.1941,172.038
JNJ,2023-08-21,187.5401,184.3554,172.2426
JNJ,2023-08-22,187.7916,184.5368,172.4288
JNJ,2023-08-23,190.7011,184.7673,172.6231
JNJ,2023-08-24,189.7821,184.9639,172.8199
JNJ,2023-08-25,190.6768,185.2273,173.0105
JNJ,2023-08-28,190.8834,185.4443,173.212
JNJ,2023-08-29,190.4295,185.6567,173.4121
JNJ,2023-08-30,190.7411,185.8573,173.6157
JNJ,2023-08-31,188.7479,186.0131,173.8076
JNJ,2023-09-01,187.3795,186.1574,174.0005
JNJ,2023-09-04,190.8157,186.3321,174.2092
JNJ,2023-09-05,197.2034,186.6303,174.4644
JNJ,2023-09-06,198.4197,186.9488,174.7285
JNJ,2023-09-07,200.3547,187.4067,174.9911
JNJ,2023-09-08,200.9789,187.843,175.2479
JNJ,2023-09-11,202.0698,188.3071,175.5159
JNJ,2023-09-12,203.3711,188.7656,175.8029
JNJ,2023-09-13,205.825,189.2043,176.1199
JNJ,2023-09-14,209.4964,189.681,176.45
JNJ,2023-09-15,207.4586,190.1137,176.7675
JNJ,2023-09-18,214.2726,190.6938,177.1157
JNJ,2023-09-19,214.6631,191.1731,177.4517
JNJ,2023-09-20,215.0552,191.6383,177.7882
JNJ,2023-09-21,214.1049,192.0744,178.1178
JNJ,2023-09-22,213.168,192.4988,178.4543
JNJ,2023-09-25,214.7174,192.992,178.7847
JNJ,2023-09-26,216.329,193.5996,179.1244
JNJ,2023-09-27,217.7751,194.1705,179.4779
JNJ,2023-09-28,216.7097,194.7525,179.8242
JNJ,2023-09-29,210.226,195.2119,180.121
JNJ,2023-10-02,206.0414,195.5912,180.3782
JNJ,2023-10-03,206.1246,195.9099,180.644
JNJ,2023-10-04,206.9635,196.2773,180.9036
JNJ,2023-10-05,206.0331,196.6142,181.1554
JNJ,2023-10-06,204.4724,196.8968,181.3905
JNJ,2023-10-09,205.2134,197.2526,181.6265
JNJ,2023-10-10,205.015,197.6658,181.8559
JNJ,2023-10-11,203.962,198.0867,182.0677
JNJ,2023-10-12,200.3105,198.4236,182.277
JNJ,2023-10-13,198.453,198.7176,182.4735
JNJ,2023-10-16,200.6135,199.0588,182.6911
JNJ,2023-10-17,198.4859,199.3293,182.902
JNJ,2023-10-18,200.0358,199.6656,183.1205
JNJ,2023-10-19,203.2568,200.0725,183.3637
JNJ,2023-10-20,201.4927,200.4479,183.603
JNJ,2023-10-23,200.5302,200.8373,183.8494
JNJ,2023-10-24,202.8392,201.1762,184.1122
JNJ,2023-10-25,205.7466,201.6623,184.385
JNJ,2023-10-26,204.2996,202.0672,184.6429
JNJ,2023-10-27,200.6288,202.3641,184.8889
JNJ,2023-10-30,203.5555,202.6844,185.1379
JNJ,2023-10-31,204.9594,203.0278,185.3886
JNJ,2023-11-01,205.9448,203.3326,185.6314
JNJ,2023-11-02,208.1467,203.6999,185.9006
JNJ,2023-11-03,205.4203,203.9948,186.1533
JNJ,2023-11-06,206.3858,204.3049,186.4052
JNJ,2023-11-07,205.7714,204.6117,186.6689
JNJ,2023-11-08,207.235,204.9416,186.9185
JNJ,2023-11-09,209.1741,205.3501,187.1832
JNJ,2023-11-10,211.5567,205.8336,187.4549
JNJ,2023-11-13,213.0514,206.2784,187.7254
JNJ,2023-11-14,213.712,206.6085,187.9982
JNJ,2023-11-15,214.456,206.9293,188.2619
JNJ,2023-11-16,215.4042,207.2302,188.5116
JNJ,2023-11-17,213.9389,207.4894,188.7642
JNJ,2023-11-20,213.096,207.71,189.0112
JNJ,2023-11-21,214.1245,207.925,189.2546
JNJ,2023-11-22,215.7643,208.1238,189.5212
JNJ,2023-11-23,214.2318,208.2185,189.7701
JNJ,2023-11-24,211.6859,208.3031,189.9899
JNJ,2023-11-27,207.7553,208.1727,190.1776
JNJ,2023-11-28,204.8569,207.9766,190.3464
JNJ,2023-11-29,203.659,207.7487,190.4938
JNJ,2023-11-30,202.6815,207.5202,190.6327
JNJ,2023-12-01,202.0837,207.2985,190.7813
JNJ,2023-12-04,199.3918,206.992,190.9213
JNJ,2023-12-05,195.3851,206.5731,191.0435
JNJ,2023-12-06,195.7152,206.1319,191.1678
JNJ,2023-12-07,196.0468,205.7187,191.2944
JNJ,2023-12-08,197.4829,205.4638,191.4313
JNJ,2023-12-11,199.3669,205.3303,191.5753
JNJ,2023-12-12,200.3066,205.214,191.7091
JNJ,2023-12-13,200.618,205.0871,191.8421
JNJ,2023-12-14,202.6719,205.0198,191.9789
JNJ,2023-12-15,206.0232,205.0508,192.1538
JNJ,2023-12-18,204.5003,205.0366,192.3197
JNJ,2023-12-19,206.3464,205.0632,192.4839
JNJ,2023-12-20,204.9431,205.0828,192.6285
JNJ,2023-12-21,205.5047,205.1867,192.7643
JNJ,2023-12-22,208.0648,205.379,192.9095
JNJ,2023-12-25,207.4727,205.5161,193.0473
JNJ,2023-12-26,205.2969,205.6524,193.1809
JNJ,2023-12-27,204.2824,205.7373,193.3005
JNJ,2023-12-28,202.1379,205.7149,193.4161
JNJ,2023-12-29,199.7413,205.6799,193.5124
JNJ,2024-01-01,202.544,205.7202,193.6221
JNJ,2024-01-02,203.822,205.7398,193.7379
JNJ,2024-01-03,202.217,205.6692,193.835
JNJ,2024-01-04,200.023,205.5837,193.9152
JNJ,2024-01-05,198.0077,205.5313,193.982
JNJ,2024-01-08,196.4481,205.3891,194.046
JNJ,2024-01-09,199.0829,205.2716,194.1062
JNJ,2024-01-10,198.8849,205.1304,194.1615
JNJ,2024-01-11,203.8021,205.0435,194.2332
JNJ,2024-01-12,203.7619,205.0103,194.3037
JNJ,2024-01-15,202.4875,204.9324,194.3749
JNJ,2024-01-16,204.6807,204.9106,194.453
JNJ,2024-01-17,200.8918,204.7837,194.5184
JNJ,2024-01-18,201.3725,204.6277,194.5812
JNJ,2024-01-19,198.674,204.37,194.6646
JNJ,2024-01-22,193.8676,203.9863,194.7279
JNJ,2024-01-23,193.6581,203.5853,194.7901
JNJ,2024-01-24,195.5494,203.2071,194.8712
JNJ,2024-01-25,196.074,202.8205,194.951
JNJ,2024-01-26,196.3322,202.4684,195.0362
JNJ,2024-01-29,190.6794,202.0201,195.093
JNJ,2024-01-30,190.3929,201.5454,195.1537
JNJ,2024-01-31,190.1278,201.0327,195.2029
JNJ,2024-02-01,191.5204,200.5785,195.2533
JNJ,2024-02-02,189.2842,200.1304,195.2893
JNJ,2024-02-05,191.1216,199.7978,195.3335
JNJ,2024-02-06,190.069,199.502,195.3457
JNJ,2024-02-07,189.473,199.2183,195.3564
JNJ,2024-02-08,190.6589,198.9778,195.3801
JNJ,2024-02-09,188.1525,198.6992,195.4033
JNJ,2024-02-12,189.9672,198.5107,195.4259
JNJ,2024-02-13,187.1189,198.3454,195.4168
JNJ,2024-02-14,188.5619,198.2023,195.4236
JNJ,2024-02-15,188.1068,198.0435,195.431
JNJ,2024-02-16,187.8266,197.8504,195.4405
JNJ,2024-02-19,181.4567,197.4922,195.4192
JNJ,2024-02-20,180.2909,197.0919,195.4103
JNJ,2024-02-21,179.9072,196.6777,195.3909
JNJ,2024-02-22,183.1406,196.287,195.3749
JNJ,2024-02-23,183.1124,195.8288,195.3785
JNJ,2024-02-26,181.8076,195.375,195.3569
JNJ,2024-02-27,183.5808,194.9196,195.3268
JNJ,2024-02-28,182.5785,194.4724,195.3238
JNJ,2024-02-29,184.7748,194.0578,195.3539
JNJ,2024-03-01,185.3701,193.6039,195.388
JNJ,2024-03-04,183.5354,193.1251,195.3994
JNJ,2024-03-05,185.5445,192.7301,195.4176
JNJ,2024-03-06,186.8607,192.3816,195.4419
JNJ,2024-03-07,188.816,192.1152,195.4698
JNJ,2024-03-08,188.4742,191.8899,195.5042
JNJ,2024-03-11,189.8113,191.6352,195.5317
JNJ,2024-03-12,194.0391,191.4395,195.5812
JNJ,2024-03-13,194.4658,191.2845,195.6496
JNJ,2024-03-14,193.6378,191.1568,195.7216
JNJ,2024-03-15,197.1075,191.1388,195.8071
JNJ,2024-03-18,198.6545,191.1829,195.903
JNJ,2024-03-19,197.6924,191.1551,195.9978
JNJ,2024-03-20,201.6714,191.2109,196.1103
JNJ,2024-03-21,198.9886,191.1146,196.2055
JNJ,2024-03-22,200.2368,191.0441,196.3191
JNJ,2024-03-25,202.9083,191.0525,196.4335
JNJ,2024-03-26,205.4411,191.0677,196.5617
JNJ,2024-03-27,203.4068,191.118,196.6752
JNJ,2024-03-28,200.6164,191.1029,196.7734
JNJ,2024-03-29,201.1901,191.1532,196.8786
JNJ,2024-04-01,202.8556,191.333,196.9824
JNJ,2024-04-02,200.4419,191.4687,197.0732
JNJ,2024-04-03,201.1799,191.5813,197.1666
JNJ,2024-04-04,197.9326,191.6184,197.269
JNJ,2024-04-05,200.3786,191.6994,197.375
JNJ,2024-04-08,199.1352,191.8685,197.4764
JNJ,2024-04-09,198.8155,192.0369,197.5682
JNJ,2024-04-10,200.8244,192.2509,197.6529
JNJ,2024-04-11,202.6395,192.4732,197.7378
JNJ,2024-04-12,203.783,192.7632,197.8276
JNJ,2024-04-15,206.228,193.0653,197.9324
JNJ,2024-04-16,207.2392,193.4087,198.0151
JNJ,2024-04-17,210.7221,193.8337,198.1097
JNJ,2024-04-18,206.7262,194.1551,198.1819
JNJ,2024-04-19,206.6389,194.5248,198.2553
JNJ,2024-04-22,206.4521,194.8545,198.3373
JNJ,2024-04-23,205.9923,195.232,198.4375
JNJ,2024-04-24,207.2099,195.6049,198.5274
JNJ,2024-04-25,207.7659,195.9981,198.6282
JNJ,2024-04-26,209.7713,196.437,198.7408
JNJ,2024-04-29,207.0266,196.9484,198.8405
JNJ,2024-04-30,212.5318,197.5932,198.9522
JNJ,2024-05-01,211.6452,198.228,199.0675
JNJ,2024-05-02,212.3883,198.8129,199.1835
JNJ,2024-05-03,211.9458,199.3896,199.2915
JNJ,2024-05-06,212.1945,199.9973,199.4154
JNJ,2024-05-07,210.9647,200.545,199.5484
JNJ,2024-05-08,211.5112,201.1237,199.6914
JNJ,2024-05-09,212.9609,201.6874,199.8389
JNJ,2024-05-10,207.2921,202.1258,199.9566
JNJ,2024-05-13,206.5735,202.5866,200.0717
JNJ,2024-05-14,205.7688,202.9911,200.1757
JNJ,2024-05-15,211.3097,203.4801,200.3162
JNJ,2024-05-16,213.4345,203.9724,200.4688
JNJ,2024-05-17,217.1509,204.546,200.6409
JNJ,2024-05-20,218.5848,205.1214,200.8285
JNJ,2024-05-21,218.8444,205.6175,200.9933
JNJ,2024-05-22,219.8056,206.1243,201.1851
JNJ,2024-05-23,222.6787,206.7052,201.3782
JNJ,2024-05-24,227.1993,207.307,201.5853
JNJ,2024-05-27,228.0365,207.8946,201.7878
JNJ,2024-05-28,226.4888,208.4706,201.9813
JNJ,2024-05-29,228.9337,209.0158,202.1724
JNJ,2024-05-30,226.787,209.5718,202.3575
JNJ,2024-05-31,227.8509,210.1241,202.5433
JNJ,2024-06-03,229.676,210.6594,202.7373
JNJ,2024-06-04,229.4528,211.1396,202.9324
JNJ,2024-06-05,227.1683,211.6149,203.1145
JNJ,2024-06-06,226.0576,212.1237,203.3011
JNJ,2024-06-07,225.3051,212.606,203.4907
JNJ,2024-06-10,222.6858,213.0026,203.6501
JNJ,2024-06-11,221.7692,213.4292,203.7729
JNJ,2024-06-12,218.2032,213.7696,203.8718
JNJ,2024-06-13,219.7263,214.2055,203.9687
JNJ,2024-06-14,220.6142,214.6102,204.0668
JNJ,2024-06-17,221.3359,215.0542,204.1632
JNJ,2024-06-18,220.4253,215.4864,204.2484
JNJ,2024-06-19,219.8519,215.867,204.3186
JNJ,2024-06-20,217.8502,216.1712,204.3604
JNJ,2024-06-21,219.1572,216.4787,204.4188
JNJ,2024-06-24,215.8634,216.6714,204.4268
JNJ,2024-06-25,216.1233,216.8491,204.4341
JNJ,2024-06-26,214.6302,216.9272,204.432
JNJ,2024-06-27,219.0053,217.1728,204.4565
JNJ,2024-06-28,220.3731,217.4475,204.4925
JNJ,2024-07-01,220.4278,217.727,204.5211
JNJ,2024-07-02,217.7358,217.9619,204.5281
JNJ,2024-07-03,214.4496,218.1067,204.5115
JNJ,2024-07-04,215.7132,218.2656,204.5065
JNJ,2024-07-05,220.2139,218.4745,204.5564
JNJ,2024-07-08,221.2934,218.7598,204.6327
JNJ,2024-07-09,221.7898,218.945,204.711
JNJ,2024-07-10,222.3238,219.1585,204.7878
JNJ,2024-07-11,222.64,219.3636,204.8708
JNJ,2024-07-12,223.2105,219.5889,204.9645
JNJ,2024-07-15,221.5391,219.7757,205.0462
JNJ,2024-07-16,219.1625,219.9397,205.1169
JNJ,2024-07-17,219.4896,220.0993,205.1945
JNJ,2024-07-18,223.2946,220.3059,205.3095
JNJ,2024-07-19,225.3277,220.6667,205.4438
JNJ,2024-07-22,222.2545,220.9803,205.552
JNJ,2024-07-23,221.6685,221.2983,205.6679
JNJ,2024-07-24,223.565,221.5434,205.7856
JNJ,2024-07-25,227.5011,221.8247,205.9068
JNJ,2024-07-26,232.2279,222.1262,206.0605
JNJ,2024-07-29,231.7324,222.3892,206.2165
JNJ,2024-07-30,233.9675,222.6917,206.3721
JNJ,2024-07-31,234.6892,222.9893,206.5169
JNJ,2024-08-01,234.4301,223.2244,206.6675
JNJ,2024-08-02,234.6553,223.3735,206.8376
JNJ,2024-08-05,234.9134,223.511,206.9944
JNJ,2024-08-06,238.1249,223.7437,207.1603
JNJ,2024-08-07,234.4221,223.8535,207.3026
JNJ,2024-08-08,235.7295,224.0324,207.4406
JNJ,2024-08-09,239.9411,224.2742,207.6132
JNJ,2024-08-12,243.93,224.5592,207.8009
JNJ,2024-08-13,245.571,224.8816,207.9999
JNJ,2024-08-14,243.5337,225.2089,208.1814
JNJ,2024-08-15,245.7504,225.6028,208.3643
JNJ,2024-08-16,249.5334,226.0873,208.5541
JNJ,2024-08-19,248.1429,226.5965,208.7296
JNJ,2024-08-20,249.2142,227.1454,208.9071
JNJ,2024-08-21,248.6978,227.7553,209.0783
JNJ,2024-08-22,247.0349,228.3014,209.2365
JNJ,2024-08-23,246.216,228.8135,209.3979
JNJ,2024-08-26,246.6375,229.3195,209.5656
JNJ,2024-08-27,244.1447,229.7939,209.7157
JNJ,2024-08-28,241.2284,230.2214,209.843
JNJ,2024-08-29,238.8678,230.6418,209.9662
JNJ,2024-08-30,239.8183,231.055,210.1068
JNJ,2024-09-02,235.925,231.4562,210.2477
JNJ,2024-09-03,230.1265,231.7363,210.374
JNJ,2024-09-04,233.7951,232.1196,210.5247
JNJ,2024-09-05,231.1829,232.3631,210.6672
JNJ,2024-09-06,230.7333,232.5704,210.8105
JNJ,2024-09-09,233.218,232.8262,210.9796
JNJ,2024-09-10,229.5035,233.0615,211.1502
JNJ,2024-09-11,225.8452,233.2894,211.3008
JNJ,2024-09-12,224.2878,233.4609,211.442
JNJ,2024-09-13,226.8034,233.5927,211.5886
JNJ,2024-09-16,226.8051,233.7029,211.7258
JNJ,2024-09-17,226.8418,233.804,211.8585
JNJ,2024-09-18,226.1404,233.8803,211.9861
JNJ,2024-09-19,227.6441,233.9804,212.111
JNJ,2024-09-20,231.4288,234.1448,212.238
JNJ,2024-09-23,239.4539,234.5031,212.4128
JNJ,2024-09-24,239.1127,234.9021,212.5766
JNJ,2024-09-25,243.3476,235.3792,212.7686
JNJ,2024-09-26,246.1829,235.837,212.972
JNJ,2024-09-27,246.9918,236.2703,213.1667
JNJ,2024-09-30,240.9404,236.644,213.334
JNJ,2024-10-01,239.9709,237.01,213.5074
JNJ,2024-10-02,239.1128,237.321,213.6815
JNJ,2024-10-03,240.1484,237.5739,213.8716
JNJ,2024-10-04,239.6719,237.7228,214.0712
JNJ,2024-10-07,238.2066,237.8523,214.2495
JNJ,2024-10-08,243.8149,238.0492,214.4495
JNJ,2024-10-09,247.5212,238.3059,214.676
JNJ,2024-10-10,241.9697,238.4567,214.8858
JNJ,2024-10-11,241.2608,238.5888,215.102
JNJ,2024-10-14,243.0545,238.7516,215.3351
JNJ,2024-10-15,246.8127,238.9254,215.5737
JNJ,2024-10-16,245.7024,239.151,215.8078
JNJ,2024-10-17,245.1652,239.3397,216.0146
JNJ,2024-10-18,245.4909,239.4507,216.2232
JNJ,2024-10-21,247.4028,239.5201,216.4478
JNJ,2024-10-22,243.194,239.4726,216.6404
JNJ,2024-10-23,237.7597,239.3571,216.8247
JNJ,2024-10-24,241.2272,239.2667,217.024
JNJ,2024-10-25,238.5946,239.0479,217.2236
JNJ,2024-10-28,244.4688,238.9744,217.4766
JNJ,2024-10-29,242.1479,238.8331,217.7191
JNJ,2024-10-30,241.7018,238.6931,217.9498
JPM,2020-01-02,140.0,140.0,140.0
JPM,2020-01-03,143.668,141.834,141.834
JPM,2020-01-06,140.3942,141.3541,141.3541
JPM,2020-01-07,140.5187,141.1452,141.1452
JPM,2020-01-08,139.9044,140.8971,140.8971
JPM,2020-01-09,144.5357,141.5035,141.5035
JPM,2020-01-10,146.3459,142.1953,142.1953
JPM,2020-01-13,143.2052,142.3215,142.3215
JPM,2020-01-14,138.8356,141.9342,141.9342
JPM,2020-01-15,142.7655,142.0173,142.0173
JPM,2020-01-16,142.7828,142.0869,142.0869
JPM,2020-01-17,142.7385,142.1412,142.1412
JPM,2020-01-20,141.9533,142.1268,142.1268
JPM,2020-01-21,140.0073,141.9754,141.9754
JPM,2020-01-22,140.1473,141.8535,141.8535
JPM,2020-01-23,142.1308,141.8708,141.8708
JPM,2020-01-24,142.11,141.8849,141.8849
JPM,2020-01-27,144.7124,142.042,142.042
JPM,2020-01-28,146.4638,142.2747,142.2747
JPM,2020-01-29,148.7793,142.5999,142.5999
JPM,2020-01-30,149.2929,142.9186,142.9186
JPM,2020-01-31,148.9274,143.1918,143.1918
JPM,2020-02-03,146.0892,143.3177,143.3177
JPM,2020-02-04,148.6074,143.5382,143.5382
JPM,2020-02-05,149.3053,143.7688,143.7688
JPM,2020-02-06,148.7091,143.9588,143.9588
JPM,2020-02-07,145.9114,144.0312,144.0312
JPM,2020-02-10,149.1418,144.2137,144.2137
JPM,2020-02-11,149.1564,144.3841,144.3841
JPM,2020-02-12,154.061,144.7067,144.7067
JPM,2020-02-13,148.7771,144.838,144.838
JPM,2020-02-14,149.6205,144.9874,144.9874
JPM,2020-02-17,146.2549,145.0259,145.0259
JPM,2020-02-18,144.4922,145.0102,145.0102
JPM,2020-02-19,143.8613,144.9773,144.9773
JPM,2020-02-20,145.4452,144.9903,144.9903
JPM,2020-02-21,146.1682,145.0222,145.0222
JPM,2020-02-24,144.86,145.0179,145.0179
JPM,2020-02-25,143.2689,144.973,144.973
JPM,2020-02-26,139.1952,144.8286,144.8286
JPM,2020-02-27,137.7997,144.6572,144.6572
JPM,2020-02-28,136.1121,144.4537,144.4537
JPM,2020-03-02,138.9429,144.3256,144.3256
JPM,2020-03-03,138.0515,144.183,144.183
JPM,2020-03-04,137.1853,144.0275,144.0275
JPM,2020-03-05,137.7214,143.8904,143.8904
JPM,2020-03-06,141.0071,143.829,143.829
JPM,2020-03-09,144.321,143.8393,143.8393
JPM,2020-03-10,150.3614,143.9724,143.9724
JPM,2020-03-11,146.8709,144.0303,144.0303
JPM,2020-03-12,147.3296,144.1769,144.095
JPM,2020-03-13,147.1177,144.2459,144.1532
JPM,2020-03-16,142.6724,144.2915,144.1252
JPM,2020-03-17,139.9149,144.2794,144.0473
JPM,2020-03-18,142.1446,144.3242,144.0127
JPM,2020-03-19,143.4712,144.3029,144.003
JPM,2020-03-20,144.7917,144.2719,144.0168
JPM,2020-03-23,145.9462,144.3267,144.0501
JPM,2020-03-24,141.8711,144.3874,144.0132
JPM,2020-03-25,139.2924,144.3179,143.9345
JPM,2020-03-26,138.0735,144.2237,143.8384
JPM,2020-03-27,140.0821,144.1706,143.7778
JPM,2020-03-30,140.4429,144.1404,143.7249
JPM,2020-03-31,142.6667,144.1936,143.7083
JPM,2020-04-01,147.5414,144.3415,143.7673
JPM,2020-04-02,143.655,144.372,143.7656
JPM,2020-04-03,143.4112,144.398,143.7603
JPM,2020-04-06,143.1785,144.3673,143.7518
JPM,2020-04-07,141.2213,144.2624,143.7151
JPM,2020-04-08,142.3296,144.1335,143.6953
JPM,2020-04-09,149.4624,144.1368,143.7765
JPM,2020-04-10,147.1204,144.1007,143.823
JPM,2020-04-13,148.6843,144.1526,143.8896
JPM,2020-04-14,146.1125,144.1027,143.9196
JPM,2020-04-15,141.7417,143.9514,143.8906
JPM,2020-04-16,140.3165,143.7836,143.8435
JPM,2020-04-17,141.0161,143.6857,143.8068
JPM,2020-04-20,142.0238,143.5433,143.784
JPM,2020-04-21,146.4315,143.4888,143.8175
JPM,2020-04-22,147.1758,143.3511,143.8595
JPM,2020-04-23,147.2587,143.3207,143.9014
JPM,2020-04-24,149.4092,143.3165,143.9686
JPM,2020-04-27,150.0909,143.3932,144.0424
JPM,2020-04-28,150.08,143.505,144.1142
JPM,2020-04-29,149.67,143.6212,144.1796
JPM,2020-04-30,151.3481,143.7392,144.2629
JPM,2020-05-01,152.7648,143.8712,144.3607
JPM,2020-05-04,152.1301,144.0166,144.449
JPM,2020-05-05,155.9575,144.2703,144.5783
JPM,2020-05-06,158.2604,144.6516,144.7303
JPM,2020-05-07,160.9256,145.1142,144.9083
JPM,2020-05-08,158.4976,145.5619,145.056
JPM,2020-05-11,157.172,145.9265,145.1863
JPM,2020-05-12,161.3324,146.3921,145.358
JPM,2020-05-13,164.2655,146.9337,145.557
JPM,2020-05-14,160.4134,147.3875,145.7118
JPM,2020-05-15,161.3842,147.7951,145.8734
JPM,2020-05-18,164.0894,148.1904,146.0592
JPM,2020-05-19,161.3041,148.4093,146.2132
JPM,2020-05-20,164.1553,148.755,146.3927
JPM,2020-05-21,164.3533,149.0954,146.5705
JPM,2020-05-22,168.6724,149.5265,146.7872
JPM,2020-05-25,168.3627,150.0403,146.9966
JPM,2020-05-26,164.3288,150.5286,147.1633
JPM,2020-05-27,165.8675,151.0031,147.3414
JPM,2020-05-28,162.7813,151.3893,147.4871
JPM,2020-05-29,161.2573,151.7186,147.6158
JPM,2020-06-01,156.4017,151.9277,147.6971
JPM,2020-06-02,154.3181,152.1766,147.7579
JPM,2020-06-03,157.9377,152.5495,147.8504
JPM,2020-06-04,158.3863,152.9558,147.9453
JPM,2020-06-05,157.8138,153.3104,148.0335
JPM,2020-06-08,155.5301,153.6122,148.0998
JPM,2020-06-09,156.1314,153.8815,148.1702
JPM,2020-06-10,155.5968,154.0426,148.2348
JPM,2020-06-11,162.1041,154.4116,148.3544
JPM,2020-06-12,162.2196,154.7877,148.4729
JPM,2020-06-15,163.5303,155.1948,148.6005
JPM,2020-06-16,161.8273,155.6069,148.7116
JPM,2020-06-17,161.8336,155.997,148.821
JPM,2020-06-18,163.1663,156.271,148.9396
JPM,2020-06-19,160.6799,156.5422,149.0358
JPM,2020-06-22,162.3635,156.8158,149.1441
JPM,2020-06-23,162.7758,157.1491,149.2541
JPM,2020-06-24,156.6465,157.4472,149.3132
JPM,2020-06-25,158.9099,157.819,149.3894
JPM,2020-06-26,160.2879,158.2045,149.4752
JPM,2020-06-29,160.9917,158.5838,149.5652
JPM,2020-06-30,159.3161,158.8415,149.6408
JPM,2020-07-01,166.1933,159.2219,149.7681
JPM,2020-07-02,164.5938,159.5686,149.8813
JPM,2020-07-03,156.4848,159.7101,149.9313
JPM,2020-07-06,157.9201,159.8667,149.9913
JPM,2020-07-07,157.6088,160.0173,150.0482
JPM,2020-07-08,153.8393,160.1006,150.0763
JPM,2020-07-09,153.2298,160.1383,150.0995
JPM,2020-07-10,153.1056,160.1451,150.1214
JPM,2020-07-13,151.2005,160.1265,150.1292
JPM,2020-07-14,151.5352,160.0381,150.1393
JPM,2020-07-15,152.5049,159.9229,150.1562
JPM,2020-07-16,152.4356,159.7531,150.1724
JPM,2020-07-17,150.112,159.5854,150.172
JPM,2020-07-20,151.3635,159.4693,150.1803
JPM,2020-07-21,147.3034,159.1887,150.1603
JPM,2020-07-22,148.3743,158.8709,150.148
JPM,2020-07-23,149.2041,158.6467,150.1415
JPM,2020-07-24,148.7051,158.3931,150.1318
JPM,2020-07-27,147.4677,158.0607,150.1138
JPM,2020-07-28,144.4684,157.7239,150.0759
JPM,2020-07-29,143.2143,157.3051,150.0301
JPM,2020-07-30,141.2933,156.8439,149.9723
JPM,2020-07-31,138.9368,156.2492,149.8997
JPM,2020-08-03,136.1649,155.6053,149.8099
JPM,2020-08-04,139.2885,155.1044,149.7416
JPM,2020-08-05,141.1572,154.6102,149.6862
JPM,2020-08-06,147.1932,154.2985,149.6702
JPM,2020-08-07,147.8339,154.03,149.6585
JPM,2020-08-10,149.7061,153.8961,149.6588
JPM,2020-08-11,149.573,153.8012,149.6583
JPM,2020-08-12,153.52,153.7128,149.6824
JPM,2020-08-13,153.4361,153.6138,149.7057
JPM,2020-08-14,156.052,153.5786,149.7449
JPM,2020-08-17,156.5978,153.6,149.787
JPM,2020-08-18,161.629,153.7099,149.8592
JPM,2020-08-19,160.3627,153.8052,149.9228
JPM,2020-08-20,163.5786,153.8347,150.0051
JPM,2020-08-21,163.3317,153.857,150.0849
JPM,2020-08-24,161.0785,153.8079,150.1503
JPM,2020-08-25,160.9916,153.7912,150.2145
JPM,2020-08-26,155.0033,153.6546,150.2426
JPM,2020-08-27,157.5398,153.5421,150.2853
JPM,2020-08-28,159.3875,153.5162,150.3382
JPM,2020-08-31,164.6731,153.5624,150.4211
JPM,2020-09-01,162.0542,153.548,150.488
JPM,2020-09-02,160.0709,153.6165,150.5427
JPM,2020-09-03,156.7209,153.5727,150.5778
JPM,2020-09-04,157.7508,153.522,150.6183
JPM,2020-09-07,156.6924,153.436,150.6525
JPM,2020-09-08,154.5601,153.3408,150.6743
JPM,2020-09-09,155.6672,153.1303,150.702
JPM,2020-09-10,158.6657,153.0118,150.746
JPM,2020-09-11,159.0056,153.0622,150.7914
JPM,2020-09-14,157.7682,153.0591,150.8295
JPM,2020-09-15,160.9973,153.1269,150.8848
JPM,2020-09-16,160.3561,153.2572,150.936
JPM,2020-09-17,159.6772,153.3862,150.983
JPM,2020-09-18,161.1298,153.5467,151.0373
JPM,2020-09-21,159.3143,153.709,151.0813
JPM,2020-09-22,162.1684,153.9216,151.1399
JPM,2020-09-23,159.7102,154.0657,151.1851
JPM,2020-09-24,158.1139,154.1793,151.2213
JPM,2020-09-25,155.096,154.279,151.2415
JPM,2020-09-28,157.4421,154.4005,151.2736
JPM,2020-09-29,161.1664,154.6778,151.3246
JPM,2020-09-30,160.802,154.9264,151.3732
JPM,2020-10-01,162.0819,155.1839,151.4279
JPM,2020-10-02,163.1502,155.4728,151.4874
JPM,2020-10-05,164.0301,155.8041,151.5507
JPM,2020-10-06,160.8857,156.1324,151.5976
JPM,2020-10-07,159.1565,156.4513,151.6354
JPM,2020-10-08,161.2807,156.851,151.7418
JPM,2020-10-09,164.7065,157.3664,151.847
JPM,2020-10-12,167.4425,157.9919,151.9823
JPM,2020-10-13,167.5453,158.5571,152.1174
JPM,2020-10-14,169.9031,159.132,152.2674
JPM,2020-10-15,165.5727,159.4996,152.3726
JPM,2020-10-16,160.0343,159.7436,152.441
JPM,2020-10-19,156.3859,159.8772,152.5069
JPM,2020-10-20,164.1281,160.1683,152.6334
JPM,2020-10-21,170.0894,160.4997,152.77
JPM,2020-10-22,165.5852,160.7427,152.884
JPM,2020-10-23,165.0143,160.9219,152.9954
JPM,2020-10-26,163.8611,161.0672,153.1049
JPM,2020-10-27,167.565,161.1859,153.2427
JPM,2020-10-28,169.4976,161.3686,153.3895
JPM,2020-10-29,168.4681,161.4664,153.5212
JPM,2020-10-30,170.1438,161.6026,153.6613
JPM,2020-11-02,172.4532,161.8301,153.8
JPM,2020-11-03,167.1324,161.9529,153.9034
JPM,2020-11-04,168.7074,162.227,154.003
JPM,2020-11-05,168.7085,162.4504,154.1001
JPM,2020-11-06,165.5086,162.5728,154.183
JPM,2020-11-09,163.9063,162.5575,154.2721
JPM,2020-11-10,164.7533,162.6115,154.3528
JPM,2020-11-11,165.158,162.7132,154.4321
JPM,2020-11-12,164.6807,162.8724,154.5119
JPM,2020-11-13,163.8922,162.9952,154.6018
JPM,2020-11-16,164.1016,163.1434,154.6766
JPM,2020-11-17,159.7337,163.2469,154.7295
JPM,2020-11-18,164.5168,163.4239,154.7818
JPM,2020-11-19,163.5592,163.5217,154.8557
JPM,2020-11-20,165.0277,163.6422,154.9327
JPM,2020-11-23,169.6885,163.8806,155.0499
JPM,2020-11-24,173.0529,164.1217,155.1927
JPM,2020-11-25,174.001,164.3946,155.3434
JPM,2020-11-26,173.7341,164.6757,155.4849
JPM,2020-11-27,173.7231,164.9276,155.6226
JPM,2020-11-30,169.0339,165.122,155.7435
JPM,2020-12-01,165.6178,165.191,155.8553
JPM,2020-12-02,166.351,165.3238,155.991
JPM,2020-12-03,165.3395,165.4683,156.1287
JPM,2020-12-04,161.2335,165.5911,156.2543
JPM,2020-12-07,162.0838,165.6839,156.37
JPM,2020-12-08,164.2334,165.7452,156.5009
JPM,2020-12-09,167.5762,165.8807,156.6529
JPM,2020-12-10,169.1541,166.0222,156.8101
JPM,2020-12-11,167.4037,166.1072,156.9421
JPM,2020-12-14,169.4195,166.215,157.0675
JPM,2020-12-15,170.2883,166.4031,157.1672
JPM,2020-12-16,167.6856,166.5737,157.2713
JPM,2020-12-17,165.0291,166.6486,157.3597
JPM,2020-12-18,167.4854,166.7042,157.4616
JPM,2020-12-21,168.4372,166.7241,157.5904
JPM,2020-12-22,169.2331,166.7579,157.737
JPM,2020-12-23,169.4718,166.7492,157.8736
JPM,2020-12-24,171.2724,166.8632,158.0126
JPM,2020-12-25,169.8443,167.0594,158.1379
JPM,2020-12-28,169.5332,167.3224,158.2558
JPM,2020-12-29,171.7521,167.4749,158.4052
JPM,2020-12-30,171.9167,167.5114,158.5684
JPM,2020-12-31,169.796,167.5956,158.727
JPM,2021-01-01,167.8761,167.6529,158.866
JPM,2021-01-04,168.0598,167.7368,159.004
JPM,2021-01-05,160.8838,167.6032,159.0951
JPM,2021-01-06,165.8022,167.5293,159.1864
JPM,2021-01-07,165.3675,167.4673,159.295
JPM,2021-01-08,166.7941,167.4003,159.4119
JPM,2021-01-11,168.6674,167.3246,159.5393
JPM,2021-01-12,169.4481,167.3709,159.6805
JPM,2021-01-13,165.6116,167.309,159.7969
JPM,2021-01-14,162.6874,167.1885,159.863
JPM,2021-01-15,158.6703,167.0518,159.9208
JPM,2021-01-18,161.7064,167.0078,159.9859
JPM,2021-01-19,157.5701,166.8641,160.0432
JPM,2021-01-20,155.8532,166.678,160.1137
JPM,2021-01-21,159.4084,166.5726,160.2092
JPM,2021-01-22,156.4267,166.4233,160.2862
JPM,2021-01-25,156.8767,166.2788,160.3605
JPM,2021-01-26,158.9686,166.2635,160.4232
JPM,2021-01-27,158.8624,166.1504,160.4816
JPM,2021-01-28,159.3364,166.0659,160.542
JPM,2021-01-29,160.8408,165.9822,160.5992
JPM,2021-02-01,165.857,165.9056,160.678
JPM,2021-02-02,163.2964,165.7104,160.7441
JPM,2021-02-03,162.135,165.4731,160.8064
JPM,2021-02-04,163.9436,165.2773,160.8694
JPM,2021-02-05,163.4498,165.0718,160.9228
JPM,2021-02-08,161.9517,164.9302,160.9719
JPM,2021-02-09,164.8713,164.9153,161.0165
JPM,2021-02-10,158.7997,164.7642,161.0192
JPM,2021-02-11,161.9303,164.696,161.0242
JPM,2021-02-12,166.4188,164.7997,161.0638
JPM,2021-02-15,165.8938,164.876,161.1074
JPM,2021-02-16,162.2768,164.8368,161.1121
JPM,2021-02-17,162.8211,164.7417,161.1049
JPM,2021-02-18,164.2148,164.6429,161.1239
JPM,2021-02-19,159.7483,164.4898,161.1157
JPM,2021-02-22,160.0246,164.3019,161.0954
JPM,2021-02-23,165.4749,164.2057,161.1163
JPM,2021-02-24,169.1228,164.2344,161.1411
JPM,2021-02-25,170.6948,164.3477,161.1728
JPM,2021-02-26,171.9432,164.4369,161.1892
JPM,2021-03-01,172.1141,164.5104,161.2079
JPM,2021-03-02,172.6132,164.578,161.2494
JPM,2021-03-03,172.3917,164.6364,161.282
JPM,2021-03-04,173.0501,164.672,161.3333
JPM,2021-03-05,168.3695,164.6425,161.3689
JPM,2021-03-08,162.3364,164.4985,161.3986
JPM,2021-03-09,160.3293,164.2701,161.4286
JPM,2021-03-10,163.2232,164.0962,161.455
JPM,2021-03-11,164.9342,163.999,161.4878
JPM,2021-03-12,167.3806,163.9891,161.5356
JPM,2021-03-15,167.7075,163.982,161.5965
JPM,2021-03-16,171.266,164.1897,161.6722
JPM,2021-03-17,175.2499,164.3786,161.7704
JPM,2021-03-18,178.9068,164.6494,161.8544
JPM,2021-03-19,176.9028,164.8516,161.9279
JPM,2021-03-22,177.1271,165.0208,161.9958
JPM,2021-03-23,175.795,165.1477,162.0657
JPM,2021-03-24,180.3211,165.4419,162.1581
JPM,2021-03-25,183.8586,165.8653,162.2616
JPM,2021-03-26,185.3556,166.399,162.385
JPM,2021-03-29,187.6029,166.917,162.5112
JPM,2021-03-30,188.5988,167.5375,162.6403
JPM,2021-03-31,185.6913,168.1343,162.7855
JPM,2021-04-01,189.1713,168.7295,162.9368
JPM,2021-04-02,195.8408,169.5178,163.1146
JPM,2021-04-05,197.5971,170.3322,163.2976
JPM,2021-04-06,197.2581,171.098,163.4873
JPM,2021-04-07,194.8987,171.8188,163.6308
JPM,2021-04-08,194.1132,172.5143,163.7784
JPM,2021-04-09,190.013,173.0977,163.9461
JPM,2021-04-12,187.1409,173.5234,164.0922
JPM,2021-04-13,186.6707,173.9909,164.2375
JPM,2021-04-14,187.7402,174.503,164.407
JPM,2021-04-15,183.148,174.8871,164.5566
JPM,2021-04-16,183.809,175.2943,164.7101
JPM,2021-04-19,188.8863,175.833,164.8985
JPM,2021-04-20,190.3534,176.3426,165.0926
JPM,2021-04-21,192.0275,177.0072,165.2902
JPM,2021-04-22,193.4218,177.637,165.4952
JPM,2021-04-23,188.2904,178.0744,165.6861
JPM,2021-04-26,183.5707,178.428,165.8471
JPM,2021-04-27,185.5091,178.8926,166.0381
JPM,2021-04-28,187.8259,179.3927,166.2354
JPM,2021-04-29,191.2569,179.9335,166.4456
JPM,2021-04-30,195.765,180.6539,166.6809
JPM,2021-05-03,194.1171,181.3357,166.9142
JPM,2021-05-04,197.4144,181.9745,167.1789
JPM,2021-05-05,200.7203,182.6065,167.4664
JPM,2021-05-06,206.1023,183.3146,167.7905
JPM,2021-05-07,211.8695,184.1131,168.1552
JPM,2021-05-10,210.5398,184.8817,168.527
JPM,2021-05-11,210.3248,185.6359,168.8822
JPM,2021-05-12,211.1397,186.4109,169.2321
JPM,2021-05-13,208.2591,187.115,169.5375
JPM,2021-05-14,212.2914,187.9935,169.8597
JPM,2021-05-17,211.5968,188.9787,170.1692
JPM,2021-05-18,215.9181,190.0905,170.5009
JPM,2021-05-19,221.6197,191.2584,170.8414
JPM,2021-05-20,220.6312,192.3723,171.1774
JPM,2021-05-21,214.2483,193.3097,171.4684
JPM,2021-05-24,214.2149,194.2398,171.7565
JPM,2021-05-25,219.2154,195.1988,172.0444
JPM,2021-05-26,224.2827,196.1795,172.364
JPM,2021-05-27,223.974,197.0808,172.666
JPM,2021-05-28,224.5131,198.033,172.9719
JPM,2021-05-31,224.0055,198.9706,173.2865
JPM,2021-06-01,221.8286,199.8913,173.5907
JPM,2021-06-02,215.5204,200.5952,173.8933
JPM,2021-06-03,217.5058,201.2682,174.1931
JPM,2021-06-04,215.7958,201.877,174.4752
JPM,2021-06-07,216.6572,202.4581,174.7351
JPM,2021-06-08,219.2425,203.071,175.021
JPM,2021-06-09,222.7121,203.8114,175.3342
JPM,2021-06-10,220.1935,204.4318,175.6516
JPM,2021-06-11,216.6376,204.8478,175.946
JPM,2021-06-14,218.89,205.2736,176.257
JPM,2021-06-15,221.4386,205.7572,176.5914
JPM,2021-06-16,219.3989,206.2472,176.9101
JPM,2021-06-17,223.2165,206.8293,177.2328
JPM,2021-06-18,223.1461,207.492,177.5535
JPM,2021-06-21,220.4165,208.1575,177.8668
JPM,2021-06-22,216.8334,208.7607,178.1459
JPM,2021-06-23,218.7139,209.3802,178.4377
JPM,2021-06-24,219.6822,210.1109,178.7378
JPM,2021-06-25,221.1792,210.8583,179.038
JPM,2021-06-28,217.1294,211.4231,179.3271
JPM,2021-06-29,209.1344,211.7988,179.5619
JPM,2021-06-30,211.3883,212.186,179.8203
JPM,2021-07-01,215.8216,212.634,180.1088
JPM,2021-07-02,210.0285,213.0687,180.3835
JPM,2021-07-05,208.5998,213.5693,180.6393
JPM,2021-07-06,218.2492,214.2241,180.9247
JPM,2021-07-07,220.4228,214.8761,181.2228
JPM,2021-07-08,225.4549,215.56,181.5397
JPM,2021-07-09,231.8681,216.2821,181.8833
JPM,2021-07-12,230.0426,217.0006,182.2133
JPM,2021-07-13,239.467,217.8416,182.6062
JPM,2021-07-14,232.5689,218.4786,182.9733
JPM,2021-07-15,234.6684,219.0499,183.3402
JPM,2021-07-16,236.1292,219.5351,183.6973
JPM,2021-07-19,231.8162,219.9607,184.0192
JPM,2021-07-20,228.9849,220.3339,184.3264
JPM,2021-07-21,226.6835,220.6447,184.6103
JPM,2021-07-22,221.2533,220.9046,184.8887
JPM,2021-07-23,216.0697,220.9802,185.1689
JPM,2021-07-26,214.9642,221.0475,185.4618
JPM,2021-07-27,213.2678,220.9945,185.7075
JPM,2021-07-28,210.9698,220.7815,185.9119
JPM,2021-07-29,214.048,220.6499,186.1542
JPM,2021-07-30,211.4021,220.5929,186.3861
JPM,2021-08-02,212.438,220.5574,186.629
JPM,2021-08-03,212.5047,220.4232,186.8537
JPM,2021-08-04,211.4378,220.1663,187.0634
JPM,2021-08-05,206.6431,219.8197,187.2543
JPM,2021-08-06,206.112,219.4517,187.4341
JPM,2021-08-09,203.9426,219.0504,187.5916
JPM,2021-08-10,207.374,218.7613,187.7928
JPM,2021-08-11,209.708,218.6451,187.9978
JPM,2021-08-12,207.69,218.4487,188.1927
JPM,2021-08-13,204.626,218.2253,188.3883
JPM,2021-08-16,201.6044,217.9243,188.5768
JPM,2021-08-17,200.8281,217.556,188.7571
JPM,2021-08-18,204.5109,217.192,188.9539
JPM,2021-08-19,208.7273,216.9626,189.1741
JPM,2021-08-20,199.5388,216.6207,189.3524
JPM,2021-08-23,204.8272,216.3394,189.556
JPM,2021-08-24,204.4845,216.0003,189.7798
JPM,2021-08-25,199.8228,215.6088,189.9563
JPM,2021-08-26,199.7151,215.1388,190.1371
JPM,2021-08-27,196.9921,214.6157,190.2969
JPM,2021-08-30,202.6739,214.2609,190.4618
JPM,2021-08-31,200.7528,213.9392,190.6003
JPM,2021-09-01,197.5789,213.5165,190.7182
JPM,2021-09-02,204.8282,213.2195,190.8737
JPM,2021-09-03,206.2941,212.9218,191.0365
JPM,2021-09-06,204.58,212.6708,191.2143
JPM,2021-09-07,211.2,212.7121,191.4422
JPM,2021-09-08,216.026,212.8048,191.6906
JPM,2021-09-09,213.8499,212.7654,191.9331
JPM,2021-09-10,211.0108,212.785,192.182
JPM,2021-09-13,211.4355,212.8418,192.4287
JPM,2021-09-14,210.923,212.6952,192.6622
JPM,2021-09-15,208.4545,212.4559,192.8666
JPM,2021-09-16,208.4529,212.1158,193.0631
JPM,2021-09-17,214.8153,211.7748,193.3001
JPM,2021-09-20,218.7456,211.5488,193.5468
JPM,2021-09-21,220.2678,211.1649,193.7967
JPM,2021-09-22,219.0674,210.8948,194.0536
JPM,2021-09-23,218.6667,210.5748,194.3218
JPM,2021-09-24,221.2995,210.2782,194.5908
JPM,2021-09-27,223.6571,210.115,194.8669
JPM,2021-09-28,223.9802,210.0149,195.1407
JPM,2021-09-29,228.2304,210.0459,195.4345
JPM,2021-09-30,223.828,210.0974,195.6972
JPM,2021-10-01,227.682,210.3296,195.9864
JPM,2021-10-04,230.1756,210.6338,196.2896
JPM,2021-10-05,224.7322,210.8631,196.5545
JPM,2021-10-06,222.3095,211.0899,196.8065
JPM,2021-10-07,228.1218,211.3714,197.0981
JPM,2021-10-08,230.2477,211.7483,197.41
JPM,2021-10-11,229.8723,212.097,197.7191
JPM,2021-10-12,231.2387,212.4717,198.0708
JPM,2021-10-13,231.3645,212.8702,198.3986
JPM,2021-10-14,232.864,213.3946,198.7361
JPM,2021-10-15,236.68,214.006,199.0856
JPM,2021-10-18,244.164,214.8104,199.463
JPM,2021-10-19,240.2243,215.4674,199.8169
JPM,2021-10-20,245.113,216.1755,200.2144
JPM,2021-10-21,243.6508,216.8947,200.6192
JPM,2021-10-22,238.6923,217.576,201.0194
JPM,2021-10-25,244.1481,218.4269,201.4316
JPM,2021-10-26,241.3759,219.2379,201.8506
JPM,2021-10-27,245.5894,220.0594,202.2993
JPM,2021-10-28,250.2209,220.8893,202.7533
JPM,2021-10-29,258.7156,222.0729,203.2648
JPM,2021-11-01,264.2968,223.2622,203.8019
JPM,2021-11-02,270.3106,224.5788,204.3586
JPM,2021-11-03,275.8804,226.0999,204.9437
JPM,2021-11-04,277.0331,227.6463,205.5322
JPM,2021-11-05,283.5877,229.3782,206.1459
JPM,2021-11-08,282.4176,230.9731,206.7287
JPM,2021-11-09,279.5308,232.5486,207.3099
JPM,2021-11-10,282.4667,234.2464,207.9115
JPM,2021-11-11,288.5792,235.9214,208.5347
JPM,2021-11-12,287.8362,237.5522,209.1566
JPM,2021-11-15,286.0053,239.1808,209.7769
JPM,2021-11-16,279.1978,240.5407,210.3485
JPM,2021-11-17,275.4111,241.7284,210.9316
JPM,2021-11-18,272.2586,242.8966,211.4832
JPM,2021-11-19,278.087,244.2381,212.0416
JPM,2021-11-22,276.2709,245.5348,212.5935
JPM,2021-11-23,278.6341,246.889,213.1753
JPM,2021-11-24,271.7022,248.154,213.7197
JPM,2021-11-25,277.871,249.5424,214.2879
JPM,2021-11-26,279.0788,250.8276,214.8846
JPM,2021-11-29,272.8257,251.9092,215.4486
JPM,2021-11-30,270.5205,252.9143,215.9738
JPM,2021-12-01,267.0655,253.8742,216.4635
JPM,2021-12-02,268.2084,254.8651,216.9511
JPM,2021-12-03,266.6714,255.7725,217.4247
JPM,2021-12-06,265.4109,256.6076,217.8912
JPM,2021-12-07,261.7453,257.3629,218.3369
JPM,2021-12-08,256.4195,257.9267,218.757
JPM,2021-12-09,260.1102,258.6523,219.1923
JPM,2021-12-10,264.6448,259.3916,219.6737
JPM,2021-12-13,261.7511,260.0231,220.1708
JPM,2021-12-14,264.069,260.8098,220.6895
JPM,2021-12-15,260.1738,261.5671,221.1742
JPM,2021-12-16,263.7586,262.2798,221.6684
JPM,2021-12-17,263.2393,262.9397,222.1476
JPM,2021-12-20,260.0357,263.5429,222.6093
JPM,2021-12-21,255.6393,264.031,223.0312
JPM,2021-12-22,260.5151,264.614,223.4575
JPM,2021-12-23,254.5093,265.0469,223.8355
JPM,2021-12-24,254.2538,265.3983,224.2222
JPM,2021-12-27,246.1706,265.4385,224.5675
JPM,2021-12-28,242.248,265.479,224.8997
JPM,2021-12-29,237.1451,265.3196,225.1838
JPM,2021-12-30,227.542,264.9974,225.4023
JPM,2021-12-31,225.5554,264.7347,225.6033
JPM,2022-01-03,224.3546,264.3388,225.787
JPM,2022-01-04,219.9995,263.9113,225.944
JPM,2022-01-05,217.7994,263.3555,226.1046
JPM,2022-01-06,217.011,262.6913,226.2438
JPM,2022-01-07,210.1992,261.721,226.3156
JPM,2022-01-10,210.383,260.6427,226.3795
JPM,2022-01-11,212.6225,259.4889,226.4563
JPM,2022-01-12,213.759,258.2465,226.5506
JPM,2022-01-13,214.9743,257.0053,226.6549
JPM,2022-01-14,214.4846,255.6233,226.7773
JPM,2022-01-17,215.8323,254.2915,226.9207
JPM,2022-01-18,219.86,253.0981,227.0867
JPM,2022-01-19,229.5406,252.0396,227.2957
JPM,2022-01-20,225.6119,250.7803,227.508
JPM,2022-01-21,222.5241,249.474,227.7016
JPM,2022-01-24,218.9526,248.133,227.8519
JPM,2022-01-25,223.8246,247.0255,228.0193
JPM,2022-01-26,229.8984,246.1153,228.2086
JPM,2022-01-27,232.9718,245.3295,228.4064
JPM,2022-01-28,227.8417,244.3246,228.6041
JPM,2022-01-31,226.7522,243.3342,228.82
JPM,2022-02-01,228.1778,242.3251,229.0334
JPM,2022-02-02,229.5832,241.4827,229.2422
JPM,2022-02-03,237.3503,240.6723,229.4726
JPM,2022-02-04,241.7566,239.9259,229.7026
JPM,2022-02-07,246.0429,239.3902,229.9622
JPM,2022-02-08,244.3668,238.8671,230.197
JPM,2022-02-09,246.1825,238.4495,230.4243
JPM,2022-02-10,239.4755,237.8748,230.5912
JPM,2022-02-11,239.8944,237.3393,230.7313
JPM,2022-02-14,240.6992,236.845,230.8821
JPM,2022-02-15,235.706,236.3243,231.009
JPM,2022-02-16,234.588,235.8876,231.1262
JPM,2022-02-17,240.6012,235.4975,231.2879
JPM,2022-02-18,240.5255,235.0151,231.4291
JPM,2022-02-21,243.1732,234.6435,231.587
JPM,2022-02-22,253.3445,234.429,231.7741
JPM,2022-02-23,251.4758,234.2551,231.9234
JPM,2022-02-24,255.2243,234.0844,232.0964
JPM,2022-02-25,254.5021,233.9096,232.2976
JPM,2022-02-28,259.4225,233.8974,232.5237
JPM,2022-03-01,259.3156,233.9709,232.7242
JPM,2022-03-02,264.1029,234.0426,232.9233
JPM,2022-03-03,270.4348,234.3612,233.1556
JPM,2022-03-04,269.5899,234.6679,233.381
JPM,2022-03-07,274.5573,235.2356,233.6337
JPM,2022-03-08,266.7388,235.7254,233.8583
JPM,2022-03-09,267.4137,236.3308,234.1177
JPM,2022-03-10,273.5237,237.2504,234.3978
JPM,2022-03-11,284.9195,238.4377,234.7434
JPM,2022-03-14,278.9597,239.5298,235.055
JPM,2022-03-15,273.7487,240.6048,235.3275
JPM,2022-03-16,271.4078,241.677,235.571
JPM,2022-03-17,272.2585,242.7819,235.8313
JPM,2022-03-18,269.3626,243.9652,236.0949
JPM,2022-03-21,273.5757,245.229,236.3683
JPM,2022-03-22,272.3577,246.4237,236.6229
JPM,2022-03-23,269.1658,247.5319,236.8718
JPM,2022-03-24,264.5209,248.5228,237.0783
JPM,2022-03-25,264.8565,249.5303,237.2869
JPM,2022-03-28,267.026,250.5541,237.5199
JPM,2022-03-29,271.2705,251.5823,237.7921
JPM,2022-03-30,269.5873,252.3833,238.0465
JPM,2022-03-31,271.8576,253.3082,238.3073
JPM,2022-04-01,279.3345,254.4444,238.5981
JPM,2022-04-04,285.3327,255.772,238.9391
JPM,2022-04-05,283.4064,256.9636,239.3105
JPM,2022-04-06,286.7994,258.1017,239.6875
JPM,2022-04-07,286.0087,259.1624,240.0385
JPM,2022-04-08,283.9837,260.2852,240.4082
JPM,2022-04-11,279.6194,261.3426,240.7633
JPM,2022-04-12,288.2784,262.5446,241.1135
JPM,2022-04-13,284.9396,263.6517,241.4361
JPM,2022-04-14,284.2712,264.5901,241.7302
JPM,2022-04-15,275.2968,265.2609,241.9473
JPM,2022-04-18,280.5887,265.9519,242.2
JPM,2022-04-19,280.5242,266.675,242.4053
JPM,2022-04-20,286.345,267.4782,242.6742
JPM,2022-04-21,288.1661,268.4521,242.9417
JPM,2022-04-22,288.9218,269.4326,243.2056
JPM,2022-04-25,293.1767,270.4822,243.5125
JPM,2022-04-26,293.2187,271.6324,243.8336
JPM,2022-04-27,284.2798,272.6262,244.1216
JPM,2022-04-28,285.6585,273.5274,244.4436
JPM,2022-04-29,291.2082,274.541,244.8193
JPM,2022-05-02,287.0597,275.4188,245.1798
JPM,2022-05-03,277.0483,275.8929,245.4987
JPM,2022-05-04,273.7726,276.3388,245.8127
JPM,2022-05-05,275.3993,276.7423,246.1195
JPM,2022-05-06,270.027,277.0528,246.4126
JPM,2022-05-09,269.5855,277.256,246.6983
JPM,2022-05-10,271.5595,277.5009,246.9936
JPM,2022-05-11,267.6273,277.5714,247.2746
JPM,2022-05-12,273.6617,277.636,247.6096
JPM,2022-05-13,276.9278,277.7827,247.9637
JPM,2022-05-16,272.3217,277.738,248.3056
JPM,2022-05-17,275.656,277.9163,248.647
JPM,2022-05-18,271.9008,278.0061,248.958
JPM,2022-05-19,269.6183,277.928,249.2676
JPM,2022-05-20,269.9037,277.6277,249.594
JPM,2022-05-23,273.8048,277.5246,249.955
JPM,2022-05-24,273.6907,277.5234,250.3193
JPM,2022-05-25,275.7135,277.6095,250.6754
JPM,2022-05-26,282.6124,277.8166,251.0448
JPM,2022-05-27,283.9651,278.1086,251.4669
JPM,2022-05-30,281.0269,278.2577,251.8479
JPM,2022-05-31,284.4755,278.5,252.2479
JPM,2022-06-01,281.9367,278.7554,252.6584
JPM,2022-06-02,280.6534,279.0781,253.0631
JPM,2022-06-03,283.4504,279.45,253.4954
JPM,2022-06-06,286.3836,279.8371,253.914
JPM,2022-06-07,285.5969,280.1236,254.3382
JPM,2022-06-08,284.1755,280.4154,254.7712
JPM,2022-06-09,293.2423,280.8431,255.2132
JPM,2022-06-10,282.6025,280.9085,255.5948
JPM,2022-06-13,284.4558,280.8909,255.9942
JPM,2022-06-14,284.6326,280.9155,256.3613
JPM,2022-06-15,282.6901,280.8333,256.6946
JPM,2022-06-16,284.1735,280.7966,257.0463
JPM,2022-06-17,279.5923,280.7087,257.3892
JPM,2022-06-20,273.5567,280.5875,257.6998
JPM,2022-06-21,278.5362,280.3926,258.0378
JPM,2022-06-22,275.4572,280.203,258.3729
JPM,2022-06-23,274.975,280.0171,258.7055
JPM,2022-06-24,264.7141,279.8054,258.955
JPM,2022-06-27,257.1052,279.3357,259.1468
JPM,2022-06-28,258.2983,278.8912,259.3369
JPM,2022-06-29,263.1901,278.4281,259.5575
JPM,2022-06-30,260.2226,277.8693,259.7653
JPM,2022-07-01,267.636,277.4435,259.997
JPM,2022-07-04,273.6459,277.0529,260.2469
JPM,2022-07-05,277.8899,276.7463,260.5165
JPM,2022-07-06,283.1541,276.7238,260.7911
JPM,2022-07-07,289.6522,276.8037,261.1202
JPM,2022-07-08,287.1961,276.7235,261.4178
JPM,2022-07-11,284.9913,276.6821,261.6919
JPM,2022-07-12,288.4821,276.9108,262.0106
JPM,2022-07-13,282.5381,277.0861,262.3118
JPM,2022-07-14,284.2334,277.2628,262.5923
JPM,2022-07-15,286.5563,277.5934,262.8739
JPM,2022-07-18,290.0798,278.0032,263.1749
JPM,2022-07-19,293.0201,278.4325,263.4838
JPM,2022-07-20,286.7673,278.8152,263.7608
JPM,2022-07-21,278.6602,278.9152,263.9898
JPM,2022-07-22,279.0653,278.958,264.2017
JPM,2022-07-25,291.0152,279.3318,264.436
JPM,2022-07-26,286.3912,279.5465,264.6668
JPM,2022-07-27,284.9209,279.8069,264.8659
JPM,2022-07-28,286.4633,280.1438,265.0799
JPM,2022-07-29,283.9436,280.4246,265.3062
JPM,2022-08-01,287.2216,280.693,265.5215
JPM,2022-08-02,290.8119,281.0354,265.7687
JPM,2022-08-03,298.6365,281.4939,266.034
JPM,2022-08-04,301.543,281.8725,266.2906
JPM,2022-08-05,299.9532,282.1922,266.4968
JPM,2022-08-08,304.5165,282.662,266.6979
JPM,2022-08-09,304.4087,283.0607,266.8683
JPM,2022-08-10,302.5632,283.4732,267.0018
JPM,2022-08-11,300.5414,283.871,267.1193
JPM,2022-08-12,298.1248,284.1645,267.192
JPM,2022-08-15,303.8003,284.5128,267.2989
JPM,2022-08-16,309.506,284.991,267.4488
JPM,2022-08-17,311.0979,285.5294,267.5919
JPM,2022-08-18,308.8512,285.8416,267.6933
JPM,2022-08-19,309.9421,286.3884,267.8038
JPM,2022-08-22,306.1929,286.8231,267.9048
JPM,2022-08-23,305.8139,287.2468,268.0378
JPM,2022-08-24,298.1503,287.556,268.1515
JPM,2022-08-25,297.6718,287.8259,268.2786
JPM,2022-08-26,302.2172,288.2784,268.3993
JPM,2022-08-29,299.5926,288.7992,268.5159
JPM,2022-08-30,304.9834,289.3281,268.6476
JPM,2022-08-31,308.2824,289.9846,268.8305
JPM,2022-09-01,310.6793,290.6987,268.9946
JPM,2022-09-02,307.8219,291.5609,269.1383
JPM,2022-09-05,303.1959,292.4827,269.2901
JPM,2022-09-06,308.518,293.4871,269.4801
JPM,2022-09-07,302.5093,294.2734,269.6573
JPM,2022-09-08,300.6052,295.0811,269.8193
JPM,2022-09-09,301.9671,295.7677,269.9958
JPM,2022-09-12,314.7318,296.5894,270.2424
JPM,2022-09-13,318.7028,297.4057,270.5272
JPM,2022-09-14,315.2393,298.0474,270.8213
JPM,2022-09-15,315.2491,298.5593,271.097
JPM,2022-09-16,314.1045,299.0975,271.3443
JPM,2022-09-19,315.9656,299.717,271.6153
JPM,2022-09-20,321.4794,300.3769,271.9024
JPM,2022-09-21,318.2188,301.0905,272.1926
JPM,2022-09-22,319.3807,301.7935,272.4707
JPM,2022-09-23,324.8372,302.5591,272.7787
JPM,2022-09-26,318.3909,303.1253,273.0705
JPM,2022-09-27,317.7493,303.6199,273.381
JPM,2022-09-28,315.8721,304.202,273.6578
JPM,2022-09-29,315.8723,304.9463,273.9646
JPM,2022-09-30,304.2761,305.4505,274.2148
JPM,2022-10-03,300.756,305.6453,274.4877
JPM,2022-10-04,290.2475,305.7224,274.7277
JPM,2022-10-05,285.1262,305.7265,274.9676
JPM,2022-10-06,285.8755,305.7148,275.2593
JPM,2022-10-07,287.9721,305.7953,275.5713
JPM,2022-10-10,286.1431,305.7738,275.8803
JPM,2022-10-11,276.1358,305.4802,276.161
JPM,2022-10-12,273.4844,304.9772,276.4394
JPM,2022-10-13,267.7978,304.3023,276.6933
JPM,2022-10-14,266.7265,303.6378,276.976
JPM,2022-10-17,267.2517,302.8925,277.2603
JPM,2022-10-18,260.1122,302.0065,277.4977
JPM,2022-10-19,258.5075,301.1254,277.7215
JPM,2022-10-20,249.0817,300.0962,277.892
JPM,2022-10-21,248.3495,299.1007,278.0614
JPM,2022-10-24,247.6035,297.9768,278.2202
JPM,2022-10-25,241.4086,296.6148,278.328
JPM,2022-10-26,235.6225,295.1053,278.3584
JPM,2022-10-27,242.8857,293.786,278.4447
JPM,2022-10-28,244.3795,292.4748,278.554
JPM,2022-10-31,241.5717,291.1823,278.6671
JPM,2022-11-01,240.2944,289.872,278.7495
JPM,2022-11-02,235.5558,288.6201,278.7777
JPM,2022-11-03,236.5301,287.3972,278.7955
JPM,2022-11-04,236.1428,286.0757,278.837
JPM,2022-11-07,239.1697,284.8673,278.8991
JPM,2022-11-08,243.4616,283.6368,278.9755
JPM,2022-11-09,249.1953,282.4551,279.0736
JPM,2022-11-10,252.9502,281.3005,279.1516
JPM,2022-11-11,252.1038,280.1862,279.2033
JPM,2022-11-14,246.4283,279.0508,279.2053
JPM,2022-11-15,245.2819,277.7861,279.2098
JPM,2022-11-16,245.1609,276.6391,279.2047
JPM,2022-11-17,246.8966,275.5649,279.2418
JPM,2022-11-18,244.6327,274.4183,279.2655
JPM,2022-11-21,239.765,272.9189,279.2609
JPM,2022-11-22,240.8916,271.3627,279.2868
JPM,2022-11-23,251.085,270.0796,279.3693
JPM,2022-11-24,257.3377,268.9214,279.453
JPM,2022-11-25,262.6909,267.8931,279.5638
JPM,2022-11-28,261.1328,266.7965,279.6536
JPM,2022-11-29,257.9029,265.5249,279.6764
JPM,2022-11-30,261.3548,264.3876,279.7258
JPM,2022-12-01,267.1079,263.3422,279.7852
JPM,2022-12-02,266.0066,262.1656,279.8427
JPM,2022-12-05,263.4632,261.067,279.8629
JPM,2022-12-06,261.1563,259.9352,279.8721
JPM,2022-12-07,262.1971,258.8617,279.8626
JPM,2022-12-08,261.9875,257.784,279.8203
JPM,2022-12-09,262.1395,256.9412,279.7831
JPM,2022-12-12,267.8268,256.2827,279.7494
JPM,2022-12-13,271.8903,255.9155,279.7752
JPM,2022-12-14,271.1737,255.6365,279.794
JPM,2022-12-15,271.2592,255.3441,279.7827
JPM,2022-12-16,276.0706,255.1061,279.7384
JPM,2022-12-19,278.6557,254.9564,279.7369
JPM,2022-12-20,286.6725,255.1671,279.8015
JPM,2022-12-21,290.0861,255.4991,279.8949
JPM,2022-12-22,291.4617,255.9724,279.9909
JPM,2022-12-23,289.1281,256.4204,280.0898
JPM,2022-12-26,281.6067,256.7075,280.1299
JPM,2022-12-27,286.8271,257.2418,280.2023
JPM,2022-12-28,292.199,257.9157,280.3174
JPM,2022-12-29,299.1564,258.9172,280.4906
JPM,2022-12-30,293.1108,259.8124,280.6319
JPM,2023-01-02,295.1225,260.7628,280.7724
JPM,2023-01-03,291.8706,261.772,280.8754
JPM,2023-01-04,291.4619,262.8888,280.9847
JPM,2023-01-05,283.9134,263.7093,281.045
JPM,2023-01-06,280.7467,264.4367,281.0521
JPM,2023-01-09,280.3449,265.2122,281.0271
JPM,2023-01-10,282.3261,266.0528,281.0217
JPM,2023-01-11,286.0449,267.0626,281.018
JPM,2023-01-12,293.9879,268.2117,281.0579
JPM,2023-01-13,293.4907,269.3587,281.1054
JPM,2023-01-16,291.2493,270.4003,281.1635
JPM,2023-01-17,293.0812,271.3927,281.1876
JPM,2023-01-18,294.7051,272.3029,281.2364
JPM,2023-01-19,289.2621,273.0291,281.2613
JPM,2023-01-20,283.4306,273.6556,281.302
JPM,2023-01-23,294.7968,274.623,281.3731
JPM,2023-01-24,296.2673,275.6427,281.4518
JPM,2023-01-25,300.4077,276.7477,281.5221
JPM,2023-01-26,303.4183,277.8781,281.5983
JPM,2023-01-27,305.9794,279.105,281.6836
JPM,2023-01-30,312.7543,280.5648,281.7815
JPM,2023-01-31,324.9891,282.2468,281.9404
JPM,2023-02-01,328.2003,283.7891,282.16
JPM,2023-02-02,328.9835,285.222,282.3766
JPM,2023-02-03,334.8363,286.6649,282.5947
JPM,2023-02-06,333.6665,288.1156,282.8278
JPM,2023-02-07,327.0132,289.4978,283.0776
JPM,2023-02-08,330.7755,290.8862,283.3626
JPM,2023-02-09,325.8275,292.0606,283.6148
JPM,2023-02-10,321.6049,293.1725,283.8726
JPM,2023-02-13,314.8597,294.2005,284.099
JPM,2023-02-14,301.7925,295.0132,284.2502
JPM,2023-02-15,295.1889,295.673,284.388
JPM,2023-02-16,295.8258,296.3498,284.4988
JPM,2023-02-17,302.0275,297.1476,284.6243
JPM,2023-02-20,299.3955,297.7789,284.7597
JPM,2023-02-21,295.9855,298.2608,284.8613
JPM,2023-02-22,295.7638,298.7526,284.9806
JPM,2023-02-23,295.5005,299.2375,285.1101
JPM,2023-02-24,295.3173,299.6224,285.2371
JPM,2023-02-27,300.7981,300.0652,285.3721
JPM,2023-02-28,299.3225,300.3182,285.5002
JPM,2023-03-01,296.9393,300.4553,285.6064
JPM,2023-03-02,297.1057,300.5682,285.6788
JPM,2023-03-03,300.5174,300.796,285.7616
JPM,2023-03-06,315.6218,301.4763,285.9346
JPM,2023-03-07,325.2423,302.2446,286.1384
JPM,2023-03-08,326.7182,302.935,286.3623
JPM,2023-03-09,323.9904,303.4316,286.579
JPM,2023-03-10,323.6257,304.0419,286.7799
JPM,2023-03-13,320.0545,304.5406,286.9482
JPM,2023-03-14,321.3431,305.13,287.127
JPM,2023-03-15,323.219,305.7652,287.3222
JPM,2023-03-16,326.7034,306.621,287.4895
JPM,2023-03-17,316.0586,307.3272,287.6568
JPM,2023-03-20,311.4925,307.9502,287.792
JPM,2023-03-21,319.3906,308.6915,287.9657
JPM,2023-03-22,313.5639,309.2418,288.1201
JPM,2023-03-23,309.5992,309.5541,288.2472
JPM,2023-03-24,307.9979,309.8442,288.3893
JPM,2023-03-27,315.6394,310.332,288.5997
JPM,2023-03-28,319.3265,310.8569,288.8036
JPM,2023-03-29,317.926,311.3213,289.016
JPM,2023-03-30,315.5488,311.8471,289.2188
JPM,2023-03-31,312.0109,312.4187,289.4553
JPM,2023-04-03,305.5198,312.6331,289.6974
JPM,2023-04-04,301.4313,312.7364,289.9131
JPM,2023-04-05,310.7004,312.9423,290.1506
JPM,2023-04-06,318.7741,313.2494,290.4434
JPM,2023-04-07,317.0244,313.4703,290.6903
JPM,2023-04-10,314.4735,313.5047,290.8945
JPM,2023-04-11,320.7392,313.4197,291.1087
JPM,2023-04-12,317.5644,313.2069,291.2808
JPM,2023-04-13,321.2942,313.0532,291.439
JPM,2023-04-14,315.4076,312.6646,291.58
JPM,2023-04-17,316.4195,312.3196,291.7372
JPM,2023-04-18,313.995,312.0593,291.8647
JPM,2023-04-19,316.5606,311.775,292.0348
JPM,2023-04-20,323.6933,311.7323,292.2321
JPM,2023-04-21,320.4836,311.7099,292.4018
JPM,2023-04-24,314.8299,311.7093,292.5255
JPM,2023-04-25,313.3413,311.9403,292.6271
JPM,2023-04-26,320.6575,312.4496,292.7966
JPM,2023-04-27,321.486,312.9628,293.0107
JPM,2023-04-28,321.1837,313.346,293.2213
JPM,2023-05-01,327.6578,313.9112,293.4045
JPM,2023-05-02,330.6692,314.6049,293.6259
JPM,2023-05-03,344.0961,315.5715,293.9218
JPM,2023-05-04,337.8812,316.4191,294.1789
JPM,2023-05-05,337.9408,317.2716,294.4489
JPM,2023-05-08,330.196,317.8596,294.6637
JPM,2023-05-09,324.2349,318.3578,294.8308
JPM,2023-05-10,331.6701,319.0524,294.996
JPM,2023-05-11,326.7259,319.6448,295.1219
JPM,2023-05-12,335.6555,320.3476,295.3004
JPM,2023-05-15,329.496,320.6251,295.4253
JPM,2023-05-16,329.0868,320.702,295.5487
JPM,2023-05-17,322.5784,320.6192,295.6488
JPM,2023-05-18,326.3006,320.6654,295.7776
JPM,2023-05-19,327.5456,320.7438,295.9247
JPM,2023-05-22,334.7394,321.0375,296.0794
JPM,2023-05-23,339.6917,321.4044,296.2303
JPM,2023-05-24,340.5176,321.7504,296.3774
JPM,2023-05-25,341.2976,322.0423,296.5397
JPM,2023-05-26,334.1418,322.404,296.6607
JPM,2023-05-29,336.4311,322.9027,296.8118
JPM,2023-05-30,335.9909,323.2347,296.9627
JPM,2023-05-31,339.8904,323.7613,297.1714
JPM,2023-06-01,344.3626,324.4565,297.4049
JPM,2023-06-02,340.7335,325.1112,297.5975
JPM,2023-06-05,336.6773,325.532,297.7829
JPM,2023-06-06,337.2305,325.8901,297.9441
JPM,2023-06-07,335.8436,326.2484,298.0819
JPM,2023-06-08,327.7129,326.4917,298.1671
JPM,2023-06-09,322.2734,326.697,298.2394
JPM,2023-06-12,328.3311,327.1532,298.365
JPM,2023-06-13,330.9541,327.7437,298.4772
JPM,2023-06-14,330.912,328.1479,298.6192
JPM,2023-06-15,338.1361,328.5351,298.8069
JPM,2023-06-16,337.8935,328.9525,298.9865
JPM,2023-06-19,342.0916,329.5049,299.1233
JPM,2023-06-20,341.9902,329.9299,299.2398
JPM,2023-06-21,342.4555,330.4277,299.3758
JPM,2023-06-22,361.37,331.2292,299.6064
JPM,2023-06-23,357.2467,332.066,299.8221
JPM,2023-06-26,360.7287,332.9522,300.046
JPM,2023-06-27,364.1115,333.9545,300.2591
JPM,2023-06-28,371.4264,335.0518,300.5252
JPM,2023-06-29,371.0916,335.9998,300.7837
JPM,2023-06-30,384.0667,337.2715,301.0799
JPM,2023-07-03,381.8422,338.6117,301.3971
JPM,2023-07-04,379.0662,339.9262,301.7037
JPM,2023-07-05,384.6703,341.2065,302.0477
JPM,2023-07-06,392.9347,342.6354,302.433
JPM,2023-07-07,384.8136,343.908,302.8357
JPM,2023-07-10,379.9305,344.9535,303.2316
JPM,2023-07-11,381.161,345.9633,303.6861
JPM,2023-07-12,385.1644,346.7847,304.1863
JPM,2023-07-13,394.2317,347.9117,304.7281
JPM,2023-07-14,395.1368,349.0556,305.2639
JPM,2023-07-17,403.1067,350.5138,305.8487
JPM,2023-07-18,391.0579,351.8503,306.4234
JPM,2023-07-19,383.2774,352.8824,306.9723
JPM,2023-07-20,383.3543,354.015,307.5501
JPM,2023-07-21,390.3542,355.109,308.1682
JPM,2023-07-24,388.35,356.2861,308.7737
JPM,2023-07-25,386.56,357.4355,309.406
JPM,2023-07-26,389.2045,358.7681,310.0595
JPM,2023-07-27,387.8297,359.9986,310.7532
JPM,2023-07-28,397.3313,361.3943,311.4981
JPM,2023-07-31,398.1336,362.6622,312.2508
JPM,2023-08-01,415.2748,364.1739,313.1201
JPM,2023-08-02,416.4861,365.6933,314.0244
JPM,2023-08-03,413.9481,367.1463,314.8797
JPM,2023-08-04,414.7127,368.7577,315.7314
JPM,2023-08-07,422.6439,370.4819,316.6367
JPM,2023-08-08,421.6027,372.1942,317.5433
JPM,2023-08-09,402.0541,373.4375,318.3758
JPM,2023-08-10,398.9589,374.5294,319.1879
JPM,2023-08-11,383.6658,375.388,319.9255
JPM,2023-08-14,387.176,376.398,320.6656
JPM,2023-08-15,379.9893,377.2532,321.3482
JPM,2023-08-16,380.4215,378.1447,322.0043
JPM,2023-08-17,371.1425,379.0133,322.5953
JPM,2023-08-18,370.728,379.9824,323.1884
JPM,2023-08-21,371.9238,380.8543,323.8159
JPM,2023-08-22,368.9314,381.6138,324.4341
JPM,2023-08-23,368.7698,382.371,325.0522
JPM,2023-08-24,358.4796,382.7778,325.6101
JPM,2023-08-25,358.8725,383.1974,326.1813
JPM,2023-08-28,355.1143,383.4579,326.7581
JPM,2023-08-29,355.7675,383.7334,327.3324
JPM,2023-08-30,355.1575,383.9875,327.8528
JPM,2023-08-31,353.8327,383.8367,328.3353
JPM,2023-09-01,351.2671,383.7171,328.7782
JPM,2023-09-04,353.0222,383.563,329.2376
JPM,2023-09-05,363.2967,383.5467,329.7646
JPM,2023-09-06,362.5937,383.37,330.2708
JPM,2023-09-07,366.0647,383.2695,330.7655
JPM,2023-09-08,376.0633,383.1094,331.3158
JPM,2023-09-11,378.7726,383.0481,331.8924
JPM,2023-09-12,383.7914,383.1426,332.5056
JPM,2023-09-13,378.361,383.0164,333.0864
JPM,2023-09-14,380.8239,382.7742,333.6806
JPM,2023-09-15,383.2383,382.7426,334.286
JPM,2023-09-18,395.1264,383.0466,334.9225
JPM,2023-09-19,386.9598,383.1625,335.4979
JPM,2023-09-20,401.6661,383.4926,336.1504
JPM,2023-09-21,409.7337,383.8026,336.8427
JPM,2023-09-22,416.6568,384.233,337.5457
JPM,2023-09-25,408.731,384.3455,338.196
JPM,2023-09-26,402.622,384.5768,338.7758
JPM,2023-09-27,407.06,385.0524,339.3607
JPM,2023-09-28,393.0383,385.2461,339.8685
JPM,2023-09-29,383.2289,385.1036,340.339
JPM,2023-10-02,388.5813,385.1082,340.8739
JPM,2023-10-03,396.6586,385.3102,341.4231
JPM,2023-10-04,411.514,385.7564,342.0196
JPM,2023-10-05,409.3164,386.1861,342.5704
JPM,2023-10-06,403.4605,386.3087,343.1222
JPM,2023-10-09,398.3573,386.3132,343.6384
JPM,2023-10-10,401.5643,386.039,344.1868
JPM,2023-10-11,400.328,385.7158,344.7312
JPM,2023-10-12,391.3385,385.2636,345.2683
JPM,2023-10-13,394.9779,384.8689,345.8394
JPM,2023-10-16,388.2752,384.1816,346.3791
JPM,2023-10-17,393.3553,383.6166,346.9342
JPM,2023-10-18,398.2405,383.5403,347.4952
JPM,2023-10-19,396.3665,383.4885,348.0071
JPM,2023-10-20,398.4283,383.7837,348.5318
JPM,2023-10-23,396.5874,383.972,349.0585
JPM,2023-10-24,396.2416,384.297,349.5743
JPM,2023-10-25,387.8288,384.4452,350.0399
JPM,2023-10-26,366.1919,384.3461,350.4246
JPM,2023-10-27,365.5301,384.2422,350.8351
JPM,2023-10-30,359.5192,383.9941,351.1587
JPM,2023-10-31,354.4464,383.7044,351.4496
JPM,2023-11-01,349.0896,383.3108,351.693
JPM,2023-11-02,354.8988,383.2392,351.9504
JPM,2023-11-03,361.5722,383.2932,352.2283
JPM,2023-11-06,363.7967,383.4668,352.4836
JPM,2023-11-07,361.9004,383.5895,352.6681
JPM,2023-11-08,364.0634,383.7676,352.8474
JPM,2023-11-09,371.0506,384.112,353.0578
JPM,2023-11-10,381.8122,384.7229,353.2926
JPM,2023-11-13,377.0591,385.2036,353.5096
JPM,2023-11-14,367.5675,385.289,353.7124
JPM,2023-11-15,369.6311,385.4298,353.9067
JPM,2023-11-16,358.6333,385.2811,354.0707
JPM,2023-11-17,360.4461,384.9688,354.2649
JPM,2023-11-20,361.9343,384.632,354.5003
JPM,2023-11-21,361.2365,384.1809,354.7975
JPM,2023-11-22,372.5272,384.0642,355.1842
JPM,2023-11-23,373.1397,383.9106,355.5707
JPM,2023-11-24,376.7899,383.7816,355.9446
JPM,2023-11-27,384.4036,383.5671,356.3696
JPM,2023-11-28,384.0765,383.5095,356.8101
JPM,2023-11-29,381.6355,383.1089,357.2394
JPM,2023-11-30,379.409,382.5024,357.659
JPM,2023-12-01,382.2693,381.8146,358.0937
JPM,2023-12-04,384.4948,381.3299,358.5122
JPM,2023-12-05,395.9862,381.1972,358.9955
JPM,2023-12-06,391.8639,380.8933,359.4701
JPM,2023-12-07,390.4278,380.841,359.9367
JPM,2023-12-08,396.9487,381.1154,360.4189
JPM,2023-12-11,401.539,381.3746,360.8485
JPM,2023-12-12,401.2835,381.4671,361.2287
JPM,2023-12-13,400.0846,381.2385,361.5955
JPM,2023-12-14,396.818,380.9885,361.9597
JPM,2023-12-15,390.8904,380.7371,362.296
JPM,2023-12-18,390.8552,380.5871,362.65
JPM,2023-12-19,394.8876,380.4536,363.0177
JPM,2023-12-20,397.5096,380.3972,363.3892
JPM,2023-12-21,397.0848,380.5121,363.7411
JPM,2023-12-22,399.3737,380.6,364.1577
JPM,2023-12-25,393.0799,380.6961,364.5656
JPM,2023-12-26,397.0196,380.7694,364.9537
JPM,2023-12-27,387.5971,380.5565,365.3239
JPM,2023-12-28,389.4107,380.4174,365.723
JPM,2023-12-29,393.4787,380.3184,366.1504
JPM,2024-01-01,394.3117,380.2729,366.5437
JPM,2024-01-02,394.486,380.2378,366.9195
JPM,2024-01-03,387.5739,380.2327,367.2678
JPM,2024-01-04,387.4133,380.6571,367.6271
JPM,2024-01-05,400.831,381.3632,368.0712
JPM,2024-01-08,400.5013,382.1828,368.5461
JPM,2024-01-09,398.7557,383.069,369.0327
JPM,2024-01-10,388.0719,383.8486,369.4196
JPM,2024-01-11,390.6202,384.5631,369.7788
JPM,2024-01-12,393.6683,385.205,370.162
JPM,2024-01-15,390.6244,385.7415,370.5428
JPM,2024-01-16,389.1311,386.2861,370.8847
JPM,2024-01-17,380.5574,386.616,371.1997
JPM,2024-01-18,381.4828,386.8247,371.5006
JPM,2024-01-19,384.8503,386.8854,371.8479
JPM,2024-01-22,370.4752,386.7538,372.1181
JPM,2024-01-23,370.3663,386.8097,372.4
JPM,2024-01-24,381.5549,387.0482,372.725
JPM,2024-01-25,382.66,387.5287,373.0198
JPM,2024-01-26,386.0027,388.0399,373.3474
JPM,2024-01-29,393.1466,388.6641,373.739
JPM,2024-01-30,397.0989,389.3814,374.1578
JPM,2024-01-31,394.8141,389.8271,374.5285
JPM,2024-02-01,384.2157,390.0486,374.8422
JPM,2024-02-02,402.4241,390.5613,375.2484
JPM,2024-02-05,407.6974,391.0272,375.6486
JPM,2024-02-06,413.7299,391.6203,376.0639
JPM,2024-02-07,421.2557,392.4127,376.4497
JPM,2024-02-08,429.4934,393.4143,376.9078
JPM,2024-02-09,435.4882,394.4787,377.3955
JPM,2024-02-12,435.8454,395.5057,377.9237
JPM,2024-02-13,433.6256,396.2585,378.4707
JPM,2024-02-14,439.2043,397.2053,379.0084
JPM,2024-02-15,440.4358,398.2055,379.5769
JPM,2024-02-16,441.43,399.0951,380.1058
JPM,2024-02-19,449.0403,400.0451,380.7035
JPM,2024-02-20,465.4981,401.3294,381.3856
JPM,2024-02-21,458.2581,402.4929,382.064
JPM,2024-02-22,462.1686,403.7999,382.7433
JPM,2024-02-23,454.4791,405.0717,383.378
JPM,2024-02-26,456.1432,406.3775,383.985
JPM,2024-02-27,443.4319,407.3483,384.5037
JPM,2024-02-28,438.3494,408.1651,384.9929
JPM,2024-02-29,438.6482,408.9964,385.4796
JPM,2024-03-01,446.8509,409.9459,386.0431
JPM,2024-03-04,435.8848,410.802,386.5404
JPM,2024-03-05,439.256,411.6468,387.0567
JPM,2024-03-06,439.1347,412.6775,387.553
JPM,2024-03-07,450.3529,413.8964,388.0829
JPM,2024-03-08,447.4148,414.9751,388.6163
JPM,2024-03-11,450.8806,416.1065,389.1873
JPM,2024-03-12,449.8341,417.2134,389.7504
JPM,2024-03-13,442.5689,418.3133,390.284
JPM,2024-03-14,438.4282,419.3336,390.8376
JPM,2024-03-15,432.9661,419.9763,391.391
JPM,2024-03-18,420.4385,420.3751,391.8516
JPM,2024-03-19,431.7858,421.0357,392.3557
JPM,2024-03-20,429.3043,421.8603,392.8477
JPM,2024-03-21,432.9513,422.7069,393.3218
JPM,2024-03-22,425.0212,423.334,393.7574
JPM,2024-03-25,425.4975,424.0315,394.1744
JPM,2024-03-26,429.3211,424.8353,394.6111
JPM,2024-03-27,430.1,425.8261,395.0493
JPM,2024-03-28,424.2106,426.6807,395.3635
JPM,2024-03-29,430.2298,427.5883,395.7284
JPM,2024-04-01,415.6365,428.4915,396.003
JPM,2024-04-02,404.7741,429.1796,396.2063
JPM,2024-04-03,404.1102,429.6308,396.3697
JPM,2024-04-04,388.1038,429.7396,396.4548
JPM,2024-04-05,383.0841,429.6813,396.4498
JPM,2024-04-08,380.1512,429.4213,396.4414
JPM,2024-04-09,390.2428,429.2842,396.4973
JPM,2024-04-10,386.0141,429.1082,396.504
JPM,2024-04-11,382.7276,429.0785,396.453
JPM,2024-04-12,370.9992,428.45,396.3839
JPM,2024-04-15,371.6035,427.7281,396.3422
JPM,2024-04-16,371.7894,426.8893,396.2954
JPM,2024-04-17,365.0646,425.7655,396.1949
JPM,2024-04-18,370.906,424.5937,396.0783
JPM,2024-04-19,376.4236,423.4124,395.9847
JPM,2024-04-22,372.9834,422.1552,395.8341
JPM,2024-04-23,361.0896,420.7045,395.6842
JPM,2024-04-24,354.682,419.014,395.5413
JPM,2024-04-25,364.1811,417.4889,395.4454
JPM,2024-04-26,365.1658,415.9636,395.3194
JPM,2024-04-29,360.5581,414.194,395.1805
JPM,2024-04-30,369.1571,412.2672,395.0935
JPM,2024-05-01,368.1177,410.4644,394.988
JPM,2024-05-02,368.3235,408.5875,394.8905
JPM,2024-05-03,383.7369,407.1726,394.8225
JPM,2024-05-06,389.9257,405.8483,394.7815
JPM,2024-05-07,388.1654,404.7429,394.646
JPM,2024-05-08,390.7449,403.7908,394.5172
JPM,2024-05-09,394.5547,402.909,394.4203
JPM,2024-05-10,400.2392,401.9767,394.3479
JPM,2024-05-13,393.3748,401.1265,394.2016
JPM,2024-05-14,404.5647,400.4327,394.1164
JPM,2024-05-15,414.6226,399.9425,394.1792
JPM,2024-05-16,408.2585,399.1006,394.2257
JPM,2024-05-17,408.2936,398.3182,394.3489
JPM,2024-05-20,408.9486,397.4795,394.4577
JPM,2024-05-21,410.2013,396.6869,394.6088
JPM,2024-05-22,415.7853,396.1512,394.7856
JPM,2024-05-23,413.5822,395.6543,394.9978
JPM,2024-05-24,416.7704,395.3304,395.228
JPM,2024-05-27,421.422,395.35,395.4755
JPM,2024-05-28,425.1306,395.2169,395.7565
JPM,2024-05-29,428.7261,395.2054,396.0563
JPM,2024-05-30,432.9354,395.205,396.4286
JPM,2024-05-31,434.6656,395.3979,396.8075
JPM,2024-06-03,420.8542,395.3051,397.1362
JPM,2024-06-04,413.7952,394.9945,397.4264
JPM,2024-06-05,404.9262,394.4911,397.6752
JPM,2024-06-06,397.7282,393.9614,397.8947
JPM,2024-06-07,391.2205,393.1812,398.0944
JPM,2024-06-10,398.3108,392.8347,398.3209
JPM,2024-06-11,407.5881,392.891,398.5423
JPM,2024-06-12,412.2081,393.053,398.7904
JPM,2024-06-13,405.4377,393.3996,398.9873
JPM,2024-06-14,399.2599,393.7232,399.1033
JPM,2024-06-17,395.028,394.0207,399.1845
JPM,2024-06-18,390.2669,394.0212,399.2169
JPM,2024-06-19,399.2642,394.2862,399.3214
JPM,2024-06-20,390.2821,394.4373,399.3687
JPM,2024-06-21,392.5014,394.8673,399.415
JPM,2024-06-24,384.2155,395.1195,399.3605
JPM,2024-06-25,387.5991,395.4357,399.3637
JPM,2024-06-26,385.2155,395.8388,399.2814
JPM,2024-06-27,378.0596,395.9818,399.1231
JPM,2024-06-28,374.6122,395.9456,398.9128
JPM,2024-07-01,377.9398,396.0447,398.7589
JPM,2024-07-02,367.7411,396.1778,398.5845
JPM,2024-07-03,363.9573,396.3633,398.369
JPM,2024-07-04,362.9215,396.3381,398.2184
JPM,2024-07-05,354.6424,396.1276,398.0754
JPM,2024-07-08,349.0599,395.8976,397.8778
JPM,2024-07-09,357.9111,395.6727,397.6841
JPM,2024-07-10,350.0648,395.3117,397.3769
JPM,2024-07-11,347.0052,394.8853,397.0653
JPM,2024-07-12,349.9924,394.2104,396.798
JPM,2024-07-15,349.6623,393.4051,396.5545
JPM,2024-07-16,346.396,392.5698,396.2786
JPM,2024-07-17,351.1663,391.7782,396.0328
JPM,2024-07-18,339.0921,390.6689,395.7716
JPM,2024-07-19,343.2653,389.5295,395.513
JPM,2024-07-22,337.8776,388.4195,395.2611
JPM,2024-07-23,323.6113,386.8004,394.9123
JPM,2024-07-24,335.8073,385.2241,394.6002
JPM,2024-07-25,336.1323,383.7816,394.299
JPM,2024-07-26,340.669,382.4291,394.0102
JPM,2024-07-29,347.074,381.1916,393.7626
JPM,2024-07-30,341.7726,379.8231,393.4903
JPM,2024-07-31,340.3766,378.3149,393.253
JPM,2024-08-01,340.2837,376.8489,393.1235
JPM,2024-08-02,336.3517,375.2405,392.9776
JPM,2024-08-05,343.3325,373.6787,392.8967
JPM,2024-08-06,351.3129,372.2024,392.881
JPM,2024-08-07,350.6561,370.641,392.8888
JPM,2024-08-08,353.7613,369.0575,392.8831
JPM,2024-08-09,359.06,367.5454,392.8706
JPM,2024-08-12,360.9032,366.3464,392.8561
JPM,2024-08-13,357.5019,365.2205,392.8341
JPM,2024-08-14,342.8295,363.9786,392.7279
JPM,2024-08-15,343.4945,362.8939,392.5902
JPM,2024-08-16,348.287,362.0352,392.4225
JPM,2024-08-19,342.8537,360.9261,392.2515
JPM,2024-08-20,343.97,359.6537,392.1335
JPM,2024-08-21,346.7016,358.3436,392.0189
JPM,2024-08-22,349.4877,357.2246,391.9732
JPM,2024-08-23,350.347,356.2463,391.9227
JPM,2024-08-26,344.5565,355.2369,391.8358
JPM,2024-08-27,351.8138,354.4678,391.7887
JPM,2024-08-28,351.6621,353.5158,391.6843
JPM,2024-08-29,348.5799,352.6818,391.5615
JPM,2024-08-30,339.0928,351.6136,391.373
JPM,2024-09-02,341.5455,350.7602,391.1588
JPM,2024-09-03,356.2352,350.1329,391.0195
JPM,2024-09-04,354.9293,349.5272,390.886
JPM,2024-09-05,352.1167,349.0083,390.7496
JPM,2024-09-06,352.158,348.5592,390.599
JPM,2024-09-09,351.8227,348.0369,390.4356
JPM,2024-09-10,349.746,347.677,390.2044
JPM,2024-09-11,362.433,347.6465,390.0573
JPM,2024-09-12,362.827,347.6446,389.9193
JPM,2024-09-13,354.9921,347.6516,389.7095
JPM,2024-09-16,348.0676,347.6318,389.4421
JPM,2024-09-17,354.9954,347.5735,389.2107
JPM,2024-09-18,356.8332,347.7088,388.9944
JPM,2024-09-19,354.8233,347.8652,388.7845
JPM,2024-09-20,352.3257,347.9119,388.5916
JPM,2024-09-23,356.6464,348.0515,388.4206
JPM,2024-09-24,352.0077,348.1638,388.2062
JPM,2024-09-25,351.2296,348.165,387.9748
JPM,2024-09-26,355.728,348.4978,387.768
JPM,2024-09-27,351.3761,348.66,387.528
JPM,2024-09-30,359.1788,349.086,387.3585
JPM,2024-10-01,349.4285,349.6023,387.1206
JPM,2024-10-02,349.7713,349.8816,386.9314
JPM,2024-10-03,350.3409,350.1658,386.7361
JPM,2024-10-04,338.0227,350.1129,386.4588
JPM,2024-10-07,333.8904,349.8492,386.1567
JPM,2024-10-08,337.4073,349.7619,385.8713
JPM,2024-10-09,333.4068,349.6225,385.6005
JPM,2024-10-10,332.0203,349.4572,385.3235
JPM,2024-10-11,329.8417,349.327,384.9686
JPM,2024-10-14,335.4621,349.1696,384.6434
JPM,2024-10-15,337.5346,348.894,384.3373
JPM,2024-10-16,335.0719,348.5824,384.0723
JPM,2024-10-17,331.1218,348.1296,383.7748
JPM,2024-10-18,336.1479,347.6713,383.4872
JPM,2024-10-21,337.0854,347.195,383.2195
JPM,2024-10-22,343.0249,346.9054,382.9889
JPM,2024-10-23,346.7624,346.9841,382.82
JPM,2024-10-24,328.1222,346.6766,382.5532
JPM,2024-10-25,334.2718,346.3963,382.3003
JPM,2024-10-28,335.0935,346.2411,382.1234
JPM,2024-10-29,336.6105,346.094,381.9546
JPM,2024-10-30,325.4267,345.6685,381.6739
META,2020-01-02,210.0,210.0,210.0
META,2020-01-03,203.9511,206.9755,206.9755
META,2020-01-06,199.3256,204.4256,204.4256
META,2020-01-07,191.6364,201.2283,201.2283
META,2020-01-08,190.1791,199.0184,199.0184
META,2020-01-09,193.4254,198.0863,198.0863
META,2020-01-10,192.3312,197.2641,197.2641
META,2020-01-13,197.6806,197.3162,197.3162
META,2020-01-14,194.7851,197.0349,197.0349
META,2020-01-15,188.0882,196.1403,196.1403
META,2020-01-16,193.4968,195.9,195.9
META,2020-01-17,195.343,195.8535,195.8535
META,2020-01-20,201.3097,196.2732,196.2732
META,2020-01-21,199.835,196.5277,196.5277
META,2020-01-22,207.7364,197.2749,197.2749
META,2020-01-23,202.5936,197.6073,197.6073
META,2020-01-24,201.3473,197.8273,197.8273
META,2020-01-27,203.4653,198.1405,198.1405
META,2020-01-28,201.3349,198.3087,198.3087
META,2020-01-29,202.5775,198.5221,198.5221
META,2020-01-30,208.8665,199.0147,199.0147
META,2020-01-31,210.9072,199.5553,199.5553
META,2020-02-03,210.1569,200.0162,200.0162
META,2020-02-04,216.5702,200.706,200.706
META,2020-02-05,219.3979,201.4536,201.4536
META,2020-02-06,219.5108,202.1481,202.1481
META,2020-02-07,219.2462,202.7814,202.7814
META,2020-02-10,217.4785,203.3063,203.3063
META,2020-02-11,222.0688,203.9533,203.9533
META,2020-02-12,226.9598,204.7202,204.7202
META,2020-02-13,234.1045,205.668,205.668
META,2020-02-14,236.6949,206.6376,206.6376
META,2020-02-17,233.7958,207.4606,207.4606
META,2020-02-18,235.8206,208.2947,208.2947
META,2020-02-19,232.8318,208.9958,208.9958
META,2020-02-20,233.9019,209.6876,209.6876
META,2020-02-21,242.101,210.5637,210.5637
META,2020-02-24,249.2202,211.5809,211.5809
META,2020-02-25,254.8599,212.6907,212.6907
META,2020-02-26,254.9016,213.7459,213.7459
META,2020-02-27,260.6112,214.889,214.889
META,2020-02-28,256.8256,215.8875,215.8875
META,2020-03-02,248.1693,216.6382,216.6382
META,2020-03-03,249.9661,217.3957,217.3957
META,2020-03-04,247.9048,218.0736,218.0736
META,2020-03-05,258.9046,218.9613,218.9613
META,2020-03-06,269.4116,220.0347,220.0347
META,2020-03-09,265.1919,220.9755,220.9755
META,2020-03-10,269.8289,221.9725,221.9725
META,2020-03-11,257.5534,222.6841,222.6841
META,2020-03-12,259.8373,223.6808,223.4126
META,2020-03-13,261.9816,224.8414,224.1543
META,2020-03-16,256.0082,225.9751,224.7553
META,2020-03-17,257.2034,227.2864,225.3562
META,2020-03-18,251.7285,228.5174,225.8357
META,2020-03-19,257.096,229.7908,226.3939
META,2020-03-20,258.427,231.1128,226.9559
META,2020-03-23,268.0174,232.5195,227.6639
META,2020-03-24,258.5559,233.7949,228.1875
META,2020-03-25,253.4173,235.1015,228.608
META,2020-03-26,250.669,236.2449,228.9696
META,2020-03-27,253.8085,237.4142,229.3702
META,2020-03-30,255.6404,238.5009,229.7872
META,2020-03-31,258.4377,239.6729,230.2349
META,2020-04-01,254.6324,240.6108,230.6102
META,2020-04-02,243.4652,241.4283,230.805
META,2020-04-03,239.2451,242.1862,230.931
META,2020-04-06,247.622,243.0694,231.1764
META,2020-04-07,244.144,243.9255,231.3644
META,2020-04-08,245.3548,244.7811,231.5642
META,2020-04-09,245.8864,245.5215,231.766
META,2020-04-10,247.1441,246.2462,231.9795
META,2020-04-13,239.5383,246.8338,232.0831
META,2020-04-14,244.4475,247.3914,232.2502
META,2020-04-15,244.0389,247.8842,232.4074
META,2020-04-16,258.0972,248.6559,232.7454
META,2020-04-17,255.9838,249.3907,233.0472
META,2020-04-20,262.2268,250.2857,233.4213
META,2020-04-21,259.9865,251.044,233.7575
META,2020-04-22,272.4015,251.9528,234.2406
META,2020-04-23,277.4038,252.8188,234.7735
META,2020-04-24,269.1888,253.4687,235.1932
META,2020-04-27,278.6065,254.3649,235.7162
META,2020-04-28,284.0254,255.329,236.2913
META,2020-04-29,281.0648,256.2937,236.8181
META,2020-04-30,270.6091,257.0278,237.211
META,2020-05-01,278.6782,257.7594,237.6876
META,2020-05-04,290.6498,258.588,238.2895
META,2020-05-05,298.752,259.4658,238.9688
META,2020-05-06,305.2518,260.4728,239.7053
META,2020-05-07,309.572,261.452,240.4731
META,2020-05-08,317.7446,262.6704,241.313
META,2020-05-11,315.9811,264.0266,242.1159
META,2020-05-12,302.7627,265.0826,242.761
META,2020-05-13,308.5321,266.2951,243.4534
META,2020-05-14,311.6651,267.3503,244.1639
META,2020-05-15,301.5801,267.9937,244.7558
META,2020-05-18,286.36,268.4171,245.1804
META,2020-05-19,287.1208,268.7629,245.604
META,2020-05-20,286.2566,269.337,246.0105
META,2020-05-21,284.8176,269.8366,246.3948
META,2020-05-22,289.0004,270.3769,246.8125
META,2020-05-25,284.0915,270.9386,247.1744
META,2020-05-26,289.0077,271.5747,247.5766
META,2020-05-27,294.0602,272.4213,248.0193
META,2020-05-28,276.1106,272.8016,248.2843
META,2020-05-29,275.8517,273.1501,248.542
META,2020-06-01,277.372,273.3372,248.8089
META,2020-06-02,282.583,273.8177,249.1188
META,2020-06-03,286.5232,274.4799,249.4588
META,2020-06-04,274.9562,274.9656,249.6885
META,2020-06-05,275.781,275.4051,249.9215
META,2020-06-08,274.2669,275.7776,250.1369
META,2020-06-09,281.6139,276.2411,250.4131
META,2020-06-10,273.8416,276.6253,250.6168
META,2020-06-11,274.0181,277.2364,250.8185
META,2020-06-12,279.9909,278.0513,251.0679
META,2020-06-15,285.3354,278.8055,251.3583
META,2020-06-16,284.4834,279.6123,251.6366
META,2020-06-17,292.8385,280.562,251.98
META,2020-06-18,287.9614,281.4035,252.2773
META,2020-06-19,293.2596,282.3258,252.6133
META,2020-06-22,299.8448,283.5319,252.9973
META,2020-06-23,290.3885,284.4508,253.2988
META,2020-06-24,299.7994,285.566,253.6708
META,2020-06-25,288.4023,286.1721,253.9464
META,2020-06-26,291.1994,286.8764,254.2398
META,2020-06-29,288.1529,287.3949,254.5047
META,2020-06-30,295.4295,288.1038,254.822
META,2020-07-01,297.9812,288.6154,255.154
META,2020-07-02,311.253,289.2923,255.5822
META,2020-07-03,320.0646,290.3099,256.0707
META,2020-07-06,321.3029,291.1638,256.5612
META,2020-07-07,330.9394,292.1021,257.1162
META,2020-07-08,330.3559,293.0879,257.6587
META,2020-07-09,322.0809,294.1173,258.1324
META,2020-07-10,318.7984,294.9197,258.5753
META,2020-07-13,318.1481,295.4697,259.0069
META,2020-07-14,295.5471,295.4056,259.2698
META,2020-07-15,305.7157,295.4149,259.6016
META,2020-07-16,305.2219,295.3279,259.9251
META,2020-07-17,312.5679,295.2243,260.2959
META,2020-07-20,313.9927,295.1846,260.6714
META,2020-07-21,302.8326,295.186,260.9641
META,2020-07-22,303.623,295.0878,261.2583
META,2020-07-23,302.9669,294.9138,261.544
META,2020-07-24,298.2449,294.8471,261.7937
META,2020-07-27,295.68,295.0335,262.0226
META,2020-07-28,296.0765,295.2126,262.2512
META,2020-07-29,279.3803,295.0751,262.3654
META,2020-07-30,281.9976,295.0187,262.4954
META,2020-07-31,286.3064,294.9648,262.6521
META,2020-08-03,289.9646,295.0823,262.8306
META,2020-08-04,288.2209,295.0666,262.9954
META,2020-08-05,302.3091,295.2315,263.2491
META,2020-08-06,306.2456,295.8342,263.5247
META,2020-08-07,303.4116,296.3854,263.7788
META,2020-08-10,294.7537,296.7331,263.9748
META,2020-08-11,285.4801,296.791,264.11
META,2020-08-12,288.4293,296.8291,264.262
META,2020-08-13,293.6637,297.2033,264.4447
META,2020-08-14,294.7465,297.5826,264.6317
META,2020-08-17,294.5554,297.9884,264.8153
META,2020-08-18,292.3802,298.2037,264.9834
META,2020-08-19,296.0574,298.648,265.1717
META,2020-08-20,290.8139,298.9839,265.3262
META,2020-08-21,290.8829,299.2018,265.4792
META,2020-08-24,291.7341,299.3297,265.6355
META,2020-08-25,295.9987,299.56,265.8151
META,2020-08-26,290.462,299.5125,265.9601
META,2020-08-27,283.7623,299.4285,266.0642
META,2020-08-28,284.3012,299.2494,266.1703
META,2020-08-31,285.9152,298.9708,266.2844
META,2020-09-01,286.0808,298.8846,266.3982
META,2020-09-02,268.2765,298.2542,266.4089
META,2020-09-03,270.6116,297.8983,266.4328
META,2020-09-04,287.9746,297.8338,266.5545
META,2020-09-07,294.582,297.9624,266.7119
META,2020-09-08,281.3046,297.6799,266.7935
META,2020-09-09,278.7846,297.296,266.8601
META,2020-09-10,277.6802,296.6245,266.9199
META,2020-09-11,275.7498,295.7382,266.9684
META,2020-09-14,267.881,294.6698,266.9734
META,2020-09-15,262.4003,293.299,266.9485
META,2020-09-16,268.5214,292.0623,266.957
META,2020-09-17,273.56,291.0919,266.9925
META,2020-09-18,273.0224,290.1764,267.0248
META,2020-09-21,279.4867,289.4032,267.091
META,2020-09-22,275.3209,288.9986,267.1346
META,2020-09-23,273.2634,288.3496,267.1668
META,2020-09-24,271.0795,287.6667,267.1873
META,2020-09-25,261.3813,286.643,267.1571
META,2020-09-28,259.9689,285.5625,267.1198
META,2020-09-29,270.5548,284.917,267.1376
META,2020-09-30,280.8359,284.4612,267.2078
META,2020-10-01,281.8238,284.0384,267.2824
META,2020-10-02,280.5499,283.6845,267.3497
META,2020-10-05,292.8912,283.6287,267.4787
META,2020-10-06,291.3726,283.5346,267.5988
META,2020-10-07,287.9818,283.7067,267.7007
META,2020-10-08,294.8638,283.964,268.125
META,2020-10-09,283.23,283.9025,268.5214
META,2020-10-12,282.6781,283.7567,268.9382
META,2020-10-13,282.4333,283.641,269.3922
META,2020-10-14,286.1407,283.3176,269.872
META,2020-10-15,282.3116,282.8389,270.3164
META,2020-10-16,281.3632,282.398,270.7616
META,2020-10-19,282.193,282.1467,271.1841
META,2020-10-20,280.6773,282.0507,271.6136
META,2020-10-21,279.6311,281.8747,272.0713
META,2020-10-22,285.4627,281.7107,272.5311
META,2020-10-23,289.6648,281.6091,273.0027
META,2020-10-26,293.486,281.5877,273.4636
META,2020-10-27,282.363,281.3873,273.8763
META,2020-10-28,285.4844,281.1759,274.265
META,2020-10-29,279.9947,280.9595,274.652
META,2020-10-30,293.8731,281.0193,275.1146
META,2020-11-02,294.0158,281.0649,275.5674
META,2020-11-03,292.8455,281.0019,276.0249
META,2020-11-04,303.9041,281.2707,276.5316
META,2020-11-05,313.0455,281.8564,277.0525
META,2020-11-06,311.4926,282.4002,277.5554
META,2020-11-09,303.0552,282.743,278.0199
META,2020-11-10,290.7324,282.836,278.3907
META,2020-11-11,283.7334,283.1452,278.7124
META,2020-11-12,286.1239,283.4554,279.0454
META,2020-11-13,285.3155,283.4022,279.3758
META,2020-11-16,279.1847,283.0943,279.6843
META,2020-11-17,276.7712,283.0036,279.9578
META,2020-11-18,288.5872,283.1997,280.266
META,2020-11-19,296.6355,283.5788,280.5786
META,2020-11-20,309.5641,284.2551,280.943
META,2020-11-23,304.7093,284.9916,281.2975
META,2020-11-24,310.8718,285.9611,281.6728
META,2020-11-25,316.3725,286.9181,282.0905
META,2020-11-26,327.9218,288.0053,282.5606
META,2020-11-27,328.2442,289.1098,282.9913
META,2020-11-30,322.3783,289.9676,283.3571
META,2020-12-01,315.7167,290.7755,283.6614
META,2020-12-02,315.839,291.627,283.9661
META,2020-12-03,316.6477,292.5384,284.2463
META,2020-12-04,318.9464,293.6897,284.5569
META,2020-12-07,308.6828,294.664,284.8594
META,2020-12-08,318.6179,295.6252,285.2027
META,2020-12-09,308.6831,296.1822,285.5066
META,2020-12-10,318.5939,296.9176,285.805
META,2020-12-11,316.3639,297.6338,286.0398
META,2020-12-14,330.8871,298.3938,286.3683
META,2020-12-15,317.5676,298.9177,286.607
META,2020-12-16,326.861,299.6952,286.9535
META,2020-12-17,319.1194,300.1804,287.2499
META,2020-12-18,311.0277,300.7363,287.4951
META,2020-12-21,323.8341,301.5594,287.8343
META,2020-12-22,329.9562,302.5099,288.198
META,2020-12-23,318.7124,303.1613,288.5329
META,2020-12-24,320.4826,303.9247,288.8499
META,2020-12-25,331.6768,304.931,289.2161
META,2020-12-28,336.3775,306.0147,289.5579
META,2020-12-29,336.8641,307.1384,289.9495
META,2020-12-30,346.5179,308.4762,290.415
META,2020-12-31,349.8362,309.7637,290.9108
META,2021-01-01,336.4478,310.6993,291.324
META,2021-01-04,337.4603,311.5788,291.7331
META,2021-01-05,341.6356,312.7642,292.1491
META,2021-01-06,343.7028,313.9286,292.5944
META,2021-01-07,340.6294,315.1413,293.0803
META,2021-01-08,344.6262,316.1564,293.6072
META,2021-01-11,346.3886,317.2038,294.101
META,2021-01-12,330.4934,317.9568,294.5328
META,2021-01-13,320.3918,318.2865,294.9079
META,2021-01-14,323.0072,318.4858,295.2935
META,2021-01-15,329.0572,318.8371,295.7031
META,2021-01-18,323.2145,319.2403,296.1215
META,2021-01-19,329.1999,320.0096,296.5453
META,2021-01-20,333.4024,321.003,296.9921
META,2021-01-21,332.1314,321.9231,297.3622
META,2021-01-22,335.7791,322.9324,297.7612
META,2021-01-25,339.2869,324.1344,298.1465
META,2021-01-26,346.7258,325.5335,298.5802
META,2021-01-27,354.7318,326.8564,298.9919
META,2021-01-28,346.238,327.8485,299.336
META,2021-01-29,340.4566,328.4663,299.6924
META,2021-02-01,352.9547,329.4312,300.0641
META,2021-02-02,360.748,330.4288,300.4477
META,2021-02-03,366.563,331.4326,300.8752
META,2021-02-04,373.8647,332.3514,301.3915
META,2021-02-05,384.4612,333.4758,301.9204
META,2021-02-08,385.9657,334.7475,302.397
META,2021-02-09,382.7493,336.0882,302.817
META,2021-02-10,388.1983,337.5354,303.2317
META,2021-02-11,388.227,338.9669,303.625
META,2021-02-12,403.179,340.6516,304.0522
META,2021-02-15,418.558,342.8491,304.565
META,2021-02-16,427.8824,345.0344,305.1906
META,2021-02-17,415.2949,347.1666,305.7245
META,2021-02-18,404.8356,348.8915,306.1903
META,2021-02-19,392.5664,350.4155,306.6452
META,2021-02-22,394.6016,351.6898,307.1864
META,2021-02-23,403.702,353.4125,307.7694
META,2021-02-24,401.0212,354.8957,308.3432
META,2021-02-25,395.1432,356.4162,308.8948
META,2021-02-26,396.4058,358.1237,309.4318
META,2021-03-01,389.3111,359.4333,309.9579
META,2021-03-02,392.0731,360.6756,310.4733
META,2021-03-03,390.072,362.1028,310.9533
META,2021-03-04,384.2558,363.3783,311.494
META,2021-03-05,385.5897,364.4565,312.0427
META,2021-03-08,394.1473,365.6119,312.6266
META,2021-03-09,380.3403,366.4814,313.1154
META,2021-03-10,382.1437,367.194,313.5935
META,2021-03-11,363.6739,367.4707,314.0371
META,2021-03-12,361.7186,367.9761,314.4668
META,2021-03-15,368.0482,368.5879,314.9357
META,2021-03-16,377.4323,369.3038,315.4148
META,2021-03-17,372.9841,369.8894,315.9105
META,2021-03-18,368.4943,370.4467,316.3829
META,2021-03-19,366.7304,370.8888,316.8166
META,2021-03-22,357.4312,371.1097,317.177
META,2021-03-23,359.0788,371.6814,317.55
META,2021-03-24,350.8111,372.2898,317.8399
META,2021-03-25,355.7666,372.945,318.1789
META,2021-03-26,349.9617,373.3631,318.4624
META,2021-03-29,347.5391,373.8495,318.7009
META,2021-03-30,351.9667,374.3049,319.0088
META,2021-03-31,357.6138,374.7891,319.2979
META,2021-04-01,362.9561,375.4056,319.6706
META,2021-04-02,365.5116,376.0003,320.0422
META,2021-04-05,356.3779,376.3421,320.3833
META,2021-04-06,356.3608,376.5348,320.688
META,2021-04-07,355.1289,376.5427,320.9737
META,2021-04-08,351.8184,376.6543,321.1765
META,2021-04-09,352.6915,376.899,321.3397
META,2021-04-12,345.7335,376.7546,321.4618
META,2021-04-13,345.6901,376.4534,321.5356
META,2021-04-14,343.4608,375.9914,321.6011
META,2021-04-15,339.9606,375.3133,321.6905
META,2021-04-16,331.2292,374.2487,321.7526
META,2021-04-19,322.5173,372.9797,321.7745
META,2021-04-20,333.2837,371.9904,321.9632
META,2021-04-21,334.4368,370.9152,322.1068
META,2021-04-22,349.511,370.1408,322.3282
META,2021-04-23,365.6982,369.3912,322.5939
META,2021-04-26,376.8883,368.5578,322.9084
META,2021-04-27,365.7573,367.3153,323.223
META,2021-04-28,378.5894,366.5812,323.5978
META,2021-04-29,377.7114,366.0387,323.9715
META,2021-04-30,375.4741,365.6969,324.3577
META,2021-05-03,371.9762,365.2444,324.7392
META,2021-05-04,369.128,364.5529,325.1044
META,2021-05-05,372.9372,363.9912,325.5722
META,2021-05-06,394.3217,363.9748,326.1338
META,2021-05-07,379.415,363.635,326.5994
META,2021-05-10,397.7633,363.804,327.1384
META,2021-05-11,412.6859,364.2163,327.7607
META,2021-05-12,411.2242,364.6393,328.3053
META,2021-05-13,406.6412,365.087,328.8072
META,2021-05-14,394.0157,365.2555,329.2603
META,2021-05-17,385.8151,365.0889,329.7156
META,2021-05-18,380.5163,365.0924,330.1907
META,2021-05-19,379.8456,365.0465,330.6478
META,2021-05-20,379.8448,365.3699,331.0787
META,2021-05-21,387.102,365.8775,331.5405
META,2021-05-24,393.4626,366.3858,332.035
META,2021-05-25,395.9963,366.7571,332.5531
META,2021-05-26,395.8622,367.2147,333.0522
META,2021-05-27,407.1313,367.9874,333.6337
META,2021-05-28,415.6892,368.9666,334.2578
META,2021-05-31,420.4371,370.2267,334.9013
META,2021-06-01,416.6672,371.3785,335.5046
META,2021-06-02,428.1442,372.9251,336.193
META,2021-06-03,437.095,374.5517,336.9597
META,2021-06-04,434.8357,376.2492,337.7124
META,2021-06-07,415.6209,377.6108,338.3609
META,2021-06-08,416.8612,378.9087,339.0148
META,2021-06-09,410.2991,379.9624,339.7249
META,2021-06-10,417.699,381.0573,340.4604
META,2021-06-11,420.1598,382.1502,341.1213
META,2021-06-14,403.9533,383.1018,341.6681
META,2021-06-15,407.1008,384.1166,342.2971
META,2021-06-16,424.4619,385.5032,343.0255
META,2021-06-17,423.2108,386.9311,343.7532
META,2021-06-18,423.4245,388.3457,344.4915
META,2021-06-21,420.2581,389.8362,345.2534
META,2021-06-22,421.281,391.348,346.0478
META,2021-06-23,437.4108,393.227,346.8923
META,2021-06-24,448.9203,395.4062,347.7691
META,2021-06-25,443.0875,397.6434,348.6194
META,2021-06-28,442.6285,400.0456,349.4351
META,2021-06-29,442.8584,402.2371,350.2728
META,2021-06-30,447.5597,404.4996,351.1443
META,2021-07-01,452.5104,406.5596,352.0514
META,2021-07-02,451.792,408.2814,353.0035
META,2021-07-05,438.8371,409.5204,353.8978
META,2021-07-06,437.9433,410.9641,354.7348
META,2021-07-07,434.4664,412.0817,355.5029
META,2021-07-08,425.5325,413.0381,356.2215
META,2021-07-09,433.9455,414.2075,356.9884
META,2021-07-12,434.4516,415.457,357.6962
META,2021-07-13,424.142,416.5573,358.3601
META,2021-07-14,445.0427,417.9994,359.1454
META,2021-07-15,449.8192,419.1094,359.9202
META,2021-07-16,458.7515,420.6961,360.7978
META,2021-07-19,470.7384,422.1556,361.7381
META,2021-07-20,466.1783,423.2254,362.6568
META,2021-07-21,472.6181,424.4533,363.5892
META,2021-07-22,451.6002,425.3525,364.4356
META,2021-07-23,462.4505,426.7212,365.3411
META,2021-07-26,462.0234,428.2454,366.2402
META,2021-07-27,468.216,429.9994,367.1779
META,2021-07-28,467.7599,431.7576,368.1186
META,2021-07-29,488.907,433.9389,369.1358
META,2021-07-30,503.8012,436.2729,370.2065
META,2021-08-02,473.6119,437.8759,371.1071
META,2021-08-03,480.2591,439.5611,372.0966
META,2021-08-04,477.3647,441.1912,373.056
META,2021-08-05,484.5226,442.739,374.0786
META,2021-08-06,491.6243,444.2577,375.0674
META,2021-08-09,483.2988,445.5149,376.0138
META,2021-08-10,482.3011,446.8276,376.9611
META,2021-08-11,471.0067,447.6849,377.7966
META,2021-08-12,488.4077,448.7111,378.6734
META,2021-08-13,492.5966,449.8663,379.5789
META,2021-08-16,498.0738,451.5154,380.554
META,2021-08-17,502.065,453.2195,381.6107
META,2021-08-18,489.8335,454.8101,382.6412
META,2021-08-19,497.6612,456.4094,383.6989
META,2021-08-20,519.7551,458.4013,384.871
META,2021-08-23,501.104,460.3443,385.9806
META,2021-08-24,502.4225,462.2507,387.1089
META,2021-08-25,512.0029,464.0016,388.226
META,2021-08-26,503.2656,465.6027,389.2591
META,2021-08-27,512.5269,467.3847,390.2739
META,2021-08-30,513.4413,469.2484,391.3176
META,2021-08-31,505.1138,470.925,392.2888
META,2021-09-01,475.999,471.6968,393.0869
META,2021-09-02,475.2036,472.2225,393.8234
META,2021-09-03,474.7051,472.8548,394.5557
META,2021-09-06,490.2222,473.8067,395.3949
META,2021-09-07,494.5634,474.8408,396.2891
META,2021-09-08,488.6737,475.6631,397.1533
META,2021-09-09,470.9661,476.0322,397.9249
META,2021-09-10,481.269,476.6217,398.7365
META,2021-09-13,482.9644,477.5043,399.6079
META,2021-09-14,478.7682,478.3208,400.4087
META,2021-09-15,472.9397,479.0902,401.2299
META,2021-09-16,487.5724,480.331,402.0748
META,2021-09-17,504.4399,481.7409,403.0152
META,2021-09-20,497.2793,482.9975,403.8472
META,2021-09-21,470.992,483.9345,404.6143
META,2021-09-22,468.9227,484.4121,405.3246
META,2021-09-23,471.8003,484.8517,406.088
META,2021-09-24,472.9526,485.1357,406.8976
META,2021-09-27,455.782,484.8366,407.5574
META,2021-09-28,473.1526,484.9761,408.2733
META,2021-09-29,452.8627,484.581,408.9441
META,2021-09-30,445.1302,484.4516,409.5673
META,2021-10-01,434.6796,483.8961,410.0824
META,2021-10-04,423.9378,483.1344,410.5202
META,2021-10-05,402.641,481.8229,410.849
META,2021-10-06,403.5105,480.5379,411.134
META,2021-10-07,417.7022,479.1139,411.4733
META,2021-10-08,416.3523,477.3649,411.8729
META,2021-10-11,406.7167,476.027,412.2191
META,2021-10-12,420.9715,474.8412,412.6158
META,2021-10-13,429.818,473.8903,413.0464
META,2021-10-14,421.5133,472.6301,413.4508
META,2021-10-15,425.0782,471.2992,413.8531
META,2021-10-18,436.5086,470.3634,414.3037
META,2021-10-19,427.4667,469.2667,414.7885
META,2021-10-20,429.0164,468.4269,415.3317
META,2021-10-21,425.3453,467.1656,415.8434
META,2021-10-22,413.6669,465.587,416.2664
META,2021-10-25,415.6095,463.9377,416.7284
META,2021-10-26,420.2298,462.301,417.1835
META,2021-10-27,420.9696,460.9238,417.6214
META,2021-10-28,413.1157,459.2329,418.0263
META,2021-10-29,434.7283,457.5323,418.521
META,2021-11-01,429.9663,456.1096,418.9744
META,2021-11-02,436.0597,454.7823,419.4211
META,2021-11-03,444.8827,453.4399,419.8718
META,2021-11-04,419.4269,451.7631,420.2378
META,2021-11-05,428.139,450.0754,420.6762
META,2021-11-08,428.5329,448.3772,421.0541
META,2021-11-09,426.1431,446.7978,421.3811
META,2021-11-10,425.1901,445.7816,421.6742
META,2021-11-11,431.4686,444.9069,421.9622
META,2021-11-12,408.8142,443.5891,422.084
META,2021-11-15,409.4157,441.973,422.2012
META,2021-11-16,413.9539,440.3608,422.3573
META,2021-11-17,436.2394,439.3121,422.5975
META,2021-11-18,422.6632,438.346,422.7697
META,2021-11-19,427.4747,437.2701,422.8911
META,2021-11-22,422.8488,436.0678,422.9126
META,2021-11-23,428.0834,435.0541,422.9136
META,2021-11-24,437.3654,434.3427,423.0239
META,2021-11-25,430.0392,433.192,423.15
META,2021-11-26,450.9621,432.1224,423.4419
META,2021-11-29,465.7851,431.4925,423.7979
META,2021-11-30,474.992,431.5725,424.1543
META,2021-12-01,471.2851,431.6198,424.5056
META,2021-12-02,465.3988,431.4918,424.8569
META,2021-12-03,470.6541,431.4458,425.2281
META,2021-12-06,466.5635,431.6614,425.6144
META,2021-12-07,461.0762,431.4199,425.9594
META,2021-12-08,483.0474,432.0236,426.4243
META,2021-12-09,489.7658,432.9163,426.9518
META,2021-12-10,499.8694,434.2201,427.5232
META,2021-12-13,523.2052,436.2054,428.1685
META,2021-12-14,524.6173,438.645,428.8899
META,2021-12-15,517.099,440.9167,429.5647
META,2021-12-16,504.3761,442.6502,430.2682
META,2021-12-17,521.3651,444.7505,431.0664
META,2021-12-20,517.097,446.9581,431.8117
META,2021-12-21,482.1313,448.1813,432.3352
META,2021-12-22,452.6896,448.6387,432.7337
META,2021-12-23,437.2881,448.9542,433.0777
META,2021-12-24,433.6787,449.1262,433.4124
META,2021-12-27,431.6379,449.0288,433.7835
META,2021-12-28,437.4156,449.2278,434.1751
META,2021-12-29,425.9721,449.1669,434.5509
META,2021-12-30,428.5071,449.2301,434.9146
META,2021-12-31,437.9813,449.7164,435.3547
META,2022-01-03,436.7826,450.1399,435.801
META,2022-01-04,432.2552,450.3804,436.2024
META,2022-01-05,423.6791,450.4346,436.5327
META,2022-01-06,435.7693,450.8877,436.8968
META,2022-01-07,422.0083,450.6333,437.1793
META,2022-01-10,438.5521,450.805,437.5901
META,2022-01-11,438.6245,450.8563,438.0015
META,2022-01-12,428.1552,450.5217,438.3666
META,2022-01-13,437.1678,450.8765,438.7933
META,2022-01-14,442.8303,451.1704,439.244
META,2022-01-17,447.5747,451.5512,439.7532
META,2022-01-18,455.5029,452.1384,440.3023
META,2022-01-19,457.5951,452.7865,440.873
META,2022-01-20,462.9746,453.4166,441.4881
META,2022-01-21,478.6409,454.8131,442.2251
META,2022-01-24,481.3065,456.251,443.0191
META,2022-01-25,491.1898,457.7957,443.8086
META,2022-01-26,466.3251,458.3974,444.468
META,2022-01-27,470.2906,459.3499,445.0719
META,2022-01-28,499.9198,460.7988,445.743
META,2022-01-31,479.3267,461.9284,446.2552
META,2022-02-01,503.1926,463.4306,446.9424
META,2022-02-02,512.3145,464.9296,447.611
META,2022-02-03,492.2652,466.1741,448.1838
META,2022-02-04,493.0899,467.0166,448.7719
META,2022-02-07,498.2112,467.6652,449.4031
META,2022-02-08,509.5583,468.3565,450.1052
META,2022-02-09,504.6319,469.0234,450.7637
META,2022-02-10,513.4749,469.9849,451.3594
META,2022-02-11,531.1618,471.1951,452.1182
META,2022-02-14,542.9366,472.7226,452.844
META,2022-02-15,559.062,474.6823,453.5759
META,2022-02-16,553.5215,476.0918,454.2874
META,2022-02-17,563.0741,477.5579,455.0696
META,2022-02-18,595.3613,479.4678,456.0763
META,2022-02-21,580.5774,480.6152,457.0501
META,2022-02-22,586.8864,481.8606,458.082
META,2022-02-23,571.8321,482.9553,459.0419
META,2022-02-24,589.6835,484.6614,460.0911
META,2022-02-25,562.8259,485.4906,460.9697
META,2022-02-28,555.6179,486.261,461.7805
META,2022-03-01,587.5783,488.37,462.7384
META,2022-03-02,581.0725,490.9376,463.6644
META,2022-03-03,580.6338,493.8045,464.532
META,2022-03-04,598.6417,497.1038,465.4467
META,2022-03-07,597.0796,500.4126,466.3299
META,2022-03-08,569.1286,503.0469,467.0922
META,2022-03-09,555.1247,505.63,467.7271
META,2022-03-10,573.324,508.5263,468.4083
META,2022-03-11,594.2975,511.6526,469.2056
META,2022-03-14,566.818,514.2533,469.9616
META,2022-03-15,554.4714,516.6976,470.6496
META,2022-03-16,546.0044,519.1442,471.3282
META,2022-03-17,541.4328,521.2574,471.9468
META,2022-03-18,529.9002,523.4153,472.4955
META,2022-03-21,531.6203,525.2766,473.1339
META,2022-03-22,524.7482,526.9991,473.7221
META,2022-03-23,519.7594,528.8312,474.1986
META,2022-03-24,506.2119,530.2121,474.6136
META,2022-03-25,516.1629,531.6787,475.0773
META,2022-03-28,499.6571,532.7204,475.4743
META,2022-03-29,504.5998,533.7023,475.8909
META,2022-03-30,517.2302,534.895,476.29
META,2022-03-31,542.8603,536.4927,476.7597
META,2022-04-01,549.791,537.9157,477.2932
META,2022-04-04,553.1662,539.3529,477.8459
META,2022-04-05,531.6051,540.1612,478.2896
META,2022-04-06,551.0692,541.8561,478.8072
META,2022-04-07,553.3485,543.5173,479.3114
META,2022-04-08,557.8548,544.676,479.8417
META,2022-04-11,563.5577,546.3606,480.4653
META,2022-04-12,565.4999,547.6067,481.1031
META,2022-04-13,566.0061,548.6806,481.7608
META,2022-04-14,561.4841,550.0649,482.4405
META,2022-04-15,571.7442,551.638,483.1295
META,2022-04-18,551.9645,552.7131,483.7171
META,2022-04-19,532.5966,553.1739,484.2593
META,2022-04-20,522.2735,553.5267,484.6455
META,2022-04-21,538.5005,554.0272,485.0889
META,2022-04-22,544.655,554.2971,485.5184
META,2022-04-25,536.8218,554.1748,485.8488
META,2022-04-26,527.0036,553.5336,486.153
META,2022-04-27,526.3738,552.9906,486.4217
META,2022-04-28,531.8167,552.3655,486.8228
META,2022-04-29,549.8146,551.4546,487.2596
META,2022-05-02,577.9146,551.4013,487.8391
META,2022-05-03,576.5823,551.1952,488.3809
META,2022-05-04,608.2203,551.923,489.0832
META,2022-05-05,609.811,552.3255,489.6878
META,2022-05-06,614.6739,553.3625,490.2421
META,2022-05-09,629.6896,554.8439,491.0225
META,2022-05-10,647.3165,556.0387,491.8578
META,2022-05-11,672.6684,557.8706,492.8343
META,2022-05-12,652.741,559.3128,493.6754
META,2022-05-13,655.1154,560.4422,494.4929
META,2022-05-16,675.5734,562.0121,495.4542
META,2022-05-17,658.9853,563.8092,496.3377
META,2022-05-18,630.5515,565.3178,497.1354
META,2022-05-19,608.9427,566.0302,497.7381
META,2022-05-20,607.6001,566.2962,498.3131
META,2022-05-23,638.177,567.7234,499.0136
META,2022-05-24,615.9782,568.9535,499.5832
META,2022-05-25,599.4489,570.0224,500.1312
META,2022-05-26,592.688,571.0475,500.6064
META,2022-05-27,579.1696,572.0329,500.9034
META,2022-05-30,563.5118,572.6707,501.2155
META,2022-05-31,537.0512,572.9168,501.3886
META,2022-06-01,530.6778,573.1352,501.482
META,2022-06-02,556.5643,574.1422,501.7485
META,2022-06-03,564.403,575.107,502.0079
META,2022-06-06,580.931,576.7325,502.3453
META,2022-06-07,572.9849,578.1002,502.6847
META,2022-06-08,561.9408,578.9944,503.1144
META,2022-06-09,569.4003,579.5252,503.5854
META,2022-06-10,570.9476,579.9483,504.0666
META,2022-06-13,570.5911,580.2968,504.4684
META,2022-06-14,594.386,581.5525,504.9675
META,2022-06-15,583.451,582.2001,505.4414
META,2022-06-16,570.8254,582.5496,505.9407
META,2022-06-17,582.9924,583.0524,506.4493
META,2022-06-20,593.5038,583.6513,507.002
META,2022-06-21,579.263,583.9266,507.5045
META,2022-06-22,580.7695,584.2218,508.0437
META,2022-06-23,556.756,584.1273,508.3896
META,2022-06-24,561.1377,583.9151,508.6731
META,2022-06-27,555.2744,583.9813,508.963
META,2022-06-28,552.4052,584.3775,509.3701
META,2022-06-29,537.9147,584.6903,509.7151
META,2022-06-30,553.9119,584.9986,510.1256
META,2022-07-01,557.7948,585.2614,510.5498
META,2022-07-04,571.6245,585.9574,511.129
META,2022-07-05,570.5938,586.8292,511.6162
META,2022-07-06,587.492,588.0516,512.2894
META,2022-07-07,562.1977,588.6592,512.8747
META,2022-07-08,562.6729,588.9164,513.5147
META,2022-07-11,579.411,588.9463,514.2921
META,2022-07-12,552.9659,588.474,515.0437
META,2022-07-13,555.0709,587.411,515.8015
META,2022-07-14,563.1899,586.4786,516.5289
META,2022-07-15,558.4247,585.3536,517.2393
META,2022-07-18,572.2823,584.2054,518.0671
META,2022-07-19,586.626,582.9916,518.8954
META,2022-07-20,578.4174,581.1066,519.6384
META,2022-07-21,573.4909,579.5216,520.3983
META,2022-07-22,558.1596,577.5825,521.0637
META,2022-07-25,562.8169,575.3273,521.6952
META,2022-07-26,565.9508,573.4667,522.3876
META,2022-07-27,566.3819,572.1833,523.0745
META,2022-07-28,568.1492,571.3674,523.7885
META,2022-07-29,557.0028,570.3554,524.5052
META,2022-08-01,538.6532,568.365,525.1204
META,2022-08-02,544.7956,566.9413,525.7432
META,2022-08-03,542.6006,565.8044,526.3514
META,2022-08-04,529.7456,564.5455,526.9345
META,2022-08-05,520.9984,563.3821,527.3659
META,2022-08-08,532.9568,562.771,527.8808
META,2022-08-09,544.4451,562.9189,528.4228
META,2022-08-10,553.5444,563.3762,528.9661
META,2022-08-11,553.3882,563.3127,529.6359
META,2022-08-12,544.8109,562.9208,530.2192
META,2022-08-15,562.7283,562.5568,530.8902
META,2022-08-16,558.7829,562.2727,531.5534
META,2022-08-17,562.8111,562.2901,532.2415
META,2022-08-18,551.8573,561.9393,532.8435
META,2022-08-19,549.1061,561.5025,533.5449
META,2022-08-22,515.5156,560.4009,534.0754
META,2022-08-23,508.1731,558.6767,534.5465
META,2022-08-24,490.3191,556.814,534.8169
META,2022-08-25,493.2234,555.262,535.1697
META,2022-08-26,486.5826,553.3338,535.4652
META,2022-08-29,483.4227,551.1322,535.7681
META,2022-08-30,509.0738,549.7284,536.1731
META,2022-08-31,497.1286,548.0556,536.4719
META,2022-09-01,498.9334,546.8991,536.8164
META,2022-09-02,501.9146,545.7147,537.0711
META,2022-09-05,490.9779,544.4287,537.1971
META,2022-09-06,504.4756,543.4701,537.3445
META,2022-09-07,525.124,543.2143,537.6137
META,2022-09-08,540.8017,542.9521,537.9907
META,2022-09-09,528.9667,542.3756,538.2823
META,2022-09-12,520.5088,541.3533,538.552
META,2022-09-13,496.2074,539.8655,538.7277
META,2022-09-14,494.4026,538.0037,538.7844
META,2022-09-15,493.4487,536.6288,538.8028
META,2022-09-16,503.0968,535.4372,538.819
META,2022-09-19,525.1577,534.3522,538.8287
META,2022-09-20,509.9287,533.4914,538.7553
META,2022-09-21,511.9827,532.6297,538.7297
META,2022-09-22,509.581,531.5575,538.7557
META,2022-09-23,508.0961,530.5509,538.6894
META,2022-09-26,527.8549,529.6624,538.7432
META,2022-09-27,529.4392,528.5186,538.9797
META,2022-09-28,536.8311,527.6869,539.4004
META,2022-09-29,543.3401,527.0839,539.9307
META,2022-09-30,546.5694,526.8521,540.4951
META,2022-10-03,537.0035,526.3358,541.022
META,2022-10-04,562.007,526.2569,541.6449
META,2022-10-05,561.946,526.1682,542.3248
META,2022-10-06,569.5379,526.196,543.03
META,2022-10-07,573.4132,526.5242,543.7071
META,2022-10-10,545.534,526.6618,544.2509
META,2022-10-11,532.4685,526.4153,544.7519
META,2022-10-12,534.3,526.2493,545.305
META,2022-10-13,523.9135,526.1326,545.7458
META,2022-10-14,529.3659,526.3,546.2826
META,2022-10-17,518.3227,526.0073,546.6814
META,2022-10-18,518.8985,525.4964,547.0828
META,2022-10-19,498.4685,524.3948,547.4343
META,2022-10-20,508.9022,523.5051,547.793
META,2022-10-21,514.789,522.9047,548.1528
META,2022-10-24,521.326,522.0766,548.5216
META,2022-10-25,520.5629,521.3122,548.8469
META,2022-10-26,512.3095,520.3022,549.1204
META,2022-10-27,532.4064,519.9132,549.4676
META,2022-10-28,554.4656,520.0204,549.8467
META,2022-10-31,553.909,520.7882,550.2097
META,2022-11-01,546.7705,521.5602,550.4876
META,2022-11-02,524.9796,522.2534,550.7809
META,2022-11-03,528.1893,522.9527,551.0704
META,2022-11-04,520.1713,523.6245,551.1717
META,2022-11-07,514.5962,524.248,551.348
META,2022-11-08,526.981,524.6061,551.4669
META,2022-11-09,515.3434,524.9704,551.4821
META,2022-11-10,539.9474,525.7907,551.7205
META,2022-11-11,527.3326,526.299,551.8917
META,2022-11-14,502.4708,526.5289,551.913
META,2022-11-15,494.9666,526.3387,551.8401
META,2022-11-16,499.5644,525.8275,551.8147
META,2022-11-17,501.5546,525.0426,551.7551
META,2022-11-18,504.1121,524.5455,551.6199
META,2022-11-21,501.1332,524.158,551.4109
META,2022-11-22,495.5072,524.144,551.0931
META,2022-11-23,481.36,523.8831,550.7323
META,2022-11-24,483.195,523.6781,550.3329
META,2022-11-25,495.9238,523.5346,549.8357
META,2022-11-28,496.442,522.9603,549.415
META,2022-11-29,487.8269,522.5182,548.9197
META,2022-11-30,489.8798,522.0762,548.51
META,2022-12-01,507.7078,522.0387,548.1001
META,2022-12-02,505.5909,521.9886,547.8139
META,2022-12-05,491.1904,521.2553,547.4918
META,2022-12-06,494.1303,520.5492,547.0245
META,2022-12-07,501.5075,519.8427,546.6267
META,2022-12-08,512.3886,519.2236,546.2855
META,2022-12-09,521.3799,518.7199,545.8992
META,2022-12-12,523.8264,518.4563,545.5329
META,2022-12-13,513.8378,517.4929,545.2564
META,2022-12-14,502.2388,516.2988,544.992
META,2022-12-15,498.5418,514.8789,544.6181
META,2022-12-16,506.2957,513.5365,544.1781
META,2022-12-19,498.8241,512.6023,543.8381
META,2022-12-20,493.3479,511.8199,543.5325
META,2022-12-21,483.3427,510.8008,543.2192
META,2022-12-22,502.097,510.3644,543.0225
META,2022-12-23,499.7872,509.7729,542.872
META,2022-12-26,508.2459,509.5713,542.7551
META,2022-12-27,528.213,509.7576,542.7724
META,2022-12-28,516.6803,510.1218,542.757
META,2022-12-29,526.5246,510.4743,542.8586
META,2022-12-30,525.7227,510.693,542.9064
META,2023-01-02,544.0974,511.1484,543.1286
META,2023-01-03,534.2519,511.4222,543.2768
META,2023-01-04,537.3784,511.9236,543.3776
META,2023-01-05,545.9863,512.1952,543.3932
META,2023-01-06,537.4916,511.8557,543.3317
META,2023-01-09,535.2041,511.4816,543.2419
META,2023-01-10,533.781,511.2218,543.2528
META,2023-01-11,548.3285,511.6888,543.2391
META,2023-01-12,578.6359,512.6977,543.3655
META,2023-01-13,601.3196,514.3207,543.5828
META,2023-01-16,622.82,516.4851,543.8791
META,2023-01-17,563.8319,517.2222,543.8708
META,2023-01-18,566.0248,518.2358,543.8709
META,2023-01-19,567.2922,518.7827,543.8999
META,2023-01-20,578.6786,519.8096,543.9346
META,2023-01-23,559.4544,520.9493,543.9721
META,2023-01-24,569.654,522.443,544.1573
META,2023-01-25,542.2984,523.2977,544.2575
META,2023-01-26,556.1937,524.3905,544.3459
META,2023-01-27,535.052,525.0093,544.2979
META,2023-01-30,551.3613,526.0138,544.3706
META,2023-01-31,567.487,527.4534,544.573
META,2023-02-01,563.3686,529.0936,544.758
META,2023-02-02,569.7132,530.824,544.9475
META,2023-02-03,570.0717,532.3069,545.0488
META,2023-02-06,550.6347,533.3908,544.9124
META,2023-02-07,558.4962,534.8042,544.822
META,2023-02-08,575.002,536.5066,544.6559
META,2023-02-09,570.9833,537.7721,544.4617
META,2023-02-10,580.1888,539.2641,544.2893
META,2023-02-13,568.5362,540.811,543.9835
META,2023-02-14,581.5799,542.56,543.6548
META,2023-02-15,582.1321,544.1725,543.2022
META,2023-02-16,582.3349,545.5714,542.8501
META,2023-02-17,589.3277,546.9304,542.5212
META,2023-02-20,611.7312,548.6885,542.202
META,2023-02-21,619.9273,550.8102,542.0067
META,2023-02-22,604.4996,552.8555,541.8764
META,2023-02-23,594.6159,554.7769,541.8048
META,2023-02-24,594.0116,556.5313,541.7369
META,2023-02-27,601.5333,558.5855,541.5536
META,2023-02-28,585.4493,560.4275,541.401
META,2023-03-01,590.7819,562.5763,541.3577
META,2023-03-02,603.9169,564.6127,541.4138
META,2023-03-03,597.1496,566.5599,541.5037
META,2023-03-06,626.4403,568.9238,541.8183
META,2023-03-07,615.837,570.6763,542.2123
META,2023-03-08,619.2514,572.7277,542.6551
META,2023-03-09,589.4687,573.9866,542.8197
META,2023-03-10,585.4287,575.1807,542.9248
META,2023-03-13,583.7583,575.9739,542.9389
META,2023-03-14,578.2179,576.8532,542.9651
META,2023-03-15,568.5061,577.4758,542.9979
META,2023-03-16,561.9062,577.7942,542.9605
META,2023-03-17,570.8968,578.4623,542.9602
META,2023-03-20,545.6591,578.6714,542.8355
META,2023-03-21,522.261,578.441,542.4749
META,2023-03-22,516.5165,577.8048,542.1402
META,2023-03-23,515.3729,576.5395,541.863
META,2023-03-24,506.1646,574.6364,541.4788
META,2023-03-27,507.2894,572.3258,541.0478
META,2023-03-28,515.2404,571.354,540.7277
META,2023-03-29,527.8275,570.59,540.4629
META,2023-03-30,545.1989,570.1481,540.4052
META,2023-03-31,528.5584,569.1457,540.2423
META,2023-04-03,519.255,568.3417,540.0622
META,2023-04-04,508.8244,567.1252,539.8443
META,2023-04-05,521.6568,566.7123,539.763
META,2023-04-06,514.1785,565.872,539.5643
META,2023-04-07,518.3373,565.5377,539.367
META,2023-04-10,501.4283,564.5391,539.016
META,2023-04-11,494.1102,563.0715,538.6336
META,2023-04-12,483.9566,561.4833,538.1159
META,2023-04-13,492.2861,559.9347,537.7664
META,2023-04-14,478.1492,558.0963,537.3438
META,2023-04-17,499.3706,557.071,536.9436
META,2023-04-18,502.3083,555.9473,536.6903
META,2023-04-19,493.9763,554.3267,536.3848
META,2023-04-20,498.3801,552.8747,536.0608
META,2023-04-21,489.1117,551.0531,535.7142
META,2023-04-24,477.1669,549.2258,535.2386
META,2023-04-25,485.5524,547.3052,534.7332
META,2023-04-26,502.0812,545.7042,534.3516
META,2023-04-27,507.0387,544.1983,534.0193
META,2023-04-28,492.6882,542.2655,533.6919
META,2023-05-01,483.4971,539.7008,533.2953
META,2023-05-02,501.8757,537.3398,532.975
META,2023-05-03,511.8713,535.4872,532.7024
META,2023-05-04,498.5923,533.5667,532.3546
META,2023-05-05,490.4958,531.4964,532.0221
META,2023-05-08,493.0492,529.3267,531.7941
META,2023-05-09,491.7005,527.4517,531.5286
META,2023-05-10,517.2785,525.9817,531.402
META,2023-05-11,508.6572,524.0765,531.2965
META,2023-05-12,516.3716,522.4609,531.2734
META,2023-05-15,520.4268,520.3407,531.2108
META,2023-05-16,500.5086,518.0341,530.9911
META,2023-05-17,472.9749,515.1086,530.5882
META,2023-05-18,468.97,512.6986,530.1661
META,2023-05-19,474.0251,510.4705,529.8122
META,2023-05-22,492.7603,508.6505,529.4624
META,2023-05-23,483.956,506.7653,529.0882
META,2023-05-24,489.831,505.1918,528.7233
META,2023-05-25,486.7832,503.6893,528.398
META,2023-05-26,507.6915,502.4252,528.1909
META,2023-05-29,507.5637,501.6633,528.1511
META,2023-05-30,502.6019,501.2702,528.1233
META,2023-05-31,505.0127,501.0401,528.1967
META,2023-06-01,507.7073,500.8868,528.2692
META,2023-06-02,525.3353,501.2702,528.4629
META,2023-06-05,525.7699,501.6398,528.6747
META,2023-06-06,531.5886,501.9668,528.7872
META,2023-06-07,511.3126,501.6365,528.8582
META,2023-06-08,497.716,500.6868,528.8521
META,2023-06-09,493.5994,499.9876,528.8105
META,2023-06-12,495.1761,499.506,528.8315
META,2023-06-13,486.5727,499.061,528.742
META,2023-06-14,490.2321,498.4325,528.5675
META,2023-06-15,484.4711,497.8384,528.2859
META,2023-06-16,504.9285,497.5702,528.1657
META,2023-06-19,502.7909,497.5974,528.0771
META,2023-06-20,508.3615,497.8825,528.1379
META,2023-06-21,506.0694,498.3247,528.1962
META,2023-06-22,505.3003,498.585,528.2554
META,2023-06-23,512.3135,499.2683,528.3015
META,2023-06-26,514.3714,499.5683,528.2476
META,2023-06-27,508.3462,499.6891,528.2397
META,2023-06-28,512.8011,500.0656,528.2438
META,2023-06-29,511.22,500.3224,528.252
META,2023-06-30,518.7656,500.9154,528.3053
META,2023-07-03,533.5908,502.0439,528.334
META,2023-07-04,546.7993,503.2689,528.4208
META,2023-07-05,533.4481,503.8962,528.4039
META,2023-07-06,496.4916,503.6852,528.1696
META,2023-07-07,524.4313,504.3201,528.059
META,2023-07-10,531.4336,505.2788,528.0311
META,2023-07-11,536.6339,505.974,527.9042
META,2023-07-12,527.9407,506.2954,527.7342
META,2023-07-13,503.0131,506.3838,527.4016
META,2023-07-14,479.8027,506.1699,526.9335
META,2023-07-17,476.2804,505.8346,526.5873
META,2023-07-18,478.3657,505.5679,526.3168
META,2023-07-19,498.4092,505.1905,526.1373
META,2023-07-20,501.6729,505.0508,526.0261
META,2023-07-21,510.1404,504.9262,525.93
META,2023-07-24,504.033,504.5983,525.8585
META,2023-07-25,498.8915,504.566,525.7585
META,2023-07-26,481.9432,504.7453,525.6759
META,2023-07-27,468.3095,504.7321,525.4729
META,2023-07-28,454.9543,504.3507,525.1737
META,2023-07-31,451.3322,503.5221,524.8238
META,2023-08-01,434.0154,502.5233,524.391
META,2023-08-02,425.9685,501.2461,523.9593
META,2023-08-03,425.8698,500.0278,523.4266
META,2023-08-04,402.3476,497.9209,522.666
META,2023-08-07,417.1737,496.1131,521.9824
META,2023-08-08,435.6563,494.7742,521.4268
META,2023-08-09,446.8781,493.6115,521.0363
META,2023-08-10,451.4082,492.4855,520.6524
META,2023-08-11,455.2662,491.0842,520.3278
META,2023-08-14,461.4204,489.7972,520.062
META,2023-08-15,462.699,488.4194,519.7406
META,2023-08-16,465.0472,487.4941,519.4891
META,2023-08-17,447.2338,486.4844,519.0255
META,2023-08-18,448.7956,485.5884,518.6328
META,2023-08-21,454.5054,484.7749,518.393
META,2023-08-22,458.5244,484.214,518.2108
META,2023-08-23,471.6331,483.842,518.0711
META,2023-08-24,488.8614,483.9298,518.0077
META,2023-08-25,483.0928,483.4931,517.9026
META,2023-08-28,470.4854,482.847,517.7493
META,2023-08-29,485.186,482.3835,517.6977
META,2023-08-30,493.3223,482.1285,517.7575
META,2023-08-31,486.9486,481.7615,517.7763
META,2023-09-01,484.6937,481.2091,517.7202
META,2023-09-04,481.5195,480.5521,517.6455
META,2023-09-05,484.9933,480.085,517.6314
META,2023-09-06,502.3168,479.8753,517.6936
META,2023-09-07,492.0096,479.4911,517.6151
META,2023-09-08,495.818,479.0321,517.5662
META,2023-09-11,499.2176,478.3447,517.6063
META,2023-09-12,476.3651,476.936,517.5175
META,2023-09-13,506.1587,476.3902,517.5408
META,2023-09-14,509.0617,476.6416,517.5241
META,2023-09-15,523.7213,476.6274,517.5358
META,2023-09-18,504.182,476.0824,517.4376
META,2023-09-19,528.3587,475.9169,517.5102
META,2023-09-20,524.2901,475.8439,517.6205
META,2023-09-21,496.5152,475.7139,517.6103
META,2023-09-22,480.2339,475.7225,517.48
META,2023-09-25,466.6446,475.5298,517.3191
META,2023-09-26,458.4082,475.1307,517.1444
META,2023-09-27,444.7847,474.0582,516.9517
META,2023-09-28,453.818,473.1011,516.7103
META,2023-09-29,456.0886,472.02,516.4918
META,2023-10-02,462.0307,471.18,516.2607
META,2023-10-03,467.141,470.545,515.9553
META,2023-10-04,464.7365,470.2009,515.6956
META,2023-10-05,448.0243,469.7951,515.3031
META,2023-10-06,432.4107,469.3443,514.8365
META,2023-10-09,417.7659,468.673,514.2049
META,2023-10-10,407.2746,468.1381,513.57
META,2023-10-11,424.4227,468.1072,513.0052
META,2023-10-12,409.7833,467.7855,512.3242
META,2023-10-13,424.8423,468.2354,511.761
META,2023-10-16,414.5481,468.1829,511.1577
META,2023-10-17,401.5994,467.5017,510.4968
META,2023-10-18,405.9589,466.6834,509.7849
META,2023-10-19,418.7576,466.0303,508.9855
META,2023-10-20,403.0723,464.9865,507.9943
META,2023-10-23,402.4921,463.8079,506.8927
META,2023-10-24,414.3859,462.8416,506.1454
META,2023-10-25,423.8196,462.0171,505.4344
META,2023-10-26,408.7207,461.2468,504.6415
META,2023-10-27,407.0078,460.4111,503.7832
META,2023-10-30,391.9055,459.1591,502.9454
META,2023-10-31,395.7102,457.9028,502.0757
META,2023-11-01,397.5616,456.4214,501.352
META,2023-11-02,403.2602,454.7093,500.5874
META,2023-11-03,394.424,452.9359,499.8842
META,2023-11-06,388.1527,451.2893,499.0682
META,2023-11-07,397.7274,449.5401,498.2194
META,2023-11-08,407.9528,447.8327,497.4423
META,2023-11-09,424.9143,446.592,496.7183
META,2023-11-10,439.9277,445.6967,496.0676
META,2023-11-13,423.2021,444.5304,495.4304
META,2023-11-14,436.094,443.5524,494.8184
META,2023-11-15,436.0419,442.2269,494.1236
META,2023-11-16,444.015,441.267,493.4888
META,2023-11-17,440.7468,440.1656,492.7916
META,2023-11-20,431.5026,438.8113,492.1064
META,2023-11-21,428.8743,437.8615,491.3429
META,2023-11-22,429.8409,436.3351,490.5814
META,2023-11-23,433.1419,434.8167,489.8355
META,2023-11-24,443.6684,433.2157,489.1072
META,2023-11-27,433.0886,431.7938,488.2139
META,2023-11-28,421.8812,429.6642,487.2237
META,2023-11-29,406.0259,427.299,486.2314
META,2023-11-30,404.1579,425.4518,485.2791
META,2023-12-01,396.0638,423.7684,484.2893
META,2023-12-04,393.2144,422.2998,483.2477
META,2023-12-05,393.7241,421.0061,482.2891
META,2023-12-06,377.5428,419.6613,481.2229
META,2023-12-07,372.8186,418.0413,480.0674
META,2023-12-08,376.335,416.4462,478.9633
META,2023-12-11,377.2214,414.75,477.7172
META,2023-12-12,374.1223,412.8897,476.5087
META,2023-12-13,374.0674,411.0763,475.2828
META,2023-12-14,371.9027,409.5538,474.1949
META,2023-12-15,363.3939,408.1735,473.0847
META,2023-12-18,353.6485,406.8912,471.9342
META,2023-12-19,377.412,406.2939,470.9302
META,2023-12-20,383.4049,405.4736,470.0047
META,2023-12-21,393.7362,405.1526,469.1638
META,2023-12-22,399.7499,404.6508,468.3081
META,2023-12-25,413.5961,404.6317,467.6478
META,2023-12-26,419.6071,404.9919,467.1345
META,2023-12-27,399.27,404.8581,466.5483
META,2023-12-28,391.6141,404.3152,465.9295
META,2023-12-29,394.1132,404.136,465.3692
META,2024-01-01,396.3693,404.0136,464.8146
META,2024-01-02,397.8988,403.6839,464.2279
META,2024-01-03,387.6856,402.9612,463.5272
META,2024-01-04,382.7811,402.4424,462.7151
META,2024-01-05,385.328,402.0088,461.999
META,2024-01-08,385.9352,401.8894,461.3324
META,2024-01-09,393.4436,401.844,460.7554
META,2024-01-10,383.7206,401.5672,460.0658
META,2024-01-11,388.4838,401.2717,459.4373
META,2024-01-12,383.4631,401.0525,458.7629
META,2024-01-15,380.4768,400.899,458.1582
META,2024-01-16,380.2373,400.5492,457.5888
META,2024-01-17,365.0572,399.6912,456.9943
META,2024-01-18,366.4283,398.5215,456.365
META,2024-01-19,377.8945,397.2809,455.8637
META,2024-01-22,367.3116,396.1631,455.2034
META,2024-01-23,384.2859,395.1269,454.6133
META,2024-01-24,378.6422,393.9789,454.0367
META,2024-01-25,384.29,392.7844,453.4662
META,2024-01-26,372.5713,391.4209,452.8835
META,2024-01-29,392.611,390.6431,452.4607
META,2024-01-30,383.0425,389.7264,451.9482
META,2024-01-31,385.2179,388.834,451.3639
META,2024-02-01,380.5753,387.7826,450.7316
META,2024-02-02,380.3893,386.517,450.1701
META,2024-02-05,381.6806,385.4889,449.661
META,2024-02-06,378.9792,384.6308,449.0465
META,2024-02-07,373.1253,383.9728,448.3528
META,2024-02-08,372.9669,383.349,447.7246
META,2024-02-09,372.6144,382.88,447.1352
META,2024-02-12,375.7792,382.5313,446.5489
META,2024-02-13,380.4308,382.2655,445.9925
META,2024-02-14,388.1622,382.4778,445.3469
META,2024-02-15,393.6938,382.8953,444.7721
META,2024-02-16,395.2206,383.2731,444.1664
META,2024-02-19,393.0786,383.5902,443.5296
META,2024-02-20,379.1836,383.6914,442.923
META,2024-02-21,380.8647,383.8274,442.4625
META,2024-02-22,391.2509,384.2143,442.0739
META,2024-02-23,384.4038,384.6345,441.6258
META,2024-02-26,378.5716,385.133,441.0548
META,2024-02-27,390.8642,385.402,440.5894
META,2024-02-28,406.7277,385.8685,440.1738
META,2024-02-29,398.9613,385.973,439.7347
META,2024-03-01,424.3876,386.4658,439.3182
META,2024-03-04,428.9526,386.7729,438.9252
META,2024-03-05,438.8499,387.1577,438.6064
META,2024-03-06,435.4734,387.8818,438.2587
META,2024-03-07,438.482,388.8192,437.9126
META,2024-03-08,443.2871,389.8026,437.5023
META,2024-03-11,434.1501,390.5583,437.0442
META,2024-03-12,451.9977,391.6402,436.6463
META,2024-03-13,451.8926,392.9244,436.3492
META,2024-03-14,446.8303,394.2054,436.0947
META,2024-03-15,434.9126,395.1971,435.8013
META,2024-03-18,441.1178,396.3007,435.531
META,2024-03-19,444.1414,397.3147,435.3189
META,2024-03-20,434.195,398.3242,435.0387
META,2024-03-21,435.961,399.2737,434.7961
META,2024-03-22,441.3938,400.4323,434.4785
META,2024-03-25,437.5488,401.5737,434.1522
META,2024-03-26,441.7904,402.8048,433.8194
META,2024-03-27,442.1523,404.3467,433.4998
META,2024-03-28,440.1444,405.821,433.174
META,2024-03-29,430.4487,406.8721,432.7647
META,2024-04-01,432.8099,408.1821,432.3569
META,2024-04-02,412.1372,408.7391,431.8758
META,2024-04-03,426.8731,409.7037,431.4462
META,2024-04-04,439.4891,410.8077,431.0876
META,2024-04-05,429.1446,411.9392,430.6394
META,2024-04-08,414.9074,412.3851,430.046
META,2024-04-09,426.9853,413.264,429.447
META,2024-04-10,425.5908,414.0714,428.9077
META,2024-04-11,426.5017,414.9899,428.5577
META,2024-04-12,427.0468,415.9231,428.0708
META,2024-04-15,414.1151,416.5718,427.4842
META,2024-04-16,422.2728,417.4377,426.9124
META,2024-04-17,427.1359,418.5179,426.4084
META,2024-04-18,427.6295,419.6111,426.0315
META,2024-04-19,405.3093,420.265,425.659
META,2024-04-22,410.5145,420.9597,425.3302
META,2024-04-23,414.5403,421.6419,425.011
META,2024-04-24,413.8965,422.1566,424.5885
META,2024-04-25,423.8703,422.7601,424.1995
META,2024-04-26,435.7888,423.5715,423.8277
META,2024-04-29,439.6148,424.5022,423.5056
META,2024-04-30,424.2863,425.4043,423.1326
META,2024-05-01,411.9183,426.0253,422.7825
META,2024-05-02,405.3816,426.308,422.4678
META,2024-05-03,403.2609,426.6851,422.2094
META,2024-05-06,411.7572,427.3488,422.0115
META,2024-05-07,415.3102,427.8377,421.918
META,2024-05-08,413.9576,427.9823,421.8579
META,2024-05-09,420.534,428.4138,421.8312
META,2024-05-10,413.0918,428.1879,421.8849
META,2024-05-13,419.6338,428.0015,421.8972
META,2024-05-14,422.2255,427.669,421.8301
META,2024-05-15,427.8487,427.5165,421.7349
META,2024-05-16,436.9123,427.4851,421.6625
META,2024-05-17,436.723,427.3538,421.5697
META,2024-05-20,416.6902,427.0046,421.3461
META,2024-05-21,410.4569,426.1738,421.0849
META,2024-05-22,418.5044,425.5061,420.8522
META,2024-05-23,413.1751,424.833,420.6819
META,2024-05-24,406.9424,424.2736,420.4726
META,2024-05-27,407.8368,423.6079,420.2393
META,2024-05-28,418.9476,423.1041,420.0414
META,2024-05-29,423.8651,422.8975,419.8025
META,2024-05-30,442.2128,423.0225,419.5693
META,2024-05-31,446.7986,423.1306,419.3878
META,2024-06-03,451.0146,423.3999,419.2905
META,2024-06-04,448.8151,423.5404,419.1086
META,2024-06-05,432.7585,423.3525,418.8058
META,2024-06-06,434.5936,423.2415,418.544
META,2024-06-07,435.3327,423.3392,418.2972
META,2024-06-10,442.6151,423.5353,418.1027
META,2024-06-11,446.1717,424.216,417.9086
META,2024-06-12,449.3735,424.666,417.6439
META,2024-06-13,462.0822,425.1179,417.4942
META,2024-06-14,459.5269,425.7255,417.3128
META,2024-06-17,469.1757,426.8109,417.1626
META,2024-06-18,484.2139,427.9554,417.2018
META,2024-06-19,478.1767,429.0072,417.0619
META,2024-06-20,473.8622,429.9544,416.8859
META,2024-06-21,465.5575,430.7246,416.5951
META,2024-06-24,450.9903,431.4621,416.3291
META,2024-06-25,471.6743,432.4501,416.0457
META,2024-06-26,509.4024,434.0954,415.9713
META,2024-06-27,512.3368,435.7896,416.0504
META,2024-06-28,508.6567,437.8565,416.1925
META,2024-07-01,530.6379,440.259,416.5125
META,2024-07-02,538.7074,442.7423,416.914
META,2024-07-03,529.4427,445.0533,417.3372
META,2024-07-04,518.7945,446.9518,417.6621
META,2024-07-05,529.4376,448.8247,418.0289
META,2024-07-08,534.6927,450.7263,418.3922
META,2024-07-09,549.6401,453.2334,418.8047
META,2024-07-10,559.3726,456.1824,419.2779
META,2024-07-11,543.6483,458.9478,419.756
META,2024-07-12,534.0498,461.5636,420.2642
META,2024-07-15,523.3138,463.7947,420.7919
META,2024-07-16,526.4107,466.0167,421.3876
META,2024-07-17,525.2303,468.2422,421.8916
META,2024-07-18,519.899,470.2295,422.4422
META,2024-07-19,516.4074,472.2958,422.9
META,2024-07-22,525.1775,474.4066,423.4532
META,2024-07-23,523.2772,476.4277,424.0616
META,2024-07-24,515.179,478.1743,424.6077
META,2024-07-25,499.6837,479.4297,425.0123
META,2024-07-26,489.3448,480.4821,425.4437
META,2024-07-29,502.3729,482.1958,425.9431
META,2024-07-30,494.7503,483.8817,426.3449
META,2024-07-31,517.0687,485.853,426.8111
META,2024-08-01,525.2907,488.0953,427.394
META,2024-08-02,515.4871,490.2662,427.9364
META,2024-08-05,508.3412,492.2762,428.5186
META,2024-08-06,483.6587,493.5705,428.9583
META,2024-08-07,478.9317,494.6718,429.3652
META,2024-08-08,502.154,495.8706,429.8596
META,2024-08-09,522.5433,497.3855,430.5002
META,2024-08-12,543.4376,499.234,431.2766
META,2024-08-13,551.8106,501.2939,432.0471
META,2024-08-14,549.8533,503.6358,432.7566
META,2024-08-15,551.5311,505.9745,433.3897
META,2024-08-16,559.1642,508.4512,433.9858
META,2024-08-19,559.3408,510.7857,434.6665
META,2024-08-20,549.3014,512.8483,435.2326
META,2024-08-21,548.7432,514.8357,435.7961
META,2024-08-22,531.6334,516.2267,436.2342
META,2024-08-23,539.637,517.8289,436.7286
META,2024-08-26,528.3962,519.0133,437.2131
META,2024-08-27,536.0292,520.0496,437.7489
META,2024-08-28,522.7155,520.9404,438.2132
META,2024-08-29,521.0065,521.8833,438.6526
META,2024-08-30,524.8177,523.0685,439.0583
META,2024-09-02,523.1303,524.5113,439.5085
META,2024-09-03,531.5788,525.7094,440.057
META,2024-09-04,537.6855,526.275,440.7153
META,2024-09-05,532.6599,526.6815,441.3578
META,2024-09-06,525.561,527.0196,442.0053
META,2024-09-09,517.6737,526.7603,442.6276
META,2024-09-10,508.1533,526.1492,443.1997
META,2024-09-11,534.6909,526.2542,443.9855
META,2024-09-12,527.0517,526.4193,444.7566
META,2024-09-13,541.3937,526.6584,445.5819
META,2024-09-16,543.9035,526.8427,446.4153
META,2024-09-17,539.6769,526.6434,447.2431
META,2024-09-18,542.5736,526.3074,448.0856
META,2024-09-19,546.276,526.36,448.9575
META,2024-09-20,524.1362,526.1617,449.7612
META,2024-09-23,523.5315,526.166,450.6106
META,2024-09-24,523.9812,526.1175,451.3435
META,2024-09-25,520.2367,526.0176,452.0276
META,2024-09-26,494.8091,525.5158,452.533
META,2024-09-27,491.2379,525.0124,452.9904
META,2024-09-30,510.943,524.7277,453.4772
META,2024-10-01,518.0865,524.6239,453.9696
META,2024-10-02,505.5518,524.4314,454.501
META,2024-10-03,516.8418,524.7745,455.1271
META,2024-10-04,503.6793,525.0612,455.675
META,2024-10-07,507.2896,525.1595,456.2296
META,2024-10-08,511.0285,525.4851,456.7952
META,2024-10-09,506.9155,525.282,457.3914
META,2024-10-10,520.0885,525.178,458.0779
META,2024-10-11,529.9304,525.4669,458.8009
META,2024-10-14,520.553,525.7111,459.474
META,2024-10-15,517.3158,526.3842,460.0934
META,2024-10-16,507.1725,526.9491,460.7106
META,2024-10-17,500.6109,526.9182,461.2713
META,2024-10-18,508.8215,526.6438,461.898
META,2024-10-21,509.0163,525.9553,462.5407
META,2024-10-22,522.0837,525.3608,463.25
META,2024-10-23,503.0527,524.4248,463.9399
META,2024-10-24,506.7447,523.529,464.6415
META,2024-10-25,517.2931,522.6916,465.3385
META,2024-10-28,518.9162,521.8831,466.0965
META,2024-10-29,502.614,520.9494,466.6882
META,2024-10-30,490.4844,519.7842,467.2474
MSFT,2020-01-02,160.0,160.0,160.0
MSFT,2020-01-03,162.5871,161.2935,161.2935
MSFT,2020-01-06,158.9125,160.4999,160.4999
MSFT,2020-01-07,161.1654,160.6662,160.6662
MSFT,2020-01-08,162.4141,161.0158,161.0158
MSFT,2020-01-09,165.9802,161.8432,161.8432
MSFT,2020-01-10,164.104,162.1662,162.1662
MSFT,2020-01-13,167.1519,162.7894,162.7894
MSFT,2020-01-14,167.7634,163.3421,163.3421
MSFT,2020-01-15,173.2163,164.3295,164.3295
MSFT,2020-01-16,182.0933,165.9444,165.9444
MSFT,2020-01-17,187.2583,167.7205,167.7205
MSFT,2020-01-20,189.0103,169.3582,169.3582
MSFT,2020-01-21,197.0734,171.3379,171.3379
MSFT,2020-01-22,199.349,173.2053,173.2053
MSFT,2020-01-23,196.3461,174.6516,174.6516
MSFT,2020-01-24,196.3744,175.9294,175.9294
MSFT,2020-01-27,199.197,177.222,177.222
MSFT,2020-01-28,202.2893,178.5414,178.5414
MSFT,2020-01-29,198.4799,179.5383,179.5383
MSFT,2020-01-30,194.8512,180.2675,180.2675
MSFT,2020-01-31,193.8438,180.8846,180.8846
MSFT,2020-02-03,195.8438,181.535,181.535
MSFT,2020-02-04,198.3118,182.234,182.234
MSFT,2020-02-05,198.9731,182.9036,182.9036
MSFT,2020-02-06,196.2301,183.4161,183.4161
MSFT,2020-02-07,202.5043,184.1231,184.1231
MSFT,2020-02-10,198.8774,184.65,184.65
MSFT,2020-02-11,203.669,185.3059,185.3059
MSFT,2020-02-12,206.5132,186.0128,186.0128
MSFT,2020-02-13,211.4067,186.8319,186.8319
MSFT,2020-02-14,209.9315,187.5538,187.5538
MSFT,2020-02-17,209.5791,188.2212,188.2212
MSFT,2020-02-18,209.9583,188.8606,188.8606
MSFT,2020-02-19,208.3756,189.4181,189.4181
MSFT,2020-02-20,209.3803,189.9726,189.9726
MSFT,2020-02-21,215.4742,190.6619,190.6619
MSFT,2020-02-24,210.7776,191.1912,191.1912
MSFT,2020-02-25,208.5227,191.6356,191.6356
MSFT,2020-02-26,205.8974,191.9922,191.9922
MSFT,2020-02-27,205.7268,192.3272,192.3272
MSFT,2020-02-28,205.4074,192.6386,192.6386
MSFT,2020-03-02,208.3989,193.0051,193.0051
MSFT,2020-03-03,208.6974,193.3618,193.3618
MSFT,2020-03-04,209.9909,193.7313,193.7313
MSFT,2020-03-05,211.6489,194.1208,194.1208
MSFT,2020-03-06,212.7449,194.5171,194.5171
MSFT,2020-03-09,215.5808,194.9559,194.9559
MSFT,2020-03-10,215.2961,195.371,195.371
MSFT,2020-03-11,221.8253,195.9001,195.9001
MSFT,2020-03-12,232.1902,197.3439,196.6117
MSFT,2020-03-13,235.2973,198.7981,197.3556
MSFT,2020-03-16,236.4432,200.3487,198.0931
MSFT,2020-03-17,239.2624,201.9106,198.8555
MSFT,2020-03-18,234.8571,203.3595,199.5101
MSFT,2020-03-19,235.8015,204.7559,200.1581
MSFT,2020-03-20,232.9741,206.1333,200.7339
MSFT,2020-03-23,235.276,207.4958,201.3294
MSFT,2020-03-24,232.4753,208.7901,201.8573
MSFT,2020-03-25,231.2592,209.9509,202.3473
MSFT,2020-03-26,223.9353,210.7878,202.7012
MSFT,2020-03-27,219.5323,211.4332,202.9727
MSFT,2020-03-30,221.0957,212.0749,203.2604
MSFT,2020-03-31,217.9154,212.4918,203.4894
MSFT,2020-04-01,222.2286,212.9494,203.7777
MSFT,2020-04-02,218.7038,213.3965,204.0038
MSFT,2020-04-03,220.6437,213.8819,204.2522
MSFT,2020-04-06,217.8807,214.2556,204.4526
MSFT,2020-04-07,219.5507,214.6008,204.6714
MSFT,2020-04-08,213.8658,214.9085,204.8028
MSFT,2020-04-09,212.3406,215.2583,204.9089
MSFT,2020-04-10,209.3699,215.5688,204.9709
MSFT,2020-04-13,212.8351,215.9087,205.0786
MSFT,2020-04-14,214.7571,216.2376,205.2094
MSFT,2020-04-15,210.3144,216.4644,205.2775
MSFT,2020-04-16,209.7374,216.7346,205.3361
MSFT,2020-04-17,207.0728,216.8259,205.3587
MSFT,2020-04-20,210.749,217.0634,205.4278
MSFT,2020-04-21,215.7094,217.3042,205.558
MSFT,2020-04-22,210.4694,217.3833,205.6193
MSFT,2020-04-23,213.7396,217.4299,205.7196
MSFT,2020-04-24,210.8345,217.448,205.782
MSFT,2020-04-27,210.0717,217.4579,205.8337
MSFT,2020-04-28,210.3671,217.466,205.8876
MSFT,2020-04-29,217.3986,217.6465,206.0231
MSFT,2020-04-30,213.7619,217.7341,206.113
MSFT,2020-05-01,217.1141,217.7669,206.2395
MSFT,2020-05-04,212.8518,217.8084,206.3146
MSFT,2020-05-05,208.419,217.8063,206.3383
MSFT,2020-05-06,208.6982,217.8623,206.3645
MSFT,2020-05-07,208.9529,217.9269,206.3929
MSFT,2020-05-08,198.937,217.7975,206.3119
MSFT,2020-05-11,203.2177,217.6938,206.2786
MSFT,2020-05-12,195.8569,217.437,206.1678
MSFT,2020-05-13,195.5168,217.1475,206.0556
MSFT,2020-05-14,200.3168,216.9209,205.9959
MSFT,2020-05-15,208.4507,216.835,206.0212
MSFT,2020-05-18,207.2935,216.6693,206.0341
MSFT,2020-05-19,202.289,216.4091,205.9963
MSFT,2020-05-20,207.1197,216.115,206.0076
MSFT,2020-05-21,210.4806,215.6808,206.0518
MSFT,2020-05-22,208.8476,215.1518,206.0793
MSFT,2020-05-25,206.7646,214.5583,206.0859
MSFT,2020-05-26,204.3356,213.8597,206.0691
MSFT,2020-05-27,203.2674,213.2279,206.0424
MSFT,2020-05-28,204.5748,212.6034,206.0285
MSFT,2020-05-29,202.7121,211.9982,205.9976
MSFT,2020-06-01,201.3148,211.3189,205.9542
MSFT,2020-06-02,203.7752,210.7449,205.9342
MSFT,2020-06-03,198.6822,210.0934,205.8683
MSFT,2020-06-04,197.5343,209.5654,205.7932
MSFT,2020-06-05,191.941,209.0135,205.6695
MSFT,2020-06-08,192.4693,208.441,205.5527
MSFT,2020-06-09,186.1523,207.8058,205.3825
MSFT,2020-06-10,189.2559,207.1463,205.2423
MSFT,2020-06-11,185.0726,206.4737,205.0684
MSFT,2020-06-12,179.5259,205.6513,204.8501
MSFT,2020-06-15,178.5275,204.8643,204.627
MSFT,2020-06-16,184.1518,204.1563,204.455
MSFT,2020-06-17,186.6324,203.6116,204.3064
MSFT,2020-06-18,180.5614,202.976,204.1102
MSFT,2020-06-19,176.4817,202.3183,203.8837
MSFT,2020-06-22,175.4012,201.5696,203.6522
MSFT,2020-06-23,182.6174,200.9268,203.4825
MSFT,2020-06-24,179.7682,200.3159,203.2928
MSFT,2020-06-25,176.9886,199.6609,203.0841
MSFT,2020-06-26,181.9739,199.1589,202.9178
MSFT,2020-06-29,182.7534,198.599,202.7603
MSFT,2020-06-30,186.3352,198.0115,202.633
MSFT,2020-07-01,184.1147,197.4844,202.4905
MSFT,2020-07-02,183.9387,196.8884,202.3489
MSFT,2020-07-03,188.4146,196.44,202.2434
MSFT,2020-07-06,188.0911,196.0004,202.1369
MSFT,2020-07-07,192.0147,195.6333,202.0614
MSFT,2020-07-08,193.4926,195.1552,201.9979
MSFT,2020-07-09,190.1357,194.6827,201.9107
MSFT,2020-07-10,190.2401,194.1452,201.8255
MSFT,2020-07-13,193.7238,193.7627,201.7668
MSFT,2020-07-14,196.1888,193.5181,201.7267
MSFT,2020-07-15,196.2136,193.2684,201.6873
MSFT,2020-07-16,189.9334,192.888,201.6039
MSFT,2020-07-17,184.1649,192.5925,201.4811
MSFT,2020-07-20,179.2428,192.113,201.3256
MSFT,2020-07-21,177.7849,191.7516,201.1621
MSFT,2020-07-22,176.7541,191.3763,200.9938
MSFT,2020-07-23,172.3577,190.8172,200.7977
MSFT,2020-07-24,175.6413,190.161,200.6265
MSFT,2020-07-27,171.9132,189.4534,200.4325
MSFT,2020-07-28,167.9476,188.7665,200.2145
MSFT,2020-07-29,168.3499,187.9911,200.0021
MSFT,2020-07-30,171.4102,187.2097,199.8127
MSFT,2020-07-31,177.8855,186.5905,199.6685
MSFT,2020-08-03,179.8731,186.0527,199.5391
MSFT,2020-08-04,185.1106,185.6682,199.4454
MSFT,2020-08-05,181.3469,185.2298,199.3286
MSFT,2020-08-06,188.5461,184.9092,199.2595
MSFT,2020-08-07,182.6086,184.5071,199.1535
MSFT,2020-08-10,181.1445,184.1037,199.0395
MSFT,2020-08-11,183.0978,183.6902,198.9392
MSFT,2020-08-12,178.1353,183.2792,198.8092
MSFT,2020-08-13,175.3929,182.8364,198.6638
MSFT,2020-08-14,172.2094,182.4418,198.5005
MSFT,2020-08-17,171.413,182.0206,198.3343
MSFT,2020-08-18,175.9125,181.8158,198.1976
MSFT,2020-08-19,176.112,181.553,198.0637
MSFT,2020-08-20,174.8256,181.348,197.9237
MSFT,2020-08-21,166.2929,181.0834,197.7343
MSFT,2020-08-24,167.8079,180.869,197.5562
MSFT,2020-08-25,170.305,180.592,197.3949
MSFT,2020-08-26,165.4124,180.1676,197.2068
MSFT,2020-08-27,165.3554,179.8635,197.0205
MSFT,2020-08-28,166.0581,179.655,196.8405
MSFT,2020-08-31,169.049,179.528,196.6799
MSFT,2020-09-01,167.0413,179.2165,196.5095
MSFT,2020-09-02,164.6197,178.9135,196.3273
MSFT,2020-09-03,163.4362,178.6425,196.1404
MSFT,2020-09-04,167.321,178.3494,195.9776
MSFT,2020-09-07,170.5729,178.1058,195.8349
MSFT,2020-09-08,170.6514,177.7921,195.6942
MSFT,2020-09-09,173.8941,177.5877,195.5731
MSFT,2020-09-10,166.9181,177.2473,195.4148
MSFT,2020-09-11,169.4068,176.8671,195.2719
MSFT,2020-09-14,166.2356,176.43,195.1132
MSFT,2020-09-15,171.6419,176.0226,194.9856
MSFT,2020-09-16,168.5909,175.5245,194.843
MSFT,2020-09-17,166.213,175.0461,194.689
MSFT,2020-09-18,168.0106,174.6015,194.5464
MSFT,2020-09-21,170.117,174.1293,194.4164
MSFT,2020-09-22,168.9243,173.5841,194.2815
MSFT,2020-09-23,170.1768,173.0633,194.1547
MSFT,2020-09-24,171.8139,172.7009,194.0377
MSFT,2020-09-25,173.1542,172.4807,193.9289
MSFT,2020-09-28,172.0669,172.3372,193.8157
MSFT,2020-09-29,173.7523,172.2565,193.7122
MSFT,2020-09-30,178.2654,172.2868,193.633
MSFT,2020-10-01,174.5994,172.3316,193.5359
MSFT,2020-10-02,172.1754,172.2623,193.4275
MSFT,2020-10-05,172.4023,172.2721,193.3213
MSFT,2020-10-06,169.3618,172.3004,193.2009
MSFT,2020-10-07,164.1966,172.2173,193.0559
MSFT,2020-10-08,167.5333,172.1398,193.0936
MSFT,2020-10-09,161.2098,171.8062,193.0867
MSFT,2020-10-12,160.2036,171.4128,193.0931
MSFT,2020-10-13,162.4985,170.9606,193.0998
MSFT,2020-10-14,163.4013,170.6017,193.1047
MSFT,2020-10-15,162.4249,170.0793,193.0869
MSFT,2020-10-16,159.4443,169.616,193.0636
MSFT,2020-10-19,160.5486,169.2041,193.0306
MSFT,2020-10-20,157.9059,168.7002,192.9813
MSFT,2020-10-21,158.7811,168.3131,192.9092
MSFT,2020-10-22,159.3095,167.9915,192.7952
MSFT,2020-10-23,159.8681,167.7447,192.6583
MSFT,2020-10-26,158.205,167.4805,192.5043
MSFT,2020-10-27,164.124,167.2447,192.3395
MSFT,2020-10-28,165.3025,167.0285,192.1693
MSFT,2020-10-29,164.6295,166.8246,192.0107
MSFT,2020-10-30,165.5371,166.8095,191.8565
MSFT,2020-11-02,163.4278,166.7219,191.6777
MSFT,2020-11-03,162.4539,166.5649,191.4785
MSFT,2020-11-04,169.5962,166.6485,191.3341
MSFT,2020-11-05,167.4561,166.6906,191.1971
MSFT,2020-11-06,167.3665,166.7167,191.0647
MSFT,2020-11-09,166.1644,166.659,190.9163
MSFT,2020-11-10,163.2817,166.5838,190.7412
MSFT,2020-11-11,164.6366,166.5842,190.5695
MSFT,2020-11-12,164.8804,166.6131,190.4127
MSFT,2020-11-13,167.6915,166.6205,190.2387
MSFT,2020-11-16,170.2486,166.614,190.0955
MSFT,2020-11-17,173.1197,166.6634,189.9428
MSFT,2020-11-18,170.4811,166.5951,189.7626
MSFT,2020-11-19,172.5637,166.708,189.5684
MSFT,2020-11-20,174.7466,166.8148,189.3925
MSFT,2020-11-23,171.7712,166.9255,189.2034
MSFT,2020-11-24,170.9516,166.9117,189.0084
MSFT,2020-11-25,166.7563,166.875,188.8003
MSFT,2020-11-26,168.8787,166.9283,188.5978
MSFT,2020-11-27,171.0143,166.9884,188.3755
MSFT,2020-11-30,175.5305,167.0967,188.1993
MSFT,2020-12-01,174.9699,167.2176,188.0315
MSFT,2020-12-02,176.5164,167.3444,187.8846
MSFT,2020-12-03,179.7689,167.5035,187.7548
MSFT,2020-12-04,177.5427,167.5912,187.6155
MSFT,2020-12-07,174.8744,167.6474,187.4479
MSFT,2020-12-08,172.8033,167.6284,187.2684
MSFT,2020-12-09,171.8857,167.5008,187.0779
MSFT,2020-12-10,169.4082,167.397,186.8667
MSFT,2020-12-11,167.529,167.3041,186.6406
MSFT,2020-12-14,170.2948,167.2619,186.4142
MSFT,2020-12-15,170.1479,167.2776,186.1884
MSFT,2020-12-16,171.214,167.418,185.9354
MSFT,2020-12-17,169.7008,167.4613,185.6229
MSFT,2020-12-18,168.0063,167.5973,185.2865
MSFT,2020-12-21,168.996,167.7731,184.9492
MSFT,2020-12-22,169.5139,167.9134,184.6005
MSFT,2020-12-23,171.9999,168.0854,184.2862
MSFT,2020-12-24,176.1416,168.3597,183.9879
MSFT,2020-12-25,174.1522,168.6539,183.6938
MSFT,2020-12-28,176.9657,168.9822,183.4022
MSFT,2020-12-29,173.7724,169.2996,183.1087
MSFT,2020-12-30,180.3972,169.7319,182.8544
MSFT,2020-12-31,178.0614,170.1069,182.625
MSFT,2021-01-01,180.3945,170.5175,182.4294
MSFT,2021-01-04,177.1162,170.8957,182.2095
MSFT,2021-01-05,176.7895,171.149,182.0038
MSFT,2021-01-06,181.8278,171.4795,181.8018
MSFT,2021-01-07,179.3742,171.7744,181.6052
MSFT,2021-01-08,186.6413,172.1965,181.4352
MSFT,2021-01-11,186.7801,172.6635,181.2797
MSFT,2021-01-12,190.1814,173.2181,181.1328
MSFT,2021-01-13,191.6982,173.6601,181.022
MSFT,2021-01-14,193.4115,174.1792,180.9273
MSFT,2021-01-15,188.7649,174.6072,180.8243
MSFT,2021-01-18,187.3538,175.031,180.6969
MSFT,2021-01-19,191.5081,175.5955,180.5806
MSFT,2021-01-20,190.5078,176.1129,180.4816
MSFT,2021-01-21,191.1347,176.638,180.3886
MSFT,2021-01-22,186.1441,177.0071,180.284
MSFT,2021-01-25,184.5418,177.2929,180.1529
MSFT,2021-01-26,188.3912,177.5984,180.0163
MSFT,2021-01-27,184.3311,177.8754,179.8856
MSFT,2021-01-28,186.8336,178.1608,179.7511
MSFT,2021-01-29,187.5772,178.4174,179.6348
MSFT,2021-02-01,186.9545,178.721,179.5192
MSFT,2021-02-02,186.1894,179.0258,179.3984
MSFT,2021-02-03,184.7383,179.3854,179.235
MSFT,2021-02-04,183.5866,179.6796,179.0842
MSFT,2021-02-05,186.7782,179.9949,178.9325
MSFT,2021-02-08,185.5154,180.1946,178.7958
MSFT,2021-02-09,191.6858,180.5289,178.7121
MSFT,2021-02-10,192.8624,180.8558,178.633
MSFT,2021-02-11,191.0718,181.0819,178.5436
MSFT,2021-02-12,194.5432,181.4219,178.5216
MSFT,2021-02-15,196.8605,181.8616,178.4898
MSFT,2021-02-16,191.3597,182.2327,178.4673
MSFT,2021-02-17,188.057,182.5561,178.43
MSFT,2021-02-18,187.8316,182.9246,178.3676
MSFT,2021-02-19,182.8105,183.2302,178.2394
MSFT,2021-02-22,189.8359,183.6211,178.1521
MSFT,2021-02-23,192.7703,184.0735,178.1045
MSFT,2021-02-24,192.8863,184.507,178.0333
MSFT,2021-02-25,191.8843,184.9506,177.9404
MSFT,2021-02-26,190.0243,185.391,177.8462
MSFT,2021-03-01,183.7077,185.6852,177.731
MSFT,2021-03-02,178.3268,185.8615,177.6009
MSFT,2021-03-03,184.5622,186.1127,177.5074
MSFT,2021-03-04,189.9154,186.3882,177.4341
MSFT,2021-03-05,188.1538,186.6682,177.3613
MSFT,2021-03-08,191.3515,186.9559,177.3115
MSFT,2021-03-09,193.2299,187.3451,177.2588
MSFT,2021-03-10,195.5329,187.6478,177.243
MSFT,2021-03-11,190.8385,187.9034,177.2095
MSFT,2021-03-12,185.0027,187.9955,177.1748
MSFT,2021-03-15,189.0603,188.2344,177.1578
MSFT,2021-03-16,182.7266,188.3531,177.1407
MSFT,2021-03-17,182.4021,188.3646,177.1064
MSFT,2021-03-18,181.3746,188.4046,177.0879
MSFT,2021-03-19,180.059,188.273,177.0906
MSFT,2021-03-22,181.212,188.1616,177.104
MSFT,2021-03-23,179.209,187.9422,177.0793
MSFT,2021-03-24,180.6153,187.7205,177.0492
MSFT,2021-03-25,181.217,187.4766,177.0525
MSFT,2021-03-26,188.2085,187.4655,177.1111
MSFT,2021-03-29,183.8188,187.3948,177.1532
MSFT,2021-03-30,184.0676,187.246,177.1605
MSFT,2021-03-31,185.6286,187.1484,177.1898
MSFT,2021-04-01,184.9456,187.0246,177.2295
MSFT,2021-04-02,180.7861,186.9175,177.2236
MSFT,2021-04-05,184.9942,186.9265,177.2348
MSFT,2021-04-06,186.2526,186.8837,177.2344
MSFT,2021-04-07,182.2892,186.8429,177.2253
MSFT,2021-04-08,183.8588,186.7834,177.2249
MSFT,2021-04-09,189.6191,186.8242,177.2309
MSFT,2021-04-12,189.6563,186.8783,177.2387
MSFT,2021-04-13,189.8076,186.9506,177.2277
MSFT,2021-04-14,195.2937,187.1618,177.2367
MSFT,2021-04-15,192.1401,187.3328,177.2467
MSFT,2021-04-16,198.2507,187.5623,177.2868
MSFT,2021-04-19,201.851,187.889,177.3274
MSFT,2021-04-20,198.7533,188.0303,177.3402
MSFT,2021-04-21,196.5887,188.1049,177.3421
MSFT,2021-04-22,194.9403,188.1822,177.3671
MSFT,2021-04-23,188.8946,188.0693,177.3908
MSFT,2021-04-26,189.9232,187.9305,177.4442
MSFT,2021-04-27,187.158,187.8465,177.491
MSFT,2021-04-28,188.297,187.8513,177.5488
MSFT,2021-04-29,184.2119,187.7789,177.608
MSFT,2021-04-30,187.3922,187.8705,177.6668
MSFT,2021-05-03,190.005,187.8739,177.7572
MSFT,2021-05-04,187.8111,187.7747,177.8566
MSFT,2021-05-05,189.1644,187.7003,177.9606
MSFT,2021-05-06,189.5999,187.6546,178.0516
MSFT,2021-05-07,194.7852,187.7498,178.1361
MSFT,2021-05-10,191.4301,187.9043,178.1939
MSFT,2021-05-11,191.0764,188.1593,178.2237
MSFT,2021-05-12,189.0873,188.2498,178.2624
MSFT,2021-05-13,189.3952,188.2394,178.2666
MSFT,2021-05-14,191.3451,188.3032,178.3103
MSFT,2021-05-17,189.3161,188.2625,178.3512
MSFT,2021-05-18,188.2616,188.1631,178.377
MSFT,2021-05-19,191.6572,188.0856,178.4446
MSFT,2021-05-20,196.4653,188.1981,178.55
MSFT,2021-05-21,198.3488,188.465,178.6807
MSFT,2021-05-24,198.0323,188.6445,178.8138
MSFT,2021-05-25,197.3849,188.9377,178.9211
MSFT,2021-05-26,199.4692,189.279,179.0379
MSFT,2021-05-27,200.4398,189.6603,179.166
MSFT,2021-05-28,194.8569,189.9563,179.3088
MSFT,2021-05-31,196.9988,190.272,179.4548
MSFT,2021-06-01,194.1935,190.5717,179.5742
MSFT,2021-06-02,189.5588,190.7506,179.6949
MSFT,2021-06-03,184.216,190.8105,179.7892
MSFT,2021-06-04,183.6687,190.7197,179.8773
MSFT,2021-06-07,180.5559,190.6545,179.9348
MSFT,2021-06-08,173.4421,190.442,179.9668
MSFT,2021-06-09,172.4932,190.1793,180.0062
MSFT,2021-06-10,171.1502,189.9034,180.0448
MSFT,2021-06-11,170.8411,189.7045,180.0624
MSFT,2021-06-14,169.0979,189.3865,180.055
MSFT,2021-06-15,174.7892,189.1573,180.0757
MSFT,2021-06-16,176.539,189.0423,180.0889
MSFT,2021-06-17,175.1366,188.8678,180.13
MSFT,2021-06-18,175.0865,188.5772,180.1584
MSFT,2021-06-21,179.6605,188.3772,180.2255
MSFT,2021-06-22,182.8706,188.2385,180.2817
MSFT,2021-06-23,178.5713,187.9041,180.3316
MSFT,2021-06-24,175.6757,187.5748,180.3789
MSFT,2021-06-25,173.4147,187.078,180.4059
MSFT,2021-06-28,172.219,186.4854,180.4164
MSFT,2021-06-29,170.5624,185.9216,180.4246
MSFT,2021-06-30,170.8075,185.406,180.4278
MSFT,2021-07-01,173.1833,184.9708,180.4346
MSFT,2021-07-02,176.11,184.7151,180.4494
MSFT,2021-07-05,175.2443,184.4216,180.4653
MSFT,2021-07-06,170.4061,184.0865,180.4485
MSFT,2021-07-07,167.4475,183.6695,180.3944
MSFT,2021-07-08,166.0582,183.3065,180.3517
MSFT,2021-07-09,162.5872,182.8104,180.3038
MSFT,2021-07-12,166.0309,182.3309,180.2719
MSFT,2021-07-13,162.7484,181.8296,180.2389
MSFT,2021-07-14,164.6671,181.3397,180.2412
MSFT,2021-07-15,159.9876,180.7474,180.2035
MSFT,2021-07-16,161.9884,180.0915,180.2074
MSFT,2021-07-19,161.7262,179.4974,180.215
MSFT,2021-07-20,166.2379,179.0006,180.2337
MSFT,2021-07-21,163.0893,178.4807,180.2321
MSFT,2021-07-22,161.6097,177.925,180.2281
MSFT,2021-07-23,160.6916,177.3119,180.2343
MSFT,2021-07-26,160.394,176.7335,180.2335
MSFT,2021-07-27,159.5516,176.1593,180.2418
MSFT,2021-07-28,158.7677,175.5015,180.2417
MSFT,2021-07-29,157.9419,174.731,180.2349
MSFT,2021-07-30,152.4035,173.8121,180.1975
MSFT,2021-08-02,155.2271,172.956,180.1826
MSFT,2021-08-03,163.3984,172.2763,180.179
MSFT,2021-08-04,164.3977,171.5748,180.1745
MSFT,2021-08-05,161.272,170.7915,180.1577
MSFT,2021-08-06,158.4884,170.0641,180.1225
MSFT,2021-08-09,160.3459,169.331,180.107
MSFT,2021-08-10,161.5749,168.6787,180.1027
MSFT,2021-08-11,160.9013,168.1055,180.0592
MSFT,2021-08-12,163.1902,167.685,180.0378
MSFT,2021-08-13,157.488,167.1614,179.9885
MSFT,2021-08-16,159.7302,166.7449,179.9563
MSFT,2021-08-17,160.5357,166.4868,179.9426
MSFT,2021-08-18,157.8722,166.1943,179.9087
MSFT,2021-08-19,154.0598,165.8525,179.8546
MSFT,2021-08-20,154.5191,165.5261,179.7888
MSFT,2021-08-23,158.535,165.3148,179.7302
MSFT,2021-08-24,158.0306,164.9797,179.6548
MSFT,2021-08-25,155.8019,164.5649,179.5814
MSFT,2021-08-26,156.4593,164.1914,179.5008
MSFT,2021-08-27,161.7011,163.9237,179.4356
MSFT,2021-08-30,163.0723,163.5919,179.3921
MSFT,2021-08-31,164.7689,163.2299,179.3612
MSFT,2021-09-01,168.5022,163.0285,179.3699
MSFT,2021-09-02,170.0547,162.9161,179.3758
MSFT,2021-09-03,167.8687,162.8051,179.3601
MSFT,2021-09-06,162.918,162.6191,179.297
MSFT,2021-09-07,160.4251,162.4164,179.2243
MSFT,2021-09-08,157.4611,162.1494,179.129
MSFT,2021-09-09,159.4362,161.8745,179.0274
MSFT,2021-09-10,161.8325,161.589,178.9488
MSFT,2021-09-13,162.4703,161.3335,178.8868
MSFT,2021-09-14,159.0079,161.1055,178.8178
MSFT,2021-09-15,164.2358,161.0413,178.7796
MSFT,2021-09-16,163.171,160.9835,178.7484
MSFT,2021-09-17,165.0551,161.0329,178.736
MSFT,2021-09-20,165.337,161.019,178.7112
MSFT,2021-09-21,166.0855,161.0858,178.6909
MSFT,2021-09-22,167.8988,161.1504,178.6743
MSFT,2021-09-23,165.9889,161.2704,178.6558
MSFT,2021-09-24,169.9973,161.4306,178.6657
MSFT,2021-09-27,165.4649,161.5054,178.6481
MSFT,2021-09-28,162.5974,161.4326,178.6135
MSFT,2021-09-29,166.4858,161.5005,178.5859
MSFT,2021-09-30,168.3682,161.6357,178.547
MSFT,2021-10-01,176.2315,161.9465,178.5574
MSFT,2021-10-04,176.5917,162.2704,178.5556
MSFT,2021-10-05,182.1207,162.7218,178.5973
MSFT,2021-10-06,176.3981,163.0744,178.5773
MSFT,2021-10-07,172.1985,163.3595,178.548
MSFT,2021-10-08,175.0864,163.8132,178.5215
MSFT,2021-10-11,169.9355,164.1074,178.4856
MSFT,2021-10-12,169.4867,164.2291,178.449
MSFT,2021-10-13,173.157,164.4043,178.4057
MSFT,2021-10-14,174.8406,164.6757,178.383
MSFT,2021-10-15,175.0212,165.0063,178.3249
MSFT,2021-10-18,173.7856,165.2751,178.2599
MSFT,2021-10-19,174.5525,165.5347,178.1818
MSFT,2021-10-20,176.4864,165.8464,178.1057
MSFT,2021-10-21,174.587,166.0743,178.0116
MSFT,2021-10-22,175.8826,166.4422,177.9472
MSFT,2021-10-25,179.4102,166.8358,177.9075
MSFT,2021-10-26,178.8571,167.2022,177.8442
MSFT,2021-10-27,179.222,167.6292,177.7878
MSFT,2021-10-28,180.9091,168.1662,177.7367
MSFT,2021-10-29,182.8298,168.7324,177.7201
MSFT,2021-11-01,185.8401,169.2785,177.7266
MSFT,2021-11-02,182.6974,169.7719,177.6981
MSFT,2021-11-03,181.1524,170.2789,177.6822
MSFT,2021-11-04,179.7378,170.7445,177.6468
MSFT,2021-11-05,177.0429,171.0513,177.5941
MSFT,2021-11-08,171.6586,171.223,177.5176
MSFT,2021-11-09,162.2179,171.172,177.3978
MSFT,2021-11-10,165.8134,171.1182,177.3031
MSFT,2021-11-11,161.4655,170.9464,177.1925
MSFT,2021-11-12,166.128,170.9116,177.0893
MSFT,2021-11-15,168.4497,171.0223,177.0039
MSFT,2021-11-16,167.3885,171.1615,176.8825
MSFT,2021-11-17,169.36,171.3995,176.7649
MSFT,2021-11-18,170.7776,171.6263,176.6635
MSFT,2021-11-19,167.631,171.7423,176.5289
MSFT,2021-11-22,167.727,171.8474,176.3832
MSFT,2021-11-23,164.991,171.9671,176.2514
MSFT,2021-11-24,167.0454,172.0233,176.1463
MSFT,2021-11-25,165.0893,172.0617,176.0326
MSFT,2021-11-26,164.9461,172.0595,175.9433
MSFT,2021-11-29,164.6776,172.0463,175.8175
MSFT,2021-11-30,165.1692,172.028,175.6795
MSFT,2021-12-01,170.2268,172.0745,175.5662
MSFT,2021-12-02,169.6467,172.1477,175.455
MSFT,2021-12-03,173.4756,172.2172,175.3723
MSFT,2021-12-06,175.0969,172.4099,175.3292
MSFT,2021-12-07,179.683,172.7516,175.336
MSFT,2021-12-08,178.7631,172.9971,175.307
MSFT,2021-12-09,181.123,173.2522,175.2631
MSFT,2021-12-10,181.0852,173.3493,175.2277
MSFT,2021-12-13,171.9281,173.256,175.1306
MSFT,2021-12-14,168.7958,172.9895,175.0084
MSFT,2021-12-15,170.6814,172.8752,174.8842
MSFT,2021-12-16,172.3868,172.879,174.7919
MSFT,2021-12-17,168.6349,172.7499,174.7101
MSFT,2021-12-20,169.4334,172.7399,174.6119
MSFT,2021-12-21,171.0871,172.7719,174.5537
MSFT,2021-12-22,171.1256,172.7313,174.4974
MSFT,2021-12-23,173.4847,172.7042,174.4579
MSFT,2021-12-24,175.4542,172.7128,174.4349
MSFT,2021-12-27,175.4922,172.747,174.4063
MSFT,2021-12-28,174.0636,172.7372,174.3806
MSFT,2021-12-29,177.4424,172.7563,174.3647
MSFT,2021-12-30,179.0477,172.8455,174.3538
MSFT,2021-12-31,174.8839,172.8255,174.2872
MSFT,2022-01-03,175.7135,172.7516,174.2467
MSFT,2022-01-04,172.3262,172.621,174.188
MSFT,2022-01-05,169.561,172.4278,174.1076
MSFT,2022-01-06,167.7627,172.1648,174.0217
MSFT,2022-01-07,168.036,171.869,173.958
MSFT,2022-01-10,169.2912,171.538,173.8795
MSFT,2022-01-11,168.2151,171.2483,173.7893
MSFT,2022-01-12,167.275,170.9708,173.7142
MSFT,2022-01-13,165.9355,170.6947,173.6246
MSFT,2022-01-14,169.1713,170.5373,173.5224
MSFT,2022-01-17,161.0037,170.3242,173.3791
MSFT,2022-01-18,160.2635,170.2851,173.2314
MSFT,2022-01-19,164.8287,170.2654,173.079
MSFT,2022-01-20,166.4785,170.3657,172.9507
MSFT,2022-01-21,170.3828,170.4508,172.8114
MSFT,2022-01-24,164.5153,170.3721,172.6247
MSFT,2022-01-25,161.0845,170.246,172.4364
MSFT,2022-01-26,162.6877,170.1126,172.2669
MSFT,2022-01-27,167.3386,170.0438,172.1289
MSFT,2022-01-28,164.1411,169.974,172.0051
MSFT,2022-01-31,163.1587,169.8826,171.8713
MSFT,2022-02-01,164.4557,169.8719,171.7578
MSFT,2022-02-02,160.4301,169.7396,171.6184
MSFT,2022-02-03,162.0486,169.6788,171.5076
MSFT,2022-02-04,154.7078,169.474,171.3442
MSFT,2022-02-07,156.1875,169.3042,171.1751
MSFT,2022-02-08,153.5985,169.0728,171.004
MSFT,2022-02-09,152.5181,168.7186,170.8208
MSFT,2022-02-10,154.411,168.4139,170.6449
MSFT,2022-02-11,155.7642,168.0597,170.4498
MSFT,2022-02-14,155.8726,167.6752,170.272
MSFT,2022-02-15,158.6924,167.2554,170.11
MSFT,2022-02-16,154.133,166.7628,169.9353
MSFT,2022-02-17,154.8192,166.2367,169.7624
MSFT,2022-02-18,152.8042,165.6711,169.5697
MSFT,2022-02-21,155.4286,165.3411,169.4003
MSFT,2022-02-22,157.4553,165.1143,169.2462
MSFT,2022-02-23,159.6106,164.8929,169.086
MSFT,2022-02-24,164.4481,164.7341,168.9259
MSFT,2022-02-25,167.8883,164.7192,168.7736
MSFT,2022-02-28,167.5628,164.6818,168.6213
MSFT,2022-03-01,167.6993,164.614,168.4728
MSFT,2022-03-02,169.6281,164.5841,168.3236
MSFT,2022-03-03,170.1784,164.5179,168.1723
MSFT,2022-03-04,172.4525,164.4579,168.0603
MSFT,2022-03-07,165.9388,164.2668,167.905
MSFT,2022-03-08,171.6796,164.2192,167.7924
MSFT,2022-03-09,172.0083,164.1105,167.7047
MSFT,2022-03-10,167.2955,163.8754,167.6201
MSFT,2022-03-11,164.7584,163.6729,167.5255
MSFT,2022-03-14,158.818,163.335,167.4168
MSFT,2022-03-15,155.9235,163.007,167.3292
MSFT,2022-03-16,155.663,162.729,167.2451
MSFT,2022-03-17,160.0117,162.574,167.1894
MSFT,2022-03-18,161.3098,162.4395,167.1417
MSFT,2022-03-21,162.1093,162.2958,167.1068
MSFT,2022-03-22,159.0289,162.1121,167.028
MSFT,2022-03-23,156.8641,161.9039,166.9296
MSFT,2022-03-24,154.9406,161.684,166.8286
MSFT,2022-03-25,153.1508,161.3636,166.719
MSFT,2022-03-28,152.3315,161.1901,166.5823
MSFT,2022-03-29,151.7186,161.0192,166.4265
MSFT,2022-03-30,150.9401,160.7415,166.2884
MSFT,2022-03-31,149.2882,160.3976,166.1565
MSFT,2022-04-01,149.7695,159.9854,166.0382
MSFT,2022-04-04,149.0658,159.6764,165.9225
MSFT,2022-04-05,145.0504,159.3557,165.7949
MSFT,2022-04-06,145.2598,159.0071,165.6672
MSFT,2022-04-07,145.0823,158.562,165.5267
MSFT,2022-04-08,141.2139,158.1035,165.3522
MSFT,2022-04-11,139.8657,157.6376,165.1753
MSFT,2022-04-12,141.4647,157.1778,165.0306
MSFT,2022-04-13,138.7733,156.7447,164.8872
MSFT,2022-04-14,135.8795,156.2213,164.7363
MSFT,2022-04-15,135.2161,155.8314,164.5995
MSFT,2022-04-18,136.8244,155.4442,164.4534
MSFT,2022-04-19,141.3821,155.1999,164.3466
MSFT,2022-04-20,143.1546,155.0126,164.239
MSFT,2022-04-21,146.0423,154.8452,164.1693
MSFT,2022-04-22,147.0611,154.6712,164.0947
MSFT,2022-04-25,145.4162,154.462,164.0131
MSFT,2022-04-26,147.2205,154.2326,163.918
MSFT,2022-04-27,147.1214,154.0924,163.8382
MSFT,2022-04-28,148.227,153.9605,163.7713
MSFT,2022-04-29,145.8962,153.8224,163.6973
MSFT,2022-05-02,147.2246,153.6583,163.6315
MSFT,2022-05-03,147.0349,153.4499,163.5689
MSFT,2022-05-04,147.7594,153.2128,163.5138
MSFT,2022-05-05,147.6613,152.8771,163.4624
MSFT,2022-05-06,147.0641,152.4606,163.4357
MSFT,2022-05-09,148.4509,152.0784,163.4019
MSFT,2022-05-10,147.5147,151.6747,163.3224
MSFT,2022-05-11,143.5585,151.1533,163.2182
MSFT,2022-05-12,139.0072,150.5299,163.1069
MSFT,2022-05-13,139.5768,149.8724,163.0124
MSFT,2022-05-16,138.596,149.3255,162.9036
MSFT,2022-05-17,134.5453,148.5828,162.7685
MSFT,2022-05-18,134.9112,147.8409,162.6385
MSFT,2022-05-19,134.8007,147.191,162.4966
MSFT,2022-05-20,133.7298,146.5704,162.3778
MSFT,2022-05-23,134.4257,146.0826,162.2512
MSFT,2022-05-24,137.6954,145.718,162.137
MSFT,2022-05-25,140.9688,145.4241,162.0525
MSFT,2022-05-26,141.445,145.0528,161.9895
MSFT,2022-05-27,141.352,144.6536,161.9236
MSFT,2022-05-30,141.8644,144.2487,161.8403
MSFT,2022-05-31,142.7591,143.9233,161.7639
MSFT,2022-06-01,142.204,143.6301,161.6959
MSFT,2022-06-02,142.7619,143.3866,161.6274
MSFT,2022-06-03,138.97,143.1029,161.5138
MSFT,2022-06-06,139.286,142.842,161.3948
MSFT,2022-06-07,140.58,142.6193,161.2739
MSFT,2022-06-08,139.4872,142.3902,161.1288
MSFT,2022-06-09,139.3691,142.1918,160.9754
MSFT,2022-06-10,136.7777,141.932,160.8199
MSFT,2022-06-13,133.9062,141.6288,160.6749
MSFT,2022-06-14,134.5176,141.4181,160.5453
MSFT,2022-06-15,132.9088,141.1711,160.4226
MSFT,2022-06-16,128.9158,140.8478,160.27
MSFT,2022-06-17,126.5182,140.5539,160.0934
MSFT,2022-06-20,124.484,140.2462,159.9035
MSFT,2022-06-21,126.302,139.943,159.7399
MSFT,2022-06-22,126.8077,139.7037,159.5528
MSFT,2022-06-23,124.9776,139.4856,159.3618
MSFT,2022-06-24,123.7921,139.2571,159.1555
MSFT,2022-06-27,126.7965,139.0566,158.9628
MSFT,2022-06-28,129.0153,138.8093,158.7775
MSFT,2022-06-29,126.6018,138.4782,158.571
MSFT,2022-06-30,129.335,138.1441,158.3877
MSFT,2022-07-01,129.2593,137.788,158.184
MSFT,2022-07-04,131.205,137.5038,158.0127
MSFT,2022-07-05,130.9371,137.1781,157.8544
MSFT,2022-07-06,133.8165,136.912,157.6911
MSFT,2022-07-07,131.217,136.5718,157.5053
MSFT,2022-07-08,130.7364,136.2686,157.2778
MSFT,2022-07-11,133.6836,135.9978,157.0633
MSFT,2022-07-12,128.2666,135.6224,156.794
MSFT,2022-07-13,128.2696,135.2327,156.5534
MSFT,2022-07-14,127.4889,134.8292,156.3298
MSFT,2022-07-15,129.1459,134.4708,156.1001
MSFT,2022-07-18,131.7163,134.1361,155.909
MSFT,2022-07-19,133.5356,133.8566,155.7293
MSFT,2022-07-20,134.2167,133.6697,155.5346
MSFT,2022-07-21,134.4251,133.5781,155.3325
MSFT,2022-07-22,133.7268,133.4611,155.126
MSFT,2022-07-25,134.3353,133.3759,154.9288
MSFT,2022-07-26,137.9542,133.4441,154.7458
MSFT,2022-07-27,136.0618,133.4671,154.5437
MSFT,2022-07-28,135.2133,133.4753,154.3468
MSFT,2022-07-29,135.1463,133.5036,154.1431
MSFT,2022-08-01,137.6686,133.5685,153.9344
MSFT,2022-08-02,138.3276,133.5811,153.7318
MSFT,2022-08-03,140.8659,133.5791,153.54
MSFT,2022-08-04,143.5789,133.6218,153.3533
MSFT,2022-08-05,145.2075,133.6989,153.1652
MSFT,2022-08-08,142.6271,133.7141,152.9492
MSFT,2022-08-09,146.9906,133.7988,152.7706
MSFT,2022-08-10,150.8245,133.9712,152.619
MSFT,2022-08-11,151.12,134.1383,152.4759
MSFT,2022-08-12,147.6049,134.311,152.3287
MSFT,2022-08-15,143.7177,134.3997,152.189
MSFT,2022-08-16,144.4846,134.4778,152.1003
MSFT,2022-08-17,142.8267,134.5445,151.9854
MSFT,2022-08-18,138.6815,134.5308,151.8715
MSFT,2022-08-19,134.9844,134.4949,151.7158
MSFT,2022-08-22,133.982,134.4964,151.5434
MSFT,2022-08-23,134.556,134.4972,151.3793
MSFT,2022-08-24,138.0494,134.6,151.2227
MSFT,2022-08-25,139.35,134.8087,151.0656
MSFT,2022-08-26,138.5315,135.049,150.9201
MSFT,2022-08-29,139.5798,135.3509,150.7793
MSFT,2022-08-30,140.4144,135.6331,150.6565
MSFT,2022-08-31,142.377,135.9445,150.5331
MSFT,2022-09-01,142.3958,136.2929,150.4196
MSFT,2022-09-02,145.1437,136.7199,150.3206
MSFT,2022-09-05,147.393,137.1318,150.2342
MSFT,2022-09-06,147.7317,137.5062,150.147
MSFT,2022-09-07,147.5447,137.925,150.0336
MSFT,2022-09-08,150.0833,138.34,149.9358
MSFT,2022-09-09,148.3305,138.7214,149.8101
MSFT,2022-09-12,144.5615,138.9886,149.6574
MSFT,2022-09-13,140.8742,139.1873,149.4634
MSFT,2022-09-14,139.0254,139.2915,149.2647
MSFT,2022-09-15,140.7702,139.4825,149.0629
MSFT,2022-09-16,139.8412,139.6646,148.8567
MSFT,2022-09-19,140.464,139.8002,148.6994
MSFT,2022-09-20,139.3588,140.0221,148.5522
MSFT,2022-09-21,138.2816,140.2223,148.3902
MSFT,2022-09-22,135.9165,140.3909,148.2078
MSFT,2022-09-23,135.81,140.5242,148.0437
MSFT,2022-09-26,135.5043,140.5999,147.8741
MSFT,2022-09-27,136.6085,140.6614,147.7017
MSFT,2022-09-28,137.4183,140.7254,147.5331
MSFT,2022-09-29,137.0559,140.778,147.351
MSFT,2022-09-30,133.5747,140.775,147.1416
MSFT,2022-10-03,136.2349,140.813,146.9453
MSFT,2022-10-04,136.1445,140.7768,146.7557
MSFT,2022-10-05,136.45,140.7845,146.5507
MSFT,2022-10-06,140.4743,140.8898,146.3579
MSFT,2022-10-07,142.8622,141.0441,146.1978
MSFT,2022-10-10,144.1122,141.173,146.0398
MSFT,2022-10-11,144.2269,141.2909,145.8993
MSFT,2022-10-12,144.3179,141.36,145.773
MSFT,2022-10-13,145.0517,141.3894,145.6595
MSFT,2022-10-14,146.2188,141.4097,145.5504
MSFT,2022-10-17,150.826,141.5736,145.4581
MSFT,2022-10-18,157.6832,141.7875,145.4054
MSFT,2022-10-19,158.6252,141.9435,145.3622
MSFT,2022-10-20,152.8413,141.9779,145.2967
MSFT,2022-10-21,150.4227,142.0343,145.203
MSFT,2022-10-24,155.4366,142.2687,145.1751
MSFT,2022-10-25,157.5512,142.53,145.1616
MSFT,2022-10-26,158.8724,142.8509,145.1318
MSFT,2022-10-27,158.5382,143.2481,145.0921
MSFT,2022-10-28,155.3778,143.6559,145.0171
MSFT,2022-10-31,160.1786,144.1799,144.9954
MSFT,2022-11-01,158.0017,144.6488,144.98
MSFT,2022-11-02,160.1813,145.0914,144.9674
MSFT,2022-11-03,156.6792,145.438,144.9141
MSFT,2022-11-04,156.2158,145.7917,144.8745
MSFT,2022-11-07,159.109,146.1823,144.8542
MSFT,2022-11-08,158.5423,146.5448,144.8247
MSFT,2022-11-09,157.6471,146.8502,144.8108
MSFT,2022-11-10,157.8087,147.1585,144.7896
MSFT,2022-11-11,154.2624,147.3408,144.7873
MSFT,2022-11-14,150.2962,147.3989,144.7579
MSFT,2022-11-15,152.329,147.4909,144.7515
MSFT,2022-11-16,151.3253,147.5665,144.7456
MSFT,2022-11-17,153.351,147.6318,144.7403
MSFT,2022-11-18,156.5365,147.7959,144.7441
MSFT,2022-11-21,160.015,148.105,144.7648
MSFT,2022-11-22,155.6348,148.4002,144.7496
MSFT,2022-11-23,153.8595,148.6969,144.7482
MSFT,2022-11-24,155.4554,148.9906,144.7514
MSFT,2022-11-25,157.1105,149.336,144.7729
MSFT,2022-11-28,163.6062,149.7988,144.8138
MSFT,2022-11-29,161.1426,150.2345,144.8322
MSFT,2022-11-30,164.635,150.7616,144.8574
MSFT,2022-12-01,165.8583,151.3604,144.8644
MSFT,2022-12-02,161.2634,151.8695,144.8313
MSFT,2022-12-05,159.8464,152.3563,144.7927
MSFT,2022-12-06,160.7227,152.8386,144.7578
MSFT,2022-12-07,156.0934,153.2121,144.6901
MSFT,2022-12-08,150.6126,153.4833,144.5923
MSFT,2022-12-09,146.1278,153.7343,144.4607
MSFT,2022-12-12,146.9201,153.948,144.3656
MSFT,2022-12-13,145.7914,154.141,144.2362
MSFT,2022-12-14,144.3265,154.2985,144.0977
MSFT,2022-12-15,142.963,154.3483,143.9761
MSFT,2022-12-16,139.5332,154.2817,143.85
MSFT,2022-12-19,138.5303,154.17,143.7485
MSFT,2022-12-20,134.2652,153.9708,143.6402
MSFT,2022-12-21,137.2222,153.8289,143.548
MSFT,2022-12-22,141.4983,153.7578,143.4555
MSFT,2022-12-23,135.9241,153.5519,143.3285
MSFT,2022-12-26,134.9168,153.2337,143.1926
MSFT,2022-12-27,134.0709,152.7615,143.0678
MSFT,2022-12-28,133.7708,152.2644,142.9523
MSFT,2022-12-29,136.2688,151.933,142.8589
MSFT,2022-12-30,135.2659,151.6298,142.7695
MSFT,2023-01-02,135.1686,151.2245,142.6837
MSFT,2023-01-03,142.5802,150.925,142.638
MSFT,2023-01-04,142.4197,150.596,142.5954
MSFT,2023-01-05,147.0494,150.3662,142.5842
MSFT,2023-01-06,148.4813,150.2283,142.5778
MSFT,2023-01-09,147.1613,149.9679,142.5683
MSFT,2023-01-10,145.4239,149.7164,142.5701
MSFT,2023-01-11,145.5269,149.4233,142.5715
MSFT,2023-01-12,142.7834,149.1454,142.56
MSFT,2023-01-13,140.7419,148.8359,142.5576
MSFT,2023-01-16,139.8125,148.45,142.5573
MSFT,2023-01-17,140.6554,148.0922,142.5533
MSFT,2023-01-18,145.3809,147.8469,142.5863
MSFT,2023-01-19,144.2632,147.576,142.6282
MSFT,2023-01-20,145.5641,147.402,142.68
MSFT,2023-01-23,141.5623,147.2274,142.7037
MSFT,2023-01-24,144.3554,147.0679,142.7185
MSFT,2023-01-25,140.1547,146.8445,142.7035
MSFT,2023-01-26,142.2613,146.6227,142.6846
MSFT,2023-01-27,142.1773,146.3355,142.6602
MSFT,2023-01-30,141.9938,145.9751,142.6431
MSFT,2023-01-31,141.3619,145.6896,142.6138
MSFT,2023-02-01,138.27,145.3778,142.5696
MSFT,2023-02-02,135.3721,144.9762,142.5053
MSFT,2023-02-03,137.4992,144.5839,142.4633
MSFT,2023-02-06,137.6433,144.0647,142.4154
MSFT,2023-02-07,137.0132,143.5821,142.3653
MSFT,2023-02-08,138.2045,143.0535,142.3175
MSFT,2023-02-09,138.5676,142.5077,142.272
MSFT,2023-02-10,136.7574,142.0175,142.2205
MSFT,2023-02-13,142.944,141.6795,142.193
MSFT,2023-02-14,144.9451,141.3639,142.1801
MSFT,2023-02-15,145.3919,141.1499,142.1893
MSFT,2023-02-16,144.2013,141.0217,142.2153
MSFT,2023-02-17,146.7678,141.0345,142.2512
MSFT,2023-02-20,144.8642,140.9934,142.2826
MSFT,2023-02-21,142.7731,140.933,142.3237
MSFT,2023-02-22,147.2248,140.991,142.3853
MSFT,2023-02-23,147.4278,141.0803,142.4484
MSFT,2023-02-24,145.5778,141.2012,142.5076
MSFT,2023-02-27,145.7142,141.3448,142.5641
MSFT,2023-02-28,148.0396,141.6203,142.6158
MSFT,2023-03-01,149.796,141.8718,142.6599
MSFT,2023-03-02,152.5199,142.0922,142.7153
MSFT,2023-03-03,149.32,142.3601,142.7552
MSFT,2023-03-06,151.9679,142.7012,142.8057
MSFT,2023-03-07,151.6155,143.0521,142.85
MSFT,2023-03-08,151.981,143.4163,142.8988
MSFT,2023-03-09,155.3881,143.7987,142.962
MSFT,2023-03-10,157.4577,144.2425,143.0544
MSFT,2023-03-13,158.5683,144.7105,143.1508
MSFT,2023-03-14,153.2434,144.9237,143.2141
MSFT,2023-03-15,153.2486,145.1403,143.2829
MSFT,2023-03-16,151.2687,145.2247,143.3424
MSFT,2023-03-17,153.306,145.3212,143.4251
MSFT,2023-03-20,156.1397,145.5008,143.5363
MSFT,2023-03-21,155.4401,145.7011,143.6409
MSFT,2023-03-22,153.7505,145.8656,143.7451
MSFT,2023-03-23,158.1618,146.1731,143.8913
MSFT,2023-03-24,156.6191,146.4907,144.0418
MSFT,2023-03-27,153.482,146.7641,144.1868
MSFT,2023-03-28,151.3709,146.9784,144.3121
MSFT,2023-03-29,150.0217,147.0712,144.4282
MSFT,2023-03-30,147.8833,147.1436,144.5427
MSFT,2023-03-31,150.2306,147.2369,144.6749
MSFT,2023-04-03,144.6389,147.2985,144.7641
MSFT,2023-04-04,142.5239,147.2618,144.8317
MSFT,2023-04-05,142.5238,147.3092,144.9113
MSFT,2023-04-06,143.173,147.3274,144.9805
MSFT,2023-04-07,147.6333,147.4366,145.0724
MSFT,2023-04-10,151.8394,147.6335,145.1755
MSFT,2023-04-11,147.7358,147.761,145.2595
MSFT,2023-04-12,142.966,147.8549,145.3053
MSFT,2023-04-13,143.1487,148.0104,145.3649
MSFT,2023-04-14,141.5774,148.092,145.4191
MSFT,2023-04-17,138.7478,148.1141,145.4445
MSFT,2023-04-18,138.9034,148.1519,145.4976
MSFT,2023-04-19,139.5865,148.1795,145.5542
MSFT,2023-04-20,137.6512,148.1612,145.605
MSFT,2023-04-21,136.2582,148.1512,145.6406
MSFT,2023-04-24,134.5515,147.9833,145.6548
MSFT,2023-04-25,133.6902,147.7582,145.6555
MSFT,2023-04-26,135.0861,147.5521,145.6599
MSFT,2023-04-27,132.6529,147.3212,145.651
MSFT,2023-04-28,131.2721,147.0112,145.6388
MSFT,2023-05-01,130.4599,146.7232,145.6194
MSFT,2023-05-02,130.5535,146.4788,145.5824
MSFT,2023-05-03,131.3004,146.1603,145.5586
MSFT,2023-05-04,136.2302,145.9363,145.5637
MSFT,2023-05-05,137.7271,145.7793,145.5766
MSFT,2023-05-08,139.2989,145.651,145.5847
MSFT,2023-05-09,138.7614,145.4654,145.5869
MSFT,2023-05-10,136.4979,145.1995,145.565
MSFT,2023-05-11,135.3452,144.856,145.5239
MSFT,2023-05-12,133.7719,144.545,145.4667
MSFT,2023-05-15,134.8133,144.2019,145.4276
MSFT,2023-05-16,131.053,143.7907,145.3479
MSFT,2023-05-17,132.5406,143.4019,145.2565
MSFT,2023-05-18,132.3775,142.9417,145.1628
MSFT,2023-05-19,134.2132,142.4768,145.0958
MSFT,2023-05-22,132.6213,141.9578,145.0404
MSFT,2023-05-23,130.6387,141.5057,144.9711
MSFT,2023-05-24,129.8135,141.037,144.9061
MSFT,2023-05-25,128.939,140.5904,144.8574
MSFT,2023-05-26,130.8954,140.1422,144.8369
MSFT,2023-05-29,132.8591,139.6766,144.8313
MSFT,2023-05-30,137.5142,139.3181,144.8461
MSFT,2023-05-31,136.4317,138.9717,144.838
MSFT,2023-06-01,128.7169,138.3828,144.7848
MSFT,2023-06-02,127.8977,137.8084,144.7317
MSFT,2023-06-05,128.5265,137.3093,144.6764
MSFT,2023-06-06,130.2655,136.8872,144.6257
MSFT,2023-06-07,131.0746,136.5082,144.5691
MSFT,2023-06-08,130.041,136.1514,144.5074
MSFT,2023-06-09,134.145,135.8297,144.4524
MSFT,2023-06-12,131.8315,135.5735,144.3746
MSFT,2023-06-13,131.3042,135.3491,144.2924
MSFT,2023-06-14,128.9346,135.0774,144.1994
MSFT,2023-06-15,129.0871,134.7956,144.0944
MSFT,2023-06-16,132.8673,134.5003,144.0171
MSFT,2023-06-19,132.6484,134.1165,143.9575
MSFT,2023-06-20,132.4441,133.8107,143.9154
MSFT,2023-06-21,128.6484,133.5243,143.8635
MSFT,2023-06-22,128.1059,133.2235,143.8002
MSFT,2023-06-23,130.8415,133.0087,143.7552
MSFT,2023-06-26,130.3743,132.8413,143.7047
MSFT,2023-06-27,129.7541,132.6583,143.6567
MSFT,2023-06-28,132.4202,132.515,143.6274
MSFT,2023-06-29,131.8,132.3979,143.6068
MSFT,2023-06-30,134.9511,132.3718,143.6025
MSFT,2023-07-03,132.038,132.3215,143.5852
MSFT,2023-07-04,133.738,132.3225,143.5708
MSFT,2023-07-05,137.7937,132.3766,143.5727
MSFT,2023-07-06,140.3825,132.5312,143.5893
MSFT,2023-07-07,135.9479,132.6247,143.6012
MSFT,2023-07-10,134.5384,132.7063,143.5927
MSFT,2023-07-11,134.0776,132.7768,143.5824
MSFT,2023-07-12,136.6017,132.8828,143.5831
MSFT,2023-07-13,133.5423,132.8291,143.5485
MSFT,2023-07-14,131.2734,132.7,143.4905
MSFT,2023-07-17,127.7157,132.4683,143.4086
MSFT,2023-07-18,125.9742,132.2126,143.3173
MSFT,2023-07-19,123.3268,131.9492,143.2123
MSFT,2023-07-20,126.9583,131.7814,143.1219
MSFT,2023-07-21,125.6219,131.6184,143.0189
MSFT,2023-07-24,127.2686,131.4675,142.9011
MSFT,2023-07-25,127.4155,131.3948,142.7498
MSFT,2023-07-26,127.531,131.2946,142.5943
MSFT,2023-07-27,126.3131,131.1733,142.4616
MSFT,2023-07-28,128.1475,131.052,142.3503
MSFT,2023-07-31,128.6044,130.9716,142.2161
MSFT,2023-08-01,128.9319,130.9375,142.073
MSFT,2023-08-02,127.6961,130.8952,141.9171
MSFT,2023-08-03,126.8379,130.8531,141.7586
MSFT,2023-08-04,128.2695,130.8006,141.6231
MSFT,2023-08-07,128.8988,130.7214,141.4667
MSFT,2023-08-08,129.288,130.5569,141.3231
MSFT,2023-08-09,127.6866,130.382,141.1606
MSFT,2023-08-10,132.2516,130.4527,141.0385
MSFT,2023-08-11,131.247,130.5197,140.9137
MSFT,2023-08-14,131.2868,130.5749,140.7746
MSFT,2023-08-15,130.9639,130.5888,140.6367
MSFT,2023-08-16,135.6714,130.6808,140.5268
MSFT,2023-08-17,135.0902,130.7818,140.4132
MSFT,2023-08-18,134.2946,130.7848,140.3133
MSFT,2023-08-21,134.6877,130.8419,140.2353
MSFT,2023-08-22,133.1615,130.879,140.1395
MSFT,2023-08-23,133.5355,130.971,140.0505
MSFT,2023-08-24,139.3565,131.1764,139.9805
MSFT,2023-08-25,140.2123,131.3233,139.8989
MSFT,2023-08-28,140.9828,131.49,139.8038
MSFT,2023-08-29,139.3253,131.6276,139.7222
MSFT,2023-08-30,143.7097,131.9289,139.6715
MSFT,2023-08-31,148.8343,132.3434,139.6384
MSFT,2023-09-01,151.2161,132.7509,139.6089
MSFT,2023-09-04,153.0981,133.2054,139.5564
MSFT,2023-09-05,152.593,133.6622,139.5136
MSFT,2023-09-06,153.7785,134.0893,139.4593
MSFT,2023-09-07,151.6567,134.4865,139.3883
MSFT,2023-09-08,148.7985,134.7634,139.326
MSFT,2023-09-11,145.0669,135.024,139.2521
MSFT,2023-09-12,146.2438,135.2741,139.1797
MSFT,2023-09-13,142.8506,135.3753,139.1135
MSFT,2023-09-14,141.7157,135.4019,139.069
MSFT,2023-09-15,141.6812,135.5166,139.0468
MSFT,2023-09-18,144.3111,135.712,139.0337
MSFT,2023-09-19,142.9663,135.8898,139.0196
MSFT,2023-09-20,145.9234,136.0762,139.0276
MSFT,2023-09-21,148.4849,136.3751,139.0552
MSFT,2023-09-22,145.8274,136.6662,139.0867
MSFT,2023-09-25,148.8688,137.0892,139.1384
MSFT,2023-09-26,148.25,137.5348,139.2083
MSFT,2023-09-27,147.074,138.0097,139.2575
MSFT,2023-09-28,146.4735,138.4,139.2824
MSFT,2023-09-29,146.5871,138.8193,139.3357
MSFT,2023-10-02,145.6396,139.1867,139.3893
MSFT,2023-10-03,143.6186,139.5108,139.4371
MSFT,2023-10-04,141.8467,139.7971,139.4775
MSFT,2023-10-05,142.3137,140.1171,139.5077
MSFT,2023-10-06,142.0302,140.3948,139.5415
MSFT,2023-10-09,143.4774,140.6922,139.583
MSFT,2023-10-10,143.7301,140.9882,139.5888
MSFT,2023-10-11,144.046,141.3152,139.5969
MSFT,2023-10-12,145.6819,141.6921,139.5901
MSFT,2023-10-13,149.4989,142.1167,139.5952
MSFT,2023-10-16,153.5245,142.6092,139.627
MSFT,2023-10-17,157.329,143.17,139.6865
MSFT,2023-10-18,159.8969,143.8142,139.7584
MSFT,2023-10-19,166.0267,144.4897,139.8746
MSFT,2023-10-20,167.4539,145.2138,140.0081
MSFT,2023-10-23,168.5591,145.9593,140.1519
MSFT,2023-10-24,175.511,146.8502,140.3262
MSFT,2023-10-25,167.4118,147.485,140.4363
MSFT,2023-10-26,166.921,148.1217,140.5496
MSFT,2023-10-27,170.7924,148.8516,140.6757
MSFT,2023-10-30,173.9166,149.6362,140.8375
MSFT,2023-10-31,182.1201,150.6154,141.0263
MSFT,2023-11-01,182.6184,151.597,141.2387
MSFT,2023-11-02,181.3876,152.4376,141.4343
MSFT,2023-11-03,180.4791,153.243,141.6258
MSFT,2023-11-06,181.6464,154.0563,141.8241
MSFT,2023-11-07,187.0735,155.0112,142.0526
MSFT,2023-11-08,192.7052,155.9911,142.3248
MSFT,2023-11-09,192.676,156.868,142.6113
MSFT,2023-11-10,193.6998,157.7176,142.8923
MSFT,2023-11-13,191.7818,158.4913,143.163
MSFT,2023-11-14,190.2327,159.2441,143.4291
MSFT,2023-11-15,193.9381,160.0473,143.7078
MSFT,2023-11-16,199.664,161.0074,144.0133
MSFT,2023-11-17,197.3884,161.9792,144.3164
MSFT,2023-11-20,198.402,163.0459,144.5937
MSFT,2023-11-21,197.7185,164.0754,144.8576
MSFT,2023-11-22,200.9223,165.2369,145.1352
MSFT,2023-11-23,199.7171,166.3969,145.4128
MSFT,2023-11-24,193.2064,167.4274,145.645
MSFT,2023-11-27,196.8218,168.4776,145.9048
MSFT,2023-11-28,195.9349,169.537,146.1706
MSFT,2023-11-29,195.4102,170.5267,146.4115
MSFT,2023-11-30,197.0821,171.4987,146.6598
MSFT,2023-12-01,198.4784,172.5517,146.9243
MSFT,2023-12-04,200.2491,173.5793,147.197
MSFT,2023-12-05,194.7376,174.509,147.4305
MSFT,2023-12-06,196.8224,175.504,147.6656
MSFT,2023-12-07,190.4645,176.3838,147.8553
MSFT,2023-12-08,193.229,177.3167,148.0749
MSFT,2023-12-11,197.2435,178.3487,148.3012
MSFT,2023-12-12,192.7005,179.3304,148.5067
MSFT,2023-12-13,193.9822,180.3731,148.7167
MSFT,2023-12-14,197.7987,181.4828,148.9287
MSFT,2023-12-15,196.4026,182.5702,149.1234
MSFT,2023-12-18,198.9165,183.679,149.3252
MSFT,2023-12-19,189.5384,184.5952,149.5067
MSFT,2023-12-20,193.4073,185.5824,149.7075
MSFT,2023-12-21,193.6716,186.5422,149.9195
MSFT,2023-12-22,192.9542,187.4113,150.1177
MSFT,2023-12-25,196.4968,188.2708,150.3195
MSFT,2023-12-26,202.7522,189.1792,150.5561
MSFT,2023-12-27,204.6678,190.0746,150.8106
MSFT,2023-12-28,210.7347,190.9688,151.0735
MSFT,2023-12-29,205.2111,191.7239,151.3165
MSFT,2024-01-01,207.8095,192.509,151.5881
MSFT,2024-01-02,207.4997,193.1487,151.8687
MSFT,2024-01-03,204.8061,193.8966,152.1427
MSFT,2024-01-04,198.1217,194.5206,152.3939
MSFT,2024-01-05,200.4388,195.1136,152.6449
MSFT,2024-01-08,203.7276,195.7098,152.9403
MSFT,2024-01-09,208.7822,196.243,153.2716
MSFT,2024-01-10,213.3383,196.8574,153.6257
MSFT,2024-01-11,210.6302,197.4423,153.963
MSFT,2024-01-12,215.6608,198.1459,154.3031
MSFT,2024-01-15,221.2233,198.9374,154.6501
MSFT,2024-01-16,220.3954,199.6039,155.0133
MSFT,2024-01-17,220.6905,200.1636,155.402
MSFT,2024-01-18,217.2656,200.6554,155.7726
MSFT,2024-01-19,223.2021,201.2454,156.1807
MSFT,2024-01-22,217.5108,201.76,156.5745
MSFT,2024-01-23,219.7567,202.3505,156.9788
MSFT,2024-01-24,217.6375,202.8245,157.369
MSFT,2024-01-25,213.6046,203.1033,157.7488
MSFT,2024-01-26,206.8297,203.2921,158.1016
MSFT,2024-01-29,206.2178,203.4484,158.46
MSFT,2024-01-30,201.8378,203.5308,158.8007
MSFT,2024-01-31,202.2078,203.5565,159.1363
MSFT,2024-02-01,208.7924,203.738,159.517
MSFT,2024-02-02,209.7038,204.068,159.9092
MSFT,2024-02-05,217.4049,204.4796,160.3439
MSFT,2024-02-06,213.8494,204.8379,160.7604
MSFT,2024-02-07,209.2469,205.1147,161.1501
MSFT,2024-02-08,205.6625,205.2863,161.4973
MSFT,2024-02-09,205.5984,205.4287,161.8366
MSFT,2024-02-12,215.8945,205.7416,162.2196
MSFT,2024-02-13,209.8324,206.0435,162.575
MSFT,2024-02-14,212.316,206.3533,162.9541
MSFT,2024-02-15,209.8863,206.7418,163.3268
MSFT,2024-02-16,209.2343,207.0619,163.7041
MSFT,2024-02-19,204.814,207.2133,164.0541
MSFT,2024-02-20,208.1887,207.5231,164.4398
MSFT,2024-02-21,208.2016,207.8074,164.8181
MSFT,2024-02-22,212.4112,208.0997,165.2182
MSFT,2024-02-23,213.2471,208.4366,165.6134
MSFT,2024-02-26,206.2765,208.5838,165.9817
MSFT,2024-02-27,210.481,209.0026,166.3809
MSFT,2024-02-28,203.3088,209.2007,166.7484
MSFT,2024-02-29,196.8772,209.2648,167.0881
MSFT,2024-03-01,193.8799,209.2833,167.403
MSFT,2024-03-04,190.9732,209.1728,167.6935
MSFT,2024-03-05,195.8978,209.0357,167.9855
MSFT,2024-03-06,195.4707,208.8518,168.2807
MSFT,2024-03-07,199.9863,208.6368,168.637
MSFT,2024-03-08,198.1587,208.4958,168.9883
MSFT,2024-03-11,199.4388,208.3284,169.3429
MSFT,2024-03-12,201.2817,208.204,169.698
MSFT,2024-03-13,203.9387,208.1867,170.0623
MSFT,2024-03-14,202.4424,208.2731,170.4243
MSFT,2024-03-15,201.2659,208.2896,170.7599
MSFT,2024-03-18,200.3779,208.2226,171.1026
MSFT,2024-03-19,194.7849,207.9427,171.42
MSFT,2024-03-20,194.6596,207.5691,171.7486
MSFT,2024-03-21,193.5085,207.2267,172.0708
MSFT,2024-03-22,195.6621,206.8267,172.3847
MSFT,2024-03-25,196.1415,206.3251,172.7022
MSFT,2024-03-26,200.9878,205.9369,173.0449
MSFT,2024-03-27,201.4048,205.5512,173.4087
MSFT,2024-03-28,199.5844,205.1976,173.7661
MSFT,2024-03-29,199.9548,204.7326,174.1116
MSFT,2024-04-01,202.6947,204.4363,174.4733
MSFT,2024-04-02,196.6177,203.9735,174.8076
MSFT,2024-04-03,194.3152,203.5071,175.117
MSFT,2024-04-04,192.1112,203.0772,175.4186
MSFT,2024-04-05,193.6708,202.814,175.7122
MSFT,2024-04-08,195.644,202.6026,176.0302
MSFT,2024-04-09,196.1577,202.4889,176.3423
MSFT,2024-04-10,187.9237,202.2033,176.593
MSFT,2024-04-11,182.6799,201.681,176.8045
MSFT,2024-04-12,182.0639,201.1282,177.035
MSFT,2024-04-15,180.6117,200.3924,177.2654
MSFT,2024-04-16,180.7799,199.731,177.4989
MSFT,2024-04-17,179.4394,199.1348,177.7131
MSFT,2024-04-18,184.5074,198.7117,177.9679
MSFT,2024-04-19,177.3393,198.1465,178.1983
MSFT,2024-04-22,178.4376,197.3974,178.4519
MSFT,2024-04-23,181.2143,196.825,178.7281
MSFT,2024-04-24,183.6241,196.2512,179.0296
MSFT,2024-04-25,186.3476,195.7804,179.3265
MSFT,2024-04-26,189.5918,195.3876,179.6464
MSFT,2024-04-29,187.7398,195.0461,179.9487
MSFT,2024-04-30,184.2816,194.5679,180.233
MSFT,2024-05-01,177.9341,193.9626,180.4851
MSFT,2024-05-02,176.9476,193.2533,180.7382
MSFT,2024-05-03,174.6835,192.482,180.9709
MSFT,2024-05-06,178.4487,191.9255,181.2201
MSFT,2024-05-07,177.6945,191.2698,181.4639
MSFT,2024-05-08,174.6402,190.6964,181.6987
MSFT,2024-05-09,171.1603,190.1821,181.9203
MSFT,2024-05-10,177.4194,189.8528,182.166
MSFT,2024-05-13,177.4987,189.5834,182.409
MSFT,2024-05-14,175.2153,189.1697,182.6387
MSFT,2024-05-15,175.746,188.7752,182.879
MSFT,2024-05-16,181.8777,188.413,183.1271
MSFT,2024-05-17,180.783,188.0655,183.3748
MSFT,2024-05-20,183.1401,187.7395,183.634
MSFT,2024-05-21,187.1696,187.4573,183.9151
MSFT,2024-05-22,181.1799,187.0021,184.1426
MSFT,2024-05-23,179.3011,186.5393,184.3637
MSFT,2024-05-24,182.8413,186.1708,184.6064
MSFT,2024-05-27,180.751,185.7783,184.8367
MSFT,2024-05-28,182.2301,185.5272,185.0821
MSFT,2024-05-29,179.9589,185.2332,185.3142
MSFT,2024-05-30,178.6996,184.937,185.5109
MSFT,2024-05-31,177.0683,184.5651,185.6952
MSFT,2024-06-03,179.2178,184.2266,185.8863
MSFT,2024-06-04,180.0066,183.807,186.0898
MSFT,2024-06-05,180.4717,183.3884,186.2736
MSFT,2024-06-06,188.7906,183.1725,186.4733
MSFT,2024-06-07,194.8364,183.0701,186.6914
MSFT,2024-06-10,188.3028,182.7823,186.8675
MSFT,2024-06-11,186.9921,182.5898,187.0395
MSFT,2024-06-12,195.3322,182.6101,187.2472
MSFT,2024-06-13,193.5244,182.6384,187.4566
MSFT,2024-06-14,200.9517,182.784,187.7173
MSFT,2024-06-17,199.6132,182.8634,187.9901
MSFT,2024-06-18,198.9573,182.9194,188.2536
MSFT,2024-06-19,202.1801,183.2045,188.5503
MSFT,2024-06-20,202.0276,183.5914,188.8518
MSFT,2024-06-21,203.9684,184.0295,189.1633
MSFT,2024-06-24,209.8895,184.6151,189.4912
MSFT,2024-06-25,212.8955,185.2574,189.8408
MSFT,2024-06-26,213.6063,185.9407,190.1792
MSFT,2024-06-27,220.1897,186.6544,190.5378
MSFT,2024-06-28,223.8081,187.5838,190.9277
MSFT,2024-07-01,221.1159,188.4373,191.2889
MSFT,2024-07-02,229.1665,189.3964,191.6935
MSFT,2024-07-03,231.9718,190.3633,192.118
MSFT,2024-07-04,231.2925,191.2622,192.5421
MSFT,2024-07-05,223.3803,191.938,192.926
MSFT,2024-07-08,218.2005,192.5472,193.2888
MSFT,2024-07-09,225.031,193.3622,193.6959
MSFT,2024-07-10,232.2373,194.4483,194.1478
MSFT,2024-07-11,232.7815,195.5649,194.6002
MSFT,2024-07-12,225.8143,196.5875,195.0191
MSFT,2024-07-15,221.7115,197.4528,195.4103
MSFT,2024-07-16,215.6319,198.2115,195.7698
MSFT,2024-07-17,209.5846,198.9104,196.0975
MSFT,2024-07-18,217.3945,199.8351,196.456
MSFT,2024-07-19,225.6271,200.7993,196.8367
MSFT,2024-07-22,221.3954,201.6772,197.176
MSFT,2024-07-23,221.5465,202.6038,197.4971
MSFT,2024-07-24,216.7636,203.4242,197.7815
MSFT,2024-07-25,216.8867,204.1244,198.0358
MSFT,2024-07-26,223.4363,204.9774,198.3157
MSFT,2024-07-29,227.9189,205.873,198.6125
MSFT,2024-07-30,231.3865,206.7573,198.8918
MSFT,2024-07-31,230.7884,207.7495,199.2087
MSFT,2024-08-01,236.1806,208.8871,199.555
MSFT,2024-08-02,239.0898,210.0121,199.8965
MSFT,2024-08-05,241.0008,211.2171,200.2319
MSFT,2024-08-06,240.712,212.3867,200.5249
MSFT,2024-08-07,242.2701,213.6329,200.8232
MSFT,2024-08-08,243.7088,214.9331,201.1348
MSFT,2024-08-09,241.5945,216.2236,201.4403
MSFT,2024-08-12,238.5142,217.4096,201.7247
MSFT,2024-08-13,234.553,218.5005,201.9621
MSFT,2024-08-14,230.9183,219.5094,202.1531
MSFT,2024-08-15,230.346,220.3405,202.3415
MSFT,2024-08-16,229.1091,221.026,202.5185
MSFT,2024-08-19,226.804,221.796,202.6936
MSFT,2024-08-20,224.229,222.5408,202.8636
MSFT,2024-08-21,225.575,223.1456,203.0218
MSFT,2024-08-22,231.3167,223.9015,203.1801
MSFT,2024-08-23,231.4657,224.5117,203.3505
MSFT,2024-08-26,231.3477,225.1464,203.5152
MSFT,2024-08-27,227.7546,225.7224,203.6654
MSFT,2024-08-28,227.0501,226.2198,203.796
MSFT,2024-08-29,232.0615,226.8204,203.9577
MSFT,2024-08-30,236.5449,227.472,204.1744
MSFT,2024-09-02,240.8196,228.0906,204.3944
MSFT,2024-09-03,245.0327,228.7333,204.6399
MSFT,2024-09-04,247.1342,229.4039,204.8985
MSFT,2024-09-05,249.0976,229.982,205.1586
MSFT,2024-09-06,250.3846,230.5136,205.4181
MSFT,2024-09-09,248.7583,231.0664,205.6607
MSFT,2024-09-10,249.3343,231.4698,205.9337
MSFT,2024-09-11,250.4937,231.8402,206.202
MSFT,2024-09-12,253.5189,232.2847,206.5173
MSFT,2024-09-13,254.1801,232.9007,206.822
MSFT,2024-09-16,264.0164,233.8171,207.1559
MSFT,2024-09-17,258.6585,234.4896,207.4857
MSFT,2024-09-18,262.343,235.0917,207.8275
MSFT,2024-09-19,262.3716,235.6835,208.1504
MSFT,2024-09-20,262.6011,236.4193,208.4814
MSFT,2024-09-23,259.0809,237.1666,208.7822
MSFT,2024-09-24,264.0019,238.134,209.1545
MSFT,2024-09-25,267.283,239.288,209.5239
MSFT,2024-09-26,271.4691,240.3695,209.9129
MSFT,2024-09-27,272.5086,241.3071,210.3106
MSFT,2024-09-30,271.1781,242.3028,210.684
MSFT,2024-10-01,271.0866,243.2936,211.0257
MSFT,2024-10-02,273.3958,244.4262,211.3694
MSFT,2024-10-03,264.1143,245.3708,211.6363
MSFT,2024-10-04,268.4368,246.2708,211.9524
MSFT,2024-10-07,280.4081,247.3206,212.3154
MSFT,2024-10-08,283.0306,248.3535,212.693
MSFT,2024-10-09,281.8673,249.375,213.0783
MSFT,2024-10-10,281.302,250.2775,213.4942
MSFT,2024-10-11,285.073,251.1971,213.9174
MSFT,2024-10-14,284.0147,252.0574,214.3188
MSFT,2024-10-15,288.6413,253.016,214.7181
MSFT,2024-10-16,287.9969,253.9305,215.0914
MSFT,2024-10-17,297.0859,254.9981,215.5237
MSFT,2024-10-18,306.3128,256.2924,215.977
MSFT,2024-10-21,304.7889,257.6179,216.3948
MSFT,2024-10-22,304.6084,259.019,216.8159
MSFT,2024-10-23,304.743,260.4955,217.2361
MSFT,2024-10-24,304.9498,261.9876,217.6745
MSFT,2024-10-25,300.1471,263.4084,218.0593
MSFT,2024-10-28,294.6923,264.7661,218.4452
MSFT,2024-10-29,301.5126,266.3118,218.854
MSFT,2024-10-30,307.6216,267.9527,219.3039
NVDA,2020-01-02,60.0,60.0,60.0
NVDA,2020-01-03,57.4238,58.7119,58.7119
NVDA,2020-01-06,59.1218,58.8485,58.8485
NVDA,2020-01-07,59.9909,59.1341,59.1341
NVDA,2020-01-08,58.3505,58.9774,58.9774
NVDA,2020-01-09,61.3183,59.3676,59.3676
NVDA,2020-01-10,62.0487,59.7506,59.7506
NVDA,2020-01-13,62.571,60.1031,60.1031
NVDA,2020-01-14,62.2993,60.3471,60.3471
NVDA,2020-01-15,62.3639,60.5488,60.5488
NVDA,2020-01-16,61.6986,60.6533,60.6533
NVDA,2020-01-17,60.3527,60.6283,60.6283
NVDA,2020-01-20,62.8159,60.7966,60.7966
NVDA,2020-01-21,61.9284,60.8774,60.8774
NVDA,2020-01-22,60.9887,60.8848,60.8848
NVDA,2020-01-23,60.8192,60.8807,60.8807
NVDA,2020-01-24,63.6923,61.0461,61.0461
NVDA,2020-01-27,66.0876,61.3262,61.3262
NVDA,2020-01-28,65.355,61.5382,61.5382
NVDA,2020-01-29,68.0174,61.8622,61.8622
NVDA,2020-01-30,68.3375,62.1705,62.1705
NVDA,2020-01-31,66.6319,62.3733,62.3733
NVDA,2020-02-03,65.7248,62.5191,62.5191
NVDA,2020-02-04,68.7186,62.7774,62.7774
NVDA,2020-02-05,73.4726,63.2052,63.2052
NVDA,2020-02-06,74.3122,63.6324,63.6324
NVDA,2020-02-07,73.0922,63.9827,63.9827
NVDA,2020-02-10,72.8991,64.3012,64.3012
NVDA,2020-02-11,71.2611,64.5412,64.5412
NVDA,2020-02-12,69.9804,64.7225,64.7225
NVDA,2020-02-13,68.5102,64.8447,64.8447
NVDA,2020-02-14,68.4274,64.9566,64.9566
NVDA,2020-02-17,68.7766,65.0724,65.0724
NVDA,2020-02-18,68.5447,65.1745,65.1745
NVDA,2020-02-19,68.1564,65.2597,65.2597
NVDA,2020-02-20,69.8988,65.3886,65.3886
NVDA,2020-02-21,69.4855,65.4993,65.4993
NVDA,2020-02-24,69.2145,65.5971,65.5971
NVDA,2020-02-25,68.9195,65.6823,65.6823
NVDA,2020-02-26,72.4458,65.8513,65.8513
NVDA,2020-02-27,71.4256,65.9873,65.9873
NVDA,2020-02-28,72.8737,66.1513,66.1513
NVDA,2020-03-02,71.2678,66.2703,66.2703
NVDA,2020-03-03,72.1507,66.4039,66.4039
NVDA,2020-03-04,73.4975,66.5615,66.5615
NVDA,2020-03-05,76.149,66.77,66.77
NVDA,2020-03-06,75.33,66.9521,66.9521
NVDA,2020-03-09,72.8266,67.0745,67.0745
NVDA,2020-03-10,71.142,67.1575,67.1575
NVDA,2020-03-11,73.4311,67.283,67.283
NVDA,2020-03-12,78.5085,67.6531,67.5031
NVDA,2020-03-13,80.7033,68.1187,67.7569
NVDA,2020-03-16,77.6581,68.4894,67.9437
NVDA,2020-03-17,79.7441,68.8845,68.1623
NVDA,2020-03-18,77.5084,69.2677,68.3322
NVDA,2020-03-19,76.7596,69.5765,68.4827
NVDA,2020-03-20,77.3133,69.8818,68.6376
NVDA,2020-03-23,78.2844,70.196,68.8039
NVDA,2020-03-24,78.5472,70.521,68.9691
NVDA,2020-03-25,77.1735,70.8172,69.1058
NVDA,2020-03-26,79.8964,71.1812,69.2827
NVDA,2020-03-27,78.6812,71.5477,69.4343
NVDA,2020-03-30,81.958,71.9306,69.6331
NVDA,2020-03-31,78.6243,72.2645,69.7736
NVDA,2020-04-01,79.262,72.63,69.9195
NVDA,2020-04-02,76.3576,72.9407,70.0171
NVDA,2020-04-03,74.4738,73.1564,70.0836
NVDA,2020-04-06,73.3746,73.3021,70.132
NVDA,2020-04-07,77.0737,73.5365,70.2326
NVDA,2020-04-08,80.419,73.7845,70.3781
NVDA,2020-04-09,82.7709,74.0732,70.5527
NVDA,2020-04-10,82.9647,74.3998,70.7251
NVDA,2020-04-13,83.5653,74.7566,70.901
NVDA,2020-04-14,87.0783,75.1238,71.1196
NVDA,2020-04-15,89.1381,75.4371,71.3598
NVDA,2020-04-16,89.3038,75.737,71.5959
NVDA,2020-04-17,93.7057,76.1492,71.8831
NVDA,2020-04-20,96.2649,76.6166,72.1956
NVDA,2020-04-21,97.1279,77.1339,72.5112
NVDA,2020-04-22,95.8575,77.6514,72.8031
NVDA,2020-04-23,94.335,78.1679,73.0689
NVDA,2020-04-24,93.4619,78.6686,73.3176
NVDA,2020-04-27,94.9393,79.1919,73.5781
NVDA,2020-04-28,97.5975,79.7729,73.864
NVDA,2020-04-29,93.3775,80.2773,74.0936
NVDA,2020-04-30,87.9376,80.6381,74.2546
NVDA,2020-05-01,85.4515,80.9574,74.3833
NVDA,2020-05-04,84.4701,81.2626,74.4979
NVDA,2020-05-05,87.8259,81.6407,74.6477
NVDA,2020-05-06,87.1659,81.9351,74.7868
NVDA,2020-05-07,87.9816,82.2662,74.9318
NVDA,2020-05-08,89.2624,82.594,75.0875
NVDA,2020-05-11,86.5421,82.8995,75.2107
NVDA,2020-05-12,90.7313,83.2711,75.3758
NVDA,2020-05-13,88.9658,83.5804,75.5189
NVDA,2020-05-14,93.5664,83.9288,75.7069
NVDA,2020-05-15,93.3155,84.2885,75.8884
NVDA,2020-05-18,92.448,84.6809,76.0574
NVDA,2020-05-19,89.3847,85.0458,76.192
NVDA,2020-05-20,90.0579,85.3783,76.3306
NVDA,2020-05-21,96.8098,85.7443,76.5334
NVDA,2020-05-22,98.2058,86.0944,76.7459
NVDA,2020-05-25,99.1737,86.5247,76.9636
NVDA,2020-05-26,97.2385,86.8746,77.1586
NVDA,2020-05-27,99.1964,87.3084,77.3685
NVDA,2020-05-28,99.8187,87.7695,77.5803
NVDA,2020-05-29,99.75,88.2183,77.7874
NVDA,2020-06-01,101.4474,88.6815,78.0065
NVDA,2020-06-02,95.9317,89.0292,78.171
NVDA,2020-06-03,95.7519,89.4008,78.3308
NVDA,2020-06-04,92.328,89.6494,78.4569
NVDA,2020-06-05,92.5313,89.9264,78.5826
NVDA,2020-06-08,90.5613,90.0985,78.6886
NVDA,2020-06-09,88.8242,90.3025,78.7775
NVDA,2020-06-10,85.2808,90.4229,78.834
NVDA,2020-06-11,88.4449,90.6646,78.9169
NVDA,2020-06-12,86.6886,90.9089,78.9833
NVDA,2020-06-15,85.1105,91.1436,79.0352
NVDA,2020-06-16,89.4294,91.3907,79.1226
NVDA,2020-06-17,91.1611,91.6056,79.2229
NVDA,2020-06-18,85.6126,91.6624,79.2757
NVDA,2020-06-19,89.5464,91.794,79.3599
NVDA,2020-06-22,94.4387,92.0115,79.4825
NVDA,2020-06-23,99.3052,92.2561,79.6423
NVDA,2020-06-24,101.5483,92.5043,79.8176
NVDA,2020-06-25,98.2115,92.6824,79.9636
NVDA,2020-06-26,98.1859,92.772,80.1071
NVDA,2020-06-29,93.9282,92.7253,80.215
NVDA,2020-06-30,91.5187,92.6131,80.3027
NVDA,2020-07-01,88.4859,92.4657,80.3656
NVDA,2020-07-02,86.8674,92.3163,80.4152
NVDA,2020-07-03,87.4299,92.1957,80.4684
NVDA,2020-07-06,86.3245,92.0234,80.5124
NVDA,2020-07-07,85.1178,91.7738,80.5468
NVDA,2020-07-08,84.4504,91.5952,80.5757
NVDA,2020-07-09,88.6488,91.6095,80.6351
NVDA,2020-07-10,95.0235,91.8009,80.7401
NVDA,2020-07-13,93.805,91.9876,80.8348
NVDA,2020-07-14,94.9256,92.1296,80.9361
NVDA,2020-07-15,92.5626,92.2375,81.0192
NVDA,2020-07-16,94.9503,92.3769,81.118
NVDA,2020-07-17,93.6568,92.4648,81.2063
NVDA,2020-07-20,91.7006,92.568,81.2797
NVDA,2020-07-21,97.7939,92.7092,81.3943
NVDA,2020-07-22,93.8258,92.8064,81.4801
NVDA,2020-07-23,86.9621,92.6743,81.5176
NVDA,2020-07-24,89.1132,92.5903,81.5693
NVDA,2020-07-27,88.201,92.5053,81.6141
NVDA,2020-07-28,86.536,92.4484,81.6471
NVDA,2020-07-29,94.4329,92.5359,81.7324
NVDA,2020-07-30,96.7547,92.5348,81.8319
NVDA,2020-07-31,96.7012,92.5047,81.9297
NVDA,2020-08-03,94.6909,92.415,82.0131
NVDA,2020-08-04,96.1537,92.3933,82.1049
NVDA,2020-08-05,91.1638,92.2327,82.1634
NVDA,2020-08-06,89.8096,92.0325,82.2124
NVDA,2020-08-07,89.8205,91.8339,82.2608
NVDA,2020-08-10,90.5432,91.6158,82.3133
NVDA,2020-08-11,90.2543,91.5023,82.3632
NVDA,2020-08-12,88.419,91.3556,82.4011
NVDA,2020-08-13,91.138,91.3318,82.4553
NVDA,2020-08-14,86.6296,91.2138,82.4811
NVDA,2020-08-17,85.9854,91.1223,82.5026
NVDA,2020-08-18,84.7033,91.0398,82.516
NVDA,2020-08-19,87.5591,91.0854,82.5466
NVDA,2020-08-20,86.414,91.0448,82.5699
NVDA,2020-08-21,87.7266,91.0655,82.6007
NVDA,2020-08-24,88.7661,91.1387,82.6374
NVDA,2020-08-25,83.8889,91.0279,82.6448
NVDA,2020-08-26,83.8237,90.8811,82.6518
NVDA,2020-08-27,79.4489,90.7578,82.6331
NVDA,2020-08-28,80.4365,90.5756,82.6203
NVDA,2020-08-31,78.7088,90.261,82.5977
NVDA,2020-09-01,81.8118,89.9112,82.5932
NVDA,2020-09-02,81.4523,89.5092,82.5866
NVDA,2020-09-03,79.6031,89.1371,82.5697
NVDA,2020-09-04,82.7757,88.8289,82.5708
NVDA,2020-09-07,80.6374,88.5631,82.56
NVDA,2020-09-08,83.0491,88.3937,82.5627
NVDA,2020-09-09,84.3899,88.3117,82.5729
NVDA,2020-09-10,83.5318,88.245,82.5782
NVDA,2020-09-11,80.1931,88.1003,82.5651
NVDA,2020-09-14,83.4991,88.0438,82.5702
NVDA,2020-09-15,84.9352,88.0401,82.583
NVDA,2020-09-16,83.002,88.0112,82.5853
NVDA,2020-09-17,83.7518,87.9132,82.5916
NVDA,2020-09-18,86.5601,87.744,82.6128
NVDA,2020-09-21,86.9781,87.6074,82.636
NVDA,2020-09-22,87.7468,87.4638,82.663
NVDA,2020-09-23,90.7629,87.4279,82.7057
NVDA,2020-09-24,95.3886,87.4366,82.7721
NVDA,2020-09-25,95.1526,87.4665,82.8366
NVDA,2020-09-28,91.3452,87.4594,82.8806
NVDA,2020-09-29,87.7866,87.2593,82.9059
NVDA,2020-09-30,86.0074,87.1029,82.9218
NVDA,2020-10-01,83.6195,87.0361,82.9254
NVDA,2020-10-02,79.406,86.8419,82.9075
NVDA,2020-10-05,84.2733,86.7634,82.9144
NVDA,2020-10-06,85.7973,86.7486,82.9289
NVDA,2020-10-07,84.5024,86.55,82.9368
NVDA,2020-10-08,84.5248,86.3054,83.0594
NVDA,2020-10-09,80.0034,85.9714,83.1723
NVDA,2020-10-12,83.0805,85.7392,83.2921
NVDA,2020-10-13,78.2331,85.3808,83.3833
NVDA,2020-10-14,79.6026,85.1496,83.4896
NVDA,2020-10-15,75.2211,84.8578,83.5591
NVDA,2020-10-16,74.3424,84.5482,83.6206
NVDA,2020-10-19,77.4097,84.2856,83.6947
NVDA,2020-10-20,73.6215,83.9529,83.7514
NVDA,2020-10-21,73.3721,83.652,83.8064
NVDA,2020-10-22,74.9339,83.3279,83.8726
NVDA,2020-10-23,76.1356,83.118,83.9515
NVDA,2020-10-26,76.4025,82.9264,84.0194
NVDA,2020-10-27,77.7051,82.7864,84.0983
NVDA,2020-10-28,76.3228,82.5617,84.175
NVDA,2020-10-29,81.2181,82.4578,84.277
NVDA,2020-10-30,77.3003,82.2492,84.345
NVDA,2020-11-02,80.2855,82.0796,84.416
NVDA,2020-11-03,80.8704,82.0192,84.4936
NVDA,2020-11-04,82.5641,81.9941,84.5663
NVDA,2020-11-05,84.7656,82.1004,84.6484
NVDA,2020-11-06,86.3735,82.2191,84.7472
NVDA,2020-11-09,84.3037,82.331,84.8401
NVDA,2020-11-10,83.6548,82.3679,84.9147
NVDA,2020-11-11,80.0193,82.3392,84.9475
NVDA,2020-11-12,79.3728,82.3346,84.9728
NVDA,2020-11-13,80.2866,82.2848,85.0087
NVDA,2020-11-16,81.9423,82.3109,85.054
NVDA,2020-11-17,83.0659,82.3113,85.113
NVDA,2020-11-18,78.7001,82.1975,85.1566
NVDA,2020-11-19,77.4186,82.0752,85.2011
NVDA,2020-11-20,75.9183,81.9897,85.2386
NVDA,2020-11-23,72.9432,81.7786,85.2594
NVDA,2020-11-24,71.1394,81.5027,85.2724
NVDA,2020-11-25,71.2341,81.2673,85.2878
NVDA,2020-11-26,74.5739,81.0838,85.3111
NVDA,2020-11-27,72.462,80.8018,85.326
NVDA,2020-11-30,70.021,80.4627,85.3301
NVDA,2020-12-01,68.8,80.0837,85.3295
NVDA,2020-12-02,69.6249,79.661,85.3154
NVDA,2020-12-03,72.4543,79.2023,85.3205
NVDA,2020-12-04,72.3504,78.7462,85.3179
NVDA,2020-12-07,69.2186,78.3037,85.3076
NVDA,2020-12-08,66.6677,77.8813,85.2802
NVDA,2020-12-09,67.1508,77.5042,85.2485
NVDA,2020-12-10,69.3785,77.2194,85.2146
NVDA,2020-12-11,73.5568,77.1024,85.2058
NVDA,2020-12-14,70.9592,76.8361,85.1964
NVDA,2020-12-15,71.3643,76.5474,85.1975
NVDA,2020-12-16,69.1757,76.2409,85.1763
NVDA,2020-12-17,67.332,75.8971,85.1204
NVDA,2020-12-18,65.3629,75.6043,85.0437
NVDA,2020-12-21,64.7618,75.2379,84.9792
NVDA,2020-12-22,63.0682,74.9346,84.8958
NVDA,2020-12-23,68.2776,74.7081,84.8497
NVDA,2020-12-24,67.383,74.5513,84.8028
NVDA,2020-12-25,69.6021,74.4565,84.7642
NVDA,2020-12-28,68.2592,74.2735,84.7141
NVDA,2020-12-29,73.3279,74.2676,84.688
NVDA,2020-12-30,74.2109,74.2844,84.6732
NVDA,2020-12-31,76.2915,74.3116,84.6552
NVDA,2021-01-01,74.9809,74.2885,84.6367
NVDA,2021-01-04,77.4226,74.3089,84.614
NVDA,2021-01-05,78.3445,74.3217,84.6126
NVDA,2021-01-06,77.5148,74.3455,84.6039
NVDA,2021-01-07,75.0193,74.2215,84.5972
NVDA,2021-01-08,74.5562,74.1666,84.5976
NVDA,2021-01-11,73.8965,74.0389,84.6002
NVDA,2021-01-12,76.0451,73.9423,84.595
NVDA,2021-01-13,75.5883,73.8028,84.5709
NVDA,2021-01-14,71.241,73.5323,84.5132
NVDA,2021-01-15,72.7996,73.2609,84.4624
NVDA,2021-01-18,75.9239,73.0933,84.4242
NVDA,2021-01-19,72.1354,72.8629,84.3495
NVDA,2021-01-20,76.4531,72.7916,84.2861
NVDA,2021-01-21,79.9945,72.804,84.2395
NVDA,2021-01-22,78.5218,72.7687,84.1636
NVDA,2021-01-25,75.9047,72.6479,84.0618
NVDA,2021-01-26,78.5656,72.5579,83.969
NVDA,2021-01-27,75.3455,72.4908,83.8664
NVDA,2021-01-28,73.8712,72.4199,83.7641
NVDA,2021-01-29,70.9652,72.3208,83.6516
NVDA,2021-02-01,71.07,72.2834,83.5323
NVDA,2021-02-02,74.5228,72.351,83.4169
NVDA,2021-02-03,75.5053,72.4365,83.3275
NVDA,2021-02-04,78.0663,72.5063,83.2782
NVDA,2021-02-05,77.3057,72.6032,83.2375
NVDA,2021-02-08,77.6431,72.7556,83.2033
NVDA,2021-02-09,74.7974,72.8756,83.1382
NVDA,2021-02-10,74.6657,72.9764,83.0757
NVDA,2021-02-11,73.0259,72.9878,83.0009
NVDA,2021-02-12,72.752,72.9959,82.9184
NVDA,2021-02-15,72.3223,73.0579,82.8473
NVDA,2021-02-16,71.702,73.1586,82.7521
NVDA,2021-02-17,76.7221,73.35,82.6909
NVDA,2021-02-18,81.2193,73.5869,82.6292
NVDA,2021-02-19,85.0336,73.8164,82.5877
NVDA,2021-02-22,90.0959,74.1991,82.576
NVDA,2021-02-23,94.3365,74.6586,82.6007
NVDA,2021-02-24,94.3917,75.1629,82.6224
NVDA,2021-02-25,94.1424,75.6991,82.6091
NVDA,2021-02-26,94.9654,76.2911,82.5929
NVDA,2021-03-01,94.4591,76.8851,82.5693
NVDA,2021-03-02,91.5329,77.4544,82.5408
NVDA,2021-03-03,92.5112,77.9391,82.5073
NVDA,2021-03-04,88.1722,78.3548,82.4491
NVDA,2021-03-05,88.6695,78.7362,82.3937
NVDA,2021-03-08,86.0453,79.0919,82.3167
NVDA,2021-03-09,85.9367,79.3441,82.2667
NVDA,2021-03-10,86.5674,79.5912,82.2208
NVDA,2021-03-11,85.7211,79.7798,82.1878
NVDA,2021-03-12,81.5093,79.9104,82.1327
NVDA,2021-03-15,78.617,79.9343,82.0729
NVDA,2021-03-16,79.8628,79.9646,82.0281
NVDA,2021-03-17,78.5741,79.9858,81.9946
NVDA,2021-03-18,80.0777,80.087,81.9528
NVDA,2021-03-19,80.2055,80.2,81.9203
NVDA,2021-03-22,79.8102,80.3182,81.8938
NVDA,2021-03-23,80.793,80.4132,81.8507
NVDA,2021-03-24,79.1958,80.4854,81.7908
NVDA,2021-03-25,80.3044,80.6666,81.7643
NVDA,2021-03-26,79.3525,80.7977,81.7133
NVDA,2021-03-29,86.0627,81.0005,81.6714
NVDA,2021-03-30,83.1503,81.2208,81.5907
NVDA,2021-03-31,82.326,81.3382,81.4946
NVDA,2021-04-01,81.6135,81.3706,81.4116
NVDA,2021-04-02,78.3123,81.3664,81.3122
NVDA,2021-04-05,80.2266,81.4528,81.2437
NVDA,2021-04-06,79.2527,81.4666,81.1824
NVDA,2021-04-07,73.6243,81.4322,81.1081
NVDA,2021-04-08,75.3512,81.4618,81.0505
NVDA,2021-04-09,73.9517,81.5215,80.9831
NVDA,2021-04-12,73.8029,81.5761,80.9205
NVDA,2021-04-13,75.4904,81.5955,80.8723
NVDA,2021-04-14,74.7245,81.5799,80.8237
NVDA,2021-04-15,73.9473,81.4975,80.7502
NVDA,2021-04-16,80.0197,81.5518,80.6752
NVDA,2021-04-19,74.8679,81.4963,80.5805
NVDA,2021-04-20,71.9889,81.4401,80.4658
NVDA,2021-04-21,69.6445,81.3397,80.3512
NVDA,2021-04-22,73.7767,81.3547,80.2454
NVDA,2021-04-23,72.3872,81.3474,80.139
NVDA,2021-04-26,73.0311,81.3616,80.0457
NVDA,2021-04-27,72.0415,81.3684,79.9169
NVDA,2021-04-28,73.5181,81.3043,79.8154
NVDA,2021-04-29,73.5835,81.1516,79.7485
NVDA,2021-04-30,74.2681,80.9363,79.6742
NVDA,2021-05-03,77.441,80.6832,79.6204
NVDA,2021-05-04,78.6237,80.3689,79.5809
NVDA,2021-05-05,76.9234,80.0195,79.4933
NVDA,2021-05-06,77.7835,79.6924,79.3985
NVDA,2021-05-07,84.0489,79.474,79.3352
NVDA,2021-05-10,85.6684,79.2982,79.2901
NVDA,2021-05-11,86.1903,79.1914,79.2403
NVDA,2021-05-12,82.6553,78.9943,79.1977
NVDA,2021-05-13,84.6721,78.9243,79.1721
NVDA,2021-05-14,87.1428,78.8937,79.1587
NVDA,2021-05-17,88.119,78.9352,79.1465
NVDA,2021-05-18,88.5503,78.9875,79.138
NVDA,2021-05-19,96.9386,79.1949,79.1806
NVDA,2021-05-20,99.7145,79.4748,79.2235
NVDA,2021-05-21,103.8199,79.921,79.3095
NVDA,2021-05-24,104.1731,80.4321,79.4004
NVDA,2021-05-25,103.8761,80.9124,79.4963
NVDA,2021-05-26,106.1016,81.4629,79.589
NVDA,2021-05-27,105.796,81.9773,79.6859
NVDA,2021-05-28,105.7644,82.4884,79.7761
NVDA,2021-05-31,107.4572,83.0414,79.8695
NVDA,2021-06-01,105.872,83.543,79.9794
NVDA,2021-06-02,106.7471,84.094,80.0941
NVDA,2021-06-03,107.1548,84.631,80.2326
NVDA,2021-06-04,110.6114,85.2562,80.3835
NVDA,2021-06-07,108.642,85.7078,80.5331
NVDA,2021-06-08,102.1412,86.0876,80.6348
NVDA,2021-06-09,101.2772,86.4666,80.7339
NVDA,2021-06-10,102.6848,86.888,80.8493
NVDA,2021-06-11,105.9874,87.4415,80.9654
NVDA,2021-06-14,103.8334,87.9137,81.0813
NVDA,2021-06-15,105.7578,88.4438,81.1949
NVDA,2021-06-16,109.749,89.1663,81.3217
NVDA,2021-06-17,112.5219,89.9097,81.4666
NVDA,2021-06-18,109.896,90.6286,81.6152
NVDA,2021-06-21,107.6951,91.3064,81.7361
NVDA,2021-06-22,109.3218,91.983,81.8581
NVDA,2021-06-23,115.2125,92.7928,82.0191
NVDA,2021-06-24,115.4127,93.6221,82.1774
NVDA,2021-06-25,114.9614,94.3209,82.3194
NVDA,2021-06-28,110.2497,95.0286,82.4358
NVDA,2021-06-29,109.1326,95.7715,82.5427
NVDA,2021-06-30,106.8392,96.5153,82.6231
NVDA,2021-07-01,107.0688,97.1812,82.6815
NVDA,2021-07-02,102.2184,97.7778,82.7168
NVDA,2021-07-05,101.2965,98.3431,82.7666
NVDA,2021-07-06,98.2547,98.8674,82.8189
NVDA,2021-07-07,101.3386,99.4238,82.8956
NVDA,2021-07-08,98.7603,99.9273,82.9713
NVDA,2021-07-09,97.121,100.3844,83.0599
NVDA,2021-07-12,98.1144,100.7979,83.1291
NVDA,2021-07-13,96.847,101.1623,83.1843
NVDA,2021-07-14,104.4531,101.7129,83.2841
NVDA,2021-07-15,107.6986,102.3112,83.3999
NVDA,2021-07-16,107.896,102.7882,83.5394
NVDA,2021-07-19,109.2951,103.2607,83.6705
NVDA,2021-07-20,101.6111,103.5691,83.7874
NVDA,2021-07-21,105.7669,104.0313,83.9182
NVDA,2021-07-22,107.6248,104.4904,84.0802
NVDA,2021-07-23,107.5156,104.8979,84.2461
NVDA,2021-07-26,109.5903,105.3273,84.407
NVDA,2021-07-27,112.135,105.799,84.5995
NVDA,2021-07-28,110.8168,106.0765,84.7868
NVDA,2021-07-29,112.2964,106.3282,84.9736
NVDA,2021-07-30,116.2175,106.5761,85.174
NVDA,2021-08-02,118.0468,106.8536,85.3822
NVDA,2021-08-03,117.2625,107.1213,85.58
NVDA,2021-08-04,118.516,107.3696,85.791
NVDA,2021-08-05,123.9495,107.7327,86.0046
NVDA,2021-08-06,127.2122,108.1616,86.2542
NVDA,2021-08-09,122.7946,108.4684,86.4667
NVDA,2021-08-10,125.2462,108.8559,86.6886
NVDA,2021-08-11,127.2147,109.2652,86.9119
NVDA,2021-08-12,132.136,109.7649,87.1487
NVDA,2021-08-13,132.4434,110.2015,87.3791
NVDA,2021-08-16,131.0805,110.6503,87.6129
NVDA,2021-08-17,125.7138,111.1217,87.8232
NVDA,2021-08-18,123.1521,111.5592,88.0389
NVDA,2021-08-19,128.093,112.0674,88.2825
NVDA,2021-08-20,129.0605,112.5288,88.5264
NVDA,2021-08-23,128.8215,113.0286,88.7608
NVDA,2021-08-24,134.3604,113.6007,89.0172
NVDA,2021-08-25,139.2311,114.1903,89.3199
NVDA,2021-08-26,136.2172,114.6642,89.6139
NVDA,2021-08-27,141.6513,115.2993,89.9425
NVDA,2021-08-30,134.6148,115.8377,90.2509
NVDA,2021-08-31,136.7537,116.3863,90.579
NVDA,2021-09-01,138.4102,116.8503,90.9149
NVDA,2021-09-02,143.6997,117.416,91.2605
NVDA,2021-09-03,145.6223,118.0292,91.6263
NVDA,2021-09-06,144.6914,118.7181,91.9996
NVDA,2021-09-07,144.1246,119.4179,92.3763
NVDA,2021-09-08,157.0866,120.4229,92.8136
NVDA,2021-09-09,157.6992,121.4355,93.2398
NVDA,2021-09-10,160.9004,122.6091,93.6825
NVDA,2021-09-13,151.1714,123.6066,94.0923
NVDA,2021-09-14,147.473,124.591,94.4963
NVDA,2021-09-15,150.0959,125.5661,94.9111
NVDA,2021-09-16,142.838,126.4477,95.2784
NVDA,2021-09-17,145.5188,127.4156,95.6382
NVDA,2021-09-20,142.4165,128.3017,95.9955
NVDA,2021-09-21,138.0315,129.1254,96.3288
NVDA,2021-09-22,135.073,129.7378,96.6583
NVDA,2021-09-23,141.9136,130.4221,97.0312
NVDA,2021-09-24,143.5969,131.1361,97.4224
NVDA,2021-09-27,139.7176,131.7445,97.7971
NVDA,2021-09-28,143.3564,132.5794,98.1986
NVDA,2021-09-29,147.3422,133.4109,98.5939
NVDA,2021-09-30,145.7711,134.1739,98.9858
NVDA,2021-10-01,150.4361,135.0323,99.39
NVDA,2021-10-04,155.4832,135.9501,99.8261
NVDA,2021-10-05,159.9149,136.9057,100.2591
NVDA,2021-10-06,156.7591,137.8246,100.6718
NVDA,2021-10-07,151.2393,138.6034,101.0465
NVDA,2021-10-08,143.5714,139.1505,101.3895
NVDA,2021-10-11,140.819,139.606,101.7065
NVDA,2021-10-12,139.3767,140.0482,102.0116
NVDA,2021-10-13,138.3032,140.444,102.3156
NVDA,2021-10-14,138.2759,140.7305,102.6319
NVDA,2021-10-15,146.2218,141.1107,102.9902
NVDA,2021-10-18,144.8529,141.5519,103.345
NVDA,2021-10-19,144.8172,141.9433,103.6888
NVDA,2021-10-20,136.9359,142.1377,103.9956
NVDA,2021-10-21,147.0801,142.4366,104.3748
NVDA,2021-10-22,141.2907,142.6136,104.7172
NVDA,2021-10-25,138.3582,142.7591,105.0294
NVDA,2021-10-26,141.606,143.077,105.3767
NVDA,2021-10-27,142.8925,143.4718,105.7089
NVDA,2021-10-28,150.6769,143.9234,106.0624
NVDA,2021-10-29,154.3319,144.4289,106.4414
NVDA,2021-11-01,154.136,144.9352,106.8326
NVDA,2021-11-02,159.4947,145.4378,107.2372
NVDA,2021-11-03,165.6501,145.9662,107.6887
NVDA,2021-11-04,162.4507,146.4909,108.1316
NVDA,2021-11-05,167.6698,147.0113,108.6152
NVDA,2021-11-08,166.715,147.6533,109.0934
NVDA,2021-11-09,166.387,148.2459,109.5527
NVDA,2021-11-10,167.3534,148.8248,110.0119
NVDA,2021-11-11,165.5717,149.2622,110.4495
NVDA,2021-11-12,163.5315,149.6204,110.8806
NVDA,2021-11-15,168.9007,150.1046,111.3369
NVDA,2021-11-16,161.1674,150.4455,111.7687
NVDA,2021-11-17,156.0685,150.4251,112.1757
NVDA,2021-11-18,159.6265,150.4636,112.6088
NVDA,2021-11-19,159.466,150.435,113.0423
NVDA,2021-11-22,164.7369,150.7063,113.5044
NVDA,2021-11-23,166.8197,151.0932,113.98
NVDA,2021-11-24,160.1635,151.2946,114.3972
NVDA,2021-11-25,160.6879,151.6516,114.7945
NVDA,2021-11-26,163.6272,152.0137,115.1875
NVDA,2021-11-29,165.0505,152.4664,115.5623
NVDA,2021-11-30,162.8439,152.9626,115.9048
NVDA,2021-12-01,161.6532,153.4942,116.2411
NVDA,2021-12-02,159.0315,153.8366,116.5656
NVDA,2021-12-03,152.727,154.0192,116.8544
NVDA,2021-12-06,146.0384,154.1456,117.1123
NVDA,2021-12-07,148.0343,154.2392,117.3948
NVDA,2021-12-08,144.2121,154.1766,117.6533
NVDA,2021-12-09,147.04,154.202,117.9476
NVDA,2021-12-10,144.496,154.0832,118.2268
NVDA,2021-12-13,138.8204,153.7499,118.4906
NVDA,2021-12-14,137.2249,153.2961,118.7471
NVDA,2021-12-15,146.7716,153.0964,119.0481
NVDA,2021-12-16,146.5191,153.0019,119.3521
NVDA,2021-12-17,149.7233,153.125,119.6932
NVDA,2021-12-20,150.7157,153.3229,120.0536
NVDA,2021-12-21,144.3766,153.4229,120.3762
NVDA,2021-12-22,151.3134,153.6831,120.7399
NVDA,2021-12-23,150.3306,153.9242,121.0912
NVDA,2021-12-24,144.4379,153.8885,121.4123
NVDA,2021-12-27,142.3096,153.8377,121.7248
NVDA,2021-12-28,141.5706,153.7727,122.0287
NVDA,2021-12-29,145.1394,153.9368,122.3584
NVDA,2021-12-30,142.2438,153.8401,122.6681
NVDA,2021-12-31,154.6811,154.1079,123.0448
NVDA,2022-01-03,150.3757,154.3482,123.3663
NVDA,2022-01-04,153.5003,154.5861,123.7181
NVDA,2022-01-05,144.4333,154.6169,124.0286
NVDA,2022-01-06,144.0574,154.4846,124.3408
NVDA,2022-01-07,145.9214,154.3163,124.6789
NVDA,2022-01-10,141.0472,154.0546,124.983
NVDA,2022-01-11,148.0573,153.8258,125.327
NVDA,2022-01-12,150.2911,153.5186,125.7104
NVDA,2022-01-13,148.987,153.2494,126.0785
NVDA,2022-01-14,151.1833,152.9196,126.4647
NVDA,2022-01-17,148.5758,152.5569,126.8386
NVDA,2022-01-18,154.7482,152.3241,127.2348
NVDA,2022-01-19,159.9831,152.1767,127.6611
NVDA,2022-01-20,162.0846,152.1069,128.1018
NVDA,2022-01-21,165.4509,152.1453,128.529
NVDA,2022-01-24,158.1331,151.93,128.9453
NVDA,2022-01-25,165.8247,152.0231,129.4145
NVDA,2022-01-26,165.5199,152.2121,129.8939
NVDA,2022-01-27,171.1717,152.443,130.3808
NVDA,2022-01-28,175.4887,152.7635,130.8963
NVDA,2022-01-31,181.3932,153.0966,131.4382
NVDA,2022-02-01,175.7312,153.2749,131.9566
NVDA,2022-02-02,170.9297,153.4902,132.4437
NVDA,2022-02-03,183.7095,153.9506,132.9943
NVDA,2022-02-04,175.3512,154.1851,133.4997
NVDA,2022-02-07,169.6112,154.2763,133.9606
NVDA,2022-02-08,170.0616,154.4207,134.4177
NVDA,2022-02-09,170.5225,154.598,134.8857
NVDA,2022-02-10,167.8629,154.7747,135.3361
NVDA,2022-02-11,171.3729,155.1476,135.7728
NVDA,2022-02-14,176.5395,155.7576,136.2271
NVDA,2022-02-15,176.6662,156.3302,136.6795
NVDA,2022-02-16,175.4046,156.9541,137.1432
NVDA,2022-02-17,175.5078,157.5235,137.5974
NVDA,2022-02-18,173.0028,158.0936,138.0267
NVDA,2022-02-21,164.2038,158.6013,138.4071
NVDA,2022-02-22,165.9815,159.1764,138.7943
NVDA,2022-02-23,170.2533,159.646,139.1609
NVDA,2022-02-24,169.6485,160.1086,139.5105
NVDA,2022-02-25,158.1708,160.2776,139.7823
NVDA,2022-02-28,155.5485,160.3742,140.0392
NVDA,2022-03-01,160.2564,160.6918,140.3211
NVDA,2022-03-02,153.3563,160.7327,140.5574
NVDA,2022-03-03,156.957,160.8652,140.8132
NVDA,2022-03-04,154.9701,161.0758,141.0592
NVDA,2022-03-07,155.0784,161.3312,141.2973
NVDA,2022-03-08,151.9599,161.539,141.5277
NVDA,2022-03-09,146.8099,161.5724,141.728
NVDA,2022-03-10,153.7923,161.8034,141.9612
NVDA,2022-03-11,157.9991,161.8697,142.1982
NVDA,2022-03-14,161.4484,162.0912,142.4622
NVDA,2022-03-15,166.3497,162.3482,142.7832
NVDA,2022-03-16,169.2227,162.844,143.123
NVDA,2022-03-17,174.5555,163.4539,143.4823
NVDA,2022-03-18,171.1639,163.9588,143.8082
NVDA,2022-03-21,178.9854,164.7176,144.184
NVDA,2022-03-22,186.6389,165.4892,144.5884
NVDA,2022-03-23,189.1328,166.266,144.9853
NVDA,2022-03-24,187.6668,167.0396,145.361
NVDA,2022-03-25,180.8052,167.6321,145.7156
NVDA,2022-03-28,182.3471,168.3075,146.0888
NVDA,2022-03-29,192.5338,169.0632,146.5049
NVDA,2022-03-30,185.8609,169.5807,146.8581
NVDA,2022-03-31,192.165,170.1824,147.2419
NVDA,2022-04-01,189.577,170.6649,147.615
NVDA,2022-04-04,187.5272,171.2528,148.0014
NVDA,2022-04-05,180.9445,171.5552,148.3604
NVDA,2022-04-06,176.9343,171.7834,148.7109
NVDA,2022-04-07,180.8088,171.9762,149.0796
NVDA,2022-04-08,185.4931,172.1763,149.496
NVDA,2022-04-11,187.1174,172.2908,149.9251
NVDA,2022-04-12,184.4267,172.4647,150.3559
NVDA,2022-04-13,178.3562,172.6132,150.741
NVDA,2022-04-14,178.9341,172.5177,151.1419
NVDA,2022-04-15,177.1173,172.553,151.5419
NVDA,2022-04-18,178.5295,172.7314,151.9439
NVDA,2022-04-19,176.9603,172.8694,152.3445
NVDA,2022-04-20,175.5462,172.9698,152.7
NVDA,2022-04-21,176.655,173.1457,153.0448
NVDA,2022-04-22,178.8561,173.2953,153.3996
NVDA,2022-04-25,186.1255,173.4871,153.7837
NVDA,2022-04-26,184.398,173.6417,154.1976
NVDA,2022-04-27,187.8357,173.8903,154.608
NVDA,2022-04-28,199.0719,174.3616,155.0652
NVDA,2022-04-29,202.9531,174.9606,155.5424
NVDA,2022-05-02,210.8053,175.8926,156.0485
NVDA,2022-05-03,206.9913,176.7128,156.5228
NVDA,2022-05-04,202.6088,177.3599,156.9817
NVDA,2022-05-05,201.8545,178.0041,157.4295
NVDA,2022-05-06,201.7783,178.8762,157.8573
NVDA,2022-05-09,208.9692,179.9446,158.3119
NVDA,2022-05-10,204.4848,180.8292,158.748
NVDA,2022-05-11,204.1779,181.8456,159.1764
NVDA,2022-05-12,211.481,182.9361,159.614
NVDA,2022-05-13,213.1964,184.1006,160.0439
NVDA,2022-05-16,213.3988,185.267,160.497
NVDA,2022-05-17,215.2854,186.5335,160.9471
NVDA,2022-05-18,208.0419,187.7582,161.3513
NVDA,2022-05-19,200.9396,188.7011,161.6953
NVDA,2022-05-20,191.3818,189.3688,161.99
NVDA,2022-05-23,192.8803,189.9974,162.299
NVDA,2022-05-24,198.8003,190.6464,162.6644
NVDA,2022-05-25,203.9152,191.3403,163.0682
NVDA,2022-05-26,211.6671,192.0825,163.4861
NVDA,2022-05-27,221.8736,193.0967,163.9502
NVDA,2022-05-30,223.1744,193.9805,164.4219
NVDA,2022-05-31,223.0082,194.7079,164.8652
NVDA,2022-06-01,233.9217,195.6037,165.3386
NVDA,2022-06-02,229.1086,196.4325,165.8031
NVDA,2022-06-03,221.0449,197.2373,166.2001
NVDA,2022-06-06,218.9803,197.9699,166.6219
NVDA,2022-06-07,216.1379,198.442,167.0188
NVDA,2022-06-08,216.7465,199.0597,167.4105
NVDA,2022-06-09,211.2929,199.4423,167.7485
NVDA,2022-06-10,214.0437,199.9316,168.0906
NVDA,2022-06-13,210.5124,200.3913,168.4197
NVDA,2022-06-14,219.098,201.1544,168.7945
NVDA,2022-06-15,211.2799,201.8413,169.0655
NVDA,2022-06-16,210.6252,202.4376,169.3301
NVDA,2022-06-17,208.684,202.9015,169.569
NVDA,2022-06-20,210.4784,203.3687,169.8656
NVDA,2022-06-21,216.9922,204.02,170.2132
NVDA,2022-06-22,219.1017,204.8349,170.5582
NVDA,2022-06-23,218.4977,205.6262,170.9365
NVDA,2022-06-24,223.5953,206.5557,171.3269
NVDA,2022-06-27,229.9082,207.5833,171.7643
NVDA,2022-06-28,232.1651,208.6874,172.235
NVDA,2022-06-29,235.32,209.8829,172.7362
NVDA,2022-06-30,240.4719,211.1592,173.229
NVDA,2022-07-01,228.6321,212.1547,173.6542
NVDA,2022-07-04,226.4115,212.9605,174.0877
NVDA,2022-07-05,229.4062,213.8606,174.5179
NVDA,2022-07-06,227.6022,214.656,174.9192
NVDA,2022-07-07,225.8369,215.1913,175.3196
NVDA,2022-07-08,228.8144,215.7085,175.7115
NVDA,2022-07-11,231.9972,216.1323,176.094
NVDA,2022-07-12,235.7392,216.7073,176.4731
NVDA,2022-07-13,230.2264,217.2596,176.8405
NVDA,2022-07-14,220.4556,217.6316,177.1866
NVDA,2022-07-15,226.4041,218.1242,177.6007
NVDA,2022-07-18,221.4568,218.3739,178.0039
NVDA,2022-07-19,216.1465,218.6071,178.3878
NVDA,2022-07-20,210.3649,218.7309,178.7481
NVDA,2022-07-21,218.4129,218.8695,179.1488
NVDA,2022-07-22,220.1601,219.0088,179.5185
NVDA,2022-07-25,222.8354,219.1975,179.9084
NVDA,2022-07-26,228.0219,219.4523,180.3244
NVDA,2022-07-27,228.0117,219.8517,180.7798
NVDA,2022-07-28,235.7056,220.547,181.2229
NVDA,2022-07-29,227.2788,221.2649,181.6528
NVDA,2022-08-01,219.9221,221.8058,182.0607
NVDA,2022-08-02,212.4342,222.0784,182.4148
NVDA,2022-08-03,215.5523,222.3112,182.7781
NVDA,2022-08-04,219.3007,222.4638,183.1212
NVDA,2022-08-05,216.3394,222.3532,183.4313
NVDA,2022-08-08,215.0385,222.1904,183.7358
NVDA,2022-08-09,224.0899,222.2121,184.0587
NVDA,2022-08-10,219.5246,221.9241,184.3281
NVDA,2022-08-11,221.8628,221.7792,184.6252
NVDA,2022-08-12,217.4026,221.7064,184.8738
NVDA,2022-08-15,225.3287,221.8333,185.1669
NVDA,2022-08-16,230.1298,222.1132,185.4856
NVDA,2022-08-17,220.4942,222.1881,185.7513
NVDA,2022-08-18,218.9726,222.3417,186.0183
NVDA,2022-08-19,205.3578,222.168,186.2275
NVDA,2022-08-22,211.5381,222.1885,186.4406
NVDA,2022-08-23,225.9196,222.325,186.7644
NVDA,2022-08-24,211.197,222.3233,187.04
NVDA,2022-08-25,202.1746,222.1543,187.2528
NVDA,2022-08-26,203.5052,222.0507,187.473
NVDA,2022-08-29,203.6494,221.9141,187.6675
NVDA,2022-08-30,201.2905,221.6001,187.8399
NVDA,2022-08-31,190.8158,221.0344,187.9932
NVDA,2022-09-01,193.0185,220.5248,188.1548
NVDA,2022-09-02,198.7464,220.0278,188.3304
NVDA,2022-09-05,217.6724,219.7831,188.5935
NVDA,2022-09-06,227.115,219.6821,188.9149
NVDA,2022-09-07,218.2935,219.3416,189.1981
NVDA,2022-09-08,218.4933,218.902,189.4954
NVDA,2022-09-09,222.8935,218.7872,189.8462
NVDA,2022-09-12,218.395,218.6269,190.208
NVDA,2022-09-13,224.1159,218.5211,190.5884
NVDA,2022-09-14,229.4321,218.5577,191.0145
NVDA,2022-09-15,238.8582,218.8181,191.4736
NVDA,2022-09-16,245.2868,219.1476,191.9776
NVDA,2022-09-19,247.819,219.464,192.5225
NVDA,2022-09-20,243.2028,219.6133,193.0524
NVDA,2022-09-21,233.7979,219.6847,193.4876
NVDA,2022-09-22,235.7201,219.99,193.9336
NVDA,2022-09-23,233.0412,220.1227,194.3502
NVDA,2022-09-26,231.0951,220.3155,194.7521
NVDA,2022-09-27,239.7153,220.7869,195.2288
NVDA,2022-09-28,250.6001,221.5916,195.7252
NVDA,2022-09-29,241.3475,222.0503,196.1803
NVDA,2022-09-30,240.0626,222.4483,196.6584
NVDA,2022-10-03,237.1149,222.7339,197.1324
NVDA,2022-10-04,239.7875,222.9692,197.6235
NVDA,2022-10-05,223.5559,222.8801,198.0156
NVDA,2022-10-06,213.7783,222.4416,198.3733
NVDA,2022-10-07,213.2634,222.1613,198.6662
NVDA,2022-10-10,218.8919,222.1406,199.0088
NVDA,2022-10-11,219.6948,222.2859,199.3397
NVDA,2022-10-12,224.6805,222.4684,199.741
NVDA,2022-10-13,226.3729,222.6099,200.1525
NVDA,2022-10-14,235.9625,223.0023,200.6027
NVDA,2022-10-17,247.5874,223.6533,201.1354
NVDA,2022-10-18,242.0395,224.0123,201.6054
NVDA,2022-10-19,249.1918,224.6056,202.0999
NVDA,2022-10-20,253.5388,225.2392,202.6226
NVDA,2022-10-21,274.7045,226.3852,203.2402
NVDA,2022-10-24,268.2331,227.2433,203.8385
NVDA,2022-10-25,267.5935,227.9926,204.4027
NVDA,2022-10-26,259.3673,228.77,204.8997
NVDA,2022-10-27,251.8643,229.4279,205.3486
NVDA,2022-10-28,255.2706,230.4261,205.7977
NVDA,2022-10-31,257.2602,231.3406,206.2933
NVDA,2022-11-01,262.0228,232.0626,206.7743
NVDA,2022-11-02,266.6914,233.1725,207.2801
NVDA,2022-11-03,265.0609,234.4302,207.7496
NVDA,2022-11-04,263.3833,235.6278,208.1891
NVDA,2022-11-07,255.7813,236.6704,208.561
NVDA,2022-11-08,250.5173,237.655,208.9349
NVDA,2022-11-09,250.3922,238.8465,209.3322
NVDA,2022-11-10,252.2761,240.0317,209.6751
NVDA,2022-11-11,258.3206,241.2231,210.0899
NVDA,2022-11-14,263.6621,242.1429,210.5602
NVDA,2022-11-15,277.2727,243.1461,211.0962
NVDA,2022-11-16,269.2538,244.1653,211.5899
NVDA,2022-11-17,267.6335,245.1481,212.0887
NVDA,2022-11-18,260.6096,245.9024,212.5349
NVDA,2022-11-21,271.658,246.9677,213.0105
NVDA,2022-11-22,267.7376,247.8401,213.4659
NVDA,2022-11-23,278.0155,248.8118,213.9789
NVDA,2022-11-24,291.4082,249.8628,214.5584
NVDA,2022-11-25,295.6087,250.8692,215.1715
NVDA,2022-11-28,298.735,251.8875,215.8441
NVDA,2022-11-29,299.4848,253.0132,216.5116
NVDA,2022-11-30,296.8911,254.275,217.1448
NVDA,2022-12-01,293.207,255.4248,217.7626
NVDA,2022-12-02,292.2254,256.6085,218.4329
NVDA,2022-12-05,309.9087,258.1847,219.2047
NVDA,2022-12-06,300.291,259.3962,219.9049
NVDA,2022-12-07,302.6225,260.4367,220.6512
NVDA,2022-12-08,309.8784,261.8073,221.4158
NVDA,2022-12-09,307.5115,263.1563,222.1785
NVDA,2022-12-12,311.9702,264.6534,222.963
NVDA,2022-12-13,297.9146,265.8159,223.6927
NVDA,2022-12-14,311.012,267.5651,224.5138
NVDA,2022-12-15,322.7084,269.7437,225.3583
NVDA,2022-12-16,322.1246,271.9209,226.179
NVDA,2022-12-19,313.7247,273.8175,226.9403
NVDA,2022-12-20,322.0734,275.8651,227.719
NVDA,2022-12-21,311.0355,277.5922,228.428
NVDA,2022-12-22,301.7364,279.0995,229.0639
NVDA,2022-12-23,301.6161,280.4126,229.7162
NVDA,2022-12-26,316.7962,281.7967,230.4052
NVDA,2022-12-27,323.6701,283.4293,231.0904
NVDA,2022-12-28,317.5502,284.7965,231.7325
NVDA,2022-12-29,301.5526,285.7568,232.3019
NVDA,2022-12-30,302.3369,286.3094,232.9096
NVDA,2023-01-02,305.1339,287.0475,233.5235
NVDA,2023-01-03,304.8281,287.7921,234.085
NVDA,2023-01-04,323.0909,289.0666,234.7711
NVDA,2023-01-05,322.1664,290.4727,235.4211
NVDA,2023-01-06,300.2086,291.3714,235.9743
NVDA,2023-01-09,296.7659,292.1615,236.5205
NVDA,2023-01-10,301.4347,292.9498,237.1229
NVDA,2023-01-11,305.5242,293.7264,237.7659
NVDA,2023-01-12,304.2209,294.5096,238.3829
NVDA,2023-01-13,301.3477,295.2689,238.9622
NVDA,2023-01-16,283.3187,295.8197,239.4432
NVDA,2023-01-17,284.4517,296.4984,239.9434
NVDA,2023-01-18,281.7972,297.1265,240.4606
NVDA,2023-01-19,284.3847,297.7686,240.9878
NVDA,2023-01-20,289.1923,298.3861,241.5482
NVDA,2023-01-23,301.1087,299.135,242.1611
NVDA,2023-01-24,292.5582,299.4407,242.7391
NVDA,2023-01-25,281.2367,299.6804,243.2675
NVDA,2023-01-26,276.5546,299.8588,243.767
NVDA,2023-01-27,270.5694,300.058,244.2256
NVDA,2023-01-30,263.9661,299.9041,244.6148
NVDA,2023-01-31,276.6133,300.0817,245.0759
NVDA,2023-02-01,278.268,300.0867,245.528
NVDA,2023-02-02,296.4857,300.1883,246.0151
NVDA,2023-02-03,296.8396,300.2129,246.4845
NVDA,2023-02-06,286.452,299.9672,246.8628
NVDA,2023-02-07,279.6128,299.5698,247.2259
NVDA,2023-02-08,289.1549,299.415,247.6586
NVDA,2023-02-09,279.3706,299.1383,248.0462
NVDA,2023-02-10,284.6899,298.9876,248.4607
NVDA,2023-02-13,281.8721,298.4269,248.8253
NVDA,2023-02-14,274.09,297.9029,249.1733
NVDA,2023-02-15,286.6946,297.5843,249.5859
NVDA,2023-02-16,281.7919,297.0226,249.9374
NVDA,2023-02-17,274.8959,296.3703,250.2459
NVDA,2023-02-20,274.5676,295.6222,250.5518
NVDA,2023-02-21,270.556,295.075,250.8281
NVDA,2023-02-22,290.4799,294.6644,251.2403
NVDA,2023-02-23,300.7328,294.2249,251.7393
NVDA,2023-02-24,295.5703,293.6938,252.2602
NVDA,2023-02-27,291.5538,293.2504,252.7536
NVDA,2023-02-28,273.9396,292.2877,253.1293
NVDA,2023-03-01,275.4828,291.5766,253.4871
NVDA,2023-03-02,269.4236,290.9304,253.7759
NVDA,2023-03-03,270.5201,290.3085,254.0191
NVDA,2023-03-06,254.6027,289.0646,254.1763
NVDA,2023-03-07,254.7165,287.6855,254.3348
NVDA,2023-03-08,269.0626,286.7158,254.5105
NVDA,2023-03-09,269.8697,286.0821,254.7143
NVDA,2023-03-10,263.7043,285.3095,254.9276
NVDA,2023-03-13,263.8745,284.4843,255.1521
NVDA,2023-03-14,263.6809,283.6613,255.3898
NVDA,2023-03-15,282.8921,282.8574,255.7205
NVDA,2023-03-16,280.3032,282.0201,256.0656
NVDA,2023-03-17,270.2267,281.4205,256.3465
NVDA,2023-03-20,270.7584,280.9003,256.6477
NVDA,2023-03-21,272.7826,280.3273,256.9162
NVDA,2023-03-22,278.0151,279.7771,257.2498
NVDA,2023-03-23,285.0799,279.3943,257.6221
NVDA,2023-03-24,303.5822,279.4389,258.0966
NVDA,2023-03-27,298.3241,279.7391,258.5358
NVDA,2023-03-28,292.3191,279.8964,258.9125
NVDA,2023-03-29,276.0924,279.7823,259.1974
NVDA,2023-03-30,282.2704,279.74,259.5163
NVDA,2023-03-31,274.8451,279.4531,259.7725
NVDA,2023-04-03,283.0391,279.0917,260.0382
NVDA,2023-04-04,279.0497,278.8215,260.2726
NVDA,2023-04-05,295.0197,279.0972,260.5711
NVDA,2023-04-06,282.3593,279.2133,260.7805
NVDA,2023-04-07,291.9812,279.6415,261.0973
NVDA,2023-04-10,300.8005,280.3782,261.4692
NVDA,2023-04-11,306.2258,280.9704,261.8533
NVDA,2023-04-12,296.0184,281.3255,262.1954
NVDA,2023-04-13,301.4009,281.4238,262.5732
NVDA,2023-04-14,302.9982,281.5469,262.9441
NVDA,2023-04-17,286.3942,281.5458,263.2161
NVDA,2023-04-18,301.1895,281.9773,263.5434
NVDA,2023-04-19,298.3131,282.1605,263.8838
NVDA,2023-04-20,312.9637,282.8323,264.3464
NVDA,2023-04-21,312.7005,283.3925,264.7778
NVDA,2023-04-24,322.943,284.214,265.2853
NVDA,2023-04-25,314.7231,285.0266,265.7782
NVDA,2023-04-26,317.2648,285.638,266.3127
NVDA,2023-04-27,319.1178,286.3845,266.8162
NVDA,2023-04-28,316.2894,287.2124,267.2968
NVDA,2023-05-01,308.1446,287.884,267.7234
NVDA,2023-05-02,280.1328,288.0755,267.9839
NVDA,2023-05-03,273.1209,287.7283,268.2095
NVDA,2023-05-04,279.5743,287.3051,268.4288
NVDA,2023-05-05,267.8996,286.7517,268.6319
NVDA,2023-05-08,258.3924,286.0885,268.8243
NVDA,2023-05-09,247.2933,285.5556,268.9986
NVDA,2023-05-10,249.2469,285.0309,269.167
NVDA,2023-05-11,242.6437,284.4953,269.2838
NVDA,2023-05-12,252.4772,284.1344,269.4644
NVDA,2023-05-15,258.7207,284.2168,269.6829
NVDA,2023-05-16,260.6926,284.3363,269.8659
NVDA,2023-05-17,263.54,284.2258,270.0859
NVDA,2023-05-18,257.6145,283.9807,270.2647
NVDA,2023-05-19,251.8242,283.7431,270.4368
NVDA,2023-05-22,257.8599,283.6228,270.5995
NVDA,2023-05-23,265.7285,283.6638,270.7775
NVDA,2023-05-24,272.0223,283.4464,271.0351
NVDA,2023-05-25,268.366,283.2076,271.2821
NVDA,2023-05-26,265.4206,283.1115,271.5824
NVDA,2023-05-29,258.077,282.8579,271.8151
NVDA,2023-05-30,264.7392,282.697,272.0092
NVDA,2023-05-31,249.1998,282.1207,272.1992
NVDA,2023-06-01,232.7856,281.0748,272.3522
NVDA,2023-06-02,218.8224,279.3796,272.4288
NVDA,2023-06-05,204.8057,277.5093,272.4346
NVDA,2023-06-06,214.0259,275.9434,272.4983
NVDA,2023-06-07,219.6793,274.8151,272.6426
NVDA,2023-06-08,211.8135,273.406,272.7366
NVDA,2023-06-09,211.3804,272.1367,272.7997
NVDA,2023-06-12,221.6539,270.909,272.8197
NVDA,2023-06-13,225.4643,269.8373,272.8114
NVDA,2023-06-14,241.3017,268.7629,272.9264
NVDA,2023-06-15,240.7451,267.9307,273.0377
NVDA,2023-06-16,236.1324,266.8137,273.1039
NVDA,2023-06-19,228.5216,265.3681,273.1545
NVDA,2023-06-20,228.987,263.8233,273.1789
NVDA,2023-06-21,236.1431,262.6258,273.2124
NVDA,2023-06-22,237.1872,261.3415,273.2041
NVDA,2023-06-23,234.829,259.9782,273.1518
NVDA,2023-06-26,244.6244,259.1428,273.1358
NVDA,2023-06-27,249.0546,258.1001,273.1651
NVDA,2023-06-28,248.4866,257.1035,273.2385
NVDA,2023-06-29,242.8717,255.7017,273.2743
NVDA,2023-06-30,241.2439,254.2726,273.3153
NVDA,2023-07-03,245.179,252.7173,273.3857
NVDA,2023-07-04,239.535,251.2135,273.3848
NVDA,2023-07-05,230.7034,249.4823,273.2853
NVDA,2023-07-06,227.5339,247.6506,273.2163
NVDA,2023-07-07,227.4746,245.8743,273.1533
NVDA,2023-07-10,237.7615,244.4667,273.1566
NVDA,2023-07-11,229.5268,243.4545,273.1053
NVDA,2023-07-12,231.4703,242.6215,273.1448
NVDA,2023-07-13,229.7516,241.6251,273.2247
NVDA,2023-07-14,228.4024,240.8351,273.3004
NVDA,2023-07-17,240.0588,240.4685,273.4062
NVDA,2023-07-18,240.9843,240.3423,273.5127
NVDA,2023-07-19,234.4511,240.0464,273.5615
NVDA,2023-07-20,241.4179,240.0218,273.6367
NVDA,2023-07-21,248.0169,239.9326,273.697
NVDA,2023-07-24,240.6281,239.5708,273.6622
NVDA,2023-07-25,232.0536,238.998,273.6123
NVDA,2023-07-26,235.3769,238.4347,273.5432
NVDA,2023-07-27,235.4361,237.9912,273.4527
NVDA,2023-07-28,232.2716,237.6001,273.2405
NVDA,2023-07-31,240.4392,237.2517,273.1016
NVDA,2023-08-01,236.2999,236.6631,272.9451
NVDA,2023-08-02,239.7674,236.018,272.8471
NVDA,2023-08-03,249.1255,235.6332,272.8334
NVDA,2023-08-04,246.7967,235.2608,272.791
NVDA,2023-08-07,233.2809,234.7648,272.6711
NVDA,2023-08-08,230.6353,234.0828,272.5142
NVDA,2023-08-09,232.3139,233.745,272.3423
NVDA,2023-08-10,240.0796,233.8909,272.2174
NVDA,2023-08-11,236.4757,234.244,272.0829
NVDA,2023-08-14,249.9866,235.1476,272.0539
NVDA,2023-08-15,240.2759,235.6726,272.0027
NVDA,2023-08-16,241.8331,236.1157,271.9599
NVDA,2023-08-17,240.328,236.686,271.9002
NVDA,2023-08-18,251.0679,237.4797,271.8639
NVDA,2023-08-21,239.9901,237.8464,271.7455
NVDA,2023-08-22,243.543,238.208,271.5769
NVDA,2023-08-23,241.9886,238.2218,271.4406
NVDA,2023-08-24,254.2566,238.492,271.3737
NVDA,2023-08-25,248.0267,238.7299,271.3108
NVDA,2023-08-28,251.6168,239.1918,271.2106
NVDA,2023-08-29,245.3772,239.5196,271.0988
NVDA,2023-08-30,247.1535,239.7398,270.9444
NVDA,2023-08-31,244.6101,239.8882,270.7105
NVDA,2023-09-01,241.9719,240.0311,270.4423
NVDA,2023-09-04,227.5825,239.6903,270.0865
NVDA,2023-09-05,230.8713,239.3266,269.7434
NVDA,2023-09-06,223.4221,238.8253,269.3761
NVDA,2023-09-07,215.9789,238.2875,268.99
NVDA,2023-09-08,205.9191,237.581,268.5584
NVDA,2023-09-11,199.4394,236.6662,268.0061
NVDA,2023-09-12,202.8697,235.9329,267.519
NVDA,2023-09-13,206.0388,235.4396,267.036
NVDA,2023-09-14,210.6628,235.1021,266.54
NVDA,2023-09-15,204.2208,234.6371,266.0235
NVDA,2023-09-18,205.8724,233.9993,265.493
NVDA,2023-09-19,202.181,233.4524,265.0144
NVDA,2023-09-20,208.622,232.9954,264.5024
NVDA,2023-09-21,211.7131,232.6346,263.9474
NVDA,2023-09-22,207.6478,232.2195,263.375
NVDA,2023-09-25,214.8431,231.7152,262.8806
NVDA,2023-09-26,218.5856,231.2673,262.3632
NVDA,2023-09-27,209.5119,230.7685,261.8556
NVDA,2023-09-28,199.0234,229.9206,261.342
NVDA,2023-09-29,190.9982,228.7802,260.7889
NVDA,2023-10-02,201.4413,227.9965,260.2122
NVDA,2023-10-03,195.3521,227.2624,259.5706
NVDA,2023-10-04,207.5114,226.7051,259.0204
NVDA,2023-10-05,200.9103,226.0146,258.5172
NVDA,2023-10-06,193.8675,225.2465,257.9748
NVDA,2023-10-09,199.5731,224.4292,257.447
NVDA,2023-10-10,205.7417,223.818,256.9516
NVDA,2023-10-11,209.6455,223.2156,256.3843
NVDA,2023-10-12,214.4342,222.5218,255.8457
NVDA,2023-10-13,209.3577,221.773,255.3914
NVDA,2023-10-16,215.2007,221.4114,254.9836
NVDA,2023-10-17,217.1134,221.141,254.562
NVDA,2023-10-18,214.9068,220.7928,254.1089
NVDA,2023-10-19,215.8264,220.3078,253.6669
NVDA,2023-10-20,223.4463,220.0472,253.2774
NVDA,2023-10-23,226.5131,219.5777,252.9934
NVDA,2023-10-24,211.9029,219.0102,252.6307
NVDA,2023-10-25,218.2168,218.5379,252.3128
NVDA,2023-10-26,224.1773,218.2149,252.0117
NVDA,2023-10-27,221.8026,217.6296,251.6748
NVDA,2023-10-30,222.907,217.2879,251.2838
NVDA,2023-10-31,223.9886,216.8968,250.9409
NVDA,2023-11-01,210.7216,216.2715,250.5883
NVDA,2023-11-02,208.341,215.3532,250.2473
NVDA,2023-11-03,206.2385,214.5174,249.9256
NVDA,2023-11-06,205.4748,213.5946,249.6332
NVDA,2023-11-07,202.3604,212.7342,249.2619
NVDA,2023-11-08,206.8963,211.9291,248.905
NVDA,2023-11-09,201.9504,211.0759,248.4324
NVDA,2023-11-10,208.0912,210.3983,247.9886
NVDA,2023-11-13,212.4401,210.0954,247.6186
NVDA,2023-11-14,222.027,209.9186,247.3306
NVDA,2023-11-15,234.7916,210.146,247.0588
NVDA,2023-11-16,248.3421,210.7932,246.9037
NVDA,2023-11-17,239.5479,211.4658,246.678
NVDA,2023-11-20,242.4714,212.3264,246.481
NVDA,2023-11-21,237.357,213.0162,246.2973
NVDA,2023-11-22,263.532,214.166,246.1815
NVDA,2023-11-23,269.0254,215.3333,246.1177
NVDA,2023-11-24,281.6613,216.8821,246.1515
NVDA,2023-11-27,285.9188,218.483,246.2082
NVDA,2023-11-28,263.483,219.7091,246.1729
NVDA,2023-11-29,257.3915,220.6845,246.0074
NVDA,2023-11-30,252.2181,221.4946,245.7649
NVDA,2023-12-01,249.4593,222.3308,245.5343
NVDA,2023-12-04,252.6262,223.0865,245.3397
NVDA,2023-12-05,256.9781,223.8543,245.2549
NVDA,2023-12-06,236.8738,224.4015,245.0618
NVDA,2023-12-07,235.4162,225.1294,244.8918
NVDA,2023-12-08,232.1401,225.9522,244.6999
NVDA,2023-12-11,242.7736,226.7789,244.6407
NVDA,2023-12-12,247.664,227.8251,244.6055
NVDA,2023-12-13,246.5577,228.606,244.4929
NVDA,2023-12-14,248.6213,229.5603,244.3867
NVDA,2023-12-15,236.0596,230.4041,244.2485
NVDA,2023-12-18,241.3395,231.2394,244.1358
NVDA,2023-12-19,238.6591,231.8978,244.0107
NVDA,2023-12-20,232.9668,232.3642,243.7611
NVDA,2023-12-21,243.126,232.938,243.5752
NVDA,2023-12-22,245.5466,233.6618,243.4518
NVDA,2023-12-25,240.764,234.1731,243.3018
NVDA,2023-12-26,236.5289,234.5614,243.1205
NVDA,2023-12-27,239.5794,235.0549,242.9284
NVDA,2023-12-28,242.0759,235.5798,242.7133
NVDA,2023-12-29,242.613,235.9632,242.4085
NVDA,2024-01-01,233.891,236.1107,242.0863
NVDA,2024-01-02,226.5353,236.4034,241.7574
NVDA,2024-01-03,221.5439,236.4699,241.4847
NVDA,2024-01-04,220.4636,236.3956,241.1756
NVDA,2024-01-05,220.461,236.3688,240.9037
NVDA,2024-01-08,219.6361,236.3034,240.5867
NVDA,2024-01-09,219.1296,236.2062,240.2871
NVDA,2024-01-10,232.8063,236.6479,239.976
NVDA,2024-01-11,239.4262,237.2696,239.7614
NVDA,2024-01-12,248.8774,238.1224,239.5458
NVDA,2024-01-15,252.8693,239.0703,239.3062
NVDA,2024-01-16,253.7737,240.0986,239.0439
NVDA,2024-01-17,257.4036,241.1087,238.8509
NVDA,2024-01-18,259.5755,242.2612,238.6417
NVDA,2024-01-19,266.6098,243.4316,238.4598
NVDA,2024-01-22,258.8793,244.3604,238.3222
NVDA,2024-01-23,265.1986,245.2238,238.1423
NVDA,2024-01-24,266.9417,245.8668,237.9854
NVDA,2024-01-25,252.4977,245.9499,237.6831
NVDA,2024-01-26,253.5071,246.2291,237.3871
NVDA,2024-01-29,243.6029,246.2517,236.9904
NVDA,2024-01-30,239.8415,246.3014,236.616
NVDA,2024-01-31,238.9499,245.8098,236.2244
NVDA,2024-02-01,228.1662,244.9926,235.7697
NVDA,2024-02-02,228.0743,243.9208,235.3286
NVDA,2024-02-05,228.8616,242.7797,234.9322
NVDA,2024-02-06,234.6723,242.2035,234.7049
NVDA,2024-02-07,231.6407,241.6885,234.4975
NVDA,2024-02-08,233.9535,241.3232,234.2694
NVDA,2024-02-09,233.5524,241.005,234.0976
NVDA,2024-02-12,230.7932,240.5684,233.9596
NVDA,2024-02-13,219.2458,239.8137,233.8194
NVDA,2024-02-14,218.7584,239.4514,233.6669
NVDA,2024-02-15,224.2379,239.2279,233.5749
NVDA,2024-02-16,218.0203,238.9455,233.4026
NVDA,2024-02-19,216.8093,238.4262,233.1931
NVDA,2024-02-20,216.6077,237.805,232.9727
NVDA,2024-02-21,224.5506,237.3649,232.7777
NVDA,2024-02-22,225.0537,236.8936,232.6149
NVDA,2024-02-23,227.3982,236.7203,232.4928
NVDA,2024-02-26,227.6296,236.4461,232.3416
NVDA,2024-02-27,224.4164,236.1613,232.1351
NVDA,2024-02-28,216.8184,235.8383,231.859
NVDA,2024-02-29,215.1577,235.2789,231.593
NVDA,2024-03-01,218.1211,234.7304,231.3565
NVDA,2024-03-04,219.2509,234.3002,231.1624
NVDA,2024-03-05,230.0063,234.1697,230.9887
NVDA,2024-03-06,237.2674,234.1235,230.929
NVDA,2024-03-07,247.0403,234.2228,231.0003
NVDA,2024-03-08,232.0216,234.0109,231.0663
NVDA,2024-03-11,244.17,234.2165,231.2631
NVDA,2024-03-12,246.5483,234.6168,231.4257
NVDA,2024-03-13,250.0667,235.1872,231.5777
NVDA,2024-03-14,257.5566,235.9291,231.8064
NVDA,2024-03-15,258.0622,236.6811,232.0398
NVDA,2024-03-18,249.8289,237.285,232.1807
NVDA,2024-03-19,261.8195,238.1388,232.3625
NVDA,2024-03-20,255.8901,238.6004,232.4354
NVDA,2024-03-21,248.3877,238.7797,232.4736
NVDA,2024-03-22,246.8796,238.7397,232.5274
NVDA,2024-03-25,244.2109,238.5666,232.6058
NVDA,2024-03-26,244.5554,238.3822,232.6836
NVDA,2024-03-27,244.1147,238.1164,232.7235
NVDA,2024-03-28,255.0242,238.0254,232.8127
NVDA,2024-03-29,259.0745,237.8747,232.9339
NVDA,2024-04-01,252.4939,237.747,232.9733
NVDA,2024-04-02,247.1469,237.3859,232.9637
NVDA,2024-04-03,244.4586,236.9363,232.9436
NVDA,2024-04-04,241.8299,236.7229,232.9384
NVDA,2024-04-05,238.2478,236.4177,232.9234
NVDA,2024-04-08,230.419,236.1541,232.8496
NVDA,2024-04-09,232.8363,236.0139,232.8161
NVDA,2024-04-10,229.8151,235.8313,232.8117
NVDA,2024-04-11,223.3156,235.7342,232.7906
NVDA,2024-04-12,227.0492,235.7137,232.7884
NVDA,2024-04-15,233.4949,235.8064,232.7671
NVDA,2024-04-16,231.9944,235.7528,232.7794
NVDA,2024-04-17,245.7008,236.034,232.8506
NVDA,2024-04-18,263.7987,236.631,233.0208
NVDA,2024-04-19,268.3056,237.326,233.2203
NVDA,2024-04-22,264.7141,238.0044,233.3436
NVDA,2024-04-23,267.3106,238.9657,233.4753
NVDA,2024-04-24,257.5295,239.7412,233.5906
NVDA,2024-04-25,250.8771,240.2739,233.6379
NVDA,2024-04-26,238.2339,240.6782,233.589
NVDA,2024-04-29,233.8659,241.0193,233.5552
NVDA,2024-04-30,225.2513,241.1922,233.5212
NVDA,2024-05-01,230.0191,241.3016,233.4944
NVDA,2024-05-02,224.945,241.2994,233.442
NVDA,2024-05-03,227.2063,241.2956,233.4166
NVDA,2024-05-06,232.9223,241.4014,233.379
NVDA,2024-05-07,241.988,241.7529,233.4075
NVDA,2024-05-08,239.618,242.2088,233.4067
NVDA,2024-05-09,242.2863,242.7514,233.3725
NVDA,2024-05-10,245.2302,243.2936,233.3647
NVDA,2024-05-13,255.5848,244.0203,233.4762
NVDA,2024-05-14,262.3091,244.6663,233.6346
NVDA,2024-05-15,273.6541,245.3941,233.8413
NVDA,2024-05-16,260.0108,245.6535,233.941
NVDA,2024-05-17,254.9558,246.1122,234.0334
NVDA,2024-05-20,263.7176,246.5031,234.102
NVDA,2024-05-21,268.9321,246.9508,234.2453
NVDA,2024-05-22,268.2207,247.3139,234.3772
NVDA,2024-05-23,264.5866,247.4545,234.4985
NVDA,2024-05-24,271.5916,247.7251,234.6011
NVDA,2024-05-27,255.5041,247.8386,234.6787
NVDA,2024-05-28,262.2976,247.8481,234.7725
NVDA,2024-05-29,263.3874,247.9981,234.8795
NVDA,2024-05-30,259.6978,248.2243,234.9067
NVDA,2024-05-31,264.1808,248.5703,234.9875
NVDA,2024-06-03,261.3248,248.9126,235.036
NVDA,2024-06-04,261.9013,249.2595,235.1186
NVDA,2024-06-05,261.8576,249.6144,235.1921
NVDA,2024-06-06,268.4168,249.8822,235.3112
NVDA,2024-06-07,270.1141,250.103,235.4519
NVDA,2024-06-10,254.6786,250.1467,235.5874
NVDA,2024-06-11,244.0676,250.0851,235.6533
NVDA,2024-06-12,236.1783,249.9195,235.7171
NVDA,2024-06-13,239.9082,249.8811,235.8368
NVDA,2024-06-14,244.4682,250.0055,236.0295
NVDA,2024-06-17,258.0069,250.5572,236.3224
NVDA,2024-06-18,250.216,250.9048,236.5591
NVDA,2024-06-19,261.0865,251.5303,236.8343
NVDA,2024-06-20,245.944,251.9828,237.0107
NVDA,2024-06-21,246.3992,252.3698,237.2216
NVDA,2024-06-24,248.63,252.6725,237.4354
NVDA,2024-06-25,250.8524,253.0497,237.6788
NVDA,2024-06-26,248.7388,253.1104,237.8794
NVDA,2024-06-27,249.9863,252.8342,238.0707
NVDA,2024-06-28,240.7575,252.2832,238.2363
NVDA,2024-07-01,247.7276,251.9435,238.4007
NVDA,2024-07-02,250.0066,251.5974,238.5578
NVDA,2024-07-03,253.2016,251.5109,238.7762
NVDA,2024-07-04,251.3101,251.5195,239.0377
NVDA,2024-07-05,249.0483,251.7358,239.3279
NVDA,2024-07-08,253.5254,252.129,239.5883
NVDA,2024-07-09,266.8891,252.9618,239.946
NVDA,2024-07-10,255.757,253.4765,240.1873
NVDA,2024-07-11,244.7001,253.8716,240.4062
NVDA,2024-07-12,247.0789,254.2691,240.6723
NVDA,2024-07-15,244.8227,254.5071,240.8985
NVDA,2024-07-16,246.0987,254.5893,241.1003
NVDA,2024-07-17,246.2318,254.7216,241.2832
NVDA,2024-07-18,251.4274,254.9044,241.4682
NVDA,2024-07-19,249.493,254.9896,241.6689
NVDA,2024-07-22,240.4868,254.6877,241.7953
NVDA,2024-07-23,234.8805,254.1391,241.8841
NVDA,2024-07-24,233.9981,253.346,241.9796
NVDA,2024-07-25,225.2193,252.6502,242.0266
NVDA,2024-07-26,225.2483,252.056,242.0356
NVDA,2024-07-29,225.971,251.3011,242.0329
NVDA,2024-07-30,223.727,250.397,242.092
NVDA,2024-07-31,225.4969,249.5425,242.1284
NVDA,2024-08-01,214.5947,248.5427,242.0805
NVDA,2024-08-02,208.5165,247.2812,242.014
NVDA,2024-08-05,201.4047,246.1992,241.9065
NVDA,2024-08-06,207.3315,245.0999,241.8232
NVDA,2024-08-07,223.2396,244.2969,241.8858
NVDA,2024-08-08,217.4116,243.4512,241.9312
NVDA,2024-08-09,216.0852,242.4893,241.9804
NVDA,2024-08-12,211.6896,241.4966,242.0115
NVDA,2024-08-13,213.4449,240.5274,242.0669
NVDA,2024-08-14,209.6638,239.4836,242.0808
NVDA,2024-08-15,211.8126,238.3515,242.1301
NVDA,2024-08-16,216.5752,237.2807,242.1725
NVDA,2024-08-19,208.6547,236.3602,242.1536
NVDA,2024-08-20,210.7183,235.6932,242.097
NVDA,2024-08-21,199.3984,234.9576,241.92
NVDA,2024-08-22,198.0489,234.1204,241.6686
NVDA,2024-08-23,196.2931,233.1569,241.4523
NVDA,2024-08-26,195.133,231.8995,241.2156
NVDA,2024-08-27,193.4738,230.7646,240.9962
NVDA,2024-08-28,190.727,229.3574,240.6322
NVDA,2024-08-29,189.3811,228.2262,240.234
NVDA,2024-08-30,191.0532,227.1193,239.7809
NVDA,2024-09-02,192.9108,226.0049,239.3159
NVDA,2024-09-03,193.8619,224.8651,238.9678
NVDA,2024-09-04,190.6366,223.703,238.634
NVDA,2024-09-05,197.4896,222.6531,238.3604
NVDA,2024-09-06,207.4769,221.9875,238.1504
NVDA,2024-09-09,199.4829,221.0226,237.8847
NVDA,2024-09-10,200.7764,220.038,237.6037
NVDA,2024-09-11,198.093,218.9358,237.4098
NVDA,2024-09-12,204.2163,217.9939,237.2538
NVDA,2024-09-13,204.3988,217.1009,237.1151
NVDA,2024-09-16,205.0056,216.1305,236.9263
NVDA,2024-09-17,208.4955,214.9627,236.7304
NVDA,2024-09-18,206.8172,213.9839,236.5317
NVDA,2024-09-19,218.3197,213.4563,236.3802
NVDA,2024-09-20,222.1395,212.9575,236.3106
NVDA,2024-09-23,229.0495,212.642,236.2492
NVDA,2024-09-24,227.7574,212.2752,236.1947
NVDA,2024-09-25,227.1706,211.894,236.1657
NVDA,2024-09-26,233.3535,211.5325,236.1168
NVDA,2024-09-27,238.9476,211.3216,236.0838
NVDA,2024-09-30,230.0289,211.1124,236.0301
NVDA,2024-10-01,231.2535,211.0399,236.0038
NVDA,2024-10-02,235.0336,211.0606,235.981
NVDA,2024-10-03,234.3731,211.2437,235.9425
NVDA,2024-10-04,237.4932,211.4886,235.9169
NVDA,2024-10-07,237.1415,211.712,235.9332
NVDA,2024-10-08,221.2251,211.6619,235.9066
NVDA,2024-10-09,212.5509,211.403,235.8617
NVDA,2024-10-10,219.4622,211.5004,235.8566
NVDA,2024-10-11,218.0605,211.6912,235.8446
NVDA,2024-10-14,219.6503,212.0562,235.8447
NVDA,2024-10-15,219.9085,212.3077,235.8486
NVDA,2024-10-16,214.5422,212.1337,235.7573
NVDA,2024-10-17,211.6819,212.0191,235.6186
NVDA,2024-10-18,214.1626,211.9807,235.445
NVDA,2024-10-21,217.3698,212.0943,235.2675
NVDA,2024-10-22,233.1818,212.489,235.1645
NVDA,2024-10-23,229.9957,212.8957,235.0275
NVDA,2024-10-24,242.735,213.5141,234.9433
NVDA,2024-10-25,236.55,213.9136,234.793
NVDA,2024-10-28,240.5285,214.5511,234.7012
NVDA,2024-10-29,242.192,215.1806,234.5862
NVDA,2024-10-30,241.5451,216.0235,234.4592
TSLA,2020-01-02,28.0,28.0,28.0
TSLA,2020-01-03,27.8106,27.9053,27.9053
TSLA,2020-01-06,28.6886,28.1664,28.1664
TSLA,2020-01-07,28.4921,28.2478,28.2478
TSLA,2020-01-08,26.3616,27.8706,27.8706
TSLA,2020-01-09,26.9287,27.7136,27.7136
TSLA,2020-01-10,26.0817,27.4805,27.4805
TSLA,2020-01-13,25.7032,27.2583,27.2583
TSLA,2020-01-14,27.321,27.2653,27.2653
TSLA,2020-01-15,27.2081,27.2596,27.2596
TSLA,2020-01-16,27.2466,27.2584,27.2584
TSLA,2020-01-17,27.8586,27.3084,27.3084
TSLA,2020-01-20,28.4793,27.3985,27.3985
TSLA,2020-01-21,27.4642,27.4032,27.4032
TSLA,2020-01-22,27.4334,27.4052,27.4052
TSLA,2020-01-23,27.511,27.4118,27.4118
TSLA,2020-01-24,27.8565,27.438,27.438
TSLA,2020-01-27,28.2263,27.4817,27.4817
TSLA,2020-01-28,31.4231,27.6892,27.6892
TSLA,2020-01-29,29.9863,27.804,27.804
TSLA,2020-01-30,31.2562,27.9684,27.9684
TSLA,2020-01-31,32.8521,28.1904,28.1904
TSLA,2020-02-03,33.5668,28.4242,28.4242
TSLA,2020-02-04,32.7287,28.6035,28.6035
TSLA,2020-02-05,35.0845,28.8628,28.8628
TSLA,2020-02-06,32.1159,28.9879,28.9879
TSLA,2020-02-07,31.2718,29.0725,29.0725
TSLA,2020-02-10,32.8528,29.2075,29.2075
TSLA,2020-02-11,32.4022,29.3177,29.3177
TSLA,2020-02-12,34.6376,29.495,29.495
TSLA,2020-02-13,32.6023,29.5952,29.5952
TSLA,2020-02-14,31.1929,29.6451,29.6451
TSLA,2020-02-17,30.5623,29.6729,29.6729
TSLA,2020-02-18,31.1309,29.7158,29.7158
TSLA,2020-02-19,30.8907,29.7494,29.7494
TSLA,2020-02-20,30.3173,29.7652,29.7652
TSLA,2020-02-21,32.1761,29.8303,29.8303
TSLA,2020-02-24,34.2791,29.9474,29.9474
TSLA,2020-02-25,33.7477,30.0448,30.0448
TSLA,2020-02-26,31.5083,30.0814,30.0814
TSLA,2020-02-27,28.883,30.0522,30.0522
TSLA,2020-02-28,29.2066,30.0321,30.0321
TSLA,2020-03-02,30.0421,30.0323,30.0323
TSLA,2020-03-03,30.1602,30.0352,30.0352
TSLA,2020-03-04,30.1132,30.0369,30.0369
TSLA,2020-03-05,29.1765,30.0182,30.0182
TSLA,2020-03-06,30.0099,30.0181,30.0181
TSLA,2020-03-09,32.1878,30.0633,30.0633
TSLA,2020-03-10,29.4342,30.0504,30.0504
TSLA,2020-03-11,29.3805,30.037,30.037
TSLA,2020-03-12,28.274,30.0425,30.0025
TSLA,2020-03-13,26.6358,30.019,29.9377
TSLA,2020-03-16,25.4657,29.9545,29.8533
TSLA,2020-03-17,25.8995,29.9027,29.7801
TSLA,2020-03-18,26.368,29.9028,29.7181
TSLA,2020-03-19,28.0303,29.9249,29.6879
TSLA,2020-03-20,28.0781,29.9648,29.6597
TSLA,2020-03-23,26.1629,29.974,29.5994
TSLA,2020-03-24,25.9439,29.9464,29.5374
TSLA,2020-03-25,24.5451,29.8932,29.4542
TSLA,2020-03-26,23.3931,29.8161,29.3549
TSLA,2020-03-27,23.9881,29.7387,29.2683
TSLA,2020-03-30,24.2121,29.6534,29.1881
TSLA,2020-03-31,24.8351,29.6008,29.12
TSLA,2020-04-01,24.5071,29.5422,29.0491
TSLA,2020-04-02,25.3474,29.499,28.993
TSLA,2020-04-03,24.9555,29.441,28.9327
TSLA,2020-04-06,26.1582,29.3996,28.8919
TSLA,2020-04-07,26.5656,29.3024,28.8582
TSLA,2020-04-08,26.3768,29.2303,28.8228
TSLA,2020-04-09,26.6427,29.138,28.7921
TSLA,2020-04-10,26.659,29.0141,28.7624
TSLA,2020-04-13,28.4978,28.9127,28.7588
TSLA,2020-04-14,28.8243,28.8346,28.7597
TSLA,2020-04-15,28.8612,28.7102,28.761
TSLA,2020-04-16,28.6192,28.6403,28.7592
TSLA,2020-04-17,29.6644,28.6081,28.7709
TSLA,2020-04-20,30.5779,28.5626,28.7941
TSLA,2020-04-21,30.2776,28.5201,28.8129
TSLA,2020-04-22,28.9171,28.4057,28.8142
TSLA,2020-04-23,27.9061,28.3118,28.803
TSLA,2020-04-24,27.7337,28.2426,28.7899
TSLA,2020-04-27,29.3481,28.2183,28.7967
TSLA,2020-04-28,29.0881,28.1775,28.8001
TSLA,2020-04-29,28.4271,28.1282,28.7957
TSLA,2020-04-30,26.4854,28.0515,28.7689
TSLA,2020-05-01,28.2166,27.9724,28.7625
TSLA,2020-05-04,28.9207,27.8652,28.7643
TSLA,2020-05-05,29.919,27.7886,28.7773
TSLA,2020-05-06,31.1625,27.7817,28.8038
TSLA,2020-05-07,30.9946,27.8239,28.8279
TSLA,2020-05-08,31.144,27.8627,28.853
TSLA,2020-05-11,33.1459,27.9248,28.8992
TSLA,2020-05-12,33.4354,27.9903,28.9475
TSLA,2020-05-13,34.2956,28.0739,29.0038
TSLA,2020-05-14,35.588,28.2021,29.0723
TSLA,2020-05-15,36.5864,28.3337,29.1498
TSLA,2020-05-18,36.4439,28.4188,29.2242
TSLA,2020-05-19,36.4423,28.5589,29.2972
TSLA,2020-05-20,37.672,28.7248,29.3809
TSLA,2020-05-21,38.9405,28.9381,29.4755
TSLA,2020-05-22,40.9034,29.2235,29.5876
TSLA,2020-05-25,41.8932,29.552,29.7071
TSLA,2020-05-26,42.9869,29.8938,29.8347
TSLA,2020-05-27,42.2654,30.2117,29.9531
TSLA,2020-05-28,41.3271,30.4776,30.0604
TSLA,2020-05-29,42.7268,30.7706,30.1788
TSLA,2020-06-01,41.7901,31.0832,30.2863
TSLA,2020-06-02,41.8108,31.4005,30.3921
TSLA,2020-06-03,44.2991,31.7956,30.5185
TSLA,2020-06-04,46.632,32.2604,30.6637
TSLA,2020-06-05,47.2753,32.7261,30.812
TSLA,2020-06-08,46.7684,33.1772,30.9532
TSLA,2020-06-09,46.5953,33.6124,31.0904
TSLA,2020-06-10,48.3454,34.0892,31.2404
TSLA,2020-06-11,48.3381,34.549,31.3878
TSLA,2020-06-12,47.3092,34.9961,31.5239
TSLA,2020-06-15,49.7908,35.4687,31.6787
TSLA,2020-06-16,50.2299,35.942,31.8346
TSLA,2020-06-17,49.1226,36.3969,31.9787
TSLA,2020-06-18,50.1628,36.8673,32.129
TSLA,2020-06-19,52.2681,37.3795,32.294
TSLA,2020-06-22,50.2228,37.814,32.4398
TSLA,2020-06-23,49.8793,38.2351,32.5804
TSLA,2020-06-24,49.4444,38.6468,32.7153
TSLA,2020-06-25,50.4364,39.0831,32.856
TSLA,2020-06-26,51.8283,39.5264,33.0054
TSLA,2020-06-29,50.7392,39.9296,33.1439
TSLA,2020-06-30,47.795,40.28,33.2575
TSLA,2020-07-01,49.9246,40.7001,33.3857
TSLA,2020-07-02,47.751,41.097,33.4954
TSLA,2020-07-03,48.3492,41.5093,33.6079
TSLA,2020-07-06,48.1533,41.8854,33.7173
TSLA,2020-07-07,48.5398,42.2745,33.8279
TSLA,2020-07-08,52.005,42.746,33.9625
TSLA,2020-07-09,58.9736,43.3958,34.1464
TSLA,2020-07-10,55.2325,43.9361,34.3003
TSLA,2020-07-13,57.5805,44.5093,34.469
TSLA,2020-07-14,57.2902,45.0567,34.6332
TSLA,2020-07-15,59.8822,45.6311,34.8136
TSLA,2020-07-16,62.3598,46.2584,35.0089
TSLA,2020-07-17,66.1542,46.9586,35.2283
TSLA,2020-07-20,67.0206,47.6361,35.4506
TSLA,2020-07-21,64.7103,48.2616,35.6538
TSLA,2020-07-22,67.3059,48.9218,35.8721
TSLA,2020-07-23,67.7229,49.5645,36.0902
TSLA,2020-07-24,67.1677,50.1762,36.3016
TSLA,2020-07-27,65.9593,50.7665,36.502
TSLA,2020-07-28,68.8264,51.4142,36.719
TSLA,2020-07-29,73.5955,52.1326,36.9648
TSLA,2020-07-30,70.1743,52.7573,37.1847
TSLA,2020-07-31,72.0812,53.3809,37.4143
TSLA,2020-08-03,71.086,53.9647,37.6344
TSLA,2020-08-04,67.031,54.4456,37.8253
TSLA,2020-08-05,67.5283,54.9509,38.0169
TSLA,2020-08-06,65.3513,55.4313,38.1921
TSLA,2020-08-07,61.3453,55.8037,38.3396
TSLA,2020-08-10,59.4927,56.1578,38.4735
TSLA,2020-08-11,57.1178,56.4639,38.5907
TSLA,2020-08-12,55.7,56.6919,38.6977
TSLA,2020-08-13,52.8276,56.8158,38.7854
TSLA,2020-08-14,52.0497,56.9113,38.8673
TSLA,2020-08-17,50.6196,56.9883,38.9394
TSLA,2020-08-18,51.4733,57.0859,39.0158
TSLA,2020-08-19,52.8105,57.1752,39.0995
TSLA,2020-08-20,53.4479,57.2774,39.1859
TSLA,2020-08-21,53.0063,57.3913,39.2686
TSLA,2020-08-24,52.5103,57.4457,39.3475
TSLA,2020-08-25,50.8092,57.4573,39.4153
TSLA,2020-08-26,49.2118,57.4591,39.4729
TSLA,2020-08-27,50.7183,57.4702,39.5387
TSLA,2020-08-28,47.256,57.37,39.5835
TSLA,2020-08-31,47.1634,57.3088,39.6274
TSLA,2020-09-01,46.6053,57.2433,39.6675
TSLA,2020-09-02,47.827,57.211,39.7141
TSLA,2020-09-03,45.1769,57.1058,39.7451
TSLA,2020-09-04,45.2608,56.9744,39.7763
TSLA,2020-09-07,45.9627,56.8789,39.811
TSLA,2020-09-08,42.5714,56.7744,39.8265
TSLA,2020-09-09,40.7941,56.5918,39.8318
TSLA,2020-09-10,40.6957,56.4507,39.8366
TSLA,2020-09-11,41.6175,56.3161,39.8464
TSLA,2020-09-14,41.986,56.1927,39.8581
TSLA,2020-09-15,43.0185,56.0823,39.8753
TSLA,2020-09-16,41.214,55.8665,39.8825
TSLA,2020-09-17,38.6702,55.4604,39.876
TSLA,2020-09-18,38.8564,55.1329,39.8705
TSLA,2020-09-21,36.9986,54.7212,39.8553
TSLA,2020-09-22,35.7587,54.2906,39.8336
TSLA,2020-09-23,37.2,53.837,39.8197
TSLA,2020-09-24,37.5396,53.3406,39.8078
TSLA,2020-09-25,36.7257,52.752,39.7917
TSLA,2020-09-28,35.7389,52.1264,39.7707
TSLA,2020-09-29,36.7085,51.5663,39.7549
TSLA,2020-09-30,37.0783,50.9618,39.7412
TSLA,2020-10-01,35.3269,50.3138,39.7187
TSLA,2020-10-02,32.6627,49.6237,39.6829
TSLA,2020-10-05,35.3264,49.0111,39.6609
TSLA,2020-10-06,33.6468,48.3075,39.6307
TSLA,2020-10-07,34.428,47.5241,39.6046
TSLA,2020-10-08,36.6741,46.8541,39.648
TSLA,2020-10-09,36.9461,46.1514,39.6937
TSLA,2020-10-12,36.0973,45.4517,39.7307
TSLA,2020-10-13,34.0957,44.793,39.7588
TSLA,2020-10-14,32.1867,44.0861,39.7879
TSLA,2020-10-15,32.731,43.4337,39.8169
TSLA,2020-10-16,34.7812,42.9024,39.8604
TSLA,2020-10-19,34.2686,42.398,39.9032
TSLA,2020-10-20,33.5427,41.9265,39.9343
TSLA,2020-10-21,34.5609,41.5037,39.9711
TSLA,2020-10-22,33.6489,41.1201,40.0031
TSLA,2020-10-23,34.075,40.7606,40.0342
TSLA,2020-10-26,34.1792,40.4318,40.0627
TSLA,2020-10-27,33.6562,40.0755,40.0936
TSLA,2020-10-28,33.68,39.6928,40.1249
TSLA,2020-10-29,36.2501,39.3489,40.1686
TSLA,2020-10-30,37.2086,39.0329,40.2153
TSLA,2020-11-02,38.9632,38.762,40.269
TSLA,2020-11-03,37.5753,38.4973,40.2998
TSLA,2020-11-04,39.3527,38.3001,40.3466
TSLA,2020-11-05,40.4503,38.0948,40.3926
TSLA,2020-11-06,38.0924,37.9115,40.4188
TSLA,2020-11-09,38.9961,37.7482,40.4459
TSLA,2020-11-10,38.2365,37.5808,40.4735
TSLA,2020-11-11,35.9396,37.343,40.4777
TSLA,2020-11-12,36.1797,37.1631,40.4981
TSLA,2020-11-13,37.0369,36.9986,40.5269
TSLA,2020-11-16,37.3176,36.8257,40.5492
TSLA,2020-11-17,37.2012,36.7183,40.5732
TSLA,2020-11-18,36.7504,36.6374,40.5838
TSLA,2020-11-19,40.7107,36.6377,40.6243
TSLA,2020-11-20,38.8385,36.5822,40.6625
TSLA,2020-11-23,40.306,36.5486,40.7113
TSLA,2020-11-24,40.3857,36.4959,40.7575
TSLA,2020-11-25,39.0496,36.4526,40.7983
TSLA,2020-11-26,39.0247,36.4597,40.8419
TSLA,2020-11-27,36.9108,36.4208,40.8655
TSLA,2020-11-30,36.0702,36.4022,40.8745
TSLA,2020-12-01,36.0493,36.408,40.886
TSLA,2020-12-02,33.8765,36.3416,40.8978
TSLA,2020-12-03,34.6327,36.2834,40.9266
TSLA,2020-12-04,33.3374,36.2157,40.9472
TSLA,2020-12-07,31.4558,36.13,40.9543
TSLA,2020-12-08,30.135,35.9985,40.9542
TSLA,2020-12-09,32.9875,35.9167,40.9686
TSLA,2020-12-10,30.462,35.8194,40.975
TSLA,2020-12-11,31.0526,35.7872,40.9802
TSLA,2020-12-14,30.1519,35.6837,40.97
TSLA,2020-12-15,29.7627,35.606,40.9717
TSLA,2020-12-16,30.5489,35.5285,40.9775
TSLA,2020-12-17,31.2929,35.4208,40.9926
TSLA,2020-12-18,30.4737,35.2914,41.0118
TSLA,2020-12-21,28.8644,35.1467,41.0288
TSLA,2020-12-22,29.649,35.0578,41.0475
TSLA,2020-12-23,30.368,35.0214,41.0675
TSLA,2020-12-24,30.0561,34.9679,41.0777
TSLA,2020-12-25,30.6461,34.8852,41.0905
TSLA,2020-12-28,30.1323,34.8025,41.1103
TSLA,2020-12-29,29.1681,34.715,41.1265
TSLA,2020-12-30,29.2121,34.608,41.1498
TSLA,2020-12-31,29.8797,34.5326,41.1822
TSLA,2021-01-01,30.3012,34.4572,41.2138
TSLA,2021-01-04,30.9811,34.3932,41.2476
TSLA,2021-01-05,30.0716,34.3215,41.2738
TSLA,2021-01-06,32.127,34.2904,41.3119
TSLA,2021-01-07,31.7224,34.1999,41.3438
TSLA,2021-01-08,31.6107,34.0879,41.3771
TSLA,2021-01-11,29.9895,33.9085,41.3962
TSLA,2021-01-12,29.7924,33.7528,41.4124
TSLA,2021-01-13,30.4898,33.5755,41.4329
TSLA,2021-01-14,31.499,33.3965,41.4572
TSLA,2021-01-15,33.6246,33.3072,41.492
TSLA,2021-01-18,34.3947,33.2151,41.5215
TSLA,2021-01-19,34.8337,33.1471,41.5516
TSLA,2021-01-20,34.2489,33.1133,41.5785
TSLA,2021-01-21,33.3782,33.0572,41.6023
TSLA,2021-01-22,34.7777,33.0121,41.6279
TSLA,2021-01-25,36.2074,32.9898,41.656
TSLA,2021-01-26,34.692,32.9397,41.6781
TSLA,2021-01-27,35.7825,32.9203,41.7124
TSLA,2021-01-28,36.7977,32.842,41.7569
TSLA,2021-01-29,35.2045,32.7694,41.7942
TSLA,2021-02-01,36.0406,32.6841,41.8277
TSLA,2021-02-02,34.571,32.5678,41.8551
TSLA,2021-02-03,31.3399,32.4136,41.8697
TSLA,2021-02-04,31.177,32.2566,41.8931
TSLA,2021-02-05,31.5502,32.1494,41.9098
TSLA,2021-02-08,31.4441,32.0569,41.9224
TSLA,2021-02-09,35.4086,32.0441,41.9499
TSLA,2021-02-10,36.0105,32.0867,41.9741
TSLA,2021-02-11,36.2768,32.1196,42.0005
TSLA,2021-02-12,36.9703,32.1923,42.0296
TSLA,2021-02-15,36.357,32.2903,42.0457
TSLA,2021-02-16,37.8182,32.444,42.0676
TSLA,2021-02-17,38.433,32.5529,42.0883
TSLA,2021-02-18,38.9846,32.7233,42.1053
TSLA,2021-02-19,38.052,32.8633,42.1126
TSLA,2021-02-22,35.7391,32.9751,42.1091
TSLA,2021-02-23,35.06,33.081,42.1022
TSLA,2021-02-24,35.5158,33.1804,42.0914
TSLA,2021-02-25,34.9219,33.2529,42.0713
TSLA,2021-02-26,35.389,33.3512,42.0437
TSLA,2021-03-01,35.1011,33.476,42.0098
TSLA,2021-03-02,35.7735,33.5985,41.9737
TSLA,2021-03-03,34.4171,33.6794,41.9345
TSLA,2021-03-04,34.7367,33.7731,41.9015
TSLA,2021-03-05,33.8824,33.8378,41.8573
TSLA,2021-03-08,31.8569,33.8723,41.8076
TSLA,2021-03-09,31.6847,33.9226,41.757
TSLA,2021-03-10,33.7873,34.0141,41.7044
TSLA,2021-03-11,31.8713,34.0539,41.6306
TSLA,2021-03-12,32.0706,34.0893,41.5546
TSLA,2021-03-15,33.1798,34.1333,41.4867
TSLA,2021-03-16,36.5055,34.262,41.4362
TSLA,2021-03-17,35.8242,34.3359,41.3736
TSLA,2021-03-18,34.956,34.4006,41.3067
TSLA,2021-03-19,33.3702,34.4358,41.237
TSLA,2021-03-22,35.0126,34.5363,41.1631
TSLA,2021-03-23,33.8363,34.6171,41.0811
TSLA,2021-03-24,33.3715,34.6748,41.0024
TSLA,2021-03-25,30.98,34.6644,40.9065
TSLA,2021-03-26,32.1651,34.6352,40.806
TSLA,2021-03-29,33.7726,34.6228,40.7237
TSLA,2021-03-30,35.0097,34.6263,40.6494
TSLA,2021-03-31,32.8266,34.5978,40.5663
TSLA,2021-04-01,33.6982,34.6042,40.4826
TSLA,2021-04-02,31.5098,34.5389,40.381
TSLA,2021-04-05,31.6273,34.4473,40.2854
TSLA,2021-04-06,31.9369,34.3922,40.2061
TSLA,2021-04-07,32.3886,34.3243,40.1185
TSLA,2021-04-08,33.1499,34.2513,40.0455
TSLA,2021-04-09,33.1836,34.2109,39.9696
TSLA,2021-04-12,30.6627,34.1034,39.8822
TSLA,2021-04-13,31.3841,34.0396,39.7964
TSLA,2021-04-14,31.5522,34.0439,39.6941
TSLA,2021-04-15,30.4482,34.0293,39.5515
TSLA,2021-04-16,28.5916,33.9701,39.4183
TSLA,2021-04-19,30.4935,33.9511,39.2829
TSLA,2021-04-20,32.1135,33.8852,39.157
TSLA,2021-04-21,33.0998,33.827,39.0231
TSLA,2021-04-22,32.239,33.7462,38.8725
TSLA,2021-04-23,29.1211,33.5892,38.6873
TSLA,2021-04-26,30.0877,33.4639,38.5026
TSLA,2021-04-27,30.5839,33.3192,38.332
TSLA,2021-04-28,30.1588,33.1537,38.1463
TSLA,2021-04-29,31.6228,33.0065,37.9658
TSLA,2021-04-30,32.7842,32.9011,37.7938
TSLA,2021-05-03,33.0658,32.8476,37.6294
TSLA,2021-05-04,33.1579,32.8096,37.451
TSLA,2021-05-05,33.2718,32.7647,37.2494
TSLA,2021-05-06,34.2572,32.7514,37.0698
TSLA,2021-05-07,33.1198,32.706,36.875
TSLA,2021-05-10,33.7478,32.679,36.6883
TSLA,2021-05-11,32.5431,32.6144,36.5159
TSLA,2021-05-12,34.42,32.6144,36.3504
TSLA,2021-05-13,35.2255,32.6242,36.1997
TSLA,2021-05-14,34.2928,32.6324,36.0645
TSLA,2021-05-17,34.4524,32.6843,35.9393
TSLA,2021-05-18,33.3135,32.7169,35.8202
TSLA,2021-05-19,35.4774,32.7507,35.7191
TSLA,2021-05-20,37.966,32.8726,35.6448
TSLA,2021-05-21,39.1164,33.0135,35.5801
TSLA,2021-05-24,41.7469,33.1848,35.5358
TSLA,2021-05-25,42.0637,33.296,35.4887
TSLA,2021-05-26,43.4579,33.4487,35.442
TSLA,2021-05-27,45.7542,33.6646,35.4035
TSLA,2021-05-28,45.805,33.9133,35.3675
TSLA,2021-05-31,46.0003,34.1331,35.335
TSLA,2021-06-01,47.8573,34.4135,35.3202
TSLA,2021-06-02,49.2071,34.7302,35.3202
TSLA,2021-06-03,47.7725,35.0661,35.3054
TSLA,2021-06-04,43.7395,35.2976,35.2879
TSLA,2021-06-07,43.4847,35.4918,35.2695
TSLA,2021-06-08,39.9605,35.5908,35.2362
TSLA,2021-06-09,38.4231,35.7028,35.1892
TSLA,2021-06-10,37.1218,35.7712,35.1489
TSLA,2021-06-11,36.3162,35.8674,35.1042
TSLA,2021-06-14,37.6075,35.987,35.0624
TSLA,2021-06-15,39.2926,36.1341,35.0461
TSLA,2021-06-16,40.1736,36.2898,35.0429
TSLA,2021-06-17,41.2831,36.4524,35.0459
TSLA,2021-06-18,42.4643,36.638,35.0501
TSLA,2021-06-21,38.3891,36.7926,35.0321
TSLA,2021-06-22,38.4567,36.934,35.0093
TSLA,2021-06-23,35.7775,37.0185,34.9821
TSLA,2021-06-24,36.5804,37.1412,34.9717
TSLA,2021-06-25,33.621,37.2418,34.9455
TSLA,2021-06-28,33.4184,37.3003,34.9276
TSLA,2021-06-29,34.2224,37.3424,34.9199
TSLA,2021-06-30,32.7354,37.3352,34.8976
TSLA,2021-07-01,34.096,37.3723,34.8804
TSLA,2021-07-02,34.8575,37.487,34.8711
TSLA,2021-07-05,35.4529,37.5943,34.8696
TSLA,2021-07-06,36.5299,37.7132,34.8687
TSLA,2021-07-07,36.045,37.831,34.8636
TSLA,2021-07-08,36.3187,37.9249,34.8685
TSLA,2021-07-09,36.3825,37.9969,34.8871
TSLA,2021-07-12,36.4127,38.0638,34.8926
TSLA,2021-07-13,35.4721,38.1101,34.9017
TSLA,2021-07-14,33.7578,38.1198,34.8983
TSLA,2021-07-15,33.3402,38.1015,34.8817
TSLA,2021-07-16,32.8535,38.0961,34.8612
TSLA,2021-07-19,31.9201,38.0596,34.8403
TSLA,2021-07-20,33.0979,38.0707,34.8353
TSLA,2021-07-21,31.5892,38.0141,34.8323
TSLA,2021-07-22,31.4104,37.9378,34.8257
TSLA,2021-07-23,32.9912,37.9117,34.8168
TSLA,2021-07-26,34.2885,37.9084,34.8169
TSLA,2021-07-27,36.0878,37.9639,34.8296
TSLA,2021-07-28,35.2727,37.9598,34.8332
TSLA,2021-07-29,36.4728,37.93,34.8473
TSLA,2021-07-30,34.9664,37.847,34.8517
TSLA,2021-08-02,34.6201,37.7044,34.8539
TSLA,2021-08-03,34.4097,37.5514,34.8577
TSLA,2021-08-04,33.653,37.3553,34.8576
TSLA,2021-08-05,33.2028,37.1042,34.8423
TSLA,2021-08-06,32.5825,36.8398,34.8192
TSLA,2021-08-09,31.34,36.5466,34.7811
TSLA,2021-08-10,32.5021,36.2395,34.7557
TSLA,2021-08-11,32.3036,35.9014,34.7205
TSLA,2021-08-12,32.615,35.5982,34.6813
TSLA,2021-08-13,32.8786,35.381,34.6552
TSLA,2021-08-16,32.9967,35.1713,34.6252
TSLA,2021-08-17,33.1669,35.0354,34.5999
TSLA,2021-08-18,32.7987,34.9229,34.5842
TSLA,2021-08-19,34.8068,34.8766,34.5773
TSLA,2021-08-20,35.9563,34.8694,34.5719
TSLA,2021-08-23,36.0318,34.8379,34.5655
TSLA,2021-08-24,35.4258,34.7606,34.5566
TSLA,2021-08-25,35.3013,34.6631,34.5494
TSLA,2021-08-26,35.9585,34.5566,34.5256
TSLA,2021-08-27,38.2876,34.4731,34.5229
TSLA,2021-08-30,36.2431,34.4302,34.5025
TSLA,2021-08-31,37.2856,34.4067,34.487
TSLA,2021-09-01,39.0986,34.4732,34.4873
TSLA,2021-09-02,36.839,34.4783,34.4764
TSLA,2021-09-03,36.6159,34.5382,34.4749
TSLA,2021-09-06,35.1014,34.5719,34.47
TSLA,2021-09-07,35.7737,34.6029,34.4687
TSLA,2021-09-08,35.3,34.6542,34.4758
TSLA,2021-09-09,35.1597,34.6755,34.4784
TSLA,2021-09-10,34.6193,34.6707,34.4848
TSLA,2021-09-13,35.7033,34.6757,34.5061
TSLA,2021-09-14,36.0882,34.6669,34.5358
TSLA,2021-09-15,36.4801,34.6756,34.5533
TSLA,2021-09-16,36.7702,34.6846,34.5848
TSLA,2021-09-17,37.693,34.7108,34.618
TSLA,2021-09-20,37.341,34.7294,34.654
TSLA,2021-09-21,40.0879,34.8217,34.7056
TSLA,2021-09-22,38.1627,34.9098,34.7437
TSLA,2021-09-23,35.6067,34.9552,34.7652
TSLA,2021-09-24,33.1095,34.9603,34.7784
TSLA,2021-09-27,30.4478,34.9308,34.7863
TSLA,2021-09-28,31.3408,34.8957,34.7948
TSLA,2021-09-29,32.0995,34.9059,34.8035
TSLA,2021-09-30,33.7722,34.9531,34.822
TSLA,2021-10-01,32.3857,34.941,34.8307
TSLA,2021-10-04,33.4344,34.9239,34.8472
TSLA,2021-10-05,33.5574,34.8733,34.8692
TSLA,2021-10-06,33.8325,34.8445,34.8923
TSLA,2021-10-07,34.7571,34.8102,34.9167
TSLA,2021-10-08,33.7426,34.7857,34.9339
TSLA,2021-10-11,37.5639,34.8446,34.9668
TSLA,2021-10-12,39.7227,34.9509,35.0151
TSLA,2021-10-13,38.9195,35.0562,35.049
TSLA,2021-10-14,37.2696,35.1375,35.0768
TSLA,2021-10-15,37.1857,35.2296,35.1046
TSLA,2021-10-18,37.5146,35.3531,35.1423
TSLA,2021-10-19,39.2404,35.4879,35.1895
TSLA,2021-10-20,37.4571,35.5909,35.2243
TSLA,2021-10-21,37.9485,35.6976,35.2566
TSLA,2021-10-22,35.6935,35.7539,35.2669
TSLA,2021-10-25,36.3858,35.8217,35.2769
TSLA,2021-10-26,36.2747,35.8838,35.2841
TSLA,2021-10-27,39.3213,36.0143,35.3094
TSLA,2021-10-28,36.9589,36.0573,35.3273
TSLA,2021-10-29,39.145,36.1211,35.3492
TSLA,2021-11-01,36.5562,36.1316,35.3509
TSLA,2021-11-02,34.6692,36.1165,35.3508
TSLA,2021-11-03,32.4119,36.0587,35.334
TSLA,2021-11-04,32.7899,35.9953,35.3139
TSLA,2021-11-05,31.2934,35.8554,35.2944
TSLA,2021-11-08,29.6523,35.7236,35.2624
TSLA,2021-11-09,29.9398,35.5767,35.2393
TSLA,2021-11-10,30.5398,35.4055,35.2353
TSLA,2021-11-11,30.6308,35.2813,35.2325
TSLA,2021-11-12,30.469,35.1584,35.2271
TSLA,2021-11-15,32.8825,35.114,35.2343
TSLA,2021-11-16,33.1239,35.061,35.2229
TSLA,2021-11-17,34.2809,35.0406,35.2143
TSLA,2021-11-18,34.5285,35.028,35.2055
TSLA,2021-11-19,33.0551,34.9967,35.1859
TSLA,2021-11-22,33.8533,34.9597,35.1734
TSLA,2021-11-23,33.0007,34.898,35.1493
TSLA,2021-11-24,32.9222,34.8268,35.1218
TSLA,2021-11-25,33.3813,34.7591,35.0938
TSLA,2021-11-26,30.8719,34.6226,35.0579
TSLA,2021-11-29,28.9418,34.4546,35.0239
TSLA,2021-11-30,30.0803,34.2545,34.999
TSLA,2021-12-01,29.3132,34.0775,34.968
TSLA,2021-12-02,28.6212,33.9378,34.9365
TSLA,2021-12-03,28.8556,33.8527,34.9038
TSLA,2021-12-06,28.4417,33.8126,34.8705
TSLA,2021-12-07,28.9712,33.7652,34.8365
TSLA,2021-12-08,28.9495,33.7022,34.8091
TSLA,2021-12-09,29.2251,33.6113,34.7816
TSLA,2021-12-10,28.4354,33.5323,34.7543
TSLA,2021-12-13,28.7002,33.4376,34.7386
TSLA,2021-12-14,30.0691,33.3678,34.7305
TSLA,2021-12-15,29.4177,33.2795,34.7086
TSLA,2021-12-16,30.5822,33.196,34.7022
TSLA,2021-12-17,30.5588,33.1323,34.6946
TSLA,2021-12-20,31.5341,33.0117,34.6864
TSLA,2021-12-21,31.7435,32.8522,34.6626
TSLA,2021-12-22,31.7427,32.7086,34.6422
TSLA,2021-12-23,32.2439,32.6081,34.6286
TSLA,2021-12-24,33.9322,32.543,34.6314
TSLA,2021-12-27,34.3079,32.4789,34.6279
TSLA,2021-12-28,35.0338,32.3948,34.6339
TSLA,2021-12-29,34.5556,32.3367,34.6398
TSLA,2021-12-30,36.9009,32.3158,34.6694
TSLA,2021-12-31,37.9322,32.3606,34.6983
TSLA,2022-01-03,38.1042,32.3949,34.7199
TSLA,2022-01-04,37.9644,32.4287,34.7347
TSLA,2022-01-05,39.5685,32.4337,34.7684
TSLA,2022-01-06,38.6504,32.4675,34.7932
TSLA,2022-01-07,35.9777,32.4042,34.8155
TSLA,2022-01-10,36.133,32.3957,34.838
TSLA,2022-01-11,37.9883,32.4621,34.8683
TSLA,2022-01-12,40.6005,32.6258,34.9093
TSLA,2022-01-13,40.4769,32.7796,34.946
TSLA,2022-01-14,40.6037,32.9658,34.9831
TSLA,2022-01-17,41.5325,33.2034,35.0374
TSLA,2022-01-18,41.1407,33.4274,35.0862
TSLA,2022-01-19,42.0764,33.6581,35.1388
TSLA,2022-01-20,41.9859,33.8852,35.1965
TSLA,2022-01-21,43.8199,34.1523,35.2727
TSLA,2022-01-24,45.1973,34.3986,35.3462
TSLA,2022-01-25,46.7847,34.6718,35.4195
TSLA,2022-01-26,46.4555,34.9153,35.4863
TSLA,2022-01-27,50.3348,35.2314,35.5768
TSLA,2022-01-28,51.4112,35.5985,35.6883
TSLA,2022-01-31,52.0043,35.9615,35.7978
TSLA,2022-02-01,50.4767,36.3111,35.8973
TSLA,2022-02-02,50.3441,36.6595,35.9982
TSLA,2022-02-03,50.6485,37.0048,36.0934
TSLA,2022-02-04,49.107,37.3695,36.175
TSLA,2022-02-07,48.588,37.7625,36.2526
TSLA,2022-02-08,48.3242,38.1273,36.3284
TSLA,2022-02-09,48.5001,38.5111,36.4046
TSLA,2022-02-10,45.1836,38.8423,36.4592
TSLA,2022-02-11,44.9945,39.1651,36.5186
TSLA,2022-02-14,44.3642,39.4836,36.5716
TSLA,2022-02-15,44.3859,39.7918,36.6309
TSLA,2022-02-16,46.3702,40.1403,36.6906
TSLA,2022-02-17,50.5033,40.5658,36.767
TSLA,2022-02-18,51.9956,41.037,36.8555
TSLA,2022-02-21,49.4993,41.453,36.9307
TSLA,2022-02-22,48.8698,41.829,37.0085
TSLA,2022-02-23,50.1444,42.2436,37.0819
TSLA,2022-02-24,51.2154,42.6562,37.1481
TSLA,2022-02-25,53.4001,43.1131,37.2195
TSLA,2022-02-28,53.2592,43.5476,37.2771
TSLA,2022-03-01,52.5429,43.9635,37.3295
TSLA,2022-03-02,56.5276,44.4592,37.3948
TSLA,2022-03-03,56.7398,44.9492,37.4498
TSLA,2022-03-04,54.4995,45.3605,37.4932
TSLA,2022-03-07,57.9706,45.8338,37.5531
TSLA,2022-03-08,54.5993,46.2251,37.5868
TSLA,2022-03-09,47.3827,46.4816,37.5777
TSLA,2022-03-10,48.965,46.7229,37.5836
TSLA,2022-03-11,50.8937,46.9821,37.6194
TSLA,2022-03-14,51.8334,47.2567,37.6611
TSLA,2022-03-15,49.2076,47.4816,37.7074
TSLA,2022-03-16,49.1552,47.6733,37.761
TSLA,2022-03-17,48.6639,47.8736,37.8188
TSLA,2022-03-18,47.669,48.1074,37.8755
TSLA,2022-03-21,50.5743,48.3962,37.9403
TSLA,2022-03-22,48.5178,48.6068,37.9865
TSLA,2022-03-23,49.216,48.7791,38.0317
TSLA,2022-03-24,51.7516,49.0046,38.084
TSLA,2022-03-25,52.6369,49.2453,38.1349
TSLA,2022-03-28,55.4555,49.5237,38.2202
TSLA,2022-03-29,56.8268,49.8375,38.3121
TSLA,2022-03-30,57.9124,50.1542,38.4228
TSLA,2022-03-31,58.8679,50.4918,38.5342
TSLA,2022-04-01,60.4465,50.8244,38.6683
TSLA,2022-04-04,59.5798,51.112,38.7991
TSLA,2022-04-05,56.563,51.3076,38.9108
TSLA,2022-04-06,58.8954,51.5564,39.0416
TSLA,2022-04-07,61.8478,51.7866,39.1804
TSLA,2022-04-08,62.5733,52.0099,39.319
TSLA,2022-04-11,61.2662,52.1951,39.448
TSLA,2022-04-12,57.5578,52.3367,39.5532
TSLA,2022-04-13,57.8381,52.4866,39.6621
TSLA,2022-04-14,54.8037,52.5697,39.7546
TSLA,2022-04-15,51.6316,52.6202,39.8308
TSLA,2022-04-18,51.6572,52.6816,39.907
TSLA,2022-04-19,50.134,52.7178,39.9803
TSLA,2022-04-20,50.9163,52.7661,40.0661
TSLA,2022-04-21,50.6533,52.8755,40.1527
TSLA,2022-04-22,49.4771,52.9652,40.2358
TSLA,2022-04-25,46.203,53.0019,40.3072
TSLA,2022-04-26,44.6773,53.0078,40.3651
TSLA,2022-04-27,43.2671,52.9457,40.4235
TSLA,2022-04-28,41.2052,52.7597,40.4725
TSLA,2022-04-29,40.7085,52.534,40.5111
TSLA,2022-05-02,38.8926,52.3219,40.5341
TSLA,2022-05-03,38.6847,52.1182,40.5471
TSLA,2022-05-04,39.12,51.8977,40.5663
TSLA,2022-05-05,37.8696,51.6308,40.5733
TSLA,2022-05-06,38.5869,51.3345,40.5914
TSLA,2022-05-09,36.5439,51.0002,40.601
TSLA,2022-05-10,34.964,50.6486,40.6038
TSLA,2022-05-11,34.8491,50.215,40.6098
TSLA,2022-05-12,35.8916,49.7981,40.6232
TSLA,2022-05-13,37.2393,49.4529,40.6465
TSLA,2022-05-16,39.8343,49.0901,40.689
TSLA,2022-05-17,39.2776,48.7837,40.7229
TSLA,2022-05-18,39.1256,48.6186,40.757
TSLA,2022-05-19,37.5562,48.3904,40.7817
TSLA,2022-05-20,35.7248,48.087,40.7959
TSLA,2022-05-23,36.1092,47.7725,40.8115
TSLA,2022-05-24,35.0271,47.4889,40.8208
TSLA,2022-05-25,36.8896,47.2436,40.8412
TSLA,2022-05-26,34.7922,46.9662,40.8411
TSLA,2022-05-27,35.5398,46.7236,40.8391
TSLA,2022-05-30,34.1518,46.3951,40.8297
TSLA,2022-05-31,33.068,46.0861,40.8179
TSLA,2022-06-01,33.8515,45.7789,40.8106
TSLA,2022-06-02,32.9718,45.4033,40.7957
TSLA,2022-06-03,32.3262,44.997,40.7659
TSLA,2022-06-06,31.311,44.5142,40.7412
TSLA,2022-06-07,33.7305,44.0522,40.7234
TSLA,2022-06-08,32.9326,43.5526,40.6926
TSLA,2022-06-09,33.0466,43.0362,40.6737
TSLA,2022-06-10,32.8186,42.4836,40.6547
TSLA,2022-06-13,33.162,41.9553,40.645
TSLA,2022-06-14,32.3812,41.4717,40.628
TSLA,2022-06-15,32.1593,40.9369,40.6123
TSLA,2022-06-16,32.7262,40.3545,40.6001
TSLA,2022-06-17,31.6324,39.7357,40.5852
TSLA,2022-06-20,33.1198,39.1728,40.5723
TSLA,2022-06-21,34.8139,38.7179,40.5659
TSLA,2022-06-22,35.7372,38.2759,40.5622
TSLA,2022-06-23,35.8878,37.8975,40.5578
TSLA,2022-06-24,31.7944,37.5008,40.5283
TSLA,2022-06-27,32.3951,37.1156,40.5036
TSLA,2022-06-28,31.923,36.7513,40.4627
TSLA,2022-06-29,31.6452,36.3659,40.4302
TSLA,2022-06-30,29.3192,35.9392,40.3987
TSLA,2022-07-01,29.958,35.5488,40.383
TSLA,2022-07-04,28.2707,35.1902,40.3721
TSLA,2022-07-05,28.4464,34.8656,40.3576
TSLA,2022-07-06,29.5595,34.5914,40.3449
TSLA,2022-07-07,29.0359,34.348,40.3212
TSLA,2022-07-08,30.5593,34.1451,40.3121
TSLA,2022-07-11,29.6787,33.9608,40.2933
TSLA,2022-07-12,30.4583,33.7963,40.2778
TSLA,2022-07-13,28.9126,33.5921,40.2532
TSLA,2022-07-14,30.2,33.4387,40.2304
TSLA,2022-07-15,31.345,33.2939,40.2184
TSLA,2022-07-18,31.9949,33.2029,40.1906
TSLA,2022-07-19,31.5261,33.1341,40.1496
TSLA,2022-07-20,29.8073,33.0333,40.1041
TSLA,2022-07-21,29.3738,32.903,40.0646
TSLA,2022-07-22,30.7814,32.7738,40.0326
TSLA,2022-07-25,30.9873,32.5969,39.9999
TSLA,2022-07-26,29.1172,32.3936,39.9493
TSLA,2022-07-27,27.8441,32.168,39.9012
TSLA,2022-07-28,29.3495,32.0039,39.8582
TSLA,2022-07-29,29.982,31.889,39.8297
TSLA,2022-08-01,28.5431,31.7377,39.7905
TSLA,2022-08-02,26.5879,31.5689,39.742
TSLA,2022-08-03,25.9509,31.3501,39.6752
TSLA,2022-08-04,24.0888,31.1361,39.6108
TSLA,2022-08-05,23.9677,30.9046,39.5349
TSLA,2022-08-08,26.5343,30.7523,39.4848
TSLA,2022-08-09,24.8882,30.5887,39.4359
TSLA,2022-08-10,24.7325,30.4063,39.3975
TSLA,2022-08-11,26.1326,30.2695,39.3642
TSLA,2022-08-12,26.9828,30.1627,39.3427
TSLA,2022-08-15,26.855,30.0735,39.3287
TSLA,2022-08-16,26.7305,29.9335,39.3127
TSLA,2022-08-17,25.5291,29.7855,39.2876
TSLA,2022-08-18,25.2848,29.6302,39.2609
TSLA,2022-08-19,25.5725,29.4853,39.2364
TSLA,2022-08-22,26.7922,29.3579,39.2059
TSLA,2022-08-23,26.1555,29.2334,39.1711
TSLA,2022-08-24,25.9879,29.11,39.1296
TSLA,2022-08-25,25.0309,28.9561,39.0821
TSLA,2022-08-26,25.2968,28.8294,39.0434
TSLA,2022-08-29,26.157,28.6901,39.0049
TSLA,2022-08-30,26.8762,28.5313,38.9743
TSLA,2022-08-31,25.6533,28.3297,38.9379
TSLA,2022-09-01,25.8427,28.1288,38.9002
TSLA,2022-09-02,25.1697,27.9963,38.8717
TSLA,2022-09-05,26.2688,27.8737,38.8583
TSLA,2022-09-06,26.131,27.7579,38.8386
TSLA,2022-09-07,24.5878,27.6168,38.815
TSLA,2022-09-08,24.4002,27.5184,38.7939
TSLA,2022-09-09,24.8961,27.4171,38.7741
TSLA,2022-09-12,25.1799,27.3553,38.7578
TSLA,2022-09-13,24.6909,27.2802,38.7364
TSLA,2022-09-14,24.1386,27.1718,38.7123
TSLA,2022-09-15,23.2132,27.0553,38.6822
TSLA,2022-09-16,22.8718,26.9016,38.6544
TSLA,2022-09-19,22.114,26.7503,38.6215
TSLA,2022-09-20,23.041,26.6019,38.5863
TSLA,2022-09-21,22.2362,26.4684,38.5504
TSLA,2022-09-22,22.3779,26.312,38.5094
TSLA,2022-09-23,22.4579,26.1342,38.4689
TSLA,2022-09-26,23.3759,25.9619,38.4281
TSLA,2022-09-27,24.4751,25.8208,38.3918
TSLA,2022-09-28,25.2165,25.729,38.3592
TSLA,2022-09-29,25.618,25.6539,38.326
TSLA,2022-09-30,24.5743,25.5298,38.2792
TSLA,2022-10-03,23.5536,25.3811,38.2255
TSLA,2022-10-04,22.7826,25.2544,38.1642
TSLA,2022-10-05,23.5265,25.168,38.1091
TSLA,2022-10-06,23.629,25.0536,38.0427
TSLA,2022-10-07,24.5175,24.9443,37.9756
TSLA,2022-10-10,25.5795,24.8851,37.913
TSLA,2022-10-11,24.8638,24.8506,37.8475
TSLA,2022-10-12,24.9299,24.8302,37.7743
TSLA,2022-10-13,24.9502,24.8474,37.7058
TSLA,2022-10-14,24.6507,24.8611,37.6492
TSLA,2022-10-17,24.1491,24.8134,37.5893
TSLA,2022-10-18,25.3836,24.8233,37.5262
TSLA,2022-10-19,25.4719,24.838,37.4506
TSLA,2022-10-20,25.5199,24.8258,37.3758
TSLA,2022-10-21,24.7279,24.7807,37.2964
TSLA,2022-10-24,25.4553,24.7527,37.216
TSLA,2022-10-25,24.4618,24.7073,37.1326
TSLA,2022-10-26,24.9552,24.6959,37.047
TSLA,2022-10-27,25.4871,24.6999,36.9645
TSLA,2022-10-28,25.0939,24.6903,36.8709
TSLA,2022-10-31,25.4567,24.6636,36.7722
TSLA,2022-11-01,25.6854,24.6542,36.6667
TSLA,2022-11-02,25.6786,24.648,36.5628
TSLA,2022-11-03,25.7267,24.6619,36.4398
TSLA,2022-11-04,25.8266,24.6725,36.3119
TSLA,2022-11-07,25.9993,24.6694,36.1818
TSLA,2022-11-08,26.0985,24.6538,36.0599
TSLA,2022-11-09,24.9787,24.6403,35.9331
TSLA,2022-11-10,24.8569,24.6206,35.8042
TSLA,2022-11-11,25.1619,24.6205,35.6844
TSLA,2022-11-14,25.2963,24.601,35.568
TSLA,2022-11-15,26.3391,24.6052,35.4581
TSLA,2022-11-16,27.0527,24.6545,35.3508
TSLA,2022-11-17,26.1407,24.6893,35.2556
TSLA,2022-11-18,25.9978,24.7113,35.1606
TSLA,2022-11-21,25.7031,24.7218,35.0673
TSLA,2022-11-22,25.7331,24.7426,34.974
TSLA,2022-11-23,25.7645,24.7751,34.871
TSLA,2022-11-24,26.4533,24.8399,34.7508
TSLA,2022-11-25,26.6819,24.9162,34.6242
TSLA,2022-11-28,28.0985,25.0358,34.5172
TSLA,2022-11-29,28.4154,25.1433,34.4149
TSLA,2022-11-30,27.5022,25.2487,34.3017
TSLA,2022-12-01,27.0173,25.3414,34.1807
TSLA,2022-12-02,27.7308,25.4469,34.0524
TSLA,2022-12-05,25.9921,25.4992,33.916
TSLA,2022-12-06,24.6316,25.5023,33.7765
TSLA,2022-12-07,24.6755,25.4915,33.6172
TSLA,2022-12-08,25.6897,25.493,33.462
TSLA,2022-12-09,27.1385,25.5442,33.3252
TSLA,2022-12-12,26.9345,25.6119,33.17
TSLA,2022-12-13,28.1681,25.7196,33.0378
TSLA,2022-12-14,28.2896,25.8148,32.9424
TSLA,2022-12-15,26.6059,25.8744,32.8306
TSLA,2022-12-16,26.6328,25.9167,32.7093
TSLA,2022-12-19,26.0013,25.9251,32.5801
TSLA,2022-12-20,27.0339,25.9685,32.4692
TSLA,2022-12-21,27.0418,26.0108,32.3587
TSLA,2022-12-22,25.6977,26.0257,32.2438
TSLA,2022-12-23,24.1997,26.0167,32.1265
TSLA,2022-12-26,24.2114,26.0179,31.9947
TSLA,2022-12-27,21.9566,25.9494,31.8619
TSLA,2022-12-28,21.5246,25.8704,31.7234
TSLA,2022-12-29,21.7584,25.7952,31.5734
TSLA,2022-12-30,20.8648,25.718,31.4146
TSLA,2023-01-02,21.7608,25.6441,31.2461
TSLA,2023-01-03,22.879,25.6124,31.0764
TSLA,2023-01-04,21.9756,25.5528,30.8967
TSLA,2023-01-05,21.7383,25.4778,30.711
TSLA,2023-01-06,22.6724,25.4294,30.5222
TSLA,2023-01-09,22.7017,25.3743,30.3378
TSLA,2023-01-10,21.4706,25.29,30.1623
TSLA,2023-01-11,21.3737,25.2039,29.9747
TSLA,2023-01-12,20.6679,25.1027,29.7688
TSLA,2023-01-13,21.6564,25.0193,29.5642
TSLA,2023-01-16,22.2303,24.944,29.369
TSLA,2023-01-17,21.976,24.8615,29.1911
TSLA,2023-01-18,22.134,24.8046,29.0126
TSLA,2023-01-19,21.0079,24.7276,28.8436
TSLA,2023-01-20,20.3968,24.6323,28.6875
TSLA,2023-01-23,21.7654,24.5617,28.538
TSLA,2023-01-24,21.8425,24.4718,28.3966
TSLA,2023-01-25,22.7209,24.3851,28.2556
TSLA,2023-01-26,22.9687,24.3217,28.1172
TSLA,2023-01-27,24.2712,24.2872,27.9911
TSLA,2023-01-30,22.3939,24.221,27.8721
TSLA,2023-01-31,22.2519,24.1514,27.7599
TSLA,2023-02-01,23.8341,24.1128,27.6628
TSLA,2023-02-02,24.8191,24.0801,27.5809
TSLA,2023-02-03,26.2385,24.0712,27.5085
TSLA,2023-02-06,26.2665,24.0346,27.4454
TSLA,2023-02-07,25.7297,23.9809,27.3806
TSLA,2023-02-08,24.7032,23.9249,27.3085
TSLA,2023-02-09,23.65,23.8575,27.2374
TSLA,2023-02-10,24.4775,23.7925,27.1669
TSLA,2023-02-13,25.0309,23.7732,27.1093
TSLA,2023-02-14,24.9963,23.7805,27.0595
TSLA,2023-02-15,25.5562,23.7981,27.013
TSLA,2023-02-16,25.7403,23.7992,26.9622
TSLA,2023-02-17,26.8107,23.7926,26.9101
TSLA,2023-02-20,27.9147,23.8122,26.8505
TSLA,2023-02-21,26.7586,23.784,26.7879
TSLA,2023-02-22,27.0965,23.7602,26.7278
TSLA,2023-02-23,25.3408,23.7349,26.6667
TSLA,2023-02-24,25.5135,23.7125,26.6156
TSLA,2023-02-27,26.1878,23.7162,26.566
TSLA,2023-02-28,24.8497,23.6725,26.5151
TSLA,2023-03-01,24.4624,23.6209,26.453
TSLA,2023-03-02,24.5049,23.5971,26.4016
TSLA,2023-03-03,24.774,23.6086,26.3477
TSLA,2023-03-06,24.526,23.6148,26.2996
TSLA,2023-03-07,23.4079,23.6439,26.2513
TSLA,2023-03-08,23.3877,23.6811,26.199
TSLA,2023-03-09,21.8871,23.6837,26.1436
TSLA,2023-03-10,21.7088,23.7006,26.0905
TSLA,2023-03-13,21.3487,23.6923,26.0407
TSLA,2023-03-14,21.2602,23.66,25.9783
TSLA,2023-03-15,20.8068,23.6366,25.9177
TSLA,2023-03-16,19.5874,23.5936,25.8504
TSLA,2023-03-17,19.3218,23.5266,25.7829
TSLA,2023-03-20,20.0994,23.4745,25.7176
TSLA,2023-03-21,21.1933,23.469,25.6616
TSLA,2023-03-22,23.451,23.5105,25.6181
TSLA,2023-03-23,25.1667,23.6005,25.5803
TSLA,2023-03-24,23.9953,23.6473,25.5421
TSLA,2023-03-27,23.6291,23.6752,25.4947
TSLA,2023-03-28,23.6388,23.7085,25.4388
TSLA,2023-03-29,23.5878,23.7376,25.378
TSLA,2023-03-30,23.6869,23.7912,25.317
TSLA,2023-03-31,26.1761,23.9067,25.289
TSLA,2023-04-03,25.0754,23.9729,25.2524
TSLA,2023-04-04,24.3861,24.0238,25.2147
TSLA,2023-04-05,26.1191,24.0918,25.187
TSLA,2023-04-06,25.5028,24.1425,25.168
TSLA,2023-04-07,25.952,24.1761,25.1479
TSLA,2023-04-10,27.1115,24.2704,25.1421
TSLA,2023-04-11,27.6942,24.3793,25.1384
TSLA,2023-04-12,27.95,24.4616,25.1303
TSLA,2023-04-13,29.0842,24.5469,25.1306
TSLA,2023-04-14,28.0776,24.5837,25.1182
TSLA,2023-04-17,27.5497,24.6093,25.1075
TSLA,2023-04-18,28.1985,24.6587,25.0962
TSLA,2023-04-19,25.9424,24.6835,25.0814
TSLA,2023-04-20,27.5286,24.7611,25.068
TSLA,2023-04-21,27.9102,24.8297,25.0508
TSLA,2023-04-24,28.1234,24.8916,25.0315
TSLA,2023-04-25,26.3425,24.9185,25.0056
TSLA,2023-04-26,25.0243,24.9079,24.9816
TSLA,2023-04-27,24.6523,24.8861,24.958
TSLA,2023-04-28,25.5152,24.8602,24.9317
TSLA,2023-05-01,23.4669,24.7712,24.8941
TSLA,2023-05-02,24.2694,24.7215,24.8699
TSLA,2023-05-03,23.9464,24.6585,24.8504
TSLA,2023-05-04,23.7602,24.6268,24.8224
TSLA,2023-05-05,24.0405,24.5974,24.7927
TSLA,2023-05-08,24.3398,24.5604,24.7717
TSLA,2023-05-09,23.6718,24.5369,24.7571
TSLA,2023-05-10,24.318,24.534,24.749
TSLA,2023-05-11,22.1445,24.4868,24.7392
TSLA,2023-05-12,21.7691,24.4267,24.7282
TSLA,2023-05-15,21.936,24.3749,24.7052
TSLA,2023-05-16,21.6574,24.3399,24.6891
TSLA,2023-05-17,20.1235,24.2746,24.6661
TSLA,2023-05-18,20.7858,24.2525,24.6393
TSLA,2023-05-19,19.7766,24.2139,24.6033
TSLA,2023-05-22,19.7485,24.1819,24.5678
TSLA,2023-05-23,19.8994,24.1547,24.5336
TSLA,2023-05-24,19.9423,24.1374,24.5057
TSLA,2023-05-25,20.9483,24.1646,24.484
TSLA,2023-05-26,20.9307,24.1968,24.4608
TSLA,2023-05-29,21.329,24.2214,24.4335
TSLA,2023-05-30,21.3088,24.2237,24.4092
TSLA,2023-05-31,21.8798,24.1923,24.3887
TSLA,2023-06-01,23.1957,24.1528,24.3795
TSLA,2023-06-02,23.3581,24.1401,24.3698
TSLA,2023-06-05,24.1504,24.1505,24.3598
TSLA,2023-06-06,25.6677,24.1911,24.3537
TSLA,2023-06-07,27.171,24.2628,24.3613
TSLA,2023-06-08,26.7817,24.3247,24.366
TSLA,2023-06-09,27.9803,24.3608,24.3801
TSLA,2023-06-12,28.3048,24.4253,24.3903
TSLA,2023-06-13,29.6696,24.531,24.4079
TSLA,2023-06-14,30.4093,24.6168,24.4371
TSLA,2023-06-15,30.7959,24.7227,24.469
TSLA,2023-06-16,31.3902,24.8314,24.5015
TSLA,2023-06-19,31.7626,24.9245,24.5344
TSLA,2023-06-20,32.191,25.0144,24.5719
TSLA,2023-06-21,32.0253,25.0959,24.6114
TSLA,2023-06-22,31.7396,25.149,24.654
TSLA,2023-06-23,34.1616,25.2707,24.7104
TSLA,2023-06-26,34.883,25.4174,24.7743
TSLA,2023-06-27,34.1195,25.5358,24.8297
TSLA,2023-06-28,33.7795,25.6925,24.8874
TSLA,2023-06-29,35.32,25.8483,24.9521
TSLA,2023-06-30,34.3173,25.9765,25.0114
TSLA,2023-07-03,32.3402,26.0608,25.0562
TSLA,2023-07-04,30.5689,26.1454,25.0867
TSLA,2023-07-05,28.5179,26.2152,25.1032
TSLA,2023-07-06,27.0773,26.2637,25.1105
TSLA,2023-07-07,25.8339,26.2701,25.1168
TSLA,2023-07-10,27.3784,26.3483,25.1359
TSLA,2023-07-11,27.3634,26.4102,25.1588
TSLA,2023-07-12,26.9957,26.4712,25.1762
TSLA,2023-07-13,25.4806,26.5056,25.1854
TSLA,2023-07-14,25.3658,26.5321,25.1897
TSLA,2023-07-17,23.6558,26.5184,25.18
TSLA,2023-07-18,23.332,26.5116,25.1724
TSLA,2023-07-19,25.4243,26.5338,25.1749
TSLA,2023-07-20,26.1599,26.6141,25.1809
TSLA,2023-07-21,25.9711,26.6981,25.1875
TSLA,2023-07-24,26.7601,26.7946,25.2006
TSLA,2023-07-25,26.2299,26.886,25.2048
TSLA,2023-07-26,25.4181,26.9919,25.2045
TSLA,2023-07-27,27.2917,27.122,25.2134
TSLA,2023-07-28,26.0797,27.2481,25.2201
TSLA,2023-07-31,25.7388,27.3679,25.2216
TSLA,2023-08-01,26.0984,27.4919,25.2297
TSLA,2023-08-02,25.1507,27.5961,25.2307
TSLA,2023-08-03,25.8644,27.6944,25.2326
TSLA,2023-08-04,25.5761,27.7873,25.235
TSLA,2023-08-07,26.3163,27.887,25.2393
TSLA,2023-08-08,26.9916,28.0007,25.2458
TSLA,2023-08-09,26.7603,28.0983,25.2513
TSLA,2023-08-10,28.7405,28.2092,25.2663
TSLA,2023-08-11,28.0057,28.3022,25.2772
TSLA,2023-08-14,29.6359,28.4119,25.2954
TSLA,2023-08-15,31.1383,28.5213,25.3206
TSLA,2023-08-16,33.5251,28.6484,25.3633
TSLA,2023-08-17,33.8103,28.7889,25.4081
TSLA,2023-08-18,32.78,28.8849,25.4462
TSLA,2023-08-21,35.7375,29.0336,25.4984
TSLA,2023-08-22,35.2985,29.1462,25.5432
TSLA,2023-08-23,34.1879,29.2217,25.5789
TSLA,2023-08-24,33.9689,29.2852,25.618
TSLA,2023-08-25,32.6745,29.3109,25.6514
TSLA,2023-08-28,33.4309,29.3442,25.69
TSLA,2023-08-29,32.6559,29.3535,25.7246
TSLA,2023-08-30,32.3172,29.3594,25.7574
TSLA,2023-08-31,33.6687,29.398,25.7935
TSLA,2023-09-01,34.5861,29.4064,25.833
TSLA,2023-09-04,34.6547,29.4019,25.8658
TSLA,2023-09-05,34.945,29.4184,25.8984
TSLA,2023-09-06,35.0096,29.443,25.936
TSLA,2023-09-07,34.4432,29.4255,25.9731
TSLA,2023-09-08,34.486,29.4288,26.0069
TSLA,2023-09-11,35.2334,29.4867,26.0531
TSLA,2023-09-12,35.099,29.5773,26.1054
TSLA,2023-09-13,35.7555,29.7221,26.1608
TSLA,2023-09-14,34.5978,29.8725,26.2054
TSLA,2023-09-15,33.7982,30.0317,26.2387
TSLA,2023-09-18,32.8412,30.141,26.2682
TSLA,2023-09-19,32.1332,30.2364,26.288
TSLA,2023-09-20,33.9177,30.3748,26.3162
TSLA,2023-09-21,34.9882,30.565,26.3581
TSLA,2023-09-22,33.5239,30.7282,26.3925
TSLA,2023-09-25,34.1758,30.9386,26.4334
TSLA,2023-09-26,33.6788,31.1455,26.4666
TSLA,2023-09-27,32.7949,31.2929,26.4954
TSLA,2023-09-28,30.9008,31.3877,26.5214
TSLA,2023-09-29,32.1986,31.5123,26.5614
TSLA,2023-10-02,30.4907,31.5869,26.5928
TSLA,2023-10-03,30.4668,31.6716,26.6353
TSLA,2023-10-04,29.3483,31.7502,26.6745
TSLA,2023-10-05,30.3363,31.8111,26.7174
TSLA,2023-10-06,29.9641,31.8888,26.7629
TSLA,2023-10-09,29.8397,31.9708,26.8032
TSLA,2023-10-10,29.7568,32.044,26.8376
TSLA,2023-10-11,30.1683,32.1443,26.8786
TSLA,2023-10-12,30.225,32.2316,26.921
TSLA,2023-10-13,30.212,32.3243,26.9587
TSLA,2023-10-16,29.6173,32.3903,26.9933
TSLA,2023-10-17,27.8052,32.4066,27.025
TSLA,2023-10-18,26.5962,32.4033,27.0511
TSLA,2023-10-19,27.4271,32.377,27.0849
TSLA,2023-10-20,27.1222,32.3593,27.1122
TSLA,2023-10-23,26.4302,32.2952,27.1332
TSLA,2023-10-24,24.9854,32.1722,27.1483
TSLA,2023-10-25,23.318,31.968,27.1542
TSLA,2023-10-26,22.6866,31.7456,27.1626
TSLA,2023-10-27,23.5584,31.5611,27.1784
TSLA,2023-10-30,23.0581,31.3075,27.1849
TSLA,2023-10-31,23.4708,31.071,27.193
TSLA,2023-11-01,22.9292,30.8458,27.194
TSLA,2023-11-02,23.5686,30.6378,27.197
TSLA,2023-11-03,23.2628,30.4496,27.192
TSLA,2023-11-06,22.1482,30.2239,27.1908
TSLA,2023-11-07,21.9351,30.0095,27.1892
TSLA,2023-11-08,23.6776,29.8367,27.1884
TSLA,2023-11-09,25.5123,29.6736,27.1919
TSLA,2023-11-10,26.0607,29.5031,27.191
TSLA,2023-11-13,25.9497,29.329,27.1894
TSLA,2023-11-14,26.31,29.1563,27.1923
TSLA,2023-11-15,26.6894,28.9899,27.2022
TSLA,2023-11-16,26.6817,28.8346,27.2174
TSLA,2023-11-17,27.2043,28.689,27.231
TSLA,2023-11-20,27.4742,28.5338,27.2432
TSLA,2023-11-21,27.1575,28.375,27.254
TSLA,2023-11-22,25.8952,28.1778,27.2557
TSLA,2023-11-23,25.4461,27.9947,27.2543
TSLA,2023-11-24,26.3283,27.8453,27.2518
TSLA,2023-11-27,26.3298,27.7151,27.2439
TSLA,2023-11-28,26.6914,27.6063,27.2436
TSLA,2023-11-29,26.4193,27.4563,27.2402
TSLA,2023-11-30,25.3316,27.2632,27.2402
TSLA,2023-12-01,25.1191,27.0951,27.2382
TSLA,2023-12-04,24.1216,26.894,27.2279
TSLA,2023-12-05,23.1032,26.6825,27.2191
TSLA,2023-12-06,24.305,26.5127,27.2183
TSLA,2023-12-07,23.9226,26.3731,27.2154
TSLA,2023-12-08,23.2384,26.1939,27.2077
TSLA,2023-12-11,24.8635,26.0814,27.2094
TSLA,2023-12-12,25.7418,25.9869,27.2211
TSLA,2023-12-13,25.3873,25.9077,27.2311
TSLA,2023-12-14,25.8705,25.8183,27.251
TSLA,2023-12-15,25.6564,25.7322,27.2708
TSLA,2023-12-18,24.9725,25.6349,27.2889
TSLA,2023-12-19,25.4969,25.5497,27.3101
TSLA,2023-12-20,25.1944,25.4502,27.332
TSLA,2023-12-21,25.3064,25.3518,27.3606
TSLA,2023-12-22,26.4226,25.276,27.3961
TSLA,2023-12-25,27.464,25.2329,27.4329
TSLA,2023-12-26,26.8884,25.2146,27.4614
TSLA,2023-12-27,27.4658,25.232,27.4815
TSLA,2023-12-28,26.2615,25.2087,27.4869
TSLA,2023-12-29,26.7863,25.202,27.5009
TSLA,2024-01-01,26.9859,25.2131,27.5177
TSLA,2024-01-02,27.4448,25.2623,27.5367
TSLA,2024-01-03,27.1491,25.3389,27.5545
TSLA,2024-01-04,29.6073,25.4773,27.5841
TSLA,2024-01-05,28.573,25.5776,27.5961
TSLA,2024-01-08,29.7726,25.7119,27.6196
TSLA,2024-01-09,28.5794,25.8141,27.6406
TSLA,2024-01-10,29.215,25.9398,27.656
TSLA,2024-01-11,29.9522,26.0675,27.6783
TSLA,2024-01-12,30.0601,26.2034,27.6988
TSLA,2024-01-15,29.4962,26.3504,27.7107
TSLA,2024-01-16,29.707,26.5058,27.7208
TSLA,2024-01-17,30.074,26.6337,27.7314
TSLA,2024-01-18,32.4045,26.7716,27.748
TSLA,2024-01-19,31.3095,26.8765,27.7642
TSLA,2024-01-22,30.646,26.9705,27.7797
TSLA,2024-01-23,31.0471,27.0652,27.7939
TSLA,2024-01-24,30.7647,27.1467,27.818
TSLA,2024-01-25,30.6801,27.2267,27.8338
TSLA,2024-01-26,32.0977,27.3246,27.8547
TSLA,2024-01-29,28.6356,27.3478,27.8573
TSLA,2024-01-30,27.9806,27.3642,27.8655
TSLA,2024-01-31,26.089,27.3681,27.8708
TSLA,2024-02-01,24.8757,27.3567,27.8719
TSLA,2024-02-02,27.4865,27.3799,27.8818
TSLA,2024-02-05,28.206,27.4174,27.9055
TSLA,2024-02-06,29.3661,27.4709,27.9309
TSLA,2024-02-07,29.3088,27.5287,27.9578
TSLA,2024-02-08,30.2743,27.6275,27.9903
TSLA,2024-02-09,28.1996,27.6891,28.0111
TSLA,2024-02-12,29.4639,27.796,28.0367
TSLA,2024-02-13,28.5296,27.9045,28.061
TSLA,2024-02-14,27.9532,27.9775,28.0792
TSLA,2024-02-15,28.5758,28.0706,28.1114
TSLA,2024-02-16,28.9874,28.1855,28.1475
TSLA,2024-02-19,29.1271,28.2708,28.1834
TSLA,2024-02-20,27.583,28.3076,28.213
TSLA,2024-02-21,27.7332,28.3545,28.2511
TSLA,2024-02-22,28.8846,28.4148,28.2916
TSLA,2024-02-23,28.2996,28.4677,28.3342
TSLA,2024-02-26,29.9052,28.5663,28.385
TSLA,2024-02-27,28.8943,28.6343,28.43
TSLA,2024-02-28,28.9409,28.7092,28.475
TSLA,2024-02-29,30.8602,28.8203,28.5245
TSLA,2024-03-01,30.0514,28.8929,28.5701
TSLA,2024-03-04,31.419,28.972,28.6206
TSLA,2024-03-05,34.1107,29.1164,28.6846
TSLA,2024-03-06,34.3966,29.255,28.7472
TSLA,2024-03-07,33.7076,29.404,28.7997
TSLA,2024-03-08,32.7017,29.5223,28.8464
TSLA,2024-03-11,34.5425,29.6734,28.8984
TSLA,2024-03-12,36.4452,29.8534,28.9523
TSLA,2024-03-13,38.7255,30.0849,29.0101
TSLA,2024-03-14,38.7254,30.2673,29.0698
TSLA,2024-03-15,40.4609,30.5051,29.1322
TSLA,2024-03-18,40.4343,30.7183,29.1928
TSLA,2024-03-19,39.0509,30.9277,29.2397
TSLA,2024-03-20,40.9455,31.1623,29.2924
TSLA,2024-03-21,43.8373,31.44,29.3576
TSLA,2024-03-22,42.0997,31.6808,29.4112
TSLA,2024-03-25,40.3998,31.8989,29.4544
TSLA,2024-03-26,40.5204,32.1152,29.496
TSLA,2024-03-27,42.1949,32.3576,29.5468
TSLA,2024-03-28,40.3349,32.5162,29.5898
TSLA,2024-03-29,40.7664,32.7053,29.6228
TSLA,2024-04-01,39.8462,32.8893,29.6477
TSLA,2024-04-02,41.0613,33.0896,29.6824
TSLA,2024-04-03,39.795,33.2702,29.7125
TSLA,2024-04-04,41.1279,33.4792,29.7415
TSLA,2024-04-05,40.9173,33.6556,29.7745
TSLA,2024-04-08,39.4299,33.8715,29.8099
TSLA,2024-04-09,39.5861,34.1036,29.855
TSLA,2024-04-10,36.6154,34.3141,29.8955
TSLA,2024-04-11,35.8348,34.5333,29.9393
TSLA,2024-04-12,36.3822,34.7112,29.992
TSLA,2024-04-15,33.8818,34.8247,30.0246
TSLA,2024-04-16,30.5371,34.8481,30.0404
TSLA,2024-04-17,27.7851,34.8177,30.0444
TSLA,2024-04-18,29.3762,34.7997,30.0639
TSLA,2024-04-19,29.3234,34.8222,30.0836
TSLA,2024-04-22,28.7296,34.8075,30.109
TSLA,2024-04-23,29.9034,34.835,30.1419
TSLA,2024-04-24,29.4518,34.8649,30.162
TSLA,2024-04-25,29.8174,34.8898,30.1803
TSLA,2024-04-26,29.889,34.9078,30.1999
TSLA,2024-04-29,29.3576,34.9124,30.2129
TSLA,2024-04-30,29.7533,34.9558,30.2305
TSLA,2024-05-01,30.7517,35.0162,30.2572
TSLA,2024-05-02,30.5608,35.0497,30.2735
TSLA,2024-05-03,30.0302,35.0843,30.2933
TSLA,2024-05-06,29.6518,35.0792,30.3128
TSLA,2024-05-07,27.0254,35.0419,30.3175
TSLA,2024-05-08,27.3772,35.0106,30.3286
TSLA,2024-05-09,26.0899,34.9152,30.3297
TSLA,2024-05-10,26.8074,34.8503,30.3359
TSLA,2024-05-13,26.7442,34.7568,30.338
TSLA,2024-05-14,26.8957,34.6125,30.3375
TSLA,2024-05-15,27.7154,34.4789,30.3423
TSLA,2024-05-16,26.7195,34.3391,30.3322
TSLA,2024-05-17,27.163,34.2284,30.328
TSLA,2024-05-20,27.4993,34.0875,30.3173
TSLA,2024-05-21,27.3287,33.9052,30.2983
TSLA,2024-05-22,26.3449,33.6575,30.2624
TSLA,2024-05-23,27.0312,33.4237,30.2285
TSLA,2024-05-24,27.8586,33.1716,30.2039
TSLA,2024-05-27,28.0261,32.9235,30.1653
TSLA,2024-05-28,26.8605,32.6796,30.1231
TSLA,2024-05-29,26.322,32.3872,30.0838
TSLA,2024-05-30,26.2923,32.0363,30.0454
TSLA,2024-05-31,27.0805,31.7359,30.0174
TSLA,2024-06-03,25.4145,31.4362,29.9773
TSLA,2024-06-04,24.8679,31.1231,29.9384
TSLA,2024-06-05,24.4942,30.7691,29.8993
TSLA,2024-06-06,24.4437,30.4513,29.8532
TSLA,2024-06-07,23.2065,30.1001,29.7963
TSLA,2024-06-10,23.0316,29.7638,29.7381
TSLA,2024-06-11,22.7713,29.398,29.6773
TSLA,2024-06-12,21.8534,29.0392,29.6115
TSLA,2024-06-13,21.7774,28.6522,29.5482
TSLA,2024-06-14,21.3288,28.2604,29.4824
TSLA,2024-06-17,21.7953,27.9077,29.4152
TSLA,2024-06-18,21.0476,27.5369,29.3449
TSLA,2024-06-19,21.1536,27.2277,29.2719
TSLA,2024-06-20,20.4924,26.9208,29.2014
TSLA,2024-06-21,20.0222,26.5936,29.1325
TSLA,2024-06-24,20.2947,26.3219,29.0698
TSLA,2024-06-25,20.5182,26.1215,29.0117
TSLA,2024-06-26,20.198,25.9698,28.9431
TSLA,2024-06-27,20.0033,25.7823,28.8682
TSLA,2024-06-28,18.8728,25.5733,28.7949
TSLA,2024-07-01,20.0154,25.399,28.7241
TSLA,2024-07-02,20.6145,25.2133,28.6588
TSLA,2024-07-03,21.2003,25.0482,28.6008
TSLA,2024-07-04,19.8866,24.8496,28.5458
TSLA,2024-07-05,19.4337,24.6405,28.4819
TSLA,2024-07-08,19.1951,24.4373,28.4255
TSLA,2024-07-09,17.7596,24.1974,28.3619
TSLA,2024-07-10,18.4435,23.9512,28.3074
TSLA,2024-07-11,19.6012,23.732,28.2537
TSLA,2024-07-12,21.3566,23.5586,28.2107
TSLA,2024-07-15,20.4888,23.3753,28.1639
TSLA,2024-07-16,20.6152,23.2471,28.1182
TSLA,2024-07-17,21.7919,23.1354,28.0763
TSLA,2024-07-18,21.5957,23.0455,28.0332
TSLA,2024-07-19,21.1285,22.9319,27.9878
TSLA,2024-07-22,19.6007,22.789,27.9377
TSLA,2024-07-23,20.5587,22.6623,27.9015
TSLA,2024-07-24,20.5701,22.5194,27.8713
TSLA,2024-07-25,19.9917,22.3848,27.8342
TSLA,2024-07-26,20.2527,22.2466,27.7998
TSLA,2024-07-29,20.4074,22.1048,27.7697
TSLA,2024-07-30,20.5761,21.9697,27.7476
TSLA,2024-07-31,20.4214,21.8513,27.7332
TSLA,2024-08-01,21.8534,21.7477,27.729
TSLA,2024-08-02,21.7634,21.6258,27.72
TSLA,2024-08-05,23.2866,21.531,27.7212
TSLA,2024-08-06,23.8628,21.4711,27.7231
TSLA,2024-08-07,24.241,21.4295,27.7297
TSLA,2024-08-08,24.1613,21.3868,27.7326
TSLA,2024-08-09,25.1781,21.3488,27.7422
TSLA,2024-08-12,25.3289,21.3471,27.7581
TSLA,2024-08-13,24.4132,21.338,27.7705
TSLA,2024-08-14,23.4984,21.3181,27.7696
TSLA,2024-08-15,23.9406,21.308,27.7618
TSLA,2024-08-16,23.0985,21.3058,27.747
TSLA,2024-08-19,23.0707,21.3066,27.7326
TSLA,2024-08-20,24.1237,21.3337,27.7216
TSLA,2024-08-21,24.4587,21.3858,27.7105
TSLA,2024-08-22,23.778,21.4258,27.696
TSLA,2024-08-23,25.2251,21.5037,27.6861
TSLA,2024-08-26,25.8321,21.5845,27.6778
TSLA,2024-08-27,26.9676,21.7029,27.6769
TSLA,2024-08-28,24.6095,21.772,27.6705
TSLA,2024-08-29,24.9787,21.8617,27.6681
TSLA,2024-08-30,25.8899,21.9791,27.6659
TSLA,2024-09-02,27.7939,22.129,27.6733
TSLA,2024-09-03,26.2121,22.2429,27.6709
TSLA,2024-09-04,27.5762,22.3905,27.6767
TSLA,2024-09-05,29.5365,22.5811,27.6977
TSLA,2024-09-06,27.2314,22.7483,27.7082
TSLA,2024-09-09,27.8077,22.9042,27.7267
TSLA,2024-09-10,28.5583,23.063,27.7539
TSLA,2024-09-11,28.2163,23.2034,27.7735
TSLA,2024-09-12,27.6929,23.3595,27.7924
TSLA,2024-09-13,28.499,23.5408,27.8187
TSLA,2024-09-16,27.8277,23.7134,27.8335
TSLA,2024-09-17,27.6183,23.9106,27.8429
TSLA,2024-09-18,28.5909,24.1136,27.8589
TSLA,2024-09-19,30.7612,24.3368,27.8833
TSLA,2024-09-20,31.4887,24.5394,27.9125
TSLA,2024-09-23,31.7038,24.7637,27.9461
TSLA,2024-09-24,31.0823,24.973,27.9741
TSLA,2024-09-25,29.8625,25.1345,27.9974
TSLA,2024-09-26,31.2925,25.3284,28.0273
TSLA,2024-09-27,31.1384,25.5286,28.0509
TSLA,2024-09-30,32.6845,25.7903,28.077
TSLA,2024-10-01,32.2898,26.0249,28.104
TSLA,2024-10-02,31.485,26.2432,28.1241
TSLA,2024-10-03,32.0752,26.4849,28.1532
TSLA,2024-10-04,32.0179,26.7202,28.1794
TSLA,2024-10-07,30.5168,26.9224,28.197
TSLA,2024-10-08,32.9185,27.1692,28.2244
TSLA,2024-10-09,32.1273,27.4033,28.2493
TSLA,2024-10-10,33.4159,27.6346,28.2683
TSLA,2024-10-11,34.6344,27.892,28.2986
TSLA,2024-10-14,32.9378,28.085,28.3144
TSLA,2024-10-15,31.6558,28.2409,28.3298
TSLA,2024-10-16,31.3095,28.3822,28.3403
TSLA,2024-10-17,30.2598,28.5042,28.3418
TSLA,2024-10-18,32.52,28.651,28.3541
TSLA,2024-10-21,32.298,28.7904,28.3681
TSLA,2024-10-22,33.5414,28.973,28.3873
TSLA,2024-10-23,34.3004,29.189,28.4085
TSLA,2024-10-24,34.7198,29.4046,28.42
TSLA,2024-10-25,34.824,29.6391,28.4376
TSLA,2024-10-28,36.6827,29.9114,28.4678
TSLA,2024-10-29,35.5118,30.1391,28.4901
TSLA,2024-10-30,38.1642,30.4132,28.5271
V,2020-01-02,210.0,210.0,210.0
V,2020-01-03,212.6151,211.3075,211.3075
V,2020-01-06,211.0958,211.237,211.237
V,2020-01-07,213.7686,211.8699,211.8699
V,2020-01-08,210.8373,211.6634,211.6634
V,2020-01-09,213.2602,211.9295,211.9295
V,2020-01-10,211.7406,211.9025,211.9025
V,2020-01-13,211.0866,211.8005,211.8005
V,2020-01-14,209.1697,211.5082,211.5082
V,2020-01-15,208.795,211.2369,211.2369
V,2020-01-16,210.7224,211.1901,211.1901
V,2020-01-17,206.476,210.7973,210.7973
V,2020-01-20,213.6323,211.0154,211.0154
V,2020-01-21,221.0742,211.7338,211.7338
V,2020-01-22,219.5137,212.2525,212.2525
V,2020-01-23,222.9529,212.9213,212.9213
V,2020-01-24,219.0634,213.2826,213.2826
V,2020-01-27,213.8032,213.3115,213.3115
V,2020-01-28,220.2492,213.6766,213.6766
V,2020-01-29,223.0154,214.1436,214.1436
V,2020-01-30,223.6524,214.5964,214.5964
V,2020-01-31,226.3267,215.1296,215.1296
V,2020-02-03,224.1696,215.5226,215.5226
V,2020-02-04,224.6407,215.9025,215.9025
V,2020-02-05,225.5775,216.2895,216.2895
V,2020-02-06,220.823,216.4639,216.4639
V,2020-02-07,224.8296,216.7737,216.7737
V,2020-02-10,223.4281,217.0114,217.0114
V,2020-02-11,219.6133,217.1011,217.1011
V,2020-02-12,225.4117,217.3781,217.3781
V,2020-02-13,229.7837,217.7783,217.7783
V,2020-02-14,229.1793,218.1346,218.1346
V,2020-02-17,224.9998,218.3426,218.3426
V,2020-02-18,226.9359,218.5954,218.5954
V,2020-02-19,227.3117,218.8444,218.8444
V,2020-02-20,235.1138,219.2963,219.2963
V,2020-02-21,240.0745,219.8579,219.8579
V,2020-02-24,238.565,220.3502,220.3502
V,2020-02-25,244.0379,220.9576,220.9576
V,2020-02-26,249.2356,221.6645,221.6645
V,2020-02-27,242.881,222.182,222.182
V,2020-02-28,245.1898,222.7298,222.7298
V,2020-03-02,249.8861,223.3614,223.3614
V,2020-03-03,248.5015,223.9327,223.9327
V,2020-03-04,244.0581,224.38,224.38
V,2020-03-05,255.5854,225.0583,225.0583
V,2020-03-06,261.9794,225.8439,225.8439
V,2020-03-09,263.2725,226.6236,226.6236
V,2020-03-10,255.1563,227.2059,227.2059
V,2020-03-11,253.8468,227.7388,227.7388
V,2020-03-12,261.8049,228.7749,228.4067
V,2020-03-13,267.4771,229.8721,229.1581
V,2020-03-16,266.7027,230.9842,229.8665
V,2020-03-17,264.9964,232.0088,230.517
V,2020-03-18,271.2482,233.217,231.2576
V,2020-03-19,270.5926,234.3637,231.96
V,2020-03-20,270.4279,235.5374,232.6349
V,2020-03-23,272.5499,236.7667,233.3231
V,2020-03-24,275.3501,238.0903,234.0354
V,2020-03-25,271.1581,239.3375,234.6541
V,2020-03-26,274.0639,240.6044,235.3002
V,2020-03-27,270.3139,241.8811,235.8649
V,2020-03-30,276.0369,243.1292,236.5026
V,2020-03-31,274.9905,244.2076,237.1039
V,2020-04-01,276.5705,245.3487,237.7111
V,2020-04-02,265.1639,246.1929,238.1271
V,2020-04-03,268.9034,247.1897,238.5864
V,2020-04-06,273.2695,248.379,239.0965
V,2020-04-07,271.4955,249.404,239.566
V,2020-04-08,266.2741,250.2691,239.9475
V,2020-04-09,261.0285,251.0167,240.2445
V,2020-04-10,261.3844,251.7178,240.5381
V,2020-04-13,257.3528,252.3815,240.7684
V,2020-04-14,257.4399,253.0375,240.9937
V,2020-04-15,258.2397,253.6907,241.2236
V,2020-04-16,259.483,254.4639,241.4639
V,2020-04-17,265.5473,255.2783,241.7767
V,2020-04-20,271.2199,256.2341,242.1542
V,2020-04-21,272.2296,257.2864,242.5349
V,2020-04-22,275.3736,258.2857,242.9453
V,2020-04-23,277.4164,259.2383,243.3709
V,2020-04-24,284.0385,260.3355,243.8669
V,2020-04-27,285.0721,261.5369,244.3633
V,2020-04-28,289.5067,262.7884,244.9007
V,2020-04-29,299.7727,264.2376,245.5463
V,2020-04-30,302.1537,265.5784,246.2045
V,2020-05-01,300.4402,266.7857,246.8279
V,2020-05-04,298.9303,267.993,247.42
V,2020-05-05,296.0831,269.0339,247.9667
V,2020-05-06,299.9853,270.0489,248.5447
V,2020-05-07,302.1119,271.2335,249.1334
V,2020-05-08,300.9557,272.3488,249.6967
V,2020-05-11,308.5437,273.522,250.3294
V,2020-05-12,307.2017,274.696,250.9345
V,2020-05-13,308.1361,275.9775,251.5366
V,2020-05-14,305.0036,276.9659,252.0935
V,2020-05-15,304.9845,277.826,252.6388
V,2020-05-18,301.7847,278.5963,253.1403
V,2020-05-19,301.7917,279.529,253.6317
V,2020-05-20,297.5161,280.4023,254.0706
V,2020-05-21,295.6929,281.0801,254.4827
V,2020-05-22,292.9919,281.5904,254.8602
V,2020-05-25,290.5346,282.067,255.2066
V,2020-05-26,287.034,282.5078,255.5126
V,2020-05-27,285.9909,282.8026,255.8029
V,2020-05-28,275.7052,282.9049,255.9906
V,2020-05-29,278.911,283.0746,256.2048
V,2020-06-01,280.4792,283.2331,256.4296
V,2020-06-02,282.1181,283.3685,256.6653
V,2020-06-03,281.7334,283.58,256.8932
V,2020-06-04,287.4798,283.8483,257.1687
V,2020-06-05,284.7248,284.1366,257.4147
V,2020-06-08,277.8278,284.1724,257.5954
V,2020-06-09,279.2634,284.2578,257.7855
V,2020-06-10,287.7329,284.4811,258.0459
V,2020-06-11,294.3968,285.0657,258.3592
V,2020-06-12,298.8054,285.6638,258.7049
V,2020-06-15,309.5419,286.3892,259.1358
V,2020-06-16,307.9398,287.1181,259.5459
V,2020-06-17,306.118,287.915,259.934
V,2020-06-18,305.223,288.7989,260.3083
V,2020-06-19,294.1935,289.4551,260.586
V,2020-06-22,301.0403,290.3288,260.9149
V,2020-06-23,301.3023,291.2061,261.2406
V,2020-06-24,298.7068,292.0154,261.5403
V,2020-06-25,298.043,292.7866,261.8301
V,2020-06-26,294.0209,293.3561,262.0835
V,2020-06-29,294.4499,293.8207,262.3364
V,2020-06-30,292.3695,294.2235,262.5692
V,2020-07-01,290.5087,294.5262,262.7841
V,2020-07-02,286.8299,294.7144,262.9677
V,2020-07-03,287.1598,294.7769,263.1509
V,2020-07-06,285.1339,294.7781,263.3162
V,2020-07-07,291.1959,294.8119,263.5243
V,2020-07-08,293.7231,294.6909,263.748
V,2020-07-09,288.1102,294.41,263.9271
V,2020-07-10,290.9343,294.2199,264.1243
V,2020-07-13,292.5836,294.093,264.3305
V,2020-07-14,293.037,294.032,264.537
V,2020-07-15,292.4828,293.882,264.7366
V,2020-07-16,297.8755,293.7973,264.9716
V,2020-07-17,293.0759,293.6397,265.1696
V,2020-07-20,292.9153,293.3271,265.3636
V,2020-07-21,285.7213,292.8975,265.505
V,2020-07-22,288.1737,292.4982,265.6613
V,2020-07-23,288.0311,292.1588,265.8145
V,2020-07-24,283.9286,291.7377,265.9377
V,2020-07-27,284.8595,291.3992,266.0656
V,2020-07-28,290.9361,291.1821,266.2325
V,2020-07-29,291.5668,291.0631,266.4014
V,2020-07-30,284.8431,290.8461,266.5235
V,2020-07-31,284.8998,290.6842,266.6444
V,2020-08-03,286.3092,290.5997,266.773
V,2020-08-04,283.4628,290.5283,266.8813
V,2020-08-05,293.2785,290.6741,267.0516
V,2020-08-06,287.0599,290.9012,267.1799
V,2020-08-07,276.3648,290.8502,267.2384
V,2020-08-10,272.6083,290.6928,267.2724
V,2020-08-11,264.8221,290.3469,267.257
V,2020-08-12,268.7589,290.0874,267.2664
V,2020-08-13,273.2384,289.8026,267.3035
V,2020-08-14,266.7932,289.4439,267.3003
V,2020-08-17,262.5646,289.1387,267.2712
V,2020-08-18,257.91,288.7116,267.2142
V,2020-08-19,257.9453,288.1159,267.158
V,2020-08-20,259.9107,287.4261,267.1143
V,2020-08-21,265.9819,286.7697,267.1076
V,2020-08-24,267.8241,285.9353,267.1118
V,2020-08-25,266.5921,285.1084,267.1087
V,2020-08-26,265.184,284.2897,267.0974
V,2020-08-27,265.7035,283.4993,267.0893
V,2020-08-28,266.4667,282.9448,267.0856
V,2020-08-31,266.1015,282.246,267.08
V,2020-09-01,266.6217,281.5524,267.0773
V,2020-09-02,266.6535,280.9113,267.0749
V,2020-09-03,260.9899,280.1702,267.0403
V,2020-09-04,261.6999,279.5238,267.0102
V,2020-09-07,258.3864,278.8025,266.9617
V,2020-09-08,259.3191,278.1415,266.919
V,2020-09-09,261.3707,277.5588,266.8882
V,2020-09-10,266.1924,277.146,266.8843
V,2020-09-11,266.1862,276.7266,266.8805
V,2020-09-14,263.7569,276.299,266.8634
V,2020-09-15,267.2741,275.8206,266.8657
V,2020-09-16,267.6592,275.2993,266.87
V,2020-09-17,275.8569,275.0542,266.9183
V,2020-09-18,270.1356,274.6383,266.9355
V,2020-09-21,267.906,274.1447,266.9406
V,2020-09-22,265.1601,273.5872,266.9312
V,2020-09-23,272.7882,273.1933,266.9621
V,2020-09-24,274.8027,272.7318,267.0031
V,2020-09-25,267.2671,272.2156,267.0045
V,2020-09-28,260.2432,271.5622,266.9694
V,2020-09-29,263.7716,271.1232,266.953
V,2020-09-30,259.7115,270.554,266.9158
V,2020-10-01,259.8574,269.9905,266.8798
V,2020-10-02,259.1718,269.4954,266.8407
V,2020-10-05,267.1688,269.1415,266.8423
V,2020-10-06,266.3413,268.6496,266.8398
V,2020-10-07,264.7741,268.1138,266.8295
V,2020-10-08,267.1708,267.7603,267.1154
V,2020-10-09,271.8314,267.499,267.4114
V,2020-10-12,272.4666,267.2221,267.7183
V,2020-10-13,263.2984,266.8188,267.9659
V,2020-10-14,266.6657,266.2866,268.2451
V,2020-10-15,261.3761,265.7729,268.4857
V,2020-10-16,255.5012,265.3556,268.7045
V,2020-10-19,253.7288,264.978,268.9177
V,2020-10-20,254.3313,264.7682,269.1435
V,2020-10-21,260.1277,264.5956,269.4001
V,2020-10-22,252.3593,264.178,269.6083
V,2020-10-23,253.0721,263.9036,269.8413
V,2020-10-26,258.9137,263.8306,270.0677
V,2020-10-27,258.6403,263.8452,270.2555
V,2020-10-28,261.798,263.9222,270.467
V,2020-10-29,264.6577,264.0172,270.6755
V,2020-10-30,262.5153,263.9479,270.8928
V,2020-11-02,265.0632,263.8926,271.149
V,2020-11-03,265.6615,263.874,271.3761
V,2020-11-04,264.5155,263.8607,271.5836
V,2020-11-05,271.1072,263.9687,271.8209
V,2020-11-06,270.5228,264.0498,272.0419
V,2020-11-09,276.9037,264.2659,272.3055
V,2020-11-10,275.6126,264.4457,272.5604
V,2020-11-11,275.2127,264.6169,272.8086
V,2020-11-12,274.378,264.8847,273.0763
V,2020-11-13,278.9013,265.2287,273.3467
V,2020-11-16,275.4117,265.5692,273.6066
V,2020-11-17,277.4733,265.9323,273.8959
V,2020-11-18,279.2713,266.2903,274.1652
V,2020-11-19,281.1056,266.5885,274.4218
V,2020-11-20,290.0896,267.0666,274.7264
V,2020-11-23,289.2982,267.5774,275.0479
V,2020-11-24,301.6428,268.2648,275.4214
V,2020-11-25,306.9482,269.0506,275.8196
V,2020-11-26,300.4514,269.5425,276.1463
V,2020-11-27,295.4626,270.049,276.4232
V,2020-11-30,300.2318,270.6955,276.7316
V,2020-12-01,297.0147,271.3326,276.9964
V,2020-12-02,298.2657,271.8422,277.2416
V,2020-12-03,295.2988,272.2521,277.5037
V,2020-12-04,293.3818,272.7744,277.7446
V,2020-12-07,292.394,273.4174,277.9572
V,2020-12-08,296.9266,274.0805,278.1993
V,2020-12-09,296.0586,274.8075,278.4593
V,2020-12-10,302.6606,275.6635,278.6947
V,2020-12-11,298.3747,276.4476,278.8767
V,2020-12-14,302.1254,277.1467,279.0709
V,2020-12-15,303.2494,277.8849,279.3114
V,2020-12-16,297.7831,278.5451,279.5311
V,2020-12-17,295.2813,279.1073,279.6985
V,2020-12-18,294.8979,279.5686,279.8356
V,2020-12-21,300.6211,280.1317,280.0051
V,2020-12-22,300.1937,280.8696,280.1811
V,2020-12-23,309.876,281.7338,280.3743
V,2020-12-24,308.5354,282.677,280.564
V,2020-12-25,309.1435,283.7498,280.7576
V,2020-12-28,315.5376,284.986,280.9725
V,2020-12-29,309.7357,286.0941,281.1444
V,2020-12-30,315.5658,287.2029,281.3665
V,2020-12-31,312.6291,288.4083,281.5593
V,2021-01-01,311.6781,289.5804,281.7661
V,2021-01-04,313.0113,290.6623,281.951
V,2021-01-05,309.3622,291.6768,282.1228
V,2021-01-06,322.2191,292.8852,282.3511
V,2021-01-07,323.4621,294.0613,282.6426
V,2021-01-08,324.2926,295.2968,282.9195
V,2021-01-11,321.5695,296.4269,283.161
V,2021-01-12,315.2633,297.419,283.3799
V,2021-01-13,320.8794,298.5463,283.6529
V,2021-01-14,319.7215,299.5185,283.9464
V,2021-01-15,321.4793,300.5377,284.2468
V,2021-01-18,316.9217,301.338,284.5447
V,2021-01-19,320.9999,302.2458,284.8625
V,2021-01-20,319.63,303.1341,285.1694
V,2021-01-21,311.8933,303.8844,285.4315
V,2021-01-22,310.6808,304.52,285.6571
V,2021-01-25,314.5122,305.302,285.8736
V,2021-01-26,317.4724,306.102,286.0998
V,2021-01-27,319.4732,306.9061,286.3203
V,2021-01-28,319.457,307.6731,286.5305
V,2021-01-29,319.7965,308.2672,286.7093
V,2021-02-01,317.2728,308.8267,286.8703
V,2021-02-02,323.0485,309.2548,287.038
V,2021-02-03,322.9567,309.575,287.1539
V,2021-02-04,320.5528,309.977,287.2459
V,2021-02-05,329.5107,310.658,287.3913
V,2021-02-08,335.8988,311.3713,287.5761
V,2021-02-09,336.5542,312.1621,287.7785
V,2021-02-10,334.9339,312.8955,287.9532
V,2021-02-11,333.4748,313.659,288.1101
V,2021-02-12,328.8115,314.3676,288.2493
V,2021-02-15,333.743,315.1946,288.3753
V,2021-02-16,343.3168,316.1224,288.5559
V,2021-02-17,346.4708,317.1306,288.7476
V,2021-02-18,354.8654,318.1747,288.9969
V,2021-02-19,359.688,319.401,289.2704
V,2021-02-22,351.9531,320.3975,289.5212
V,2021-02-23,360.0001,321.5326,289.8123
V,2021-02-24,358.9533,322.756,290.1195
V,2021-02-25,360.318,324.0567,290.4426
V,2021-02-26,355.5669,325.2701,290.7555
V,2021-03-01,346.4242,326.1861,291.0349
V,2021-03-02,343.3455,327.0492,291.3165
V,2021-03-03,344.9379,327.7504,291.6112
V,2021-03-04,345.777,328.4952,291.9616
V,2021-03-05,350.1365,329.3151,292.3177
V,2021-03-08,351.8449,330.0412,292.6745
V,2021-03-09,352.8289,330.9031,293.0281
V,2021-03-10,350.1076,331.5939,293.37
V,2021-03-11,361.1616,332.5646,293.7384
V,2021-03-12,372.2566,333.7762,294.176
V,2021-03-15,373.9482,334.9949,294.6566
V,2021-03-16,366.3741,336.1351,295.0922
V,2021-03-17,368.6033,337.0628,295.4965
V,2021-03-18,361.8228,337.83,295.8337
V,2021-03-19,354.4298,338.4328,296.1118
V,2021-03-22,360.0,339.2014,296.3641
V,2021-03-23,355.5522,340.0072,296.6021
V,2021-03-24,353.0862,340.6513,296.837
V,2021-03-25,358.1921,341.4207,297.1018
V,2021-03-26,360.9447,342.21,297.4356
V,2021-03-29,364.9637,343.1709,297.7552
V,2021-03-30,375.2109,344.2551,298.1247
V,2021-03-31,372.3761,345.31,298.4931
V,2021-04-01,374.4782,346.5617,298.8753
V,2021-04-02,383.2682,348.0135,299.3215
V,2021-04-05,378.1387,349.286,299.7399
V,2021-04-06,377.5673,350.4879,300.1659
V,2021-04-07,382.7129,351.7527,300.6269
V,2021-04-08,375.8316,352.8802,301.072
V,2021-04-09,377.3231,354.0307,301.5228
V,2021-04-12,375.8661,355.2026,301.9764
V,2021-04-13,370.9271,356.1601,302.3751
V,2021-04-14,377.9182,357.2594,302.7961
V,2021-04-15,383.3869,358.516,303.2724
V,2021-04-16,386.6827,359.6595,303.7512
V,2021-04-19,391.0291,360.7621,304.2434
V,2021-04-20,388.8592,361.8082,304.7225
V,2021-04-21,389.3613,362.8967,305.2069
V,2021-04-22,384.7406,363.9221,305.6412
V,2021-04-23,389.4512,365.1349,306.1231
V,2021-04-26,384.3463,366.1469,306.5803
V,2021-04-27,381.6426,366.9134,307.0599
V,2021-04-28,375.9674,367.5034,307.4989
V,2021-04-29,377.3835,367.9537,307.9456
V,2021-04-30,376.0892,368.2818,308.4064
V,2021-05-03,378.5669,368.814,308.875
V,2021-05-04,374.9698,369.1134,309.2951
V,2021-05-05,370.8924,369.3522,309.6918
V,2021-05-06,373.5333,369.6165,310.1352
V,2021-05-07,372.9552,369.9643,310.5755
V,2021-05-10,389.5137,370.8261,311.0915
V,2021-05-11,393.5629,371.8304,311.642
V,2021-05-12,394.5924,372.8235,312.1486
V,2021-05-13,402.6023,373.96,312.7263
V,2021-05-14,408.9444,375.1362,313.3892
V,2021-05-17,410.277,376.3048,314.0775
V,2021-05-18,429.8187,377.8446,314.9025
V,2021-05-19,437.6064,379.5946,315.7467
V,2021-05-20,430.5068,380.9815,316.5331
V,2021-05-21,428.5458,382.1073,317.3419
V,2021-05-24,417.3006,382.9743,318.1155
V,2021-05-25,408.3593,383.814,318.8678
V,2021-05-26,427.4056,384.9901,319.7151
V,2021-05-27,436.4398,386.4824,320.5977
V,2021-05-28,425.6718,387.9072,321.3962
V,2021-05-31,425.841,389.2241,322.1863
V,2021-06-01,423.7611,390.5882,322.9721
V,2021-06-02,441.3067,392.3527,323.8527
V,2021-06-03,426.0759,393.7103,324.6546
V,2021-06-04,422.2092,394.9356,325.4333
V,2021-06-07,418.4442,396.0052,326.195
V,2021-06-08,414.1563,396.7841,326.9327
V,2021-06-09,415.9733,397.6561,327.6793
V,2021-06-10,421.8001,398.6025,328.4833
V,2021-06-11,418.6913,399.311,329.2683
V,2021-06-14,418.4057,400.1163,330.0684
V,2021-06-15,412.6081,400.8171,330.8348
V,2021-06-16,407.3899,401.3107,331.5649
V,2021-06-17,410.1271,401.9966,332.2846
V,2021-06-18,413.9246,402.7286,333.0233
V,2021-06-21,402.7363,403.266,333.7182
V,2021-06-22,398.5162,403.8178,334.3744
V,2021-06-23,396.7675,404.1948,335.0199
V,2021-06-24,394.6525,404.4201,335.6139
V,2021-06-25,393.2696,404.5518,336.2296
V,2021-06-28,378.8135,404.3075,336.7841
V,2021-06-29,385.1911,404.2342,337.3843
V,2021-06-30,384.9274,404.1455,337.945
V,2021-07-01,401.8137,404.487,338.58
V,2021-07-02,405.8436,404.8148,339.2729
V,2021-07-05,408.3943,405.2958,340.0137
V,2021-07-06,403.3302,405.7295,340.7115
V,2021-07-07,399.9914,406.21,341.4129
V,2021-07-08,405.0686,406.7637,342.1389
V,2021-07-09,403.5722,407.3134,342.8609
V,2021-07-12,399.5568,407.7332,343.5229
V,2021-07-13,411.3314,408.4604,344.2478
V,2021-07-14,413.8547,409.3196,344.9932
V,2021-07-15,419.0542,410.23,345.7526
V,2021-07-16,417.3125,411.1172,346.48
V,2021-07-19,425.2841,411.8326,347.2441
V,2021-07-20,422.0909,412.4032,348.0381
V,2021-07-21,429.9631,413.1106,348.8546
V,2021-07-22,427.264,413.6038,349.684
V,2021-07-23,438.1667,414.1883,350.5973
V,2021-07-26,447.1522,414.9258,351.5645
V,2021-07-27,444.5425,415.2202,352.5155
V,2021-07-28,460.321,415.6745,353.5165
V,2021-07-29,461.5542,416.2955,354.5625
V,2021-07-30,473.9672,417.2039,355.6669
V,2021-08-02,466.2378,418.1826,356.7035
V,2021-08-03,471.4638,419.4447,357.7677
V,2021-08-04,474.5644,420.3879,358.8315
V,2021-08-05,472.025,421.0996,359.8683
V,2021-08-06,479.1838,422.1699,360.9517
V,2021-08-09,488.9737,423.4325,362.0712
V,2021-08-10,493.2134,424.8216,363.209
V,2021-08-11,496.4136,425.9237,364.3685
V,2021-08-12,498.6708,427.3756,365.5063
V,2021-08-13,502.901,428.9894,366.6682
V,2021-08-16,509.2872,430.8063,367.8301
V,2021-08-17,515.3627,432.8304,369.0289
V,2021-08-18,520.3812,434.9186,370.2547
V,2021-08-19,517.1689,436.826,371.4687
V,2021-08-20,525.397,438.9601,372.7011
V,2021-08-23,530.2647,441.1972,373.9754
V,2021-08-24,533.6573,443.6182,375.2563
V,2021-08-25,532.1537,446.1135,376.5207
V,2021-08-26,540.4431,448.7198,377.8174
V,2021-08-27,524.2941,450.9272,378.9884
V,2021-08-30,524.1131,453.3548,380.1625
V,2021-08-31,521.3028,455.8105,381.2608
V,2021-09-01,517.8239,458.2316,382.3152
V,2021-09-02,516.0313,460.6592,383.3931
V,2021-09-03,508.2907,462.9596,384.4572
V,2021-09-06,505.8929,465.5012,385.4855
V,2021-09-07,497.2177,467.7417,386.4866
V,2021-09-08,500.5839,470.0549,387.4981
V,2021-09-09,508.0086,472.1788,388.5617
V,2021-09-10,516.3963,474.3898,389.6768
V,2021-09-13,520.9482,476.6409,390.8195
V,2021-09-14,516.7975,478.9102,391.9189
V,2021-09-15,508.4764,481.0799,392.981
V,2021-09-16,503.7385,483.0533,393.9864
V,2021-09-17,501.5721,485.0133,395.0024
V,2021-09-20,497.053,486.9633,395.977
V,2021-09-21,515.892,489.0545,397.0402
V,2021-09-22,521.6701,491.2108,398.1596
V,2021-09-23,526.5115,493.3599,399.3158
V,2021-09-24,529.2456,495.5986,400.4875
V,2021-09-27,525.4906,497.6027,401.6119
V,2021-09-28,526.8388,499.6977,402.7451
V,2021-09-29,532.6742,501.7519,403.8591
V,2021-09-30,540.7582,504.0218,405.0202
V,2021-10-01,543.4551,506.1275,406.1918
V,2021-10-04,550.0229,508.185,407.3642
V,2021-10-05,546.3104,510.2203,408.5471
V,2021-10-06,533.7461,511.6888,409.638
V,2021-10-07,544.7264,513.3523,410.7985
V,2021-10-08,540.1092,514.6751,411.9406
V,2021-10-11,535.4972,516.0603,413.053
V,2021-10-12,528.6901,517.2048,414.1497
V,2021-10-13,531.4184,518.3419,415.1957
V,2021-10-14,527.3646,519.4487,416.2152
V,2021-10-15,539.6231,520.6575,417.2918
V,2021-10-18,551.9444,521.9169,418.4437
V,2021-10-19,555.4575,523.1618,419.6447
V,2021-10-20,549.8835,524.2312,420.7897
V,2021-10-21,565.8326,525.5744,422.0203
V,2021-10-22,576.0708,527.0378,423.2932
V,2021-10-25,570.5757,528.2636,424.5615
V,2021-10-26,574.5176,529.4467,425.8291
V,2021-10-27,577.299,530.585,427.1174
V,2021-10-28,582.745,531.8965,428.4717
V,2021-10-29,584.3311,533.0752,429.8399
V,2021-11-01,584.8166,534.1663,431.1915
V,2021-11-02,611.6793,535.7267,432.6625
V,2021-11-03,617.5271,537.4342,434.1528
V,2021-11-04,611.7931,538.8612,435.6144
V,2021-11-05,608.5129,540.5456,437.058
V,2021-11-08,626.5109,542.5935,438.6042
V,2021-11-09,624.148,544.6504,440.1097
V,2021-11-10,616.2592,546.6191,441.5762
V,2021-11-11,617.6938,548.6524,443.0619
V,2021-11-12,616.9148,550.8248,444.4989
V,2021-11-15,631.1141,553.3293,445.975
V,2021-11-16,647.5085,556.3351,447.5298
V,2021-11-17,645.6911,559.2372,449.0836
V,2021-11-18,654.9354,562.1758,450.6909
V,2021-11-19,654.7668,564.9432,452.3207
V,2021-11-22,647.9707,567.4836,453.8918
V,2021-11-23,666.9635,570.4869,455.51
V,2021-11-24,688.1945,574.0813,457.2187
V,2021-11-25,693.1535,577.8696,458.9101
V,2021-11-26,687.9198,581.5966,460.5513
V,2021-11-29,679.1128,585.2378,462.187
V,2021-11-30,687.2823,588.6656,463.8235
V,2021-12-01,702.6569,592.2853,465.542
V,2021-12-02,705.6847,595.8688,467.2688
V,2021-12-03,719.0457,599.6648,469.0862
V,2021-12-06,718.3269,603.5215,470.9457
V,2021-12-07,713.8951,607.2626,472.7985
V,2021-12-08,718.3309,610.9758,474.6654
V,2021-12-09,698.4706,614.13,476.4289
V,2021-12-10,695.0163,617.1612,478.1533
V,2021-12-13,705.3824,620.2684,479.921
V,2021-12-14,681.6169,622.9745,481.5649
V,2021-12-15,670.151,625.7026,483.1651
V,2021-12-16,670.4519,628.2172,484.7116
V,2021-12-17,660.1058,630.6171,486.1508
V,2021-12-20,657.0118,633.0474,487.5662
V,2021-12-21,638.7013,635.2476,488.9278
V,2021-12-22,646.5362,637.55,490.3175
V,2021-12-23,658.9702,640.1821,491.8032
V,2021-12-24,645.6357,642.3023,493.2592
V,2021-12-27,649.354,644.2505,494.706
V,2021-12-28,649.0215,646.1218,496.1733
V,2021-12-29,655.2169,648.2285,497.684
V,2021-12-30,671.6717,650.3452,499.2514
V,2021-12-31,661.8261,652.0604,500.7558
V,2022-01-03,676.2448,654.1737,502.3122
V,2022-01-04,695.4992,656.5934,503.9136
V,2022-01-05,679.2107,658.6316,505.4478
V,2022-01-06,691.1853,660.8004,507.0314
V,2022-01-07,683.9881,662.7935,508.535
V,2022-01-10,692.3741,664.9447,510.1061
V,2022-01-11,685.9406,666.4299,511.648
V,2022-01-12,681.9559,667.7185,513.1442
V,2022-01-13,677.008,669.0228,514.6501
V,2022-01-14,668.9163,670.2309,516.1081
V,2022-01-17,678.2406,671.2655,517.6199
V,2022-01-18,684.9423,672.4813,519.19
V,2022-01-19,691.9729,673.9956,520.7603
V,2022-01-20,689.8689,675.4391,522.2927
V,2022-01-21,688.8186,676.8772,523.8034
V,2022-01-24,694.4776,678.1445,525.3206
V,2022-01-25,687.7781,678.9499,526.8152
V,2022-01-26,684.4102,679.7242,528.2905
V,2022-01-27,695.7781,680.5411,529.8456
V,2022-01-28,701.6274,681.4783,531.4065
V,2022-01-31,715.8004,682.8349,533.0638
V,2022-02-01,690.6611,683.3089,534.6089
V,2022-02-02,707.9155,683.7033,536.2686
V,2022-02-03,719.6718,684.2336,537.9801
V,2022-02-04,731.829,685.1118,539.7588
V,2022-02-07,715.9637,685.8488,541.4458
V,2022-02-08,711.7604,686.3384,543.1297
V,2022-02-09,708.9439,686.4641,544.82
V,2022-02-10,712.5009,686.6005,546.5148
V,2022-02-11,733.7038,686.8936,548.3185
V,2022-02-14,737.8032,687.2832,550.06
V,2022-02-15,752.8578,688.0624,551.8565
V,2022-02-16,770.7848,689.1115,553.7374
V,2022-02-17,780.79,690.7579,555.6284
V,2022-02-18,785.3726,692.565,557.5105
V,2022-02-21,802.1912,694.5012,559.4701
V,2022-02-22,785.2129,696.5731,561.247
V,2022-02-23,794.6973,699.064,563.0325
V,2022-02-24,815.315,701.9613,564.9565
V,2022-02-25,819.1032,705.1412,566.9093
V,2022-02-28,828.4104,708.5692,568.9649
V,2022-03-01,843.3359,712.6619,571.1398
V,2022-03-02,840.5418,716.542,573.2054
V,2022-03-03,881.768,720.998,575.4321
V,2022-03-04,867.8476,725.4422,577.643
V,2022-03-07,845.4866,729.3649,579.7412
V,2022-03-08,856.399,733.5124,581.9044
V,2022-03-09,850.2387,737.4128,583.949
V,2022-03-10,854.2826,741.0651,586.0901
V,2022-03-11,859.5641,745.0198,588.2769
V,2022-03-14,867.0882,748.8367,590.5201
V,2022-03-15,851.676,751.9602,592.7077
V,2022-03-16,843.7326,755.2507,594.8465
V,2022-03-17,860.0104,758.6272,597.0375
V,2022-03-18,854.5542,762.0385,599.2168
V,2022-03-21,854.5226,765.2815,601.3974
V,2022-03-22,848.4907,768.5325,603.5768
V,2022-03-23,856.0135,772.0136,605.8199
V,2022-03-24,851.7506,775.5085,608.0281
V,2022-03-25,874.0914,779.612,610.3289
V,2022-03-28,864.8907,783.345,612.6397
V,2022-03-29,847.3835,786.5938,614.884
V,2022-03-30,833.1124,789.4166,617.0657
V,2022-03-31,848.6941,792.5931,619.3359
V,2022-04-01,834.2562,795.5018,621.5409
V,2022-04-04,818.1983,797.9762,623.7378
V,2022-04-05,828.6553,800.7938,625.9551
V,2022-04-06,852.4966,804.1555,628.293
V,2022-04-07,881.5924,807.8718,630.6919
V,2022-04-08,880.9191,811.4576,633.0672
V,2022-04-11,841.8277,813.9782,635.2344
V,2022-04-12,840.3902,816.9728,637.4197
V,2022-04-13,857.0884,819.9562,639.7052
V,2022-04-14,844.5697,822.4542,641.9027
V,2022-04-15,838.3843,824.5853,644.0768
V,2022-04-18,843.422,827.1345,646.2961
V,2022-04-19,859.8805,830.0969,648.5388
V,2022-04-20,848.4405,832.8868,650.7118
V,2022-04-21,863.5096,835.907,652.934
V,2022-04-22,874.0101,838.7131,655.2175
V,2022-04-25,871.8083,841.3932,657.4501
V,2022-04-26,883.2706,844.0014,659.756
V,2022-04-27,898.0761,846.5473,662.0966
V,2022-04-28,922.1159,849.3738,664.5709
V,2022-04-29,944.7693,852.5617,667.1039
V,2022-05-02,929.9312,855.1165,669.5178
V,2022-05-03,937.9913,858.1721,671.985
V,2022-05-04,938.7013,861.0522,674.3769
V,2022-05-05,945.2598,863.6511,676.7954
V,2022-05-06,947.2475,866.214,679.1618
V,2022-05-09,950.8976,868.6637,681.5851
V,2022-05-10,952.0425,870.8378,683.988
V,2022-05-11,944.4193,872.9154,686.3373
V,2022-05-12,949.2227,874.2645,688.7233
V,2022-05-13,963.8895,876.1853,691.1468
V,2022-05-16,962.5068,878.5257,693.5145
V,2022-05-17,956.3429,880.5246,695.8301
V,2022-05-18,960.7693,882.7352,698.1519
V,2022-05-19,967.594,885.0014,700.4965
V,2022-05-20,958.9081,886.9883,702.7766
V,2022-05-23,954.416,888.7349,705.0022
V,2022-05-24,939.6039,890.4934,707.1234
V,2022-05-25,945.6786,892.5323,709.2499
V,2022-05-26,942.3235,894.1786,711.3757
V,2022-05-27,963.4945,896.3574,713.5662
V,2022-05-30,972.543,898.7178,715.7776
V,2022-05-31,984.1691,901.4314,718.0301
V,2022-06-01,987.9718,904.0706,720.3092
V,2022-06-02,1002.7002,907.0896,722.6205
V,2022-06-03,979.8285,909.2043,724.8982
V,2022-06-06,980.9913,911.5263,727.1826
V,2022-06-07,977.8108,914.1349,729.4651
V,2022-06-08,996.3558,917.3997,731.8578
V,2022-06-09,978.7534,920.0009,734.1714
V,2022-06-10,983.5427,922.9866,736.5476
V,2022-06-13,1004.3893,926.7105,739.0401
V,2022-06-14,1004.4813,930.227,741.5764
V,2022-06-15,1004.4909,933.2669,744.096
V,2022-06-16,1010.303,935.8411,746.6074
V,2022-06-17,1008.6146,938.395,749.0685
V,2022-06-20,1016.3995,941.8864,751.5458
V,2022-06-21,1035.2121,945.7829,754.1379
V,2022-06-22,1041.9173,949.4794,756.8051
V,2022-06-23,1043.2041,953.4521,759.5024
V,2022-06-24,1057.4419,957.8333,762.2817
V,2022-06-27,1083.846,962.6418,765.2157
V,2022-06-28,1074.9826,966.9438,768.0112
V,2022-06-29,1108.0509,972.136,770.9431
V,2022-06-30,1100.1368,976.8685,773.8112
V,2022-07-01,1108.1329,981.551,776.7056
V,2022-07-04,1115.371,986.4223,779.655
V,2022-07-05,1123.6474,991.2298,782.6391
V,2022-07-06,1097.7871,995.224,785.4646
V,2022-07-07,1079.0468,998.3626,788.1561
V,2022-07-08,1074.2275,1000.9518,790.8099
V,2022-07-11,1065.2027,1003.6572,793.3858
V,2022-07-12,1075.1366,1006.4001,796.03
V,2022-07-13,1096.3422,1009.553,798.8429
V,2022-07-14,1064.3696,1011.9351,801.4412
V,2022-07-15,1047.4112,1013.9384,803.9777
V,2022-07-18,1040.3829,1015.7281,806.5021
V,2022-07-19,1024.1667,1017.1706,808.9795
V,2022-07-20,1020.2896,1018.688,811.4238
V,2022-07-21,1008.383,1019.8712,813.8289
V,2022-07-22,1017.1262,1020.936,816.2164
V,2022-07-25,1061.0467,1022.9068,818.762
V,2022-07-26,1048.6903,1024.7537,821.2281
V,2022-07-27,1070.0759,1026.9398,823.8291
V,2022-07-28,1114.9337,1029.8866,826.5746
V,2022-07-29,1105.0137,1032.8087,829.2193
V,2022-08-01,1143.0503,1036.5814,832.0817
V,2022-08-02,1129.3379,1040.3761,834.8558
V,2022-08-03,1152.0099,1044.5027,837.7293
V,2022-08-04,1139.4338,1048.4449,840.5128
V,2022-08-05,1109.1059,1051.3572,843.1367
V,2022-08-08,1127.9086,1054.4645,845.8521
V,2022-08-09,1138.0569,1057.5422,848.484
V,2022-08-10,1137.8769,1060.5403,851.0858
V,2022-08-11,1110.937,1062.7051,853.5815
V,2022-08-12,1134.4291,1065.7971,856.2111
V,2022-08-15,1154.3839,1069.2649,858.8504
V,2022-08-16,1124.0703,1072.1901,861.35
V,2022-08-17,1128.98,1074.8426,863.9136
V,2022-08-18,1139.4677,1078.0569,866.5225
V,2022-08-19,1121.0643,1080.8073,869.0432
V,2022-08-22,1139.2558,1083.5047,871.584
V,2022-08-23,1184.2045,1087.0991,874.2674
V,2022-08-24,1204.7214,1091.1037,877.0626
V,2022-08-25,1238.2132,1095.6619,879.979
V,2022-08-26,1256.3454,1100.6166,882.9869
V,2022-08-29,1236.1545,1105.0117,885.9278
V,2022-08-30,1253.0468,1109.3683,888.8582
V,2022-08-31,1229.4973,1113.1199,891.5647
V,2022-09-01,1220.8271,1116.6724,894.2031
V,2022-09-02,1216.9997,1119.8636,896.8485
V,2022-09-05,1211.1033,1122.4087,899.5084
V,2022-09-06,1197.3224,1124.8555,902.0586
V,2022-09-07,1193.3832,1126.5622,904.5123
V,2022-09-08,1191.7938,1128.3953,906.9428
V,2022-09-09,1215.8526,1130.5497,909.4269
V,2022-09-12,1224.3661,1132.7296,911.957
V,2022-09-13,1243.5147,1135.1269,914.6051
V,2022-09-14,1239.7364,1137.9659,917.2122
V,2022-09-15,1258.6115,1141.5572,920.0129
V,2022-09-16,1223.0882,1144.5344,922.6532
V,2022-09-19,1200.2495,1147.2354,925.1276
V,2022-09-20,1219.3033,1150.1187,927.816
V,2022-09-21,1208.995,1152.3718,930.5102
V,2022-09-22,1211.558,1155.3155,933.2158
V,2022-09-23,1170.0594,1157.7685,935.7655
V,2022-09-26,1163.8935,1160.2387,938.2999
V,2022-09-27,1142.6849,1162.6091,940.8199
V,2022-09-28,1131.5562,1164.8344,943.245
V,2022-09-29,1134.2078,1167.3509,945.6211
V,2022-09-30,1136.5104,1169.7386,948.0755
V,2022-10-03,1132.9075,1171.1758,950.4933
V,2022-10-04,1149.0402,1173.1828,952.9934
V,2022-10-05,1141.9851,1174.621,955.4272
V,2022-10-06,1137.9939,1175.0822,957.7588
V,2022-10-07,1118.1463,1175.3448,960.0404
V,2022-10-10,1139.4013,1175.2718,962.3562
V,2022-10-11,1126.0347,1175.2058,964.5089
V,2022-10-12,1102.7954,1174.2215,966.6268
V,2022-10-13,1083.2522,1173.0979,968.5871
V,2022-10-14,1086.9992,1172.6557,970.6022
V,2022-10-17,1085.9573,1171.8167,972.5701
V,2022-10-18,1082.816,1170.7119,974.5545
V,2022-10-19,1099.9159,1169.9527,976.6443
V,2022-10-20,1084.2033,1169.418,978.6803
V,2022-10-21,1092.8702,1168.5868,980.8
V,2022-10-24,1094.961,1167.3984,982.8836
V,2022-10-25,1102.2611,1166.9622,984.9702
V,2022-10-26,1104.6876,1166.4763,987.0338
V,2022-10-27,1092.7696,1165.5424,989.0483
V,2022-10-28,1057.1289,1164.2637,990.8899
V,2022-10-31,1070.7049,1162.8926,992.771
V,2022-11-01,1071.0799,1160.6301,994.6875
V,2022-11-02,1073.5771,1158.0073,996.6333
V,2022-11-03,1073.6022,1154.715,998.5225
V,2022-11-04,1050.3277,1150.5947,1000.266
V,2022-11-07,1054.4402,1146.9604,1001.9592
V,2022-11-08,1055.4258,1143.008,1003.783
V,2022-11-09,1054.7873,1139.5138,1005.5173
V,2022-11-10,1083.0359,1136.758,1007.3342
V,2022-11-11,1085.5564,1134.1291,1009.1028
V,2022-11-14,1084.0356,1131.5877,1010.9432
V,2022-11-15,1082.0684,1129.2827,1012.7947
V,2022-11-16,1065.2076,1126.7191,1014.576
V,2022-11-17,1067.9701,1124.2427,1016.3534
V,2022-11-18,1072.8627,1121.3829,1018.0492
V,2022-11-21,1062.6836,1118.1492,1019.6736
V,2022-11-22,1075.2172,1114.7833,1021.2854
V,2022-11-23,1083.6788,1111.6621,1022.8498
V,2022-11-24,1082.3226,1108.1363,1024.3575
V,2022-11-25,1096.4987,1105.6045,1025.9131
V,2022-11-28,1090.6619,1103.4128,1027.3555
V,2022-11-29,1104.4291,1101.1153,1028.9516
V,2022-11-30,1096.8242,1098.8719,1030.4622
V,2022-12-01,1123.887,1097.1185,1032.0051
V,2022-12-02,1114.5361,1096.008,1033.4822
V,2022-12-05,1112.4247,1094.9786,1034.9023
V,2022-12-06,1098.4858,1094.0947,1036.178
V,2022-12-07,1108.177,1093.6271,1037.5162
V,2022-12-08,1089.8082,1092.7391,1038.5564
V,2022-12-09,1088.3999,1091.7769,1039.6592
V,2022-12-12,1066.4015,1090.4467,1040.7638
V,2022-12-13,1075.6122,1088.9782,1041.8598
V,2022-12-14,1085.7793,1087.8541,1043.0375
V,2022-12-15,1088.3533,1086.8613,1044.2079
V,2022-12-16,1080.1916,1086.1022,1045.311
V,2022-12-19,1092.112,1085.1564,1046.4361
V,2022-12-20,1077.1817,1084.1793,1047.5637
V,2022-12-21,1065.6502,1083.4364,1048.6732
V,2022-12-22,1077.3518,1083.3184,1049.76
V,2022-12-23,1086.7812,1083.314,1050.9211
V,2022-12-26,1096.3613,1083.5221,1052.1303
V,2022-12-27,1135.6635,1084.5791,1053.5661
V,2022-12-28,1139.1472,1085.3637,1054.9818
V,2022-12-29,1132.8243,1086.3361,1056.3872
V,2022-12-30,1130.9367,1087.0975,1057.6714
V,2023-01-02,1096.1335,1087.1209,1058.8276
V,2023-01-03,1103.0904,1087.1375,1060.1062
V,2023-01-04,1127.4535,1087.5928,1061.5779
V,2023-01-05,1122.0921,1088.1793,1062.9449
V,2023-01-06,1145.0982,1089.9386,1064.4991
V,2023-01-09,1128.9773,1091.1041,1066.053
V,2023-01-10,1116.324,1092.009,1067.4913
V,2023-01-11,1103.7483,1092.6124,1068.7476
V,2023-01-12,1080.1021,1092.7424,1069.7401
V,2023-01-13,1104.7066,1093.83,1070.859
V,2023-01-16,1113.8797,1095.0188,1072.2193
V,2023-01-17,1124.9292,1096.4088,1073.642
V,2023-01-18,1113.2146,1097.5774,1074.9226
V,2023-01-19,1127.2465,1098.4616,1076.336
V,2023-01-20,1119.1653,1099.1338,1077.7399
V,2023-01-23,1111.9159,1099.6914,1079.0824
V,2023-01-24,1130.6339,1100.6627,1080.4362
V,2023-01-25,1116.7983,1101.6945,1081.7779
V,2023-01-26,1100.5988,1102.3471,1082.9634
V,2023-01-27,1082.6863,1102.5435,1084.0068
V,2023-01-30,1080.8143,1102.9062,1085.0518
V,2023-01-31,1115.5774,1103.7134,1086.2133
V,2023-02-01,1111.737,1104.2745,1087.2816
V,2023-02-02,1090.6178,1104.4404,1088.1242
V,2023-02-03,1080.8802,1104.1281,1088.8047
V,2023-02-06,1073.8216,1103.7913,1089.5242
V,2023-02-07,1075.1039,1103.2047,1090.2097
V,2023-02-08,1081.5421,1102.8991,1090.9239
V,2023-02-09,1048.332,1101.388,1091.4393
V,2023-02-10,1029.6131,1099.6895,1091.8511
V,2023-02-13,1010.0687,1097.6424,1092.147
V,2023-02-14,1026.2527,1096.1978,1092.518
V,2023-02-15,1011.1172,1094.2566,1092.8515
V,2023-02-16,1015.8887,1092.7782,1093.1848
V,2023-02-17,1023.5604,1091.4814,1093.4832
V,2023-02-20,1016.2676,1090.4787,1093.752
V,2023-02-21,980.1154,1088.5688,1093.8709
V,2023-02-22,998.1196,1086.8156,1094.0576
V,2023-02-23,1018.5756,1085.42,1094.3125
V,2023-02-24,1018.7468,1084.1911,1094.6117
V,2023-02-27,1008.7582,1082.5241,1094.8834
V,2023-02-28,1037.0112,1081.7206,1095.3705
V,2023-03-01,1026.3537,1080.9347,1095.7738
V,2023-03-02,1039.2639,1080.173,1096.2585
V,2023-03-03,1016.5253,1078.7678,1096.5237
V,2023-03-06,1024.0923,1077.3225,1096.7814
V,2023-03-07,1004.6604,1074.7024,1096.8839
V,2023-03-08,1010.9146,1072.1377,1096.9986
V,2023-03-09,1011.456,1069.7104,1097.0424
V,2023-03-10,1006.3567,1067.2188,1097.175
V,2023-03-13,1000.8605,1065.3133,1097.2744
V,2023-03-14,1017.881,1063.6091,1097.4747
V,2023-03-15,1017.0595,1061.4012,1097.5782
V,2023-03-16,1023.645,1059.4323,1097.8027
V,2023-03-17,1069.1858,1057.9141,1098.2309
V,2023-03-20,1049.6614,1056.3277,1098.4573
V,2023-03-21,1038.0041,1054.7613,1098.6249
V,2023-03-22,1012.9075,1052.9445,1098.667
V,2023-03-23,987.7172,1051.0968,1098.554
V,2023-03-24,1017.0754,1049.3442,1098.5964
V,2023-03-27,1011.1375,1047.2894,1098.57
V,2023-03-28,972.1323,1044.2334,1098.2546
V,2023-03-29,968.4526,1041.3382,1097.8873
V,2023-03-30,961.7092,1038.0274,1097.4798
V,2023-03-31,947.0272,1034.5847,1096.9278
V,2023-04-03,941.1848,1031.1701,1096.2145
V,2023-04-04,943.8844,1027.4351,1095.559
V,2023-04-05,938.5012,1023.8691,1094.7112
V,2023-04-06,951.1259,1020.8797,1093.9662
V,2023-04-07,950.6982,1018.2399,1093.179
V,2023-04-10,951.349,1015.6506,1092.3589
V,2023-04-11,949.043,1012.3199,1091.4859
V,2023-04-12,931.9517,1008.7242,1090.6567
V,2023-04-13,915.7211,1005.2263,1089.8401
V,2023-04-14,917.835,1001.9654,1089.0581
V,2023-04-17,907.8101,998.6451,1088.2711
V,2023-04-18,916.4934,995.4729,1087.4779
V,2023-04-19,912.3001,992.0881,1086.5577
V,2023-04-20,902.1358,989.1642,1085.7465
V,2023-04-21,906.1097,986.6941,1085.04
V,2023-04-24,906.9189,984.6311,1084.3727
V,2023-04-25,884.905,981.8041,1083.6764
V,2023-04-26,861.2998,978.8078,1082.8815
V,2023-04-27,869.1886,975.8738,1082.1855
V,2023-04-28,859.8986,972.6006,1081.3993
V,2023-05-01,862.2894,969.521,1080.4056
V,2023-05-02,865.7411,967.2335,1079.4908
V,2023-05-03,882.0594,964.9123,1078.5507
V,2023-05-04,904.7688,962.6362,1077.4999
V,2023-05-05,889.6822,960.0549,1076.4232
V,2023-05-08,888.1042,957.6418,1075.1485
V,2023-05-09,886.8734,954.639,1073.9362
V,2023-05-10,907.9132,952.2702,1072.7157
V,2023-05-11,888.7957,949.2609,1071.4625
V,2023-05-12,908.7338,947.105,1070.4607
V,2023-05-15,916.9374,944.9619,1069.4058
V,2023-05-16,909.7909,943.0645,1068.2645
V,2023-05-17,922.3119,941.2925,1067.1867
V,2023-05-18,917.5401,939.4142,1066.2197
V,2023-05-19,895.8246,937.2035,1065.0266
V,2023-05-22,897.8963,935.1442,1063.7442
V,2023-05-23,894.7457,932.6815,1062.5976
V,2023-05-24,888.6297,930.1129,1061.3958
V,2023-05-25,878.493,927.2099,1060.091
V,2023-05-26,887.1315,923.5688,1058.9213
V,2023-05-29,887.3584,920.3228,1057.6618
V,2023-05-30,881.426,917.1912,1056.1479
V,2023-05-31,873.7985,914.409,1054.4933
V,2023-06-01,868.1602,912.0179,1052.643
V,2023-06-02,860.9607,908.8956,1050.6661
V,2023-06-05,856.0964,905.7948,1048.7658
V,2023-06-06,865.97,903.6715,1046.8304
V,2023-06-07,861.5351,901.5332,1044.9906
V,2023-06-08,863.9504,899.578,1043.2062
V,2023-06-09,859.3526,897.8245,1041.418
V,2023-06-12,837.0124,895.741,1039.5476
V,2023-06-13,840.1855,893.6671,1037.7619
V,2023-06-14,831.5365,891.5278,1035.9526
V,2023-06-15,840.3697,889.3127,1034.1955
V,2023-06-16,862.0771,887.5402,1032.4266
V,2023-06-19,853.9119,885.5915,1030.5744
V,2023-06-20,866.095,883.9325,1028.6873
V,2023-06-21,861.13,882.5161,1026.7942
V,2023-06-22,857.5475,881.3526,1024.7889
V,2023-06-23,862.8748,880.2534,1022.9878
V,2023-06-26,838.0003,878.8572,1021.1766
V,2023-06-27,816.8299,876.864,1019.1642
V,2023-06-28,817.9325,874.9766,1017.2089
V,2023-06-29,786.562,872.6651,1015.0839
V,2023-06-30,799.9588,870.5421,1013.2334
V,2023-07-03,816.6619,868.737,1011.4973
V,2023-07-04,821.4346,867.4676,1009.891
V,2023-07-05,820.2074,866.6457,1008.3343
V,2023-07-06,834.4763,865.9515,1006.8356
V,2023-07-07,829.031,865.3341,1005.2982
V,2023-07-10,824.7158,864.5826,1003.7573
V,2023-07-11,823.4019,863.7359,1002.1291
V,2023-07-12,813.5557,862.3658,1000.4869
V,2023-07-13,829.9969,860.8703,998.9469
V,2023-07-14,846.3739,860.0042,997.5881
V,2023-07-17,834.8207,858.9385,996.0652
V,2023-07-18,825.8091,857.7172,994.5641
V,2023-07-19,821.8551,855.9961,993.1594
V,2023-07-20,837.3306,854.9668,991.9297
V,2023-07-21,833.2561,853.4572,990.661
V,2023-07-24,835.641,851.8313,989.4094
V,2023-07-25,822.6618,850.0887,988.1087
V,2023-07-26,842.2153,848.4868,986.8202
V,2023-07-27,827.8567,846.6931,985.5384
V,2023-07-28,823.1179,845.239,984.1897
V,2023-07-31,802.5418,843.3319,982.7276
V,2023-08-01,818.0605,841.7982,981.3066
V,2023-08-02,818.066,840.3869,979.8735
V,2023-08-03,840.7667,839.6324,978.6135
V,2023-08-04,828.7891,838.4655,977.4718
V,2023-08-07,842.4469,837.5673,976.3305
V,2023-08-08,847.8809,836.8964,975.2145
V,2023-08-09,838.1752,836.1839,974.0375
V,2023-08-10,830.2622,835.426,972.8208
V,2023-08-11,837.5695,834.9581,971.757
V,2023-08-14,837.4902,834.586,970.6722
V,2023-08-15,829.2675,833.852,969.5414
V,2023-08-16,851.8878,833.659,968.5269
V,2023-08-17,852.8699,833.4374,967.3761
V,2023-08-18,848.4554,833.2195,966.1906
V,2023-08-21,835.0951,833.1811,964.9459
V,2023-08-22,828.9491,832.9564,963.6803
V,2023-08-23,802.9084,832.3838,962.3688
V,2023-08-24,803.3189,831.6428,961.0455
V,2023-08-25,812.665,830.6546,959.7446
V,2023-08-28,830.8909,830.1941,958.5856
V,2023-08-29,826.0599,829.3934,957.3398
V,2023-08-30,832.4691,828.8202,956.0838
V,2023-08-31,828.5217,828.2397,954.8148
V,2023-09-01,806.7855,827.1179,953.3662
V,2023-09-04,782.623,826.0104,951.826
V,2023-09-05,781.7079,825.3079,950.2124
V,2023-09-06,758.4892,824.1191,948.5207
V,2023-09-07,755.9303,823.5064,946.6809
V,2023-09-08,751.4128,822.5355,944.8653
V,2023-09-11,732.0234,820.8428,942.9633
V,2023-09-12,702.9157,818.4724,940.9855
V,2023-09-13,695.459,815.9774,938.9219
V,2023-09-14,711.4023,813.5159,937.0298
V,2023-09-15,714.4203,811.2237,935.1599
V,2023-09-18,706.7273,808.8639,933.3616
V,2023-09-19,698.3664,806.3632,931.4753
V,2023-09-20,702.2011,804.1361,929.5575
V,2023-09-21,703.2731,801.6017,927.6321
V,2023-09-22,710.584,798.8859,925.784
V,2023-09-25,729.9163,796.7878,923.973
V,2023-09-26,742.3716,795.119,922.299
V,2023-09-27,754.7807,793.7775,920.7446
V,2023-09-28,753.5408,792.1017,919.1256
V,2023-09-29,728.3549,790.0037,917.3334
V,2023-10-02,705.2229,787.3954,915.3778
V,2023-10-03,710.3474,785.1491,913.2512
V,2023-10-04,704.2705,782.3902,911.0768
V,2023-10-05,721.8815,780.2707,909.0221
V,2023-10-06,737.951,778.5673,907.0572
V,2023-10-09,739.214,777.3008,905.2726
V,2023-10-10,733.725,775.6141,903.4257
V,2023-10-11,723.5627,773.724,901.4063
V,2023-10-12,741.323,771.7351,899.5024
V,2023-10-13,743.0925,770.0212,897.4924
V,2023-10-16,735.145,767.8752,895.5232
V,2023-10-17,734.0564,765.5987,893.6119
V,2023-10-18,731.3485,763.4621,891.7499
V,2023-10-19,751.4702,761.8863,890.1067
V,2023-10-20,753.7892,760.2107,888.3522
V,2023-10-23,754.3385,758.5477,886.5544
V,2023-10-24,739.2476,756.7473,884.626
V,2023-10-25,744.7996,754.6055,882.784
V,2023-10-26,745.6434,752.461,880.8759
V,2023-10-27,752.0003,750.5319,879.0401
V,2023-10-30,752.9648,748.8893,877.2454
V,2023-10-31,749.3952,747.2982,875.3392
V,2023-11-01,750.3185,746.2464,873.5068
V,2023-11-02,741.9613,745.0192,871.7136
V,2023-11-03,744.0513,743.647,870.0204
V,2023-11-06,759.0824,742.2108,868.4118
V,2023-11-07,769.6407,741.0824,866.6821
V,2023-11-08,766.6229,739.7655,864.9565
V,2023-11-09,764.5744,738.4865,863.3263
V,2023-11-10,771.7422,737.7857,861.7806
V,2023-11-13,776.4778,737.6628,860.2939
V,2023-11-14,776.8419,737.5654,858.8026
V,2023-11-15,770.7011,737.8097,857.2484
V,2023-11-16,760.7906,737.9069,855.8107
V,2023-11-17,750.8571,737.8958,854.4169
V,2023-11-20,749.385,738.243,853.1135
V,2023-11-21,753.5738,739.2562,851.7501
V,2023-11-22,734.6015,740.039,850.3675
V,2023-11-23,743.1262,740.6735,849.0037
V,2023-11-24,731.5987,741.0171,847.5439
V,2023-11-27,724.413,741.3708,846.0846
V,2023-11-28,721.9808,741.8431,844.7939
V,2023-11-29,726.5364,742.3298,843.436
V,2023-11-30,743.6447,743.1372,842.0613
V,2023-12-01,738.7872,743.7013,840.6615
V,2023-12-04,751.3202,744.1293,839.3744
V,2023-12-05,747.1256,744.2244,837.9249
V,2023-12-06,762.6621,744.382,836.6065
V,2023-12-07,762.2093,744.5554,835.2212
V,2023-12-08,745.6317,744.901,833.8667
V,2023-12-11,737.9925,745.5563,832.4362
V,2023-12-12,738.4582,746.1186,831.1052
V,2023-12-13,736.4851,746.7629,829.7331
V,2023-12-14,725.612,746.8375,828.3039
V,2023-12-15,711.6031,746.3105,826.8301
V,2023-12-18,720.6075,745.9384,825.4288
V,2023-12-19,696.2193,745.1883,823.8205
V,2023-12-20,701.8863,744.7547,822.2446
V,2023-12-21,690.6586,743.7414,820.5797
V,2023-12-22,711.0745,743.1011,818.7892
V,2023-12-25,689.9836,742.1979,816.9908
V,2023-12-26,668.7033,740.8908,815.1443
V,2023-12-27,664.7297,739.5584,813.4034
V,2023-12-28,675.3402,738.0358,811.8415
V,2023-12-29,698.2581,736.9252,810.2474
V,2024-01-01,709.1018,736.0205,808.7372
V,2024-01-02,710.9998,735.4555,807.4316
V,2024-01-03,700.967,734.5789,806.0941
V,2024-01-04,693.2457,733.5309,804.7518
V,2024-01-05,686.6967,732.2248,803.4502
V,2024-01-08,682.814,730.8218,802.1583
V,2024-01-09,680.5288,729.4445,800.8415
V,2024-01-10,682.91,728.0963,799.5636
V,2024-01-11,677.236,726.8018,798.1941
V,2024-01-12,679.2126,725.505,796.8367
V,2024-01-15,683.4292,723.992,795.4971
V,2024-01-16,672.511,722.0494,794.1144
V,2024-01-17,660.2259,719.9214,792.7558
V,2024-01-18,671.5922,718.0618,791.5352
V,2024-01-19,673.1758,716.0905,790.3119
V,2024-01-22,671.9656,714.0002,789.1326
V,2024-01-23,657.9577,711.6225,787.84
V,2024-01-24,665.9757,709.528,786.6083
V,2024-01-25,666.2771,707.6378,785.4291
V,2024-01-26,681.843,706.2575,784.3077
V,2024-01-29,684.1595,704.953,783.1939
V,2024-01-30,681.8134,703.5178,782.1785
V,2024-01-31,675.8089,702.3419,781.251
V,2024-02-01,692.4731,701.3288,780.3674
V,2024-02-02,703.2608,700.7621,779.5842
V,2024-02-05,705.9549,700.3929,778.8026
V,2024-02-06,716.4238,700.2818,778.056
V,2024-02-07,720.4246,700.1595,777.2478
V,2024-02-08,701.301,699.3127,776.2305
V,2024-02-09,711.6962,698.7709,775.3405
V,2024-02-12,719.6178,698.1368,774.4981
V,2024-02-13,708.1593,697.3575,773.6045
V,2024-02-14,714.8183,696.4006,772.6391
V,2024-02-15,706.1689,695.2798,771.7259
V,2024-02-16,701.9651,694.4065,770.6921
V,2024-02-19,703.9124,693.7249,769.627
V,2024-02-20,705.315,693.062,768.6046
V,2024-02-21,704.7816,692.4279,767.5169
V,2024-02-22,688.0393,691.6765,766.3694
V,2024-02-23,688.8512,691.2214,765.3346
V,2024-02-26,706.8322,690.9459,764.3792
V,2024-02-27,710.0692,691.2229,763.4559
V,2024-02-28,708.4917,691.355,762.5552
V,2024-02-29,716.2737,691.8673,761.7441
V,2024-03-01,718.2441,692.0107,760.8996
V,2024-03-04,714.0249,692.4916,760.033
V,2024-03-05,724.3157,693.6038,759.2474
V,2024-03-06,727.5436,694.8601,758.5161
V,2024-03-07,732.3896,696.0011,757.8373
V,2024-03-08,730.5416,696.6467,757.1852
V,2024-03-11,729.792,697.0605,756.5537
V,2024-03-12,739.0066,697.6207,755.9189
V,2024-03-13,733.7324,698.276,755.2798
V,2024-03-14,760.2971,699.617,754.7616
V,2024-03-15,753.9074,700.9612,754.2343
V,2024-03-18,747.3604,702.2522,753.7861
V,2024-03-19,759.5195,703.832,753.3828
V,2024-03-20,759.618,705.3661,753.0232
V,2024-03-21,766.8987,707.1594,752.6558
V,2024-03-22,785.0816,709.2768,752.2708
V,2024-03-25,790.3066,711.4143,751.9528
V,2024-03-26,794.7025,713.8581,751.5958
V,2024-03-27,788.4824,716.4233,751.2326
V,2024-03-28,778.7864,718.5672,750.8388
V,2024-03-29,761.2581,720.3288,750.3307
V,2024-04-01,753.4529,721.9585,749.908
V,2024-04-02,748.4245,723.7679,749.566
V,2024-04-03,740.408,725.2565,749.1783
V,2024-04-04,737.9216,726.6894,748.9351
V,2024-04-05,732.9977,727.7125,748.6003
V,2024-04-08,742.7601,728.8845,748.2308
V,2024-04-09,728.5434,729.8191,747.7664
V,2024-04-10,739.8846,731.1006,747.3647
V,2024-04-11,747.913,732.2094,746.9319
V,2024-04-12,737.8981,732.9022,746.4763
V,2024-04-15,724.1647,733.2664,745.9735
V,2024-04-16,730.68,733.5515,745.5099
V,2024-04-17,737.2313,733.8876,745.1283
V,2024-04-18,728.8024,734.4377,744.6223
V,2024-04-19,714.695,734.4976,743.9639
V,2024-04-22,710.7105,734.3195,743.3434
V,2024-04-23,677.3644,733.7036,742.6011
V,2024-04-24,683.3083,733.0734,741.9084
V,2024-04-25,677.1284,732.4926,741.1074
V,2024-04-26,679.4878,732.043,740.3385
V,2024-04-29,698.4885,731.9346,739.6528
V,2024-04-30,694.685,731.722,739.0129
V,2024-05-01,702.1766,731.6699,738.3127
V,2024-05-02,699.7961,731.905,737.6724
V,2024-05-03,695.4642,732.0373,737.0341
V,2024-05-06,712.0522,732.1417,736.5817
V,2024-05-07,706.4421,732.0691,736.0236
V,2024-05-08,712.658,732.1524,735.4966
V,2024-05-09,716.4093,732.1552,734.8748
V,2024-05-10,721.3069,732.2164,734.3374
V,2024-05-13,728.5198,732.5063,733.7677
V,2024-05-14,734.588,732.7118,733.2013
V,2024-05-15,728.7002,732.7349,732.6539
V,2024-05-16,724.3098,732.5733,732.1241
V,2024-05-17,727.678,732.516,731.5747
V,2024-05-20,707.8963,732.0781,730.9267
V,2024-05-21,712.1695,731.5414,730.3412
V,2024-05-22,706.3292,730.9933,729.6134
V,2024-05-23,717.9149,730.1457,728.9386
V,2024-05-24,697.2779,729.0131,728.1827
V,2024-05-27,702.5275,728.1164,727.5199
V,2024-05-28,705.7469,727.041,726.9039
V,2024-05-29,707.7414,726.0034,726.4281
V,2024-05-30,722.353,725.1125,726.0232
V,2024-05-31,722.8675,723.8682,725.5742
V,2024-06-03,725.9801,722.5817,725.0497
V,2024-06-04,713.0643,720.9489,724.4847
V,2024-06-05,714.7937,719.4752,723.8963
V,2024-06-06,712.3722,718.1469,723.3156
V,2024-06-07,709.7931,717.1176,722.8306
V,2024-06-10,693.1847,715.9122,722.3834
V,2024-06-11,711.8925,715.1816,722.0344
V,2024-06-12,702.0204,714.4138,721.752
V,2024-06-13,699.2563,713.6405,721.4686
V,2024-06-14,684.049,712.6615,721.1318
V,2024-06-17,669.5547,711.1974,720.8195
V,2024-06-18,655.5405,709.7374,720.5826
V,2024-06-19,671.3986,708.3677,720.4623
V,2024-06-20,655.6022,706.5214,720.1833
V,2024-06-21,650.252,704.7685,719.8625
V,2024-06-24,646.6391,703.218,719.562
V,2024-06-25,639.7753,701.3999,719.2691
V,2024-06-26,631.7238,699.2898,718.9167
V,2024-06-27,627.9367,697.2724,718.54
V,2024-06-28,616.5894,695.3103,718.07
V,2024-07-01,625.6358,693.6088,717.5486
V,2024-07-02,640.8462,692.8785,717.041
V,2024-07-03,653.388,692.2801,716.534
V,2024-07-04,634.9505,691.4365,715.9411
V,2024-07-05,616.3919,690.1746,715.3813
V,2024-07-08,602.2233,688.2493,714.8663
V,2024-07-09,607.4374,686.5043,714.3517
V,2024-07-10,602.9553,684.5199,713.8451
V,2024-07-11,625.5078,683.0341,713.3633
V,2024-07-12,626.0408,681.6457,712.8037
V,2024-07-15,636.5386,680.1354,712.2903
V,2024-07-16,647.3827,678.9542,711.8586
V,2024-07-17,637.9856,677.4608,711.4307
V,2024-07-18,630.2403,675.7374,710.8753
V,2024-07-19,645.4399,674.2201,710.3871
V,2024-07-22,629.2676,672.235,709.8577
V,2024-07-23,628.0482,670.1042,709.3276
V,2024-07-24,635.0083,668.2304,708.8459
V,2024-07-25,639.9084,666.5423,708.2881
V,2024-07-26,636.3872,664.7165,707.7011
V,2024-07-29,632.4836,663.2083,707.0918
V,2024-07-30,620.8558,661.382,706.4999
V,2024-07-31,612.5758,659.5069,705.8388
V,2024-08-01,628.1678,657.712,705.2514
V,2024-08-02,630.4075,656.3746,704.6434
V,2024-08-05,624.8793,654.8216,704.003
V,2024-08-06,631.0489,653.3277,703.4113
V,2024-08-07,626.9848,651.7125,702.7946
V,2024-08-08,617.0073,649.6056,702.1698
V,2024-08-09,611.8873,647.386,701.509
V,2024-08-12,599.2246,644.8509,700.7097
V,2024-08-13,614.1432,642.8725,699.9322
V,2024-08-14,620.2946,640.9825,699.2006
V,2024-08-15,626.4368,639.2638,698.5099
V,2024-08-16,621.6494,637.5009,697.7594
V,2024-08-19,621.3883,636.065,696.984
V,2024-08-20,617.0361,634.1679,696.185
V,2024-08-21,604.276,632.213,695.3528
V,2024-08-22,612.8627,630.4851,694.6132
V,2024-08-23,620.5673,629.2155,693.9617
V,2024-08-26,624.6094,628.3166,693.3379
V,2024-08-27,625.166,627.7091,692.6958
V,2024-08-28,617.1443,626.624,692.1085
V,2024-08-29,620.5594,625.9231,691.4957
V,2024-08-30,611.7879,625.1538,690.8967
V,2024-09-02,604.391,624.3089,690.2965
V,2024-09-03,595.915,623.4317,689.6662
V,2024-09-04,590.3388,622.604,688.9852
V,2024-09-05,583.9543,621.7243,688.1868
V,2024-09-06,590.7118,621.2068,687.4464
V,2024-09-09,582.0134,620.3343,686.5999
V,2024-09-10,582.1788,619.161,685.7751
V,2024-09-11,587.833,617.8499,684.901
V,2024-09-12,599.0044,617.131,684.085
V,2024-09-13,602.7722,616.8586,683.3707
V,2024-09-16,585.9525,616.5331,682.6105
V,2024-09-17,584.2015,616.0684,681.8392
V,2024-09-18,590.8279,615.8259,681.1109
V,2024-09-19,582.388,614.9635,680.3948
V,2024-09-20,594.4915,614.3325,679.8092
V,2024-09-23,606.6435,613.7346,679.2394
V,2024-09-24,611.5683,613.0183,678.8161
V,2024-09-25,620.7617,612.6738,678.4105
V,2024-09-26,632.5201,612.7194,678.1198
V,2024-09-27,633.4266,612.4792,677.7316
V,2024-09-30,642.2066,612.7379,677.4927
V,2024-10-01,631.4129,612.8052,677.3063
V,2024-10-02,638.6837,612.8787,677.176
V,2024-10-03,642.8163,612.9369,677.0134
V,2024-10-04,667.8263,613.5657,676.8612
V,2024-10-07,664.2608,614.2012,676.637
V,2024-10-08,677.5219,615.3346,676.4696
V,2024-10-09,687.6578,616.8362,676.4031
V,2024-10-10,686.8717,618.0103,676.3712
V,2024-10-11,668.6199,618.7745,676.2808
V,2024-10-14,664.9139,619.5752,676.1913
V,2024-10-15,664.1104,620.2364,676.1093
V,2024-10-16,674.0874,621.1785,676.0651
V,2024-10-17,677.2615,622.3836,676.0653
V,2024-10-18,677.9363,623.7046,676.0589
V,2024-10-21,686.764,625.4553,676.0756
V,2024-10-22,695.1851,627.0762,676.1889
V,2024-10-23,705.7863,628.786,676.4167
V,2024-10-24,697.0984,630.1992,676.5443
V,2024-10-25,707.7446,631.9212,676.7171
V,2024-10-28,722.1614,633.9366,676.9681
V,2024-10-29,752.2916,636.6417,677.4398
V,2024-10-30,758.3213,639.7226,677.9015
