ticker,date,close,peak,drawdown_pct,worst_drawdown_rank
AAPL,2022-02-03,104.69,155.28,-32.5814,1
AAPL,2022-03-09,104.86,155.28,-32.4676,2
AAPL,2022-03-10,105.01,155.28,-32.3758,3
AAPL,2022-02-09,105.4,155.28,-32.1217,4
AAPL,2022-02-11,105.46,155.28,-32.0823,5
AAPL,2022-03-08,105.51,155.28,-32.0545,6
AAPL,2022-02-07,105.69,155.28,-31.937,7
AAPL,2022-02-10,105.69,155.28,-31.936,8
AAPL,2022-03-22,105.69,155.28,-31.9351,9
AAPL,2022-02-04,106.02,155.28,-31.7252,10
AAPL,2022-02-02,106.28,155.28,-31.5573,11
AAPL,2022-01-24,106.32,155.28,-31.5269,12
AAPL,2022-03-17,106.39,155.28,-31.4875,13
AAPL,2022-02-08,106.59,155.28,-31.3581,14
AAPL,2022-03-18,107.0,155.28,-31.0933,15
AAPL,2022-02-21,107.01,155.28,-31.0871,16
AAPL,2022-01-28,107.04,155.28,-31.0681,17
AAPL,2022-01-21,107.05,155.28,-31.0622,18
AAPL,2022-02-23,107.16,155.28,-30.9878,19
AAPL,2022-01-26,107.46,155.28,-30.7951,20
AAPL,2022-02-18,107.84,155.28,-30.5521,21
AAPL,2022-02-24,107.9,155.28,-30.5149,22
AAPL,2022-02-22,107.97,155.28,-30.4683,23
AAPL,2022-02-14,108.08,155.28,-30.3958,24
AAPL,2022-03-23,108.26,155.28,-30.2787,25
AAPL,2022-01-31,108.29,155.28,-30.2592,26
AAPL,2022-03-25,108.31,155.28,-30.249,27
AAPL,2022-01-19,108.6,155.28,-30.0613,28
AAPL,2022-01-25,108.61,155.28,-30.0547,29
AAPL,2022-03-11,108.72,155.28,-29.9824,30
AAPL,2022-02-15,108.74,155.28,-29.9688,31
AAPL,2022-03-21,108.78,155.28,-29.945,32
AAPL,2022-02-17,108.8,155.28,-29.9353,33
AAPL,2022-01-20,108.81,155.28,-29.9252,34
AAPL,2022-03-24,109.11,155.28,-29.732,35
AAPL,2022-03-15,109.17,155.28,-29.6913,36
AAPL,2022-01-27,109.39,155.28,-29.5499,37
AAPL,2022-03-07,109.45,155.28,-29.5129,38
AAPL,2022-03-14,109.55,155.28,-29.4498,39
AAPL,2022-02-16,109.59,155.28,-29.4209,40
AAPL,2022-03-28,109.81,155.28,-29.2838,41
AAPL,2022-01-18,109.93,155.28,-29.2061,42
AAPL,2022-03-16,111.13,155.28,-28.4353,43
AAPL,2022-11-21,111.49,155.28,-28.1979,44
AAPL,2022-03-04,111.59,155.28,-28.1368,45
AAPL,2022-02-01,111.6,155.28,-28.1318,46
AAPL,2022-11-23,111.95,155.28,-27.9046,47
AAPL,2022-01-17,112.53,155.28,-27.5283,48
AAPL,2022-01-14,112.57,155.28,-27.5033,49
AAPL,2022-02-25,112.62,155.28,-27.4747,50
AAPL,2022-04-19,112.93,155.28,-27.2734,51
AAPL,2022-04-08,112.95,155.28,-27.2589,52
AAPL,2022-04-04,113.49,155.28,-26.9121,53
AAPL,2022-11-18,113.6,155.28,-26.8437,54
AAPL,2022-04-06,113.66,155.28,-26.8056,55
AAPL,2022-04-22,113.75,155.28,-26.7451,56
AAPL,2022-04-18,113.83,155.28,-26.6916,57
AAPL,2022-04-20,113.9,155.28,-26.6458,58
AAPL,2022-04-07,113.93,155.28,-26.6276,59
AAPL,2022-11-22,114.0,155.28,-26.5841,60
AAPL,2022-03-01,114.09,155.28,-26.5284,61
AAPL,2022-04-11,114.16,155.28,-26.4806,62
AAPL,2022-01-12,114.69,155.28,-26.1388,63
AAPL,2022-02-28,114.73,155.28,-26.1169,64
AAPL,2022-04-12,115.04,155.28,-25.9113,65
AAPL,2022-03-29,115.06,155.28,-25.8986,66
AAPL,2022-04-01,115.34,155.28,-25.7226,67
AAPL,2022-04-05,115.52,155.28,-25.605,68
AAPL,2022-03-30,115.6,155.28,-25.5529,69
AAPL,2022-01-07,115.74,155.28,-25.4664,70
AAPL,2022-04-21,115.77,155.28,-25.4443,71
AAPL,2022-04-25,115.88,155.28,-25.376,72
AAPL,2022-01-10,115.96,155.28,-25.3204,73
AAPL,2022-04-15,115.99,155.28,-25.3046,74
AAPL,2022-03-03,116.15,155.28,-25.1967,75
AAPL,2020-03-16,61.36,82.0,-25.1735,76
AAPL,2022-05-03,116.21,155.28,-25.1612,77
AAPL,2022-01-13,116.29,155.28,-25.108,78
AAPL,2022-03-31,116.3,155.28,-25.1056,79
AAPL,2022-04-14,116.5,155.28,-24.9713,80
AAPL,2022-11-17,116.62,155.28,-24.8971,81
AAPL,2022-01-11,116.69,155.28,-24.8542,82
AAPL,2020-03-31,61.73,82.0,-24.714,83
AAPL,2022-03-02,117.0,155.28,-24.6533,84
AAPL,2020-03-11,62.09,82.0,-24.2768,85
AAPL,2022-04-13,117.59,155.28,-24.2707,86
AAPL,2020-03-13,62.14,82.0,-24.2203,87
AAPL,2020-03-17,62.18,82.0,-24.1703,88
AAPL,2022-11-29,118.09,155.28,-23.9516,89
AAPL,2020-03-06,62.36,82.0,-23.9472,90
AAPL,2022-11-24,118.17,155.28,-23.9005,91
AAPL,2020-03-12,62.56,82.0,-23.7052,92
AAPL,2022-12-01,118.62,155.28,-23.6095,93
AAPL,2020-05-27,62.64,82.0,-23.6013,94
AAPL,2021-10-25,118.64,155.28,-23.5948,95
AAPL,2022-11-16,118.69,155.28,-23.5619,96
AAPL,2020-05-26,62.79,82.0,-23.4281,97
AAPL,2020-04-01,62.81,82.0,-23.3952,98
AAPL,2022-12-02,119.03,155.28,-23.3458,99
AAPL,2022-08-05,119.07,155.28,-23.3166,100
AAPL,2020-03-05,62.88,82.0,-23.3136,101
AAPL,2022-04-26,119.2,155.28,-23.2329,102
AAPL,2022-10-25,119.44,155.28,-23.0826,103
AAPL,2022-11-25,119.47,155.28,-23.0641,104
AAPL,2022-01-06,119.48,155.28,-23.0565,105
AAPL,2020-03-30,63.18,82.0,-22.9526,106
AAPL,2020-05-28,63.22,82.0,-22.9004,107
AAPL,2022-05-10,119.76,155.28,-22.8728,108
AAPL,2022-11-30,119.88,155.28,-22.7942,109
AAPL,2022-05-04,119.89,155.28,-22.7938,110
AAPL,2022-11-28,120.03,155.28,-22.7006,111
AAPL,2020-03-23,63.46,82.0,-22.611,112
AAPL,2022-04-27,120.32,155.28,-22.5139,113
AAPL,2022-05-02,120.33,155.28,-22.5057,114
AAPL,2020-03-18,63.55,82.0,-22.5013,115
AAPL,2020-03-04,63.74,82.0,-22.2694,116
AAPL,2020-05-25,63.75,82.0,-22.2565,117
AAPL,2020-03-09,63.77,82.0,-22.2325,118
AAPL,2020-03-20,63.79,82.0,-22.204,119
AAPL,2020-03-24,63.94,82.0,-22.0156,120
AAPL,2020-06-04,63.95,82.0,-22.0095,121
AAPL,2020-06-05,63.98,82.0,-21.9741,122
AAPL,2020-06-08,64.12,82.0,-21.8022,123
AAPL,2020-05-22,64.13,82.0,-21.7948,124
AAPL,2022-05-06,121.58,155.28,-21.7017,125
AAPL,2022-05-05,121.6,155.28,-21.6913,126
AAPL,2022-08-04,121.65,155.28,-21.6579,127
AAPL,2020-03-10,64.27,82.0,-21.6146,128
AAPL,2022-06-28,121.76,155.28,-21.5861,129
AAPL,2020-02-25,64.38,82.0,-21.4904,130
AAPL,2022-11-15,121.99,155.28,-21.441,131
AAPL,2022-10-26,122.06,155.28,-21.3926,132
AAPL,2021-10-26,122.08,155.28,-21.3826,133
AAPL,2021-10-22,122.2,155.28,-21.3028,134
AAPL,2022-06-27,122.21,155.28,-21.2979,135
AAPL,2020-03-27,64.54,82.0,-21.2928,136
AAPL,2022-06-24,122.22,155.28,-21.2895,137
AAPL,2020-04-03,64.59,82.0,-21.2307,138
AAPL,2020-05-21,64.61,82.0,-21.2067,139
AAPL,2022-10-21,122.35,155.28,-21.205,140
AAPL,2020-04-02,64.62,82.0,-21.1941,141
AAPL,2022-05-09,122.39,155.28,-21.1808,142
AAPL,2022-09-20,122.49,155.28,-21.1194,143
AAPL,2020-02-26,64.7,82.0,-21.1003,144
AAPL,2020-03-26,64.72,82.0,-21.0757,145
AAPL,2020-03-19,64.81,82.0,-20.9548,146
AAPL,2022-09-16,123.05,155.28,-20.7542,147
AAPL,2022-04-29,123.27,155.28,-20.6152,148
AAPL,2022-10-27,123.35,155.28,-20.5618,149
AAPL,2022-11-14,123.38,155.28,-20.5451,150
AAPL,2022-08-03,123.45,155.28,-20.4985,151
AAPL,2022-08-08,123.48,155.28,-20.4812,152
AAPL,2022-10-24,123.49,155.28,-20.4754,153
AAPL,2021-10-06,123.55,155.28,-20.4368,154
AAPL,2022-06-29,123.6,155.28,-20.3993,155
AAPL,2020-03-25,65.28,82.0,-20.3882,156
AAPL,2022-10-10,123.75,155.28,-20.3047,157
AAPL,2022-01-05,123.78,155.28,-20.2843,158
AAPL,2021-11-15,124.0,155.28,-20.1452,159
AAPL,2022-01-03,124.02,155.28,-20.132,160
AAPL,2022-10-19,124.05,155.28,-20.1101,161
AAPL,2021-12-30,124.07,155.28,-20.0977,162
AAPL,2020-04-23,65.52,82.0,-20.0973,163
AAPL,2022-10-28,124.11,155.28,-20.0718,164
AAPL,2020-03-03,65.6,82.0,-19.9969,165
AAPL,2020-05-14,65.72,82.0,-19.8566,166
AAPL,2020-04-08,65.73,82.0,-19.842,167
AAPL,2020-02-27,65.73,82.0,-19.8379,168
AAPL,2020-05-29,65.73,82.0,-19.8334,169
AAPL,2022-09-14,124.49,155.28,-19.8279,170
AAPL,2020-04-22,65.74,82.0,-19.822,171
AAPL,2022-11-10,124.55,155.28,-19.7877,172
AAPL,2022-11-07,124.64,155.28,-19.731,173
AAPL,2022-10-20,124.67,155.28,-19.7149,174
AAPL,2020-07-27,65.84,82.0,-19.709,175
AAPL,2021-12-22,124.69,155.28,-19.7004,176
AAPL,2020-04-30,65.85,82.0,-19.6914,177
AAPL,2022-11-08,124.83,155.28,-19.6094,178
AAPL,2020-03-02,65.93,82.0,-19.5893,179
AAPL,2020-04-06,65.97,82.0,-19.5416,180
AAPL,2020-02-28,66.02,82.0,-19.4811,181
AAPL,2020-06-01,66.03,82.0,-19.4713,182
AAPL,2022-04-28,125.08,155.28,-19.4468,183
AAPL,2020-04-24,66.06,82.0,-19.4406,184
AAPL,2020-02-24,66.06,82.0,-19.4396,185
AAPL,2022-11-11,125.15,155.28,-19.4055,186
AAPL,2020-05-15,66.17,82.0,-19.2972,187
AAPL,2022-12-06,125.34,155.28,-19.283,188
AAPL,2020-06-15,66.24,82.0,-19.2162,189
AAPL,2022-12-05,125.46,155.28,-19.2064,190
AAPL,2020-04-09,66.27,82.0,-19.1761,191
AAPL,2021-12-31,125.56,155.28,-19.1379,192
AAPL,2022-01-04,125.58,155.28,-19.1282,193
AAPL,2022-08-17,125.7,155.28,-19.0491,194
AAPL,2022-10-11,125.74,155.28,-19.0217,195
AAPL,2020-06-03,66.41,82.0,-19.0138,196
AAPL,2021-12-27,125.76,155.28,-19.0083,197
AAPL,2020-05-20,66.41,82.0,-19.0062,198
AAPL,2021-10-28,125.81,155.28,-18.9792,199
AAPL,2020-06-02,66.44,82.0,-18.9722,200
AAPL,2020-04-29,66.45,82.0,-18.9551,201
AAPL,2022-10-18,125.89,155.28,-18.9269,202
AAPL,2022-05-11,125.94,155.28,-18.895,203
AAPL,2022-08-09,125.95,155.28,-18.887,204
AAPL,2022-10-13,125.96,155.28,-18.8831,205
AAPL,2020-04-07,66.52,82.0,-18.8729,206
AAPL,2021-12-21,126.02,155.28,-18.8415,207
AAPL,2022-11-04,126.1,155.28,-18.7937,208
AAPL,2020-05-18,66.59,82.0,-18.7912,209
AAPL,2020-07-28,66.6,82.0,-18.7797,210
AAPL,2022-10-14,126.13,155.28,-18.7728,211
AAPL,2021-12-28,126.14,155.28,-18.7658,212
AAPL,2022-09-15,126.15,155.28,-18.7624,213
AAPL,2022-09-26,126.15,155.28,-18.7605,214
AAPL,2020-05-19,66.66,82.0,-18.7027,215
AAPL,2022-11-09,126.26,155.28,-18.6859,216
AAPL,2022-10-12,126.3,155.28,-18.662,217
AAPL,2021-10-27,126.32,155.28,-18.6517,218
AAPL,2022-08-22,126.32,155.28,-18.6487,219
AAPL,2022-05-12,126.39,155.28,-18.6031,220
AAPL,2021-10-05,126.44,155.28,-18.5726,221
AAPL,2020-07-08,66.83,82.0,-18.5025,222
AAPL,2021-11-12,126.61,155.28,-18.4657,223
AAPL,2022-12-08,126.72,155.28,-18.3929,224
AAPL,2022-10-31,126.72,155.28,-18.3922,225
AAPL,2021-12-23,126.73,155.28,-18.3877,226
AAPL,2022-12-09,126.75,155.28,-18.3699,227
AAPL,2022-05-13,126.8,155.28,-18.3428,228
AAPL,2022-09-21,126.87,155.28,-18.2946,229
AAPL,2022-08-02,126.88,155.28,-18.2912,230
AAPL,2020-05-05,67.0,82.0,-18.2848,231
AAPL,2020-07-29,67.06,82.0,-18.2113,232
AAPL,2022-10-07,127.03,155.28,-18.1899,233
AAPL,2020-08-06,67.09,82.0,-18.1754,234
AAPL,2020-04-15,67.14,82.0,-18.1217,235
AAPL,2022-10-17,127.14,155.28,-18.1209,236
AAPL,2020-05-01,67.14,82.0,-18.115,237
AAPL,2022-08-19,127.15,155.28,-18.1126,238
AAPL,2020-08-03,67.15,82.0,-18.1059,239
AAPL,2021-10-11,127.2,155.28,-18.0815,240
AAPL,2020-07-15,67.19,82.0,-18.0541,241
AAPL,2021-10-14,127.27,155.28,-18.0359,242
AAPL,2022-09-27,127.29,155.28,-18.0233,243
AAPL,2022-08-15,127.32,155.28,-18.0066,244
AAPL,2022-09-28,127.32,155.28,-18.0046,245
AAPL,2020-06-10,67.26,82.0,-17.9775,246
AAPL,2022-07-26,127.4,155.28,-17.9527,247
AAPL,2021-10-29,127.41,155.28,-17.9511,248
AAPL,2022-09-23,127.42,155.28,-17.9442,249
AAPL,2020-07-20,67.29,82.0,-17.9318,250
AAPL,2020-07-06,67.3,82.0,-17.929,251
AAPL,2022-09-22,127.54,155.28,-17.8653,252
AAPL,2022-09-19,127.61,155.28,-17.8197,253
AAPL,2022-08-18,127.65,155.28,-17.7961,254
AAPL,2022-08-01,127.7,155.28,-17.7583,255
AAPL,2020-02-13,67.44,82.0,-17.7574,256
AAPL,2021-10-13,127.72,155.28,-17.7512,257
AAPL,2020-06-09,67.45,82.0,-17.7401,258
AAPL,2021-10-04,127.73,155.28,-17.74,259
AAPL,2020-07-30,67.47,82.0,-17.716,260
AAPL,2020-04-28,67.48,82.0,-17.7047,261
AAPL,2021-10-21,127.88,155.28,-17.6463,262
AAPL,2021-10-12,127.88,155.28,-17.6461,263
AAPL,2020-08-04,67.53,82.0,-17.6404,264
AAPL,2021-12-15,127.89,155.28,-17.6377,265
AAPL,2020-07-24,67.55,82.0,-17.6246,266
AAPL,2020-07-16,67.57,82.0,-17.5963,267
AAPL,2020-07-21,67.61,82.0,-17.5443,268
AAPL,2020-05-13,67.62,82.0,-17.5385,269
AAPL,2020-07-13,67.63,82.0,-17.5248,270
AAPL,2020-05-04,67.66,82.0,-17.4891,271
AAPL,2021-12-24,128.14,155.28,-17.478,272
AAPL,2021-11-11,128.14,155.28,-17.4775,273
AAPL,2022-07-05,128.16,155.28,-17.4646,274
AAPL,2021-12-29,128.19,155.28,-17.4446,275
AAPL,2021-12-20,128.22,155.28,-17.4246,276
AAPL,2020-06-11,67.73,82.0,-17.3959,277
AAPL,2022-08-23,128.27,155.28,-17.3929,278
AAPL,2020-06-12,67.75,82.0,-17.3721,279
AAPL,2022-09-13,128.33,155.28,-17.354,280
AAPL,2020-05-06,67.77,82.0,-17.3535,281
AAPL,2021-11-01,128.33,155.28,-17.3531,282
AAPL,2022-12-07,128.4,155.28,-17.3096,283
AAPL,2021-11-16,128.41,155.28,-17.3011,284
AAPL,2022-06-30,128.42,155.28,-17.2948,285
AAPL,2021-10-20,128.46,155.28,-17.2702,286
AAPL,2022-07-29,128.46,155.28,-17.27,287
AAPL,2020-06-16,67.85,82.0,-17.252,288
AAPL,2022-08-12,128.55,155.28,-17.2168,289
AAPL,2023-10-26,278.76,336.46,-17.1492,290
AAPL,2021-10-07,128.66,155.28,-17.1407,291
AAPL,2022-08-16,128.71,155.28,-17.1119,292
AAPL,2020-05-07,67.97,82.0,-17.1098,293
AAPL,2021-12-17,128.71,155.28,-17.1078,294
AAPL,2021-12-16,128.72,155.28,-17.1056,295
AAPL,2022-08-25,128.74,155.28,-17.0905,296
AAPL,2020-08-05,68.0,82.0,-17.0705,297
AAPL,2020-07-10,68.0,82.0,-17.0695,298
AAPL,2020-07-07,68.01,82.0,-17.0599,299
AAPL,2020-07-31,68.01,82.0,-17.0576,300
AAPL,2022-05-16,128.79,155.28,-17.0575,301
AAPL,2020-07-22,68.03,82.0,-17.0293,302
AAPL,2021-10-08,128.88,155.28,-16.9998,303
AAPL,2022-06-23,128.92,155.28,-16.9741,304
AAPL,2020-05-12,68.09,82.0,-16.9661,305
AAPL,2022-05-19,128.95,155.28,-16.9549,306
AAPL,2021-10-15,128.99,155.28,-16.9328,307
AAPL,2020-04-27,68.12,82.0,-16.9225,308
AAPL,2020-04-20,68.17,82.0,-16.8628,309
AAPL,2020-02-12,68.19,82.0,-16.836,310
AAPL,2022-08-29,129.2,155.28,-16.7954,311
AAPL,2023-10-25,280.07,336.46,-16.7606,312
AAPL,2022-11-03,129.26,155.28,-16.7541,313
AAPL,2020-02-20,68.3,82.0,-16.7103,314
AAPL,2022-08-10,129.35,155.28,-16.6988,315
AAPL,2020-04-16,68.33,82.0,-16.6716,316
AAPL,2020-04-21,68.36,82.0,-16.6266,317
AAPL,2022-06-22,129.5,155.28,-16.5987,318
AAPL,2022-08-24,129.55,155.28,-16.5674,319
AAPL,2020-04-10,68.43,82.0,-16.5487,320
AAPL,2020-04-13,68.45,82.0,-16.5266,321
AAPL,2020-05-11,68.47,82.0,-16.4984,322
AAPL,2021-12-13,129.67,155.28,-16.4934,323
AAPL,2020-04-17,68.51,82.0,-16.4428,324
AAPL,2020-07-02,68.52,82.0,-16.4335,325
AAPL,2020-02-11,68.53,82.0,-16.4281,326
AAPL,2022-09-05,129.77,155.28,-16.4267,327
AAPL,2021-10-19,129.83,155.28,-16.3869,328
AAPL,2020-08-13,68.56,82.0,-16.3828,329
AAPL,2022-06-16,129.88,155.28,-16.357,330
AAPL,2021-12-14,129.92,155.28,-16.3292,331
AAPL,2022-12-13,129.97,155.28,-16.3007,332
AAPL,2020-02-21,68.65,82.0,-16.2762,333
AAPL,2022-06-21,130.02,155.28,-16.2673,334
AAPL,2020-07-03,68.68,82.0,-16.2352,335
AAPL,2020-02-07,68.7,82.0,-16.2139,336
AAPL,2020-02-18,68.71,82.0,-16.2044,337
AAPL,2022-07-22,130.13,155.28,-16.1993,338
AAPL,2022-05-17,130.18,155.28,-16.1667,339
AAPL,2021-12-01,130.2,155.28,-16.1521,340
AAPL,2022-07-20,130.26,155.28,-16.1138,341
AAPL,2021-10-01,130.3,155.28,-16.0882,342
AAPL,2022-05-20,130.31,155.28,-16.0791,343
AAPL,2020-07-14,68.81,82.0,-16.0784,344
AAPL,2022-09-29,130.31,155.28,-16.0777,345
AAPL,2022-07-27,130.37,155.28,-16.0446,346
AAPL,2020-08-11,68.87,82.0,-16.0108,347
AAPL,2022-10-05,130.42,155.28,-16.0102,348
AAPL,2022-10-04,130.44,155.28,-15.9967,349
AAPL,2021-09-30,130.45,155.28,-15.99,350
AAPL,2020-06-19,68.93,82.0,-15.9397,351
AAPL,2020-06-17,68.96,82.0,-15.9051,352
AAPL,2022-06-15,130.63,155.28,-15.872,353
AAPL,2022-07-21,130.67,155.28,-15.8506,354
AAPL,2020-07-09,69.01,82.0,-15.8329,355
AAPL,2022-09-08,130.73,155.28,-15.8123,356
AAPL,2022-09-30,130.74,155.28,-15.8012,357
AAPL,2020-06-23,69.06,82.0,-15.7719,358
AAPL,2021-11-17,130.85,155.28,-15.7351,359
AAPL,2022-05-18,130.89,155.28,-15.7043,360
AAPL,2022-07-04,130.92,155.28,-15.6862,361
AAPL,2022-08-30,130.94,155.28,-15.6727,362
AAPL,2021-11-18,130.95,155.28,-15.6654,363
AAPL,2020-07-23,69.18,82.0,-15.6282,364
AAPL,2021-10-18,131.1,155.28,-15.5714,365
AAPL,2022-11-01,131.18,155.28,-15.5225,366
AAPL,2020-02-10,69.29,82.0,-15.4935,367
AAPL,2022-10-03,131.27,155.28,-15.4623,368
AAPL,2022-10-06,131.36,155.28,-15.404,369
AAPL,2022-08-11,131.37,155.28,-15.3946,370
AAPL,2020-05-08,69.38,82.0,-15.3918,371
AAPL,2022-12-12,131.49,155.28,-15.3198,372
AAPL,2020-07-17,69.44,82.0,-15.3125,373
AAPL,2022-07-01,131.5,155.28,-15.3116,374
AAPL,2021-11-10,131.74,155.28,-15.1612,375
AAPL,2023-10-24,285.5,336.46,-15.1467,376
AAPL,2021-12-10,131.82,155.28,-15.1101,377
AAPL,2023-10-03,285.76,336.46,-15.0677,378
AAPL,2022-09-12,131.9,155.28,-15.0578,379
AAPL,2022-08-26,131.92,155.28,-15.0462,380
AAPL,2022-09-01,131.95,155.28,-15.0217,381
AAPL,2022-09-07,131.98,155.28,-15.0044,382
AAPL,2022-07-19,132.01,155.28,-14.9836,383
AAPL,2020-08-14,69.73,82.0,-14.9617,384
AAPL,2021-09-23,132.05,155.28,-14.9595,385
AAPL,2020-08-07,69.73,82.0,-14.9554,386
AAPL,2021-09-22,132.09,155.28,-14.936,387
AAPL,2021-09-27,132.23,155.28,-14.8439,388
AAPL,2023-10-12,286.56,336.46,-14.8313,389
AAPL,2020-08-12,69.85,82.0,-14.8079,390
AAPL,2022-09-06,132.34,155.28,-14.7713,391
AAPL,2021-09-29,132.42,155.28,-14.7207,392
AAPL,2020-02-19,69.93,82.0,-14.7193,393
AAPL,2020-06-24,69.96,82.0,-14.6854,394
AAPL,2020-02-05,70.02,82.0,-14.6074,395
AAPL,2022-08-31,132.65,155.28,-14.5742,396
AAPL,2020-02-14,70.07,82.0,-14.5442,397
AAPL,2021-12-02,132.78,155.28,-14.4876,398
AAPL,2020-02-17,70.12,82.0,-14.4831,399
AAPL,2024-07-31,580.06,678.3,-14.4823,400
AAPL,2020-06-18,70.13,82.0,-14.4691,401
AAPL,2021-11-08,132.95,155.28,-14.3796,402
AAPL,2022-09-02,132.96,155.28,-14.3767,403
AAPL,2020-02-06,70.25,82.0,-14.3318,404
AAPL,2021-11-23,133.2,155.28,-14.2201,405
AAPL,2020-08-18,70.34,82.0,-14.2111,406
AAPL,2021-12-09,133.27,155.28,-14.1752,407
AAPL,2022-07-15,133.29,155.28,-14.1602,408
AAPL,2022-07-18,133.34,155.28,-14.1321,409
AAPL,2024-08-26,582.65,678.3,-14.1009,410
AAPL,2023-10-23,289.16,336.46,-14.057,411
AAPL,2020-08-10,70.47,82.0,-14.0544,412
AAPL,2023-10-27,289.33,336.46,-14.0069,413
AAPL,2021-11-09,133.63,155.28,-13.9428,414
AAPL,2022-09-09,133.65,155.28,-13.9281,415
AAPL,2021-09-28,133.71,155.28,-13.8893,416
AAPL,2020-01-29,70.61,82.0,-13.8869,417
AAPL,2021-11-30,133.75,155.28,-13.8671,418
AAPL,2020-07-01,70.63,82.0,-13.8652,419
AAPL,2022-07-28,133.81,155.28,-13.8241,420
AAPL,2022-06-20,133.89,155.28,-13.7765,421
AAPL,2020-04-14,70.71,82.0,-13.7667,422
AAPL,2020-02-04,70.72,82.0,-13.7504,423
AAPL,2022-06-14,133.96,155.28,-13.7321,424
AAPL,2023-10-31,290.31,336.46,-13.7159,425
AAPL,2023-10-20,290.32,336.46,-13.7129,426
AAPL,2022-11-02,134.02,155.28,-13.6922,427
AAPL,2023-10-04,290.46,336.46,-13.6706,428
AAPL,2024-08-01,585.81,678.3,-13.6344,429
AAPL,2024-08-02,586.16,678.3,-13.5833,430
AAPL,2022-07-25,134.26,155.28,-13.5345,431
AAPL,2022-12-30,134.4,155.28,-13.4439,432
AAPL,2020-06-22,70.97,82.0,-13.4433,433
AAPL,2021-12-06,134.42,155.28,-13.4317,434
AAPL,2021-12-08,134.45,155.28,-13.4138,435
AAPL,2022-06-17,134.46,155.28,-13.4096,436
AAPL,2020-06-29,71.06,82.0,-13.3325,437
AAPL,2022-06-09,134.62,155.28,-13.3023,438
AAPL,2022-07-14,134.64,155.28,-13.2943,439
AAPL,2021-09-24,134.75,155.28,-13.2206,440
AAPL,2021-09-21,134.8,155.28,-13.186,441
AAPL,2022-12-14,134.94,155.28,-13.1004,442
AAPL,2020-06-30,71.28,82.0,-13.0724,443
AAPL,2021-11-19,135.05,155.28,-13.0258,444
AAPL,2023-10-09,292.76,336.46,-12.9871,445
AAPL,2023-10-10,292.77,336.46,-12.9849,446
AAPL,2022-07-06,135.12,155.28,-12.9843,447
AAPL,2024-08-23,590.57,678.3,-12.9339,448
AAPL,2023-10-11,293.04,336.46,-12.9052,449
AAPL,2024-08-28,590.9,678.3,-12.8838,450
AAPL,2020-08-17,71.45,82.0,-12.8662,451
AAPL,2024-08-20,591.04,678.3,-12.8632,452
AAPL,2021-11-22,135.4,155.28,-12.8039,453
AAPL,2023-10-30,293.38,336.46,-12.8028,454
AAPL,2021-09-15,135.41,155.28,-12.7973,455
AAPL,2022-07-07,135.41,155.28,-12.7943,456
AAPL,2022-12-27,135.46,155.28,-12.7607,457
AAPL,2022-05-23,135.48,155.28,-12.748,458
AAPL,2022-12-26,135.53,155.28,-12.7159,459
AAPL,2023-01-02,135.57,155.28,-12.6918,460
AAPL,2022-07-08,135.58,155.28,-12.6837,461
AAPL,2022-12-16,135.6,155.28,-12.6733,462
AAPL,2022-07-11,135.65,155.28,-12.6399,463
AAPL,2023-11-01,293.97,336.46,-12.6279,464
AAPL,2024-08-05,593.31,678.3,-12.5291,465
AAPL,2024-09-03,593.46,678.3,-12.5075,466
AAPL,2024-02-19,390.91,446.56,-12.4613,467
AAPL,2024-08-27,593.84,678.3,-12.4508,468
AAPL,2020-08-19,71.79,82.0,-12.4425,469
AAPL,2024-07-29,593.97,678.3,-12.4321,470
AAPL,2020-06-26,71.81,82.0,-12.424,471
AAPL,2021-11-29,135.99,155.28,-12.4198,472
AAPL,2023-10-02,294.74,336.46,-12.3987,473
AAPL,2024-06-04,548.2,625.75,-12.3926,474
AAPL,2022-07-13,136.07,155.28,-12.3724,475
AAPL,2021-09-20,136.07,155.28,-12.3686,476
AAPL,2021-01-12,87.45,99.79,-12.3681,477
AAPL,2022-12-23,136.08,155.28,-12.3659,478
AAPL,2021-12-07,136.09,155.28,-12.3572,479
AAPL,2021-01-07,87.61,99.79,-12.2075,480
AAPL,2023-10-05,295.39,336.46,-12.2056,481
AAPL,2022-07-12,136.33,155.28,-12.2037,482
AAPL,2021-11-26,136.38,155.28,-12.1699,483
AAPL,2023-10-13,295.67,336.46,-12.124,484
AAPL,2021-01-13,87.77,99.79,-12.05,485
AAPL,2024-08-06,596.58,678.3,-12.0466,486
AAPL,2021-11-02,136.69,155.28,-11.9743,487
AAPL,2024-10-21,650.04,738.11,-11.9316,488
AAPL,2021-01-15,87.95,99.79,-11.8666,489
AAPL,2024-08-22,598.28,678.3,-11.7964,490
AAPL,2024-02-16,393.91,446.56,-11.7897,491
AAPL,2024-07-30,598.4,678.3,-11.7787,492
AAPL,2022-12-15,137.01,155.28,-11.7647,493
AAPL,2022-06-10,137.01,155.28,-11.7646,494
AAPL,2024-08-30,598.97,678.3,-11.6953,495
AAPL,2021-01-11,88.14,99.79,-11.6745,496
AAPL,2021-11-05,137.19,155.28,-11.6489,497
AAPL,2020-08-20,72.47,82.0,-11.6237,498
AAPL,2022-12-28,137.31,155.28,-11.5751,499
AAPL,2022-06-13,137.35,155.28,-11.5468,500
AAPL,2020-01-31,72.54,82.0,-11.533,501
AAPL,2021-09-16,137.38,155.28,-11.5249,502
AAPL,2023-01-03,137.39,155.28,-11.5233,503
AAPL,2020-01-28,72.58,82.0,-11.4875,504
AAPL,2022-12-19,137.48,155.28,-11.4655,505
AAPL,2021-11-24,137.49,155.28,-11.4581,506
AAPL,2024-07-26,600.62,678.3,-11.4516,507
AAPL,2023-10-06,298.23,336.46,-11.3619,508
AAPL,2020-02-03,72.71,82.0,-11.3249,509
AAPL,2021-01-27,88.54,99.79,-11.2798,510
AAPL,2021-01-20,88.55,99.79,-11.2625,511
AAPL,2024-02-02,396.31,446.56,-11.2534,512
AAPL,2021-05-05,104.68,117.91,-11.2215,513
AAPL,2020-01-30,72.8,82.0,-11.2171,514
AAPL,2024-10-22,655.61,738.11,-11.1773,515
AAPL,2022-12-29,137.93,155.28,-11.1701,516
AAPL,2022-12-22,137.95,155.28,-11.1597,517
AAPL,2020-08-31,72.88,82.0,-11.1232,518
AAPL,2024-09-02,602.94,678.3,-11.1096,519
AAPL,2020-08-28,72.92,82.0,-11.0729,520
AAPL,2021-12-03,138.13,155.28,-11.0443,521
AAPL,2023-01-18,138.2,155.28,-11.0003,522
AAPL,2021-01-28,88.83,99.79,-10.9887,523
AAPL,2024-10-24,657.14,738.11,-10.9694,524
AAPL,2021-05-04,105.03,117.91,-10.9266,525
AAPL,2021-01-25,88.93,99.79,-10.8899,526
AAPL,2021-09-17,138.54,155.28,-10.7806,527
AAPL,2023-10-17,300.2,336.46,-10.7775,528
AAPL,2020-06-25,73.19,82.0,-10.7459,529
AAPL,2024-10-16,659.04,738.11,-10.7118,530
AAPL,2022-06-02,138.69,155.28,-10.6815,531
AAPL,2021-01-26,89.14,99.79,-10.6763,532
AAPL,2023-10-18,300.66,336.46,-10.641,533
AAPL,2024-09-05,606.22,678.3,-10.626,534
AAPL,2020-01-24,73.31,82.0,-10.5984,535
AAPL,2023-08-28,272.87,305.2,-10.5921,536
AAPL,2024-08-29,606.55,678.3,-10.5766,537
AAPL,2021-05-06,105.44,117.91,-10.5751,538
AAPL,2021-09-14,138.88,155.28,-10.5623,539
AAPL,2021-09-13,138.99,155.28,-10.4898,540
AAPL,2023-10-16,301.24,336.46,-10.4677,541
AAPL,2024-08-19,607.39,678.3,-10.4528,542
AAPL,2022-06-08,139.05,155.28,-10.4498,543
AAPL,2023-01-04,139.08,155.28,-10.4308,544
AAPL,2020-09-01,73.45,82.0,-10.4215,545
AAPL,2021-11-25,139.13,155.28,-10.4026,546
AAPL,2021-01-21,89.47,99.79,-10.3436,547
AAPL,2022-05-24,139.35,155.28,-10.2607,548
AAPL,2021-06-23,119.26,132.87,-10.2457,549
AAPL,2023-10-19,302.22,336.46,-10.1762,550
AAPL,2024-02-13,401.18,446.56,-10.1618,551
AAPL,2024-06-03,562.47,625.75,-10.1133,552
AAPL,2021-01-06,89.75,99.79,-10.06,553
AAPL,2020-08-21,73.75,82.0,-10.0582,554
AAPL,2023-11-02,302.68,336.46,-10.0395,555
AAPL,2024-10-17,664.11,738.11,-10.0254,556
AAPL,2021-11-04,139.72,155.28,-10.0194,557
AAPL,2024-09-06,610.62,678.3,-9.9773,558
AAPL,2022-05-30,139.8,155.28,-9.9663,559
AAPL,2020-01-27,73.85,82.0,-9.9414,560
AAPL,2021-02-15,89.88,99.79,-9.9359,561
AAPL,2023-08-10,274.93,305.2,-9.918,562
AAPL,2021-01-22,89.92,99.79,-9.8942,563
AAPL,2021-06-24,119.74,132.87,-9.8843,564
AAPL,2024-08-09,611.28,678.3,-9.8806,565
AAPL,2021-11-03,139.94,155.28,-9.8761,566
AAPL,2020-09-02,73.94,82.0,-9.8315,567
AAPL,2024-02-06,402.68,446.56,-9.8268,568
AAPL,2022-05-27,140.02,155.28,-9.8267,569
AAPL,2022-05-31,140.1,155.28,-9.7761,570
AAPL,2021-05-03,106.46,117.91,-9.7164,571
AAPL,2021-01-29,90.11,99.79,-9.7036,572
AAPL,2021-01-05,90.12,99.79,-9.6901,573
AAPL,2021-08-30,140.24,155.28,-9.6874,574
AAPL,2020-08-27,74.05,82.0,-9.6874,575
AAPL,2021-01-18,90.13,99.79,-9.6865,576
AAPL,2024-02-20,403.32,446.56,-9.6835,577
AAPL,2024-08-21,612.87,678.3,-9.646,578
AAPL,2024-02-26,403.53,446.56,-9.635,579
AAPL,2022-12-20,140.34,155.28,-9.6235,580
AAPL,2021-01-19,90.23,99.79,-9.5787,581
AAPL,2024-08-12,613.39,678.3,-9.5689,582
AAPL,2024-08-07,613.82,678.3,-9.5052,583
AAPL,2023-03-14,156.29,172.58,-9.4364,584
AAPL,2023-03-15,156.34,172.58,-9.4103,585
AAPL,2024-07-24,614.47,678.3,-9.4101,586
AAPL,2021-01-14,90.44,99.79,-9.3679,587
AAPL,2024-06-05,567.21,625.75,-9.3548,588
AAPL,2024-08-16,614.96,678.3,-9.3377,589
AAPL,2023-08-21,276.74,305.2,-9.3251,590
AAPL,2023-08-22,276.76,305.2,-9.3189,591
AAPL,2021-08-27,140.86,155.28,-9.2853,592
AAPL,2024-08-08,615.98,678.3,-9.1868,593
AAPL,2021-01-08,90.63,99.79,-9.1808,594
AAPL,2021-06-25,120.69,132.87,-9.1716,595
AAPL,2023-11-07,305.65,336.46,-9.157,596
AAPL,2021-05-19,107.12,117.91,-9.1566,597
AAPL,2024-02-23,405.76,446.56,-9.137,598
AAPL,2023-08-24,277.32,305.2,-9.1358,599
AAPL,2023-01-17,141.1,155.28,-9.1293,600
AAPL,2024-07-25,616.38,678.3,-9.1278,601
AAPL,2024-02-07,405.9,446.56,-9.1051,602
AAPL,2024-02-08,405.92,446.56,-9.1013,603
AAPL,2024-02-15,406.07,446.56,-9.0678,604
AAPL,2024-02-05,406.09,446.56,-9.0625,605
AAPL,2024-05-31,569.2,625.75,-9.0379,606
AAPL,2023-01-19,141.3,155.28,-9.0009,607
AAPL,2024-02-01,406.38,446.56,-8.9966,608
AAPL,2023-01-20,141.33,155.28,-8.9836,609
AAPL,2021-06-22,120.98,132.87,-8.9516,610
AAPL,2021-02-12,90.86,99.79,-8.9494,611
AAPL,2024-07-10,617.76,678.3,-8.9253,612
AAPL,2023-03-16,157.23,172.58,-8.8917,613
AAPL,2021-02-02,90.92,99.79,-8.8879,614
AAPL,2024-10-23,672.7,738.11,-8.8619,615
AAPL,2020-01-23,74.74,82.0,-8.8444,616
AAPL,2024-07-22,618.45,678.3,-8.8233,617
AAPL,2023-01-11,141.59,155.28,-8.8137,618
AAPL,2023-08-23,278.39,305.2,-8.783,619
AAPL,2024-09-09,619.08,678.3,-8.7297,620
AAPL,2021-02-18,91.08,99.79,-8.7285,621
AAPL,2022-06-07,141.78,155.28,-8.6943,622
AAPL,2023-08-04,278.82,305.2,-8.6447,623
AAPL,2024-07-17,619.94,678.3,-8.6035,624
AAPL,2024-02-22,408.22,446.56,-8.5853,625
AAPL,2024-06-07,572.03,625.75,-8.5848,626
AAPL,2024-06-18,572.13,625.75,-8.5686,627
AAPL,2021-02-05,91.25,99.79,-8.5639,628
AAPL,2024-09-04,620.29,678.3,-8.551,629
AAPL,2024-07-11,620.61,678.3,-8.5042,630
AAPL,2024-07-19,620.64,678.3,-8.4999,631
AAPL,2023-02-10,142.09,155.28,-8.4968,632
AAPL,2024-08-13,620.76,678.3,-8.4828,633
AAPL,2024-10-14,675.51,738.11,-8.481,634
AAPL,2024-10-18,676.03,738.11,-8.4105,635
AAPL,2021-05-17,108.0,117.91,-8.4091,636
AAPL,2023-08-25,279.57,305.2,-8.3983,637
AAPL,2022-12-21,142.25,155.28,-8.3931,638
AAPL,2021-02-04,91.44,99.79,-8.3742,639
AAPL,2023-02-06,142.28,155.28,-8.3685,640
AAPL,2023-01-05,142.29,155.28,-8.3676,641
AAPL,2024-08-14,621.98,678.3,-8.3021,642
AAPL,2021-02-16,91.52,99.79,-8.2897,643
AAPL,2024-09-16,622.09,678.3,-8.2864,644
AAPL,2021-08-31,142.42,155.28,-8.2811,645
AAPL,2024-09-12,622.15,678.3,-8.2767,646
AAPL,2023-11-03,308.68,336.46,-8.2564,647
AAPL,2024-02-14,409.72,446.56,-8.2488,648
AAPL,2023-08-11,280.08,305.2,-8.2291,649
AAPL,2020-09-03,75.25,82.0,-8.2248,650
AAPL,2024-10-30,677.68,738.11,-8.1869,651
AAPL,2024-10-29,677.77,738.11,-8.1743,652
AAPL,2020-08-26,75.32,82.0,-8.1442,653
AAPL,2023-08-18,280.35,305.2,-8.1422,654
AAPL,2024-08-15,623.11,678.3,-8.1364,655
AAPL,2024-02-09,410.24,446.56,-8.1323,656
AAPL,2021-02-11,91.68,99.79,-8.1308,657
AAPL,2024-09-11,623.17,678.3,-8.1271,658
AAPL,2023-03-13,158.57,172.58,-8.1146,659
AAPL,2020-09-04,75.35,82.0,-8.1101,660
AAPL,2021-05-20,108.35,117.91,-8.1099,661
AAPL,2024-09-13,623.32,678.3,-8.105,662
AAPL,2023-09-29,309.2,336.46,-8.1029,663
AAPL,2022-05-26,142.7,155.28,-8.1007,664
AAPL,2023-02-02,142.74,155.28,-8.0749,665
AAPL,2021-06-21,122.15,132.87,-8.0723,666
AAPL,2023-11-06,309.36,336.46,-8.0554,667
AAPL,2021-08-02,122.18,132.87,-8.0462,668
AAPL,2024-02-21,410.69,446.56,-8.0314,669
AAPL,2021-05-13,108.45,117.91,-8.022,670
AAPL,2022-06-06,142.86,155.28,-7.996,671
AAPL,2021-05-14,108.52,117.91,-7.9655,672
AAPL,2024-10-15,679.37,738.11,-7.9579,673
AAPL,2023-01-12,142.97,155.28,-7.9298,674
AAPL,2023-08-30,281.02,305.2,-7.9224,675
AAPL,2020-12-14,89.6,97.31,-7.9199,676
AAPL,2024-02-12,411.28,446.56,-7.8991,677
AAPL,2021-01-04,91.91,99.79,-7.8968,678
AAPL,2020-01-22,75.52,82.0,-7.8963,679
AAPL,2024-09-10,624.88,678.3,-7.8743,680
AAPL,2023-08-29,281.21,305.2,-7.8609,681
AAPL,2021-02-10,91.97,99.79,-7.8356,682
AAPL,2024-10-25,680.35,738.11,-7.8256,683
AAPL,2022-06-03,143.18,155.28,-7.7936,684
AAPL,2021-05-07,108.73,117.91,-7.7845,685
AAPL,2023-11-08,310.29,336.46,-7.7783,686
AAPL,2023-02-09,143.21,155.28,-7.7732,687
AAPL,2021-05-18,108.81,117.91,-7.7202,688
AAPL,2024-07-23,625.96,678.3,-7.7156,689
AAPL,2023-03-20,159.31,172.58,-7.6899,690
AAPL,2022-06-01,143.37,155.28,-7.6728,691
AAPL,2021-07-05,122.69,132.87,-7.6637,692
AAPL,2023-08-09,281.84,305.2,-7.6541,693
AAPL,2023-01-23,143.43,155.28,-7.6334,694
AAPL,2021-09-08,143.46,155.28,-7.6133,695
AAPL,2021-09-07,143.48,155.28,-7.6011,696
AAPL,2023-02-01,143.49,155.28,-7.5915,697
AAPL,2023-02-03,143.52,155.28,-7.5712,698
AAPL,2021-02-17,92.27,99.79,-7.536,699
AAPL,2023-02-08,143.61,155.28,-7.5165,700
AAPL,2020-10-07,76.67,82.89,-7.4931,701
AAPL,2023-01-24,143.65,155.28,-7.4894,702
AAPL,2024-06-13,579.06,625.75,-7.4615,703
AAPL,2023-01-13,143.71,155.28,-7.4522,704
AAPL,2024-06-06,579.45,625.75,-7.3993,705
AAPL,2021-02-08,92.43,99.79,-7.3817,706
AAPL,2023-09-28,311.72,336.46,-7.3527,707
AAPL,2023-01-25,143.88,155.28,-7.3424,708
AAPL,2024-10-10,684.25,738.11,-7.2965,709
AAPL,2022-05-25,144.04,155.28,-7.2404,710
AAPL,2023-08-07,283.11,305.2,-7.2393,711
AAPL,2021-04-30,109.41,117.91,-7.2099,712
AAPL,2020-11-24,90.3,97.31,-7.2042,713
AAPL,2024-10-11,685.4,738.11,-7.1412,714
AAPL,2023-08-15,283.77,305.2,-7.0207,715
AAPL,2024-01-31,415.25,446.56,-7.0112,716
AAPL,2024-07-09,631.03,678.3,-6.9685,717
AAPL,2021-02-19,92.84,99.79,-6.9664,718
AAPL,2023-11-09,313.07,336.46,-6.9521,719
AAPL,2024-10-28,686.79,738.11,-6.9519,720
AAPL,2023-08-14,284.06,305.2,-6.9265,721
AAPL,2023-08-01,284.13,305.2,-6.904,722
AAPL,2023-01-31,144.61,155.28,-6.8706,723
AAPL,2024-07-16,631.81,678.3,-6.854,724
AAPL,2023-01-16,144.64,155.28,-6.8522,725
AAPL,2020-11-17,90.65,97.31,-6.8378,726
AAPL,2023-08-03,284.33,305.2,-6.8365,727
AAPL,2020-08-25,76.4,82.0,-6.83,728
AAPL,2021-09-09,144.72,155.28,-6.8033,729
AAPL,2020-12-11,90.7,97.31,-6.7912,730
AAPL,2021-09-10,144.76,155.28,-6.7727,731
AAPL,2021-02-09,93.04,99.79,-6.7635,732
AAPL,2024-07-18,632.43,678.3,-6.7617,733
AAPL,2020-11-19,90.74,97.31,-6.7491,734
AAPL,2020-10-08,77.31,82.89,-6.7314,735
AAPL,2023-01-06,144.84,155.28,-6.7222,736
AAPL,2023-03-27,160.98,172.58,-6.7212,737
AAPL,2023-08-08,284.78,305.2,-6.6902,738
AAPL,2021-02-01,93.13,99.79,-6.678,739
AAPL,2024-06-19,584.63,625.75,-6.5722,740
AAPL,2020-08-24,76.7,82.0,-6.4604,741
AAPL,2024-01-30,417.88,446.56,-6.4217,742
AAPL,2024-09-17,634.92,678.3,-6.3946,743
AAPL,2023-01-27,145.39,155.28,-6.3657,744
AAPL,2023-03-10,161.66,172.58,-6.3283,745
AAPL,2021-02-22,93.51,99.79,-6.2958,746
AAPL,2021-07-01,124.51,132.87,-6.2943,747
AAPL,2021-05-11,110.49,117.91,-6.2935,748
AAPL,2020-11-20,91.23,97.31,-6.2489,749
AAPL,2021-05-12,110.56,117.91,-6.237,750
AAPL,2020-12-01,91.25,97.31,-6.2221,751
AAPL,2021-08-05,124.69,132.87,-6.1578,752
AAPL,2023-01-30,145.82,155.28,-6.0915,753
AAPL,2021-05-10,110.74,117.91,-6.0837,754
AAPL,2020-11-23,91.4,97.31,-6.0701,755
AAPL,2023-03-23,162.12,172.58,-6.0609,756
AAPL,2023-03-22,162.12,172.58,-6.06,757
AAPL,2020-12-04,91.42,97.31,-6.0478,758
AAPL,2021-07-26,124.84,132.87,-6.046,759
AAPL,2020-10-02,77.9,82.89,-6.0194,760
AAPL,2020-11-11,91.47,97.31,-6.0005,761
AAPL,2020-12-10,91.48,97.31,-5.9874,762
AAPL,2023-12-25,374.71,398.56,-5.9836,763
AAPL,2023-08-02,286.94,305.2,-5.9818,764
AAPL,2020-12-17,91.53,97.31,-5.9378,765
AAPL,2023-02-07,146.08,155.28,-5.9265,766
AAPL,2020-12-03,91.54,97.31,-5.9231,767
AAPL,2023-03-28,162.38,172.58,-5.9065,768
AAPL,2023-03-17,162.38,172.58,-5.9063,769
AAPL,2023-02-16,146.11,155.28,-5.9048,770
AAPL,2021-07-23,125.08,132.87,-5.8689,771
AAPL,2021-02-26,93.98,99.79,-5.8238,772
AAPL,2024-07-12,638.9,678.3,-5.8075,773
AAPL,2023-01-10,146.27,155.28,-5.802,774
AAPL,2023-01-09,146.33,155.28,-5.7617,775
AAPL,2023-03-21,162.66,172.58,-5.747,776
AAPL,2021-07-09,125.25,132.87,-5.737,777
AAPL,2023-08-31,287.71,305.2,-5.7321,778
AAPL,2021-07-27,125.27,132.87,-5.7249,779
AAPL,2023-02-13,146.44,155.28,-5.6955,780
AAPL,2020-09-08,77.33,82.0,-5.6952,781
AAPL,2020-09-29,78.18,82.89,-5.6807,782
AAPL,2024-02-27,421.2,446.56,-5.6787,783
AAPL,2023-05-09,179.17,189.92,-5.6584,784
AAPL,2024-09-23,639.94,678.3,-5.6542,785
AAPL,2020-10-05,78.22,82.89,-5.6345,786
AAPL,2023-05-10,179.23,189.92,-5.6283,787
AAPL,2020-09-24,78.22,82.89,-5.6269,788
AAPL,2024-09-20,640.45,678.3,-5.5794,789
AAPL,2024-06-17,590.84,625.75,-5.5784,790
AAPL,2020-10-09,78.26,82.89,-5.578,791
AAPL,2020-11-16,91.88,97.31,-5.578,792
AAPL,2024-03-22,432.17,457.7,-5.578,793
AAPL,2021-06-28,125.46,132.87,-5.5776,794
AAPL,2021-08-26,146.63,155.28,-5.5718,795
AAPL,2021-08-03,125.5,132.87,-5.5539,796
AAPL,2020-10-15,78.29,82.89,-5.5451,797
AAPL,2020-11-27,91.95,97.31,-5.506,798
AAPL,2023-03-29,163.09,172.58,-5.497,799
AAPL,2023-12-15,376.67,398.56,-5.4914,800
AAPL,2024-01-26,422.06,446.56,-5.4871,801
AAPL,2023-01-26,146.77,155.28,-5.48,802
AAPL,2023-12-26,376.78,398.56,-5.464,803
AAPL,2020-11-18,92.0,97.31,-5.4595,804
AAPL,2020-12-09,92.01,97.31,-5.4447,805
AAPL,2020-10-06,78.38,82.89,-5.4305,806
AAPL,2023-04-10,165.22,174.6,-5.3733,807
AAPL,2021-09-01,146.94,155.28,-5.3676,808
AAPL,2023-08-17,288.82,305.2,-5.3671,809
AAPL,2023-02-17,147.04,155.28,-5.3034,810
AAPL,2020-09-07,77.66,82.0,-5.2843,811
AAPL,2021-07-02,125.88,132.87,-5.2669,812
AAPL,2020-09-30,78.53,82.89,-5.2574,813
AAPL,2021-07-30,125.9,132.87,-5.2517,814
AAPL,2021-05-24,111.73,117.91,-5.2472,815
AAPL,2023-02-14,147.16,155.28,-5.2275,816
AAPL,2021-07-21,125.95,132.87,-5.2085,817
AAPL,2020-11-10,92.25,97.31,-5.1956,818
AAPL,2024-07-08,643.09,678.3,-5.1896,819
AAPL,2023-11-10,319.09,336.46,-5.1642,820
AAPL,2021-05-21,111.86,117.91,-5.1329,821
AAPL,2021-09-02,147.31,155.28,-5.1325,822
AAPL,2024-05-30,593.86,625.75,-5.0962,823
AAPL,2024-07-05,643.73,678.3,-5.0952,824
AAPL,2021-04-28,111.91,117.91,-5.0948,825
AAPL,2024-10-09,700.65,738.11,-5.0746,826
AAPL,2020-11-30,92.39,97.31,-5.0564,827
AAPL,2020-12-07,92.45,97.31,-4.9928,828
AAPL,2023-09-01,289.99,305.2,-4.9848,829
AAPL,2024-05-27,595.02,625.75,-4.9106,830
AAPL,2020-09-23,78.85,82.89,-4.8675,831
AAPL,2024-02-28,424.87,446.56,-4.8558,832
AAPL,2021-02-25,94.95,99.79,-4.8484,833
AAPL,2021-08-04,126.46,132.87,-4.8252,834
AAPL,2021-02-03,95.01,99.79,-4.7908,835
AAPL,2020-01-21,78.12,82.0,-4.7315,836
AAPL,2021-07-16,126.59,132.87,-4.7279,837
AAPL,2023-03-24,164.5,172.58,-4.6802,838
AAPL,2021-06-30,126.66,132.87,-4.6759,839
AAPL,2023-03-09,164.51,172.58,-4.6717,840
AAPL,2021-02-23,95.15,99.79,-4.6537,841
AAPL,2021-07-28,126.7,132.87,-4.648,842
AAPL,2023-12-18,380.09,398.56,-4.6336,843
AAPL,2021-07-19,126.73,132.87,-4.6237,844
AAPL,2021-04-29,112.54,117.91,-4.5556,845
AAPL,2021-04-22,112.57,117.91,-4.5318,846
AAPL,2020-12-02,92.93,97.31,-4.5025,847
AAPL,2020-12-15,92.94,97.31,-4.4896,848
AAPL,2021-09-06,148.34,155.28,-4.4676,849
AAPL,2020-10-16,79.18,82.89,-4.4651,850
AAPL,2023-03-30,164.88,172.58,-4.46,851
AAPL,2021-07-20,126.98,132.87,-4.439,852
AAPL,2020-10-01,79.22,82.89,-4.4243,853
AAPL,2021-05-25,112.75,117.91,-4.3824,854
AAPL,2023-05-08,181.65,189.92,-4.3526,855
AAPL,2023-07-21,284.71,297.54,-4.3125,856
AAPL,2021-03-01,95.5,99.79,-4.3,857
AAPL,2021-04-27,112.86,117.91,-4.2839,858
AAPL,2023-04-07,167.19,174.6,-4.2442,859
AAPL,2024-06-10,599.19,625.75,-4.2439,860
AAPL,2021-04-01,110.03,114.83,-4.1879,861
AAPL,2021-06-18,127.37,132.87,-4.1458,862
AAPL,2023-12-20,382.11,398.56,-4.1287,863
AAPL,2021-06-02,113.07,117.91,-4.1041,864
AAPL,2021-07-06,127.43,132.87,-4.0964,865
AAPL,2020-12-18,93.33,97.31,-4.0866,866
AAPL,2023-09-04,292.96,305.2,-4.0112,867
AAPL,2021-04-23,113.24,117.91,-3.9669,868
AAPL,2021-06-03,113.24,117.91,-3.962,869
AAPL,2024-07-15,651.48,678.3,-3.9528,870
AAPL,2024-02-29,429.0,446.56,-3.9326,871
AAPL,2024-10-08,709.18,738.11,-3.919,872
AAPL,2021-07-22,127.67,132.87,-3.916,873
AAPL,2020-09-25,79.66,82.89,-3.8887,874
AAPL,2024-03-18,436.01,453.48,-3.8531,875
AAPL,2023-09-27,323.5,336.46,-3.8507,876
AAPL,2023-11-13,323.52,336.46,-3.8473,877
AAPL,2020-10-14,79.7,82.89,-3.8375,878
AAPL,2020-11-12,93.59,97.31,-3.8193,879
AAPL,2023-03-31,166.01,172.58,-3.8065,880
AAPL,2024-04-02,443.6,461.0,-3.7739,881
AAPL,2020-12-24,95.9,99.66,-3.7686,882
AAPL,2023-04-21,168.2,174.6,-3.667,883
AAPL,2021-07-15,128.01,132.87,-3.665,884
AAPL,2021-06-29,128.02,132.87,-3.656,885
AAPL,2023-09-22,324.23,336.46,-3.6349,886
AAPL,2021-05-27,113.63,117.91,-3.6338,887
AAPL,2020-09-14,79.88,82.89,-3.6219,888
AAPL,2020-12-16,93.79,97.31,-3.6116,889
AAPL,2020-11-13,93.81,97.31,-3.5995,890
AAPL,2020-11-06,93.81,97.31,-3.599,891
AAPL,2023-02-20,149.85,155.28,-3.4947,892
AAPL,2023-07-24,287.16,297.54,-3.4869,893
AAPL,2023-08-16,294.83,305.2,-3.399,894
AAPL,2020-10-12,80.07,82.89,-3.3985,895
AAPL,2021-04-26,113.91,117.91,-3.3961,896
AAPL,2021-08-25,150.02,155.28,-3.3878,897
AAPL,2020-09-28,80.09,82.89,-3.3777,898
AAPL,2020-10-19,80.09,82.89,-3.3751,899
AAPL,2023-12-27,385.2,398.56,-3.352,900
AAPL,2021-02-24,96.46,99.79,-3.3404,901
AAPL,2023-07-20,287.65,297.54,-3.3239,902
AAPL,2023-12-19,385.47,398.56,-3.2859,903
AAPL,2024-05-29,605.25,625.75,-3.2761,904
AAPL,2023-12-22,385.56,398.56,-3.2626,905
AAPL,2023-04-06,168.91,174.6,-3.2615,906
AAPL,2023-02-21,150.25,155.28,-3.2389,907
AAPL,2020-12-08,94.17,97.31,-3.2246,908
AAPL,2024-01-29,432.37,446.56,-3.1774,909
AAPL,2021-07-29,128.66,132.87,-3.1748,910
AAPL,2021-07-13,128.67,132.87,-3.1613,911
AAPL,2023-02-15,150.4,155.28,-3.14,912
AAPL,2021-05-28,114.26,117.91,-3.1019,913
AAPL,2021-08-06,128.78,132.87,-3.0815,914
AAPL,2023-09-26,326.11,336.46,-3.0778,915
AAPL,2021-06-17,128.79,132.87,-3.0763,916
AAPL,2021-07-12,128.84,132.87,-3.0333,917
AAPL,2021-04-21,114.34,117.91,-3.0321,918
AAPL,2024-01-08,404.65,417.31,-3.0321,919
AAPL,2024-09-19,657.73,678.3,-3.0316,920
AAPL,2021-03-02,96.78,99.79,-3.0195,921
AAPL,2020-11-25,94.38,97.31,-3.0101,922
AAPL,2024-06-14,607.03,625.75,-2.992,923
AAPL,2023-04-11,169.4,174.6,-2.9821,924
AAPL,2021-05-31,114.4,117.91,-2.9815,925
AAPL,2023-05-12,184.26,189.92,-2.9761,926
AAPL,2021-03-03,96.83,99.79,-2.9646,927
AAPL,2021-05-26,114.44,117.91,-2.9471,928
AAPL,2021-04-19,114.46,117.91,-2.9287,929
AAPL,2020-09-16,80.46,82.89,-2.9258,930
AAPL,2020-12-23,96.75,99.66,-2.9205,931
AAPL,2024-04-30,544.41,560.74,-2.9124,932
AAPL,2021-06-04,114.5,117.91,-2.8972,933
AAPL,2024-04-29,544.58,560.74,-2.8827,934
AAPL,2023-07-18,288.99,297.54,-2.8742,935
AAPL,2023-09-05,296.63,305.2,-2.8065,936
AAPL,2023-07-31,296.71,305.2,-2.7808,937
AAPL,2024-06-12,608.38,625.75,-2.7757,938
AAPL,2021-08-09,129.21,132.87,-2.7593,939
AAPL,2023-09-20,327.22,336.46,-2.747,940
AAPL,2021-06-01,114.74,117.91,-2.6943,941
AAPL,2021-04-13,114.74,117.91,-2.6879,942
AAPL,2020-11-03,92.54,95.09,-2.6808,943
AAPL,2023-04-14,169.96,174.6,-2.6601,944
AAPL,2023-11-15,327.53,336.46,-2.6531,945
AAPL,2024-04-01,448.77,461.0,-2.6525,946
AAPL,2021-03-04,97.16,99.79,-2.6389,947
AAPL,2023-04-18,170.02,174.6,-2.6265,948
AAPL,2023-06-23,254.36,261.17,-2.6079,949
AAPL,2023-11-28,353.75,363.21,-2.6036,950
AAPL,2020-09-15,80.74,82.89,-2.5838,951
AAPL,2021-07-08,129.52,132.87,-2.5212,952
AAPL,2020-12-28,97.18,99.66,-2.4852,953
AAPL,2023-05-15,185.28,189.92,-2.4412,954
AAPL,2020-11-04,92.78,95.09,-2.4238,955
AAPL,2023-09-21,328.39,336.46,-2.3992,956
AAPL,2021-04-16,115.09,117.91,-2.3942,957
AAPL,2023-05-16,185.4,189.92,-2.3771,958
AAPL,2023-12-14,389.18,398.56,-2.3549,959
AAPL,2024-05-13,593.25,607.51,-2.3479,960
AAPL,2020-10-20,81.0,82.89,-2.2702,961
AAPL,2024-01-18,426.01,435.77,-2.2402,962
AAPL,2024-06-11,611.78,625.75,-2.2335,963
AAPL,2024-05-24,611.94,625.75,-2.2065,964
AAPL,2024-01-19,426.21,435.77,-2.1941,965
AAPL,2024-04-25,548.47,560.74,-2.1878,966
AAPL,2024-04-23,542.04,554.13,-2.1812,967
AAPL,2024-05-01,548.57,560.74,-2.1703,968
AAPL,2020-11-09,95.21,97.31,-2.1596,969
AAPL,2023-03-08,168.87,172.58,-2.1494,970
AAPL,2023-04-05,170.88,174.6,-2.1354,971
AAPL,2023-11-27,355.69,363.21,-2.0694,972
AAPL,2023-05-11,186.01,189.92,-2.0553,973
AAPL,2024-09-18,664.51,678.3,-2.0325,974
AAPL,2024-10-07,723.12,738.11,-2.0301,975
AAPL,2024-09-25,664.58,678.3,-2.022,976
AAPL,2021-04-20,115.53,117.91,-2.0206,977
AAPL,2020-09-22,81.22,82.89,-2.0146,978
AAPL,2024-03-07,437.62,446.56,-2.0022,979
AAPL,2024-03-08,437.72,446.56,-1.979,980
AAPL,2024-03-28,451.88,461.0,-1.9777,981
AAPL,2023-02-23,152.22,155.28,-1.9704,982
AAPL,2024-03-19,444.58,453.48,-1.9638,983
AAPL,2024-03-06,437.82,446.56,-1.9575,984
AAPL,2023-07-14,291.73,297.54,-1.9512,985
AAPL,2023-12-13,390.81,398.56,-1.9439,986
AAPL,2021-03-31,112.64,114.83,-1.9108,987
AAPL,2024-07-04,665.43,678.3,-1.8974,988
AAPL,2023-09-25,330.1,336.46,-1.8912,989
AAPL,2021-09-03,152.38,155.28,-1.8695,990
AAPL,2023-05-22,196.53,200.22,-1.8421,991
AAPL,2021-08-20,149.62,152.41,-1.8295,992
AAPL,2023-09-06,299.62,305.2,-1.8284,993
AAPL,2021-04-02,112.74,114.83,-1.8279,994
AAPL,2020-11-02,93.35,95.09,-1.821,995
AAPL,2024-03-01,438.43,446.56,-1.8197,996
AAPL,2023-04-27,177.03,180.28,-1.8029,997
AAPL,2021-01-01,98.02,99.79,-1.7752,998
AAPL,2024-06-20,614.7,625.75,-1.7655,999
AAPL,2020-12-31,98.04,99.79,-1.7542,1000
AAPL,2023-05-05,186.59,189.92,-1.7529,1001
AAPL,2024-05-28,615.07,625.75,-1.7076,1002
AAPL,2021-04-09,115.91,117.91,-1.6954,1003
AAPL,2023-11-14,330.76,336.46,-1.6943,1004
AAPL,2021-07-07,130.63,132.87,-1.692,1005
AAPL,2023-03-07,169.66,172.58,-1.6892,1006
AAPL,2023-11-29,357.14,363.21,-1.6702,1007
AAPL,2024-03-05,439.12,446.56,-1.6658,1008
AAPL,2020-11-26,95.69,97.31,-1.6657,1009
AAPL,2020-01-17,80.63,82.0,-1.6615,1010
AAPL,2023-04-17,171.75,174.6,-1.6336,1011
AAPL,2020-09-11,81.55,82.89,-1.6158,1012
AAPL,2024-03-26,450.37,457.7,-1.6008,1013
AAPL,2023-07-17,292.81,297.54,-1.5909,1014
AAPL,2023-12-01,357.48,363.21,-1.5769,1015
AAPL,2021-03-29,109.98,111.7,-1.5387,1016
AAPL,2023-06-14,251.79,255.72,-1.5362,1017
AAPL,2023-12-04,357.66,363.21,-1.528,1018
AAPL,2021-06-16,130.86,132.87,-1.5189,1019
AAPL,2020-12-29,98.15,99.66,-1.5118,1020
AAPL,2024-04-26,552.37,560.74,-1.4921,1021
AAPL,2020-10-30,93.71,95.09,-1.4485,1022
AAPL,2021-04-12,116.21,117.91,-1.4478,1023
AAPL,2024-07-03,668.54,678.3,-1.4381,1024
AAPL,2021-06-10,124.09,125.9,-1.4376,1025
AAPL,2024-05-02,552.68,560.74,-1.4372,1026
AAPL,2023-03-01,162.02,164.36,-1.4218,1027
AAPL,2020-09-17,81.71,82.89,-1.4212,1028
AAPL,2024-03-25,451.19,457.7,-1.4209,1029
AAPL,2023-06-16,252.17,255.72,-1.3906,1030
AAPL,2023-07-27,293.55,297.54,-1.3399,1031
AAPL,2023-11-21,348.63,353.16,-1.2823,1032
AAPL,2023-04-19,172.37,174.6,-1.2788,1033
AAPL,2023-09-15,324.09,328.21,-1.2568,1034
AAPL,2024-03-04,440.98,446.56,-1.2485,1035
AAPL,2023-06-19,252.56,255.72,-1.236,1036
AAPL,2020-10-13,81.87,82.89,-1.2271,1037
AAPL,2023-11-24,358.83,363.21,-1.2071,1038
AAPL,2020-12-25,98.48,99.66,-1.1819,1039
AAPL,2023-04-04,172.54,174.6,-1.1798,1040
AAPL,2024-03-20,448.14,453.48,-1.1792,1041
AAPL,2024-01-11,424.52,429.49,-1.1555,1042
AAPL,2023-04-28,178.23,180.28,-1.1378,1043
AAPL,2023-04-26,178.25,180.28,-1.1301,1044
AAPL,2023-04-13,172.66,174.6,-1.1108,1045
AAPL,2021-03-08,98.71,99.79,-1.0879,1046
AAPL,2020-01-20,81.11,82.0,-1.0831,1047
AAPL,2024-05-14,601.03,607.51,-1.0672,1048
AAPL,2023-02-22,153.66,155.28,-1.0406,1049
AAPL,2023-06-26,258.47,261.17,-1.0341,1050
AAPL,2024-09-30,704.73,711.94,-1.012,1051
AAPL,2024-01-17,431.39,435.77,-1.0055,1052
AAPL,2024-10-04,730.93,738.11,-0.9724,1053
AAPL,2023-05-19,198.28,200.22,-0.9667,1054
AAPL,2023-03-06,170.94,172.58,-0.9507,1055
AAPL,2023-12-21,394.81,398.56,-0.9403,1056
AAPL,2021-04-15,116.91,117.91,-0.8544,1057
AAPL,2020-01-14,81.03,81.71,-0.844,1058
AAPL,2020-01-16,81.31,82.0,-0.832,1059
AAPL,2023-12-29,395.61,398.9,-0.8229,1060
AAPL,2023-07-11,289.46,291.79,-0.798,1061
AAPL,2023-04-20,173.25,174.6,-0.7762,1062
AAPL,2020-01-09,77.79,78.37,-0.7438,1063
AAPL,2023-06-15,253.92,255.72,-0.7037,1064
AAPL,2024-10-03,733.21,738.11,-0.6633,1065
AAPL,2024-03-29,457.95,461.0,-0.6614,1066
AAPL,2021-04-14,117.14,117.91,-0.6581,1067
AAPL,2021-03-11,99.25,99.9,-0.6468,1068
AAPL,2024-01-24,439.23,442.09,-0.6463,1069
AAPL,2023-02-28,163.32,164.36,-0.6307,1070
AAPL,2023-05-29,213.21,214.55,-0.6236,1071
AAPL,2021-07-14,132.06,132.87,-0.6165,1072
AAPL,2020-10-28,93.55,94.05,-0.5353,1073
AAPL,2023-11-30,361.28,363.21,-0.5303,1074
AAPL,2021-03-22,109.29,109.87,-0.5254,1075
AAPL,2023-06-29,272.64,274.07,-0.5203,1076
AAPL,2024-09-24,674.77,678.3,-0.52,1077
AAPL,2023-04-24,173.7,174.6,-0.5164,1078
AAPL,2024-05-16,607.14,610.19,-0.4998,1079
AAPL,2024-05-03,557.95,560.74,-0.4971,1080
AAPL,2023-09-07,303.83,305.2,-0.45,1081
AAPL,2024-03-11,444.63,446.56,-0.4324,1082
AAPL,2020-09-21,82.53,82.89,-0.426,1083
AAPL,2023-07-19,296.33,297.54,-0.4078,1084
AAPL,2021-08-16,143.08,143.66,-0.4023,1085
AAPL,2024-05-08,580.56,582.84,-0.3927,1086
AAPL,2020-09-18,82.57,82.89,-0.3781,1087
AAPL,2020-01-08,78.08,78.37,-0.3726,1088
AAPL,2023-05-01,179.61,180.28,-0.3708,1089
AAPL,2021-08-23,151.85,152.41,-0.364,1090
AAPL,2023-07-26,296.56,297.54,-0.3279,1091
AAPL,2021-08-10,132.45,132.87,-0.3216,1092
AAPL,2023-07-12,290.88,291.79,-0.3107,1093
AAPL,2021-03-10,99.59,99.9,-0.3083,1094
AAPL,2023-07-25,296.66,297.54,-0.2942,1095
AAPL,2024-04-04,460.19,461.51,-0.2852,1096
AAPL,2020-09-09,81.77,82.0,-0.2814,1097
AAPL,2024-01-12,428.35,429.49,-0.2653,1098
AAPL,2023-05-04,189.43,189.92,-0.2576,1099
AAPL,2024-05-22,624.19,625.75,-0.2498,1100
AAPL,2024-01-03,403.79,404.79,-0.2489,1101
AAPL,2023-06-09,248.35,248.94,-0.2378,1102
AAPL,2024-03-12,445.53,446.56,-0.2296,1103
AAPL,2024-05-20,623.55,624.83,-0.2035,1104
AAPL,2020-01-03,74.87,75.0,-0.1799,1105
AAPL,2021-03-24,109.94,110.12,-0.1636,1106
AAPL,2021-04-05,114.66,114.83,-0.1501,1107
AAPL,2024-05-23,625.0,625.75,-0.12,1108
AAPL,2023-07-05,284.7,284.96,-0.0933,1109
AAPL,2021-08-11,132.76,132.87,-0.0872,1110
AAPL,2023-09-13,318.51,318.77,-0.0821,1111
AAPL,2023-04-12,174.49,174.6,-0.0652,1112
AAPL,2024-03-14,452.32,452.61,-0.0639,1113
AAPL,2024-07-02,678.11,678.3,-0.0274,1114
AAPL,2024-04-15,506.81,506.9,-0.0174,1115
AAPL,2024-01-09,417.29,417.31,-0.0038,1116
AAPL,2020-01-02,75.0,75.0,0.0,1117
AAPL,2020-01-06,75.92,75.92,0.0,1117
AAPL,2020-01-07,78.37,78.37,0.0,1117
AAPL,2020-01-10,80.38,80.38,0.0,1117
AAPL,2020-01-13,81.71,81.71,0.0,1117
AAPL,2020-01-15,82.0,82.0,0.0,1117
AAPL,2020-09-10,82.89,82.89,0.0,1117
AAPL,2020-10-21,87.63,87.63,0.0,1117
AAPL,2020-10-22,88.73,88.73,0.0,1117
AAPL,2020-10-23,90.88,90.88,0.0,1117
AAPL,2020-10-26,92.73,92.73,0.0,1117
AAPL,2020-10-27,94.05,94.05,0.0,1117
AAPL,2020-10-29,95.09,95.09,0.0,1117
AAPL,2020-11-05,97.31,97.31,0.0,1117
AAPL,2020-12-21,97.51,97.51,0.0,1117
AAPL,2020-12-22,99.66,99.66,0.0,1117
AAPL,2020-12-30,99.79,99.79,0.0,1117
AAPL,2021-03-05,99.79,99.79,0.0,1117
AAPL,2021-03-09,99.9,99.9,0.0,1117
AAPL,2021-03-12,101.58,101.58,0.0,1117
AAPL,2021-03-15,103.38,103.38,0.0,1117
AAPL,2021-03-16,105.2,105.2,0.0,1117
AAPL,2021-03-17,108.11,108.11,0.0,1117
AAPL,2021-03-18,108.26,108.26,0.0,1117
AAPL,2021-03-19,109.87,109.87,0.0,1117
AAPL,2021-03-23,110.12,110.12,0.0,1117
AAPL,2021-03-25,110.26,110.26,0.0,1117
AAPL,2021-03-26,111.7,111.7,0.0,1117
AAPL,2021-03-30,114.83,114.83,0.0,1117
AAPL,2021-04-06,116.23,116.23,0.0,1117
AAPL,2021-04-07,117.83,117.83,0.0,1117
AAPL,2021-04-08,117.91,117.91,0.0,1117
AAPL,2021-06-07,118.01,118.01,0.0,1117
AAPL,2021-06-08,120.44,120.44,0.0,1117
AAPL,2021-06-09,125.9,125.9,0.0,1117
AAPL,2021-06-11,126.42,126.42,0.0,1117
AAPL,2021-06-14,127.01,127.01,0.0,1117
AAPL,2021-06-15,132.87,132.87,0.0,1117
AAPL,2021-08-12,138.53,138.53,0.0,1117
AAPL,2021-08-13,143.66,143.66,0.0,1117
AAPL,2021-08-17,146.05,146.05,0.0,1117
AAPL,2021-08-18,148.11,148.11,0.0,1117
AAPL,2021-08-19,152.41,152.41,0.0,1117
AAPL,2021-08-24,155.28,155.28,0.0,1117
AAPL,2023-02-24,156.76,156.76,0.0,1117
AAPL,2023-02-27,164.36,164.36,0.0,1117
AAPL,2023-03-02,167.0,167.0,0.0,1117
AAPL,2023-03-03,172.58,172.58,0.0,1117
AAPL,2023-04-03,174.6,174.6,0.0,1117
AAPL,2023-04-25,180.28,180.28,0.0,1117
AAPL,2023-05-02,182.19,182.19,0.0,1117
AAPL,2023-05-03,189.92,189.92,0.0,1117
AAPL,2023-05-17,190.08,190.08,0.0,1117
AAPL,2023-05-18,200.22,200.22,0.0,1117
AAPL,2023-05-23,200.91,200.91,0.0,1117
AAPL,2023-05-24,203.89,203.89,0.0,1117
AAPL,2023-05-25,211.83,211.83,0.0,1117
AAPL,2023-05-26,214.55,214.55,0.0,1117
AAPL,2023-05-30,215.98,215.98,0.0,1117
AAPL,2023-05-31,221.08,221.08,0.0,1117
AAPL,2023-06-01,224.99,224.99,0.0,1117
AAPL,2023-06-02,227.52,227.52,0.0,1117
AAPL,2023-06-05,232.7,232.7,0.0,1117
AAPL,2023-06-06,238.48,238.48,0.0,1117
AAPL,2023-06-07,245.46,245.46,0.0,1117
AAPL,2023-06-08,248.94,248.94,0.0,1117
AAPL,2023-06-12,249.33,249.33,0.0,1117
AAPL,2023-06-13,255.72,255.72,0.0,1117
AAPL,2023-06-20,259.41,259.41,0.0,1117
AAPL,2023-06-21,260.67,260.67,0.0,1117
AAPL,2023-06-22,261.17,261.17,0.0,1117
AAPL,2023-06-27,262.11,262.11,0.0,1117
AAPL,2023-06-28,274.07,274.07,0.0,1117
AAPL,2023-06-30,274.12,274.12,0.0,1117
AAPL,2023-07-03,275.77,275.77,0.0,1117
AAPL,2023-07-04,284.96,284.96,0.0,1117
AAPL,2023-07-06,286.59,286.59,0.0,1117
AAPL,2023-07-07,290.41,290.41,0.0,1117
AAPL,2023-07-10,291.79,291.79,0.0,1117
AAPL,2023-07-13,297.54,297.54,0.0,1117
AAPL,2023-07-28,305.2,305.2,0.0,1117
AAPL,2023-09-08,312.39,312.39,0.0,1117
AAPL,2023-09-11,313.93,313.93,0.0,1117
AAPL,2023-09-12,318.77,318.77,0.0,1117
AAPL,2023-09-14,328.21,328.21,0.0,1117
AAPL,2023-09-18,336.4,336.4,0.0,1117
AAPL,2023-09-19,336.46,336.46,0.0,1117
AAPL,2023-11-16,336.68,336.68,0.0,1117
AAPL,2023-11-17,338.36,338.36,0.0,1117
AAPL,2023-11-20,353.16,353.16,0.0,1117
AAPL,2023-11-22,361.41,361.41,0.0,1117
AAPL,2023-11-23,363.21,363.21,0.0,1117
AAPL,2023-12-05,373.81,373.81,0.0,1117
AAPL,2023-12-06,387.44,387.44,0.0,1117
AAPL,2023-12-07,391.25,391.25,0.0,1117
AAPL,2023-12-08,391.94,391.94,0.0,1117
AAPL,2023-12-11,393.27,393.27,0.0,1117
AAPL,2023-12-12,398.56,398.56,0.0,1117
AAPL,2023-12-28,398.9,398.9,0.0,1117
AAPL,2024-01-01,404.71,404.71,0.0,1117
AAPL,2024-01-02,404.79,404.79,0.0,1117
AAPL,2024-01-04,411.45,411.45,0.0,1117
AAPL,2024-01-05,417.31,417.31,0.0,1117
AAPL,2024-01-10,429.49,429.49,0.0,1117
AAPL,2024-01-15,433.06,433.06,0.0,1117
AAPL,2024-01-16,435.77,435.77,0.0,1117
AAPL,2024-01-22,436.84,436.84,0.0,1117
AAPL,2024-01-23,442.09,442.09,0.0,1117
AAPL,2024-01-25,446.56,446.56,0.0,1117
AAPL,2024-03-13,452.61,452.61,0.0,1117
AAPL,2024-03-15,453.48,453.48,0.0,1117
AAPL,2024-03-21,457.7,457.7,0.0,1117
AAPL,2024-03-27,461.0,461.0,0.0,1117
AAPL,2024-04-03,461.51,461.51,0.0,1117
AAPL,2024-04-05,462.67,462.67,0.0,1117
AAPL,2024-04-08,471.32,471.32,0.0,1117
AAPL,2024-04-09,476.52,476.52,0.0,1117
AAPL,2024-04-10,478.44,478.44,0.0,1117
AAPL,2024-04-11,482.45,482.45,0.0,1117
AAPL,2024-04-12,506.9,506.9,0.0,1117
AAPL,2024-04-16,509.37,509.37,0.0,1117
AAPL,2024-04-17,520.79,520.79,0.0,1117
AAPL,2024-04-18,533.05,533.05,0.0,1117
AAPL,2024-04-19,546.5,546.5,0.0,1117
AAPL,2024-04-22,554.13,554.13,0.0,1117
AAPL,2024-04-24,560.74,560.74,0.0,1117
AAPL,2024-05-06,576.97,576.97,0.0,1117
AAPL,2024-05-07,582.84,582.84,0.0,1117
AAPL,2024-05-09,592.53,592.53,0.0,1117
AAPL,2024-05-10,607.51,607.51,0.0,1117
AAPL,2024-05-15,610.19,610.19,0.0,1117
AAPL,2024-05-17,624.83,624.83,0.0,1117
AAPL,2024-05-21,625.75,625.75,0.0,1117
AAPL,2024-06-21,632.72,632.72,0.0,1117
AAPL,2024-06-24,640.59,640.59,0.0,1117
AAPL,2024-06-25,648.95,648.95,0.0,1117
AAPL,2024-06-26,660.87,660.87,0.0,1117
AAPL,2024-06-27,671.72,671.72,0.0,1117
AAPL,2024-06-28,676.2,676.2,0.0,1117
AAPL,2024-07-01,678.3,678.3,0.0,1117
AAPL,2024-09-26,687.58,687.58,0.0,1117
AAPL,2024-09-27,711.94,711.94,0.0,1117
AAPL,2024-10-01,713.57,713.57,0.0,1117
AAPL,2024-10-02,738.11,738.11,0.0,1117
AMZN,2023-07-05,2264.15,3658.37,-38.1104,1
AMZN,2023-07-06,2269.22,3658.37,-37.9718,2
AMZN,2023-07-11,2296.74,3658.37,-37.2196,3
AMZN,2023-07-13,2298.99,3658.37,-37.1581,4
AMZN,2023-07-12,2300.82,3658.37,-37.1081,5
AMZN,2023-07-07,2303.88,3658.37,-37.0243,6
AMZN,2023-07-10,2314.76,3658.37,-36.7271,7
AMZN,2023-08-18,2318.06,3658.37,-36.6367,8
AMZN,2023-08-17,2330.85,3658.37,-36.2871,9
AMZN,2023-07-14,2339.79,3658.37,-36.0428,10
AMZN,2023-07-03,2355.89,3658.37,-35.6029,11
AMZN,2023-09-04,2358.04,3658.37,-35.544,12
AMZN,2023-07-04,2362.65,3658.37,-35.418,13
AMZN,2023-08-11,2366.67,3658.37,-35.308,14
AMZN,2023-07-20,2369.15,3658.37,-35.2403,15
AMZN,2023-06-30,2379.92,3658.37,-34.9458,16
AMZN,2023-08-15,2381.61,3658.37,-34.8997,17
AMZN,2023-08-02,2382.36,3658.37,-34.8792,18
AMZN,2020-06-12,1288.07,1976.32,-34.8248,19
AMZN,2023-06-28,2384.96,3658.37,-34.8082,20
AMZN,2020-06-15,1289.1,1976.32,-34.7728,21
AMZN,2023-08-22,2387.17,3658.37,-34.7476,22
AMZN,2023-07-18,2387.89,3658.37,-34.7281,23
AMZN,2023-08-04,2387.89,3658.37,-34.7279,24
AMZN,2023-08-08,2392.48,3658.37,-34.6026,25
AMZN,2023-07-21,2393.09,3658.37,-34.5858,26
AMZN,2023-08-23,2394.33,3658.37,-34.5519,27
AMZN,2023-07-31,2399.61,3658.37,-34.4077,28
AMZN,2023-08-21,2399.63,3658.37,-34.4071,29
AMZN,2023-07-19,2402.19,3658.37,-34.3371,30
AMZN,2023-08-07,2404.18,3658.37,-34.2828,31
AMZN,2023-07-17,2407.52,3658.37,-34.1913,32
AMZN,2023-08-10,2407.65,3658.37,-34.1879,33
AMZN,2023-08-09,2408.66,3658.37,-34.1604,34
AMZN,2023-08-01,2410.82,3658.37,-34.1013,35
AMZN,2023-07-25,2412.81,3658.37,-34.047,36
AMZN,2023-06-29,2416.98,3658.37,-33.9327,37
AMZN,2023-08-16,2417.69,3658.37,-33.9135,38
AMZN,2023-07-24,2419.59,3658.37,-33.8614,39
AMZN,2023-09-20,2420.62,3658.37,-33.8333,40
AMZN,2023-08-14,2426.54,3658.37,-33.6714,41
AMZN,2023-08-03,2430.59,3658.37,-33.5608,42
AMZN,2023-08-31,2431.28,3658.37,-33.5421,43
AMZN,2023-09-05,2432.45,3658.37,-33.5099,44
AMZN,2023-09-01,2440.37,3658.37,-33.2936,45
AMZN,2023-07-26,2442.69,3658.37,-33.23,46
AMZN,2023-07-28,2444.52,3658.37,-33.1801,47
AMZN,2023-07-27,2444.99,3658.37,-33.1673,48
AMZN,2023-08-30,2455.31,3658.37,-32.8851,49
AMZN,2023-09-15,2460.86,3658.37,-32.7335,50
AMZN,2020-06-11,1333.85,1976.32,-32.5082,51
AMZN,2023-09-21,2469.38,3658.37,-32.5006,52
AMZN,2020-06-16,1336.37,1976.32,-32.3809,53
AMZN,2023-09-06,2475.51,3658.37,-32.333,54
AMZN,2023-08-25,2476.95,3658.37,-32.2937,55
AMZN,2020-06-17,1338.74,1976.32,-32.2609,56
AMZN,2023-08-24,2482.6,3658.37,-32.1391,57
AMZN,2023-08-28,2493.3,3658.37,-31.8468,58
AMZN,2023-09-14,2494.33,3658.37,-31.8184,59
AMZN,2023-09-18,2496.83,3658.37,-31.7503,60
AMZN,2023-09-19,2503.45,3658.37,-31.5691,61
AMZN,2023-09-07,2511.07,3658.37,-31.3611,62
AMZN,2023-08-29,2528.95,3658.37,-30.8722,63
AMZN,2023-09-13,2529.88,3658.37,-30.8467,64
AMZN,2023-09-28,2534.86,3658.37,-30.7107,65
AMZN,2023-06-27,2536.29,3658.37,-30.6716,66
AMZN,2023-09-22,2545.03,3658.37,-30.4325,67
AMZN,2020-06-10,1377.37,1976.32,-30.3065,68
AMZN,2023-06-26,2559.86,3658.37,-30.0274,69
AMZN,2023-10-09,2564.23,3658.37,-29.9078,70
AMZN,2023-09-26,2568.96,3658.37,-29.7786,71
AMZN,2020-06-08,1388.44,1976.32,-29.7462,72
AMZN,2020-06-18,1393.63,1976.32,-29.4835,73
AMZN,2023-09-08,2587.46,3658.37,-29.2727,74
AMZN,2023-09-27,2589.48,3658.37,-29.2175,75
AMZN,2023-06-22,2592.2,3658.37,-29.1434,76
AMZN,2020-06-09,1402.51,1976.32,-29.0343,77
AMZN,2023-10-04,2602.98,3658.37,-28.8485,78
AMZN,2020-06-01,1408.79,1976.32,-28.7164,79
AMZN,2020-06-03,1409.8,1976.32,-28.6652,80
AMZN,2023-09-12,2620.31,3658.37,-28.3749,81
AMZN,2020-06-04,1416.85,1976.32,-28.3087,82
AMZN,2023-10-05,2624.5,3658.37,-28.2603,83
AMZN,2023-06-23,2627.73,3658.37,-28.172,84
AMZN,2023-09-11,2631.34,3658.37,-28.0735,85
AMZN,2023-09-25,2631.48,3658.37,-28.0697,86
AMZN,2023-10-03,2632.7,3658.37,-28.0363,87
AMZN,2020-06-05,1422.76,1976.32,-28.0095,88
AMZN,2022-09-21,2321.38,3222.6,-27.9657,89
AMZN,2020-06-02,1427.89,1976.32,-27.7502,90
AMZN,2023-10-10,2646.73,3658.37,-27.6527,91
AMZN,2023-09-29,2647.89,3658.37,-27.6212,92
AMZN,2023-10-02,2651.97,3658.37,-27.5094,93
AMZN,2022-09-30,2337.11,3222.6,-27.4776,94
AMZN,2023-10-06,2656.81,3658.37,-27.3771,95
AMZN,2020-06-19,1440.12,1976.32,-27.1314,96
AMZN,2023-10-11,2676.68,3658.37,-26.8341,97
AMZN,2023-06-20,2687.33,3658.37,-26.5429,98
AMZN,2023-05-31,2689.44,3658.37,-26.4854,99
AMZN,2023-06-19,2690.14,3658.37,-26.466,100
AMZN,2022-09-22,2373.26,3222.6,-26.3558,101
AMZN,2020-06-22,1457.87,1976.32,-26.2332,102
AMZN,2023-06-14,2712.92,3658.37,-25.8435,103
AMZN,2020-05-29,1470.5,1976.32,-25.5942,104
AMZN,2023-06-21,2722.06,3658.37,-25.5938,105
AMZN,2023-05-26,2722.63,3658.37,-25.5781,106
AMZN,2023-06-15,2728.69,3658.37,-25.4125,107
AMZN,2023-06-16,2729.64,3658.37,-25.3864,108
AMZN,2022-09-29,2404.71,3222.6,-25.3797,109
AMZN,2022-09-23,2405.47,3222.6,-25.3562,110
AMZN,2022-09-20,2408.0,3222.6,-25.2777,111
AMZN,2022-10-03,2413.99,3222.6,-25.0919,112
AMZN,2023-06-13,2747.24,3658.37,-24.9055,113
AMZN,2023-06-12,2751.11,3658.37,-24.7995,114
AMZN,2022-09-07,2426.34,3222.6,-24.7085,115
AMZN,2020-05-26,1488.4,1976.32,-24.688,116
AMZN,2022-09-28,2430.59,3222.6,-24.5768,117
AMZN,2023-10-12,2762.3,3658.37,-24.4936,118
AMZN,2022-09-09,2435.03,3222.6,-24.4388,119
AMZN,2023-05-23,2766.04,3658.37,-24.3913,120
AMZN,2023-05-30,2768.89,3658.37,-24.3135,121
AMZN,2020-05-20,1500.69,1976.32,-24.0665,122
AMZN,2020-05-27,1500.91,1976.32,-24.0555,123
AMZN,2023-05-29,2783.4,3658.37,-23.9169,124
AMZN,2020-05-28,1503.9,1976.32,-23.9038,125
AMZN,2023-06-09,2784.7,3658.37,-23.8814,126
AMZN,2022-09-19,2454.3,3222.6,-23.8408,127
AMZN,2023-05-25,2792.76,3658.37,-23.6611,128
AMZN,2022-09-08,2461.59,3222.6,-23.6148,129
AMZN,2023-06-01,2795.37,3658.37,-23.5897,130
AMZN,2020-06-23,1510.68,1976.32,-23.5611,131
AMZN,2023-05-16,2797.04,3658.37,-23.5442,132
AMZN,2020-06-30,1511.41,1976.32,-23.5238,133
AMZN,2023-06-08,2799.11,3658.37,-23.4874,134
AMZN,2022-09-06,2470.63,3222.6,-23.3342,135
AMZN,2020-05-21,1516.07,1976.32,-23.2884,136
AMZN,2022-09-27,2473.0,3222.6,-23.2607,137
AMZN,2023-05-22,2809.5,3658.37,-23.2035,138
AMZN,2023-10-27,2812.64,3658.37,-23.1177,139
AMZN,2023-06-07,2815.29,3658.37,-23.0452,140
AMZN,2022-09-15,2481.35,3222.6,-23.0014,141
AMZN,2023-05-24,2819.56,3658.37,-22.9285,142
AMZN,2023-05-02,2824.22,3658.37,-22.8012,143
AMZN,2020-05-19,1526.3,1976.32,-22.7708,144
AMZN,2022-09-12,2490.58,3222.6,-22.7152,145
AMZN,2023-06-06,2830.29,3658.37,-22.6352,146
AMZN,2022-09-26,2495.01,3222.6,-22.5777,147
AMZN,2023-06-02,2835.71,3658.37,-22.487,148
AMZN,2020-05-12,1532.64,1976.32,-22.4496,149
AMZN,2020-06-29,1533.38,1976.32,-22.4125,150
AMZN,2023-05-19,2840.62,3658.37,-22.3529,151
AMZN,2023-06-05,2841.07,3658.37,-22.3405,152
AMZN,2020-05-25,1534.82,1976.32,-22.3393,153
AMZN,2023-10-26,2841.67,3658.37,-22.3241,154
AMZN,2023-05-15,2844.48,3658.37,-22.2474,155
AMZN,2023-05-12,2847.24,3658.37,-22.172,156
AMZN,2020-06-26,1540.06,1976.32,-22.0741,157
AMZN,2020-05-22,1542.2,1976.32,-21.9659,158
AMZN,2020-07-02,1543.15,1976.32,-21.9178,159
AMZN,2020-05-13,1544.52,1976.32,-21.8485,160
AMZN,2023-05-01,2859.4,3658.37,-21.8394,161
AMZN,2023-05-17,2860.42,3658.37,-21.8117,162
AMZN,2023-10-19,2862.85,3658.37,-21.7452,163
AMZN,2023-10-16,2867.17,3658.37,-21.627,164
AMZN,2023-11-06,2868.02,3658.37,-21.6039,165
AMZN,2020-05-14,1549.5,1976.32,-21.5967,166
AMZN,2023-10-13,2870.97,3658.37,-21.5232,167
AMZN,2020-07-01,1552.3,1976.32,-21.4552,168
AMZN,2023-05-18,2876.23,3658.37,-21.3795,169
AMZN,2023-05-11,2878.59,3658.37,-21.3149,170
AMZN,2022-09-16,2536.95,3222.6,-21.2761,171
AMZN,2023-10-25,2880.54,3658.37,-21.2616,172
AMZN,2020-05-15,1557.28,1976.32,-21.2032,173
AMZN,2023-11-02,2885.08,3658.37,-21.1374,174
AMZN,2023-04-27,2885.83,3658.37,-21.1171,175
AMZN,2023-11-03,2889.8,3658.37,-21.0086,176
AMZN,2023-10-18,2890.01,3658.37,-21.0027,177
AMZN,2020-06-24,1561.5,1976.32,-20.9896,178
AMZN,2023-04-26,2892.42,3658.37,-20.9368,179
AMZN,2022-09-05,2550.4,3222.6,-20.8589,180
AMZN,2023-11-07,2901.84,3658.37,-20.6795,181
AMZN,2023-10-30,2906.35,3658.37,-20.5561,182
AMZN,2021-06-25,1666.85,2097.51,-20.5322,183
AMZN,2022-09-14,2561.35,3222.6,-20.5192,184
AMZN,2023-11-09,2907.9,3658.37,-20.5137,185
AMZN,2022-10-05,2563.84,3222.6,-20.4419,186
AMZN,2023-04-25,2914.58,3658.37,-20.3312,187
AMZN,2020-05-18,1575.53,1976.32,-20.2793,188
AMZN,2023-05-03,2916.74,3658.37,-20.272,189
AMZN,2020-07-15,1575.79,1976.32,-20.2665,190
AMZN,2023-10-23,2921.0,3658.37,-20.1558,191
AMZN,2023-10-17,2924.4,3658.37,-20.0629,192
AMZN,2022-09-13,2576.6,3222.6,-20.0459,193
AMZN,2021-03-22,1680.99,2097.51,-19.8578,194
AMZN,2023-11-10,2936.17,3658.37,-19.7409,195
AMZN,2023-10-24,2936.22,3658.37,-19.7395,196
AMZN,2021-03-25,1685.9,2097.51,-19.6239,197
AMZN,2020-07-14,1588.56,1976.32,-19.62,198
AMZN,2023-04-28,2941.41,3658.37,-19.5977,199
AMZN,2023-10-31,2942.01,3658.37,-19.5814,200
AMZN,2023-11-21,2943.51,3658.37,-19.5403,201
AMZN,2022-10-07,2593.17,3222.6,-19.5317,202
AMZN,2023-05-08,2944.65,3658.37,-19.5092,203
AMZN,2023-05-05,2945.31,3658.37,-19.4913,204
AMZN,2022-10-13,2595.3,3222.6,-19.4656,205
AMZN,2021-03-24,1689.75,2097.51,-19.4402,206
AMZN,2021-01-28,1691.06,2097.51,-19.3781,207
AMZN,2020-07-09,1593.62,1976.32,-19.3643,208
AMZN,2021-03-18,1692.1,2097.51,-19.3282,209
AMZN,2022-10-06,2599.82,3222.6,-19.3254,210
AMZN,2021-03-23,1693.33,2097.51,-19.2698,211
AMZN,2021-01-29,1693.72,2097.51,-19.2509,212
AMZN,2022-10-04,2602.82,3222.6,-19.2322,213
AMZN,2021-03-26,1695.09,2097.51,-19.1857,214
AMZN,2020-07-08,1598.73,1976.32,-19.1056,215
AMZN,2021-03-19,1699.6,2097.51,-18.9705,216
AMZN,2023-10-20,2966.41,3658.37,-18.9144,217
AMZN,2020-07-13,1603.54,1976.32,-18.8624,218
AMZN,2020-06-25,1604.0,1976.32,-18.839,219
AMZN,2020-07-10,1604.48,1976.32,-18.8146,220
AMZN,2020-07-03,1605.33,1976.32,-18.7716,221
AMZN,2023-11-17,2972.8,3658.37,-18.7396,222
AMZN,2021-02-04,1704.99,2097.51,-18.7139,223
AMZN,2022-10-12,2620.56,3222.6,-18.6819,224
AMZN,2022-10-10,2620.82,3222.6,-18.6736,225
AMZN,2020-09-07,1610.05,1976.32,-18.5327,226
AMZN,2021-03-17,1708.9,2097.51,-18.5274,227
AMZN,2020-07-06,1610.33,1976.32,-18.5188,228
AMZN,2020-07-07,1610.73,1976.32,-18.4983,229
AMZN,2021-06-24,1711.87,2097.51,-18.3856,230
AMZN,2023-05-04,2987.06,3658.37,-18.35,231
AMZN,2021-03-29,1714.81,2097.51,-18.2457,232
AMZN,2023-11-20,2992.9,3658.37,-18.1903,233
AMZN,2021-06-23,1717.13,2097.51,-18.1351,234
AMZN,2021-02-03,1717.3,2097.51,-18.1271,235
AMZN,2021-02-05,1717.63,2097.51,-18.1111,236
AMZN,2023-04-24,2996.06,3658.37,-18.1038,237
AMZN,2020-05-11,1618.7,1976.32,-18.095,238
AMZN,2022-08-19,2639.97,3222.6,-18.0794,239
AMZN,2020-04-27,1619.59,1976.32,-18.0502,240
AMZN,2023-11-01,2999.73,3658.37,-18.0036,241
AMZN,2023-05-10,3000.54,3658.37,-17.9815,242
AMZN,2020-04-24,1623.73,1976.32,-17.8407,243
AMZN,2021-04-07,1723.47,2097.51,-17.8326,244
AMZN,2022-09-01,2648.64,3222.6,-17.8106,245
AMZN,2020-09-08,1625.14,1976.32,-17.7695,246
AMZN,2021-04-16,1726.6,2097.51,-17.6833,247
AMZN,2021-05-31,1726.98,2097.51,-17.6655,248
AMZN,2024-10-14,6071.66,7371.69,-17.6355,249
AMZN,2020-12-30,1729.02,2097.51,-17.5683,250
AMZN,2021-02-18,1729.11,2097.51,-17.564,251
AMZN,2022-09-02,2658.19,3222.6,-17.5141,252
AMZN,2021-01-26,1730.86,2097.51,-17.4802,253
AMZN,2021-06-01,1731.48,2097.51,-17.4508,254
AMZN,2023-04-19,3021.74,3658.37,-17.402,255
AMZN,2023-11-24,3025.64,3658.37,-17.2954,256
AMZN,2021-03-09,1735.66,2097.51,-17.2514,257
AMZN,2021-02-01,1736.06,2097.51,-17.2324,258
AMZN,2022-10-14,2667.38,3222.6,-17.2288,259
AMZN,2024-10-07,6102.38,7371.69,-17.2188,260
AMZN,2021-05-27,1737.07,2097.51,-17.1842,261
AMZN,2020-09-10,1637.66,1976.32,-17.1361,262
AMZN,2021-03-10,1738.74,2097.51,-17.1046,263
AMZN,2021-02-19,1738.77,2097.51,-17.1031,264
AMZN,2021-02-10,1738.84,2097.51,-17.1,265
AMZN,2020-09-09,1638.71,1976.32,-17.0825,266
AMZN,2021-04-08,1739.88,2097.51,-17.0502,267
AMZN,2021-02-08,1740.49,2097.51,-17.0212,268
AMZN,2023-04-21,3036.96,3658.37,-16.9859,269
AMZN,2021-02-02,1741.24,2097.51,-16.9855,270
AMZN,2021-01-27,1741.45,2097.51,-16.9754,271
AMZN,2024-10-03,6122.01,7371.69,-16.9524,272
AMZN,2020-07-16,1641.77,1976.32,-16.928,273
AMZN,2021-03-30,1743.3,2097.51,-16.8873,274
AMZN,2021-04-12,1743.41,2097.51,-16.8821,275
AMZN,2021-03-11,1744.64,2097.51,-16.8236,276
AMZN,2020-05-05,1645.7,1976.32,-16.7289,277
AMZN,2024-10-04,6138.63,7371.69,-16.727,278
AMZN,2020-12-29,1746.92,2097.51,-16.7146,279
AMZN,2021-01-25,1747.14,2097.51,-16.7042,280
AMZN,2020-04-30,1646.56,1976.32,-16.6854,281
AMZN,2022-10-11,2685.11,3222.6,-16.6788,282
AMZN,2020-04-23,1648.83,1976.32,-16.5706,283
AMZN,2021-02-11,1750.49,2097.51,-16.5447,284
AMZN,2020-04-28,1649.35,1976.32,-16.5446,285
AMZN,2023-11-14,3053.27,3658.37,-16.5401,286
AMZN,2021-06-02,1750.73,2097.51,-16.5332,287
AMZN,2021-04-06,1751.19,2097.51,-16.5113,288
AMZN,2020-04-15,1650.58,1976.32,-16.4821,289
AMZN,2024-10-15,6159.52,7371.69,-16.4436,290
AMZN,2021-03-16,1753.31,2097.51,-16.41,291
AMZN,2020-05-06,1652.28,1976.32,-16.3963,292
AMZN,2021-05-21,1754.19,2097.51,-16.3679,293
AMZN,2021-03-12,1754.79,2097.51,-16.3394,294
AMZN,2020-05-01,1653.52,1976.32,-16.3334,295
AMZN,2021-03-15,1755.0,2097.51,-16.3294,296
AMZN,2023-11-08,3062.62,3658.37,-16.2846,297
AMZN,2020-07-24,1655.21,1976.32,-16.248,298
AMZN,2021-05-28,1757.11,2097.51,-16.2289,299
AMZN,2022-10-17,2699.82,3222.6,-16.2223,300
AMZN,2024-09-24,6177.69,7371.69,-16.1971,301
AMZN,2021-01-22,1757.83,2097.51,-16.1946,302
AMZN,2023-11-15,3066.04,3658.37,-16.1912,303
AMZN,2021-02-15,1758.12,2097.51,-16.1807,304
AMZN,2021-02-12,1759.18,2097.51,-16.1301,305
AMZN,2021-03-01,1759.56,2097.51,-16.1122,306
AMZN,2021-04-05,1760.29,2097.51,-16.0771,307
AMZN,2021-04-09,1760.57,2097.51,-16.0641,308
AMZN,2023-11-23,3070.73,3658.37,-16.0628,309
AMZN,2021-01-20,1761.45,2097.51,-16.0222,310
AMZN,2021-05-25,1762.04,2097.51,-15.9939,311
AMZN,2020-09-04,1660.37,1976.32,-15.9866,312
AMZN,2024-04-01,4038.57,4805.49,-15.9591,313
AMZN,2023-05-09,3077.91,3658.37,-15.8667,314
AMZN,2021-02-23,1765.07,2097.51,-15.8496,315
AMZN,2021-02-22,1765.38,2097.51,-15.8349,316
AMZN,2020-04-22,1663.84,1976.32,-15.8111,317
AMZN,2021-05-17,1765.92,2097.51,-15.809,318
AMZN,2021-05-26,1765.95,2097.51,-15.8076,319
AMZN,2021-02-17,1766.07,2097.51,-15.8016,320
AMZN,2024-04-02,4047.05,4805.49,-15.7828,321
AMZN,2024-09-23,6209.33,7371.69,-15.7679,322
AMZN,2023-11-22,3082.13,3658.37,-15.7513,323
AMZN,2024-10-10,6215.01,7371.69,-15.6909,324
AMZN,2023-11-13,3085.11,3658.37,-15.6699,325
AMZN,2023-11-27,3085.33,3658.37,-15.6639,326
AMZN,2021-04-19,1770.42,2097.51,-15.5944,327
AMZN,2022-02-02,2387.52,2828.52,-15.5912,328
AMZN,2022-08-31,2720.33,3222.6,-15.5859,329
AMZN,2021-05-24,1770.67,2097.51,-15.5826,330
AMZN,2021-01-06,1771.31,2097.51,-15.5519,331
AMZN,2022-10-18,2721.73,3222.6,-15.5422,332
AMZN,2020-04-07,1669.26,1976.32,-15.5368,333
AMZN,2022-12-07,2723.48,3222.6,-15.488,334
AMZN,2021-02-16,1773.49,2097.51,-15.4479,335
AMZN,2024-10-01,6233.9,7371.69,-15.4347,336
AMZN,2020-02-19,1671.6,1976.32,-15.4188,337
AMZN,2021-01-07,1775.57,2097.51,-15.3487,338
AMZN,2022-08-30,2728.0,3222.6,-15.3478,339
AMZN,2024-09-20,6245.09,7371.69,-15.2829,340
AMZN,2020-04-29,1675.84,1976.32,-15.2041,341
AMZN,2023-04-20,3102.15,3658.37,-15.204,342
AMZN,2021-01-15,1778.83,2097.51,-15.1935,343
AMZN,2021-03-08,1779.42,2097.51,-15.1655,344
AMZN,2021-04-15,1780.32,2097.51,-15.1224,345
AMZN,2020-09-16,1678.16,1976.32,-15.0864,346
AMZN,2024-10-16,6261.04,7371.69,-15.0665,347
AMZN,2020-05-04,1678.7,1976.32,-15.0593,348
AMZN,2020-04-06,1679.04,1976.32,-15.0418,349
AMZN,2024-04-03,4084.94,4805.49,-14.9942,350
AMZN,2020-04-16,1680.85,1976.32,-14.9507,351
AMZN,2024-10-08,6271.2,7371.69,-14.9286,352
AMZN,2021-01-08,1785.02,2097.51,-14.8985,353
AMZN,2021-01-21,1785.15,2097.51,-14.8921,354
AMZN,2024-09-19,6276.01,7371.69,-14.8634,355
AMZN,2024-01-29,3778.62,4438.24,-14.8622,356
AMZN,2023-11-16,3114.82,3658.37,-14.8577,357
AMZN,2022-02-18,2409.43,2828.52,-14.8167,358
AMZN,2021-06-28,1786.83,2097.51,-14.8119,359
AMZN,2024-09-30,6285.51,7371.69,-14.7345,360
AMZN,2022-12-14,2748.29,3222.6,-14.718,361
AMZN,2022-12-08,2748.82,3222.6,-14.7017,362
AMZN,2020-09-24,1685.83,1976.32,-14.6984,363
AMZN,2022-08-26,2749.0,3222.6,-14.696,364
AMZN,2023-11-28,3121.41,3658.37,-14.6775,365
AMZN,2024-03-22,4102.14,4805.49,-14.6363,366
AMZN,2021-01-14,1790.75,2097.51,-14.6253,367
AMZN,2021-04-13,1791.3,2097.51,-14.5989,368
AMZN,2020-09-11,1687.86,1976.32,-14.5958,369
AMZN,2022-08-22,2752.5,3222.6,-14.5876,370
AMZN,2020-04-21,1688.19,1976.32,-14.5792,371
AMZN,2023-04-18,3126.09,3658.37,-14.5497,372
AMZN,2022-10-19,2754.88,3222.6,-14.5136,373
AMZN,2021-01-13,1793.11,2097.51,-14.5126,374
AMZN,2021-05-13,1794.0,2097.51,-14.4703,375
AMZN,2020-05-08,1690.88,1976.32,-14.443,376
AMZN,2020-12-31,1795.91,2097.51,-14.3791,377
AMZN,2022-08-18,2760.09,3222.6,-14.352,378
AMZN,2020-08-28,1692.68,1976.32,-14.3519,379
AMZN,2022-02-03,2422.99,2828.52,-14.3374,380
AMZN,2024-10-22,6316.11,7371.69,-14.3194,381
AMZN,2020-09-23,1693.8,1976.32,-14.2951,382
AMZN,2020-07-23,1693.9,1976.32,-14.29,383
AMZN,2022-02-04,2424.75,2828.52,-14.2749,384
AMZN,2020-07-27,1694.32,1976.32,-14.2691,385
AMZN,2021-01-19,1798.76,2097.51,-14.2432,386
AMZN,2020-08-26,1694.86,1976.32,-14.2414,387
AMZN,2023-02-21,3055.55,3561.19,-14.1987,388
AMZN,2021-02-25,1800.47,2097.51,-14.1619,389
AMZN,2021-02-09,1800.73,2097.51,-14.1491,390
AMZN,2021-01-18,1801.05,2097.51,-14.1342,391
AMZN,2020-04-14,1697.01,1976.32,-14.1328,392
AMZN,2022-02-23,2428.99,2828.52,-14.1251,393
AMZN,2021-04-02,1801.3,2097.51,-14.122,394
AMZN,2020-05-07,1698.56,1976.32,-14.0545,395
AMZN,2020-07-20,1700.92,1976.32,-13.9349,396
AMZN,2020-02-14,1701.05,1976.32,-13.9285,397
AMZN,2021-04-20,1806.27,2097.51,-13.8853,398
AMZN,2022-02-01,2436.2,2828.52,-13.8702,399
AMZN,2022-02-21,2436.75,2828.52,-13.8507,400
AMZN,2020-09-28,1703.41,1976.32,-13.8089,401
AMZN,2024-09-18,6354.54,7371.69,-13.7981,402
AMZN,2020-12-23,1808.21,2097.51,-13.7929,403
AMZN,2021-02-24,1808.35,2097.51,-13.7863,404
AMZN,2020-08-27,1704.01,1976.32,-13.7786,405
AMZN,2022-08-11,2778.69,3222.6,-13.775,406
AMZN,2020-03-31,1704.31,1976.32,-13.7633,407
AMZN,2022-12-09,2779.12,3222.6,-13.7616,408
AMZN,2023-04-03,3155.02,3658.37,-13.7588,409
AMZN,2020-07-22,1704.67,1976.32,-13.7451,410
AMZN,2021-06-03,1809.22,2097.51,-13.7444,411
AMZN,2022-08-01,2780.02,3222.6,-13.7335,412
AMZN,2020-04-20,1705.45,1976.32,-13.7059,413
AMZN,2023-02-24,3075.06,3561.19,-13.6509,414
AMZN,2023-02-23,3075.18,3561.19,-13.6476,415
AMZN,2021-05-20,1812.2,2097.51,-13.6024,416
AMZN,2024-09-25,6371.13,7371.69,-13.573,417
AMZN,2020-09-14,1708.43,1976.32,-13.5551,418
AMZN,2020-03-18,1708.57,1976.32,-13.5477,419
AMZN,2022-11-02,2787.78,3222.6,-13.4929,420
AMZN,2021-03-05,1815.45,2097.51,-13.4474,421
AMZN,2022-08-23,2790.03,3222.6,-13.4231,422
AMZN,2020-03-27,1711.68,1976.32,-13.3905,423
AMZN,2024-10-11,6386.71,7371.69,-13.3618,424
AMZN,2023-02-27,3086.44,3561.19,-13.3314,425
AMZN,2021-06-22,1818.06,2097.51,-13.3233,426
AMZN,2022-08-17,2794.12,3222.6,-13.296,427
AMZN,2022-10-20,2794.48,3222.6,-13.2849,428
AMZN,2020-07-28,1714.0,1976.32,-13.2731,429
AMZN,2021-02-26,1820.42,2097.51,-13.2105,430
AMZN,2020-08-07,1716.04,1976.32,-13.1698,431
AMZN,2024-03-25,4173.25,4805.49,-13.1566,432
AMZN,2022-08-29,2798.9,3222.6,-13.1476,433
AMZN,2021-05-19,1821.77,2097.51,-13.146,434
AMZN,2020-04-13,1716.58,1976.32,-13.1427,435
AMZN,2021-01-01,1821.87,2097.51,-13.1415,436
AMZN,2020-12-28,1821.93,2097.51,-13.1386,437
AMZN,2021-01-11,1822.2,2097.51,-13.1259,438
AMZN,2021-01-12,1822.3,2097.51,-13.1209,439
AMZN,2020-07-17,1717.18,1976.32,-13.1123,440
AMZN,2023-04-17,3178.87,3658.37,-13.107,441
AMZN,2021-03-31,1822.79,2097.51,-13.0975,442
AMZN,2022-12-15,2800.57,3222.6,-13.0958,443
AMZN,2020-04-17,1718.57,1976.32,-13.0417,444
AMZN,2024-10-02,6410.43,7371.69,-13.04,445
AMZN,2020-04-08,1718.8,1976.32,-13.0302,446
AMZN,2024-04-26,4287.26,4929.01,-13.0199,447
AMZN,2021-03-04,1824.54,2097.51,-13.0143,448
AMZN,2023-02-20,3098.0,3561.19,-13.0066,449
AMZN,2022-08-25,2803.57,3222.6,-13.003,450
AMZN,2020-02-11,1719.46,1976.32,-12.997,451
AMZN,2024-10-09,6413.9,7371.69,-12.9928,452
AMZN,2022-08-15,2804.12,3222.6,-12.9857,453
AMZN,2023-04-05,3183.85,3658.37,-12.9708,454
AMZN,2022-12-06,2805.29,3222.6,-12.9495,455
AMZN,2020-02-17,1720.4,1976.32,-12.9493,456
AMZN,2024-04-30,4291.33,4929.01,-12.9374,457
AMZN,2022-02-28,2462.65,2828.52,-12.9349,458
AMZN,2022-02-22,2463.29,2828.52,-12.9124,459
AMZN,2023-11-29,3186.45,3658.37,-12.8998,460
AMZN,2021-06-21,1827.11,2097.51,-12.8919,461
AMZN,2021-04-23,1827.44,2097.51,-12.8758,462
AMZN,2020-03-30,1721.88,1976.32,-12.8742,463
AMZN,2020-04-01,1722.07,1976.32,-12.865,464
AMZN,2021-04-21,1827.98,2097.51,-12.85,465
AMZN,2024-09-27,6425.32,7371.69,-12.8379,466
AMZN,2022-08-09,2809.14,3222.6,-12.8301,467
AMZN,2020-09-18,1723.37,1976.32,-12.7988,468
AMZN,2021-04-22,1830.01,2097.51,-12.7533,469
AMZN,2020-02-12,1724.52,1976.32,-12.7406,470
AMZN,2021-06-29,1830.62,2097.51,-12.7244,471
AMZN,2020-09-25,1725.24,1976.32,-12.7041,472
AMZN,2020-09-21,1725.82,1976.32,-12.6752,473
AMZN,2023-02-28,3110.72,3561.19,-12.6494,474
AMZN,2020-09-01,1727.19,1976.32,-12.6057,475
AMZN,2020-04-03,1729.0,1976.32,-12.514,476
AMZN,2021-06-30,1835.13,2097.51,-12.5094,477
AMZN,2023-02-22,3116.99,3561.19,-12.4734,478
AMZN,2024-10-21,6452.5,7371.69,-12.4692,479
AMZN,2024-03-29,4211.4,4805.49,-12.3627,480
AMZN,2020-02-20,1732.19,1976.32,-12.3527,481
AMZN,2024-01-26,3890.12,4438.24,-12.35,482
AMZN,2020-12-25,1838.6,2097.51,-12.3439,483
AMZN,2022-07-29,2825.57,3222.6,-12.3203,484
AMZN,2021-05-14,1839.3,2097.51,-12.3105,485
AMZN,2020-08-03,1734.04,1976.32,-12.2592,486
AMZN,2020-07-21,1734.56,1976.32,-12.2326,487
AMZN,2022-07-04,2828.48,3222.6,-12.2298,488
AMZN,2021-05-18,1841.5,2097.51,-12.2057,489
AMZN,2020-08-31,1736.19,1976.32,-12.1502,490
AMZN,2021-03-03,1842.68,2097.51,-12.1492,491
AMZN,2022-11-23,2831.48,3222.6,-12.1366,492
AMZN,2022-08-24,2831.74,3222.6,-12.1287,493
AMZN,2021-06-04,1843.26,2097.51,-12.1218,494
AMZN,2022-08-02,2832.86,3222.6,-12.0939,495
AMZN,2023-03-30,3218.12,3658.37,-12.0341,496
AMZN,2020-03-17,1739.16,1976.32,-12.0001,497
AMZN,2020-04-10,1739.26,1976.32,-11.9948,498
AMZN,2020-09-29,1739.58,1976.32,-11.9786,499
AMZN,2023-04-04,3220.28,3658.37,-11.975,500
AMZN,2022-01-31,2490.36,2828.52,-11.9553,501
AMZN,2022-11-03,2838.28,3222.6,-11.9257,502
AMZN,2020-08-05,1740.87,1976.32,-11.9134,503
AMZN,2020-07-29,1741.23,1976.32,-11.8954,504
AMZN,2022-02-25,2492.65,2828.52,-11.8746,505
AMZN,2021-06-07,1848.52,2097.51,-11.871,506
AMZN,2021-06-08,1849.8,2097.51,-11.81,507
AMZN,2020-08-25,1743.17,1976.32,-11.7971,508
AMZN,2022-08-08,2842.44,3222.6,-11.7967,509
AMZN,2023-04-13,3226.86,3658.37,-11.7952,510
AMZN,2021-03-02,1850.34,2097.51,-11.7839,511
AMZN,2024-10-17,6503.68,7371.69,-11.7749,512
AMZN,2021-04-26,1850.8,2097.51,-11.7624,513
AMZN,2021-04-14,1851.27,2097.51,-11.7398,514
AMZN,2024-05-01,4350.6,4929.01,-11.7349,515
AMZN,2020-12-16,1851.44,2097.51,-11.7315,516
AMZN,2020-02-13,1744.56,1976.32,-11.7271,517
AMZN,2021-07-06,1851.63,2097.51,-11.7228,518
AMZN,2020-07-31,1744.97,1976.32,-11.7061,519
AMZN,2020-08-06,1745.05,1976.32,-11.7019,520
AMZN,2020-09-17,1745.08,1976.32,-11.7003,521
AMZN,2024-09-26,6511.43,7371.69,-11.6699,522
AMZN,2024-04-04,4245.01,4805.49,-11.6632,523
AMZN,2020-09-02,1746.27,1976.32,-11.6402,524
AMZN,2020-12-15,1854.29,2097.51,-11.596,525
AMZN,2022-12-05,2849.64,3222.6,-11.5732,526
AMZN,2022-02-24,2501.87,2828.52,-11.5484,527
AMZN,2020-03-25,1749.83,1976.32,-11.4604,528
AMZN,2024-10-23,6528.43,7371.69,-11.4392,529
AMZN,2020-12-24,1857.61,2097.51,-11.4375,530
AMZN,2021-07-08,1857.67,2097.51,-11.4349,531
AMZN,2022-02-07,2505.18,2828.52,-11.4315,532
AMZN,2022-08-16,2855.22,3222.6,-11.4001,533
AMZN,2023-03-31,3241.63,3658.37,-11.3914,534
AMZN,2021-04-01,1859.45,2097.51,-11.3496,535
AMZN,2021-04-27,1859.63,2097.51,-11.3415,536
AMZN,2022-12-02,2857.18,3222.6,-11.3392,537
AMZN,2020-09-03,1752.22,1976.32,-11.339,538
AMZN,2020-04-09,1752.28,1976.32,-11.3361,539
AMZN,2020-08-04,1752.66,1976.32,-11.3167,540
AMZN,2024-01-25,3936.49,4438.24,-11.3053,541
AMZN,2020-12-21,1860.56,2097.51,-11.2969,542
AMZN,2020-03-24,1753.13,1976.32,-11.2934,543
AMZN,2024-09-16,6540.04,7371.69,-11.2817,544
AMZN,2024-10-18,6542.04,7371.69,-11.2546,545
AMZN,2020-04-02,1754.2,1976.32,-11.2392,546
AMZN,2020-12-22,1861.92,2097.51,-11.2322,547
AMZN,2022-12-16,2860.93,3222.6,-11.2228,548
AMZN,2022-08-03,2861.91,3222.6,-11.1923,549
AMZN,2022-12-13,2862.76,3222.6,-11.166,550
AMZN,2024-03-27,4269.96,4805.49,-11.1441,551
AMZN,2021-06-09,1864.24,2097.51,-11.1214,552
AMZN,2020-08-24,1756.87,1976.32,-11.1038,553
AMZN,2023-04-06,3252.46,3658.37,-11.0954,554
AMZN,2020-02-18,1758.22,1976.32,-11.0359,555
AMZN,2020-12-08,1866.71,2097.51,-11.0036,556
AMZN,2023-04-07,3256.29,3658.37,-10.9906,557
AMZN,2024-09-17,6561.57,7371.69,-10.9896,558
AMZN,2021-05-12,1867.31,2097.51,-10.9751,559
AMZN,2022-10-21,2869.22,3222.6,-10.9657,560
AMZN,2020-03-16,1760.19,1976.32,-10.9359,561
AMZN,2021-06-11,1868.4,2097.51,-10.9229,562
AMZN,2024-03-21,4280.95,4805.49,-10.9153,563
AMZN,2021-01-04,1868.59,2097.51,-10.9143,564
AMZN,2020-02-21,1760.75,1976.32,-10.9078,565
AMZN,2022-08-12,2871.11,3222.6,-10.907,566
AMZN,2022-07-28,2871.18,3222.6,-10.9049,567
AMZN,2020-02-25,1761.29,1976.32,-10.8804,568
AMZN,2024-03-13,4283.24,4805.49,-10.8676,569
AMZN,2022-02-17,2521.48,2828.52,-10.8552,570
AMZN,2021-06-15,1870.26,2097.51,-10.8346,571
AMZN,2022-07-05,2874.68,3222.6,-10.7963,572
AMZN,2020-02-10,1763.0,1976.32,-10.7939,573
AMZN,2023-04-10,3263.82,3658.37,-10.7847,574
AMZN,2022-08-10,2875.99,3222.6,-10.7557,575
AMZN,2023-04-14,3269.47,3658.37,-10.6303,576
AMZN,2021-01-05,1875.02,2097.51,-10.6074,577
AMZN,2022-07-27,2880.78,3222.6,-10.6068,578
AMZN,2021-07-09,1875.55,2097.51,-10.582,579
AMZN,2022-03-01,2529.27,2828.52,-10.5799,580
AMZN,2020-09-30,1767.25,1976.32,-10.5785,581
AMZN,2021-07-05,1875.71,2097.51,-10.5747,582
AMZN,2024-03-12,4297.51,4805.49,-10.5707,583
AMZN,2024-03-06,4299.04,4805.49,-10.539,584
AMZN,2022-07-26,2883.35,3222.6,-10.5272,585
AMZN,2020-08-10,1768.63,1976.32,-10.5088,586
AMZN,2020-11-05,1877.24,2097.51,-10.5015,587
AMZN,2024-03-26,4301.69,4805.49,-10.4837,588
AMZN,2024-01-30,3974.94,4438.24,-10.4389,589
AMZN,2020-09-15,1770.15,1976.32,-10.4321,590
AMZN,2024-04-29,4415.82,4929.01,-10.4118,591
AMZN,2022-12-12,2887.73,3222.6,-10.3913,592
AMZN,2022-11-24,2887.89,3222.6,-10.3862,593
AMZN,2022-01-20,2535.02,2828.52,-10.3764,594
AMZN,2022-11-15,2888.44,3222.6,-10.3691,595
AMZN,2022-02-10,2535.84,2828.52,-10.3474,596
AMZN,2022-02-09,2536.41,2828.52,-10.3273,597
AMZN,2024-03-28,4309.99,4805.49,-10.311,598
AMZN,2020-12-14,1881.41,2097.51,-10.3029,599
AMZN,2020-09-22,1773.11,1976.32,-10.2823,600
AMZN,2020-12-17,1882.0,2097.51,-10.2748,601
AMZN,2024-09-13,6614.34,7371.69,-10.2738,602
AMZN,2020-03-23,1773.32,1976.32,-10.2718,603
AMZN,2022-11-01,2891.62,3222.6,-10.2707,604
AMZN,2024-05-06,4423.28,4929.01,-10.2603,605
AMZN,2020-03-10,1774.27,1976.32,-10.2236,606
AMZN,2024-04-25,4426.95,4929.01,-10.1859,607
AMZN,2020-10-01,1775.4,1976.32,-10.1664,608
AMZN,2023-12-01,3286.62,3658.37,-10.1615,609
AMZN,2022-10-31,2896.37,3222.6,-10.1233,610
AMZN,2024-05-16,4430.46,4929.01,-10.1146,611
AMZN,2020-03-19,1776.59,1976.32,-10.1063,612
AMZN,2022-10-28,2897.15,3222.6,-10.099,613
AMZN,2024-03-05,4320.78,4805.49,-10.0865,614
AMZN,2024-05-20,4432.16,4929.01,-10.0802,615
AMZN,2020-07-30,1777.21,1976.32,-10.0749,616
AMZN,2020-08-21,1778.08,1976.32,-10.0307,617
AMZN,2021-12-08,2545.74,2828.52,-9.9975,618
AMZN,2022-11-22,2900.42,3222.6,-9.9975,619
AMZN,2022-11-04,2900.52,3222.6,-9.9944,620
AMZN,2022-06-23,2901.44,3222.6,-9.9657,621
AMZN,2023-02-17,3206.56,3561.19,-9.9583,622
AMZN,2021-06-18,1888.67,2097.51,-9.9569,623
AMZN,2022-07-07,2901.77,3222.6,-9.9556,624
AMZN,2021-04-29,1888.77,2097.51,-9.9522,625
AMZN,2022-07-18,2902.43,3222.6,-9.935,626
AMZN,2020-03-26,1780.61,1976.32,-9.9029,627
AMZN,2022-11-21,2904.15,3222.6,-9.8816,628
AMZN,2024-05-03,4442.0,4929.01,-9.8805,629
AMZN,2020-12-18,1890.3,2097.51,-9.8792,630
AMZN,2020-01-17,1781.19,1976.32,-9.8736,631
AMZN,2021-06-16,1890.81,2097.51,-9.8548,632
AMZN,2021-04-30,1891.16,2097.51,-9.8382,633
AMZN,2021-07-01,1891.48,2097.51,-9.8228,634
AMZN,2020-03-20,1782.76,1976.32,-9.794,635
AMZN,2022-12-01,2908.14,3222.6,-9.758,636
AMZN,2022-08-05,2908.91,3222.6,-9.7342,637
AMZN,2022-02-08,2553.61,2828.52,-9.7192,638
AMZN,2023-04-12,3302.9,3658.37,-9.7166,639
AMZN,2024-01-24,4008.66,4438.24,-9.6792,640
AMZN,2021-11-22,2555.06,2828.52,-9.668,641
AMZN,2021-12-09,2556.25,2828.52,-9.6259,642
AMZN,2021-07-07,1895.78,2097.51,-9.6178,643
AMZN,2021-07-13,1896.05,2097.51,-9.6051,644
AMZN,2021-06-10,1897.67,2097.51,-9.5277,645
AMZN,2021-12-15,2559.57,2828.52,-9.5086,646
AMZN,2023-03-01,3222.7,3561.19,-9.5051,647
AMZN,2024-03-11,4352.7,4805.49,-9.4222,648
AMZN,2022-10-25,2919.1,3222.6,-9.4177,649
AMZN,2020-12-01,1900.22,2097.51,-9.4063,650
AMZN,2022-11-16,2919.66,3222.6,-9.4005,651
AMZN,2022-10-24,2919.83,3222.6,-9.395,652
AMZN,2020-03-11,1791.26,1976.32,-9.3637,653
AMZN,2020-08-19,1791.31,1976.32,-9.3612,654
AMZN,2023-01-27,3228.35,3561.19,-9.3463,655
AMZN,2022-07-01,2922.46,3222.6,-9.3136,656
AMZN,2022-08-04,2924.62,3222.6,-9.2465,657
AMZN,2020-12-04,1903.63,2097.51,-9.2434,658
AMZN,2020-02-26,1793.68,1976.32,-9.2414,659
AMZN,2021-07-14,1904.08,2097.51,-9.2222,660
AMZN,2022-07-15,2925.57,3222.6,-9.2169,661
AMZN,2022-07-06,2925.77,3222.6,-9.2107,662
AMZN,2021-11-25,2568.62,2828.52,-9.1888,663
AMZN,2024-03-20,4364.05,4805.49,-9.1861,664
AMZN,2020-12-07,1905.08,2097.51,-9.1744,665
AMZN,2021-07-12,1905.32,2097.51,-9.163,666
AMZN,2024-01-22,4032.32,4438.24,-9.146,667
AMZN,2022-01-27,2570.49,2828.52,-9.1227,668
AMZN,2022-01-26,2571.84,2828.52,-9.0747,669
AMZN,2023-11-30,3326.42,3658.37,-9.0738,670
AMZN,2022-01-25,2572.21,2828.52,-9.0618,671
AMZN,2024-09-10,6703.94,7371.69,-9.0583,672
AMZN,2021-06-14,1907.64,2097.51,-9.0524,673
AMZN,2021-12-07,2572.97,2828.52,-9.035,674
AMZN,2022-11-30,2932.12,3222.6,-9.0139,675
AMZN,2020-12-11,1908.57,2097.51,-9.0079,676
AMZN,2022-07-25,2932.35,3222.6,-9.0066,677
AMZN,2022-05-16,2917.3,3205.71,-8.9969,678
AMZN,2020-11-06,1908.89,2097.51,-8.9925,679
AMZN,2020-12-03,1909.92,2097.51,-8.9437,680
AMZN,2020-02-24,1799.82,1976.32,-8.9308,681
AMZN,2021-12-14,2576.03,2828.52,-8.9265,682
AMZN,2020-08-18,1799.94,1976.32,-8.9247,683
AMZN,2021-05-11,1910.81,2097.51,-8.9014,684
AMZN,2020-10-02,1800.56,1976.32,-8.8933,685
AMZN,2022-12-19,2936.43,3222.6,-8.8801,686
AMZN,2024-05-17,4493.01,4929.01,-8.8456,687
AMZN,2022-11-07,2938.05,3222.6,-8.8297,688
AMZN,2022-06-28,2938.43,3222.6,-8.818,689
AMZN,2024-10-25,6722.32,7371.69,-8.8091,690
AMZN,2020-01-15,1803.29,1976.32,-8.7552,691
AMZN,2020-02-07,1803.65,1976.32,-8.7367,692
AMZN,2020-03-09,1803.95,1976.32,-8.7218,693
AMZN,2021-06-17,1915.18,2097.51,-8.693,694
AMZN,2022-10-27,2942.65,3222.6,-8.6871,695
AMZN,2024-10-28,6731.45,7371.69,-8.6852,696
AMZN,2023-01-30,3252.15,3561.19,-8.678,697
AMZN,2021-04-28,1915.69,2097.51,-8.6688,698
AMZN,2022-10-26,2944.47,3222.6,-8.6306,699
AMZN,2020-03-05,1806.16,1976.32,-8.6099,700
AMZN,2024-04-24,4505.39,4929.01,-8.5944,701
AMZN,2020-02-28,1806.75,1976.32,-8.5802,702
AMZN,2020-08-11,1807.18,1976.32,-8.5583,703
AMZN,2020-12-10,1918.29,2097.51,-8.5444,704
AMZN,2020-02-06,1807.52,1976.32,-8.5409,705
AMZN,2024-09-12,6743.2,7371.69,-8.5258,706
AMZN,2023-03-29,3347.04,3658.37,-8.5102,707
AMZN,2022-11-17,2949.43,3222.6,-8.4766,708
AMZN,2024-01-17,4062.07,4438.24,-8.4758,709
AMZN,2024-09-11,6748.47,7371.69,-8.4543,710
AMZN,2022-03-03,2589.4,2828.52,-8.454,711
AMZN,2022-03-02,2590.1,2828.52,-8.4293,712
AMZN,2022-01-19,2591.35,2828.52,-8.3849,713
AMZN,2023-03-27,3352.5,3658.37,-8.3609,714
AMZN,2021-07-02,1922.78,2097.51,-8.3306,715
AMZN,2022-07-21,2954.3,3222.6,-8.3256,716
AMZN,2023-03-24,3354.58,3658.37,-8.3039,717
AMZN,2020-03-04,1812.43,1976.32,-8.2928,718
AMZN,2022-05-19,2940.15,3205.71,-8.2841,719
AMZN,2022-07-14,2956.33,3222.6,-8.2626,720
AMZN,2022-11-14,2956.36,3222.6,-8.2616,721
AMZN,2024-05-08,4523.49,4929.01,-8.2273,722
AMZN,2022-07-22,2957.59,3222.6,-8.2234,723
AMZN,2021-11-19,2596.09,2828.52,-8.2173,724
AMZN,2021-12-06,2596.53,2828.52,-8.202,725
AMZN,2022-11-10,2958.39,3222.6,-8.1986,726
AMZN,2020-03-06,1814.45,1976.32,-8.1905,727
AMZN,2020-01-27,1814.7,1976.32,-8.1777,728
AMZN,2020-11-04,1926.35,2097.51,-8.1605,729
AMZN,2023-04-11,3359.89,3658.37,-8.1589,730
AMZN,2020-03-12,1815.08,1976.32,-8.1585,731
AMZN,2024-03-08,4414.71,4805.49,-8.1319,732
AMZN,2021-12-28,2599.43,2828.52,-8.0992,733
AMZN,2023-03-28,3362.43,3658.37,-8.0894,734
AMZN,2020-02-05,1817.03,1976.32,-8.06,735
AMZN,2023-03-02,3275.28,3561.19,-8.0287,736
AMZN,2024-05-15,4534.76,4929.01,-7.9985,737
AMZN,2024-10-24,6783.23,7371.69,-7.9828,738
AMZN,2021-05-03,1930.32,2097.51,-7.971,739
AMZN,2023-02-14,3277.72,3561.19,-7.96,740
AMZN,2024-04-08,4423.04,4805.49,-7.9585,741
AMZN,2024-01-19,4085.88,4438.24,-7.9392,742
AMZN,2023-02-15,3278.77,3561.19,-7.9306,743
AMZN,2023-02-13,3278.81,3561.19,-7.9294,744
AMZN,2022-01-28,2604.73,2828.52,-7.9121,745
AMZN,2024-03-04,4426.46,4805.49,-7.8873,746
AMZN,2020-02-04,1820.63,1976.32,-7.8778,747
AMZN,2021-11-04,2500.7,2713.81,-7.8525,748
AMZN,2020-03-13,1822.52,1976.32,-7.7823,749
AMZN,2024-01-18,4093.5,4438.24,-7.7677,750
AMZN,2021-11-23,2608.96,2828.52,-7.7623,751
AMZN,2021-12-17,2609.32,2828.52,-7.7498,752
AMZN,2024-04-23,4547.66,4929.01,-7.7369,753
AMZN,2022-01-21,2609.75,2828.52,-7.7344,754
AMZN,2022-02-11,2611.49,2828.52,-7.6729,755
AMZN,2024-05-02,4552.11,4929.01,-7.6467,756
AMZN,2022-01-24,2612.56,2828.52,-7.6353,757
AMZN,2022-11-25,2976.66,3222.6,-7.6317,758
AMZN,2022-06-27,2977.21,3222.6,-7.6145,759
AMZN,2022-06-21,2977.59,3222.6,-7.6028,760
AMZN,2024-05-21,4554.54,4929.01,-7.5974,761
AMZN,2020-08-17,1826.42,1976.32,-7.5849,762
AMZN,2022-11-29,2978.32,3222.6,-7.58,763
AMZN,2021-05-04,1939.01,2097.51,-7.5566,764
AMZN,2020-01-24,1827.08,1976.32,-7.5514,765
AMZN,2022-07-19,2979.62,3222.6,-7.5397,766
AMZN,2024-03-01,4443.69,4805.49,-7.5288,767
AMZN,2023-02-10,3293.51,3561.19,-7.5166,768
AMZN,2021-07-22,1940.23,2097.51,-7.4985,769
AMZN,2024-05-09,4560.72,4929.01,-7.472,770
AMZN,2024-04-05,4446.43,4805.49,-7.4718,771
AMZN,2021-05-10,1940.89,2097.51,-7.4673,772
AMZN,2024-05-07,4561.15,4929.01,-7.4633,773
AMZN,2021-07-15,1941.0,2097.51,-7.4617,774
AMZN,2022-05-12,2968.84,3205.71,-7.389,775
AMZN,2022-05-13,2968.87,3205.71,-7.3881,776
AMZN,2020-02-27,1831.3,1976.32,-7.3379,777
AMZN,2021-12-16,2621.33,2828.52,-7.3251,778
AMZN,2022-03-04,2621.39,2828.52,-7.323,779
AMZN,2021-12-29,2621.58,2828.52,-7.3164,780
AMZN,2024-02-16,4454.79,4805.49,-7.2979,781
AMZN,2022-06-24,2988.05,3222.6,-7.2783,782
AMZN,2022-06-30,2988.1,3222.6,-7.2767,783
AMZN,2022-11-09,2989.51,3222.6,-7.2328,784
AMZN,2020-12-09,1946.08,2097.51,-7.2196,785
AMZN,2022-07-08,2990.14,3222.6,-7.2133,786
AMZN,2020-01-16,1833.95,1976.32,-7.2039,787
AMZN,2024-03-14,4459.76,4805.49,-7.1943,788
AMZN,2024-03-07,4459.96,4805.49,-7.1903,789
AMZN,2024-06-19,4960.77,5342.99,-7.1538,790
AMZN,2020-08-20,1835.17,1976.32,-7.1419,791
AMZN,2024-02-01,4121.45,4438.24,-7.1379,792
AMZN,2021-12-30,2626.94,2828.52,-7.1266,793
AMZN,2020-03-03,1835.68,1976.32,-7.1164,794
AMZN,2022-07-11,2995.1,3222.6,-7.0593,795
AMZN,2022-06-20,2996.64,3222.6,-7.0118,796
AMZN,2021-11-24,2631.04,2828.52,-6.9819,797
AMZN,2021-09-20,2155.48,2316.72,-6.9598,798
AMZN,2022-11-08,2998.53,3222.6,-6.9531,799
AMZN,2020-01-20,1839.09,1976.32,-6.9436,800
AMZN,2022-06-29,2999.11,3222.6,-6.9349,801
AMZN,2021-11-03,2525.67,2713.81,-6.9327,802
AMZN,2020-11-03,1952.41,2097.51,-6.9181,803
AMZN,2020-03-02,1839.68,1976.32,-6.9139,804
AMZN,2022-07-20,3001.56,3222.6,-6.859,805
AMZN,2023-02-09,3318.18,3561.19,-6.824,806
AMZN,2021-09-27,2160.58,2316.72,-6.7397,807
AMZN,2021-11-18,2638.33,2828.52,-6.7241,808
AMZN,2022-02-16,2638.73,2828.52,-6.7099,809
AMZN,2021-09-22,2161.31,2316.72,-6.708,810
AMZN,2023-03-09,3323.09,3561.19,-6.6861,811
AMZN,2020-08-14,1844.23,1976.32,-6.6837,812
AMZN,2020-11-11,1957.74,2097.51,-6.6636,813
AMZN,2024-02-23,4486.04,4805.49,-6.6476,814
AMZN,2023-12-04,3416.55,3658.37,-6.6101,815
AMZN,2024-05-23,4606.15,4929.01,-6.5503,816
AMZN,2023-01-31,3327.98,3561.19,-6.5487,817
AMZN,2022-03-23,2644.17,2828.52,-6.5178,818
AMZN,2022-11-28,3012.57,3222.6,-6.5175,819
AMZN,2022-03-24,2644.18,2828.52,-6.5174,820
AMZN,2022-11-18,3013.15,3222.6,-6.4993,821
AMZN,2024-05-14,4609.51,4929.01,-6.482,822
AMZN,2023-02-16,3330.75,3561.19,-6.471,823
AMZN,2020-11-18,1961.86,2097.51,-6.4673,824
AMZN,2023-01-26,3334.33,3561.19,-6.3705,825
AMZN,2020-12-02,1964.51,2097.51,-6.341,826
AMZN,2021-12-20,2649.37,2828.52,-6.3339,827
AMZN,2021-12-27,2649.74,2828.52,-6.3206,828
AMZN,2024-02-28,4502.66,4805.49,-6.3016,829
AMZN,2024-02-29,4503.76,4805.49,-6.2788,830
AMZN,2021-11-26,2652.39,2828.52,-6.2271,831
AMZN,2022-11-11,3023.56,3222.6,-6.1764,832
AMZN,2020-10-05,1854.3,1976.32,-6.1738,833
AMZN,2021-12-13,2654.87,2828.52,-6.1394,834
AMZN,2022-07-13,3024.93,3222.6,-6.1339,835
AMZN,2022-04-18,2757.3,2937.38,-6.1305,836
AMZN,2020-01-21,1855.19,1976.32,-6.1288,837
AMZN,2022-04-07,2656.07,2828.52,-6.0969,838
AMZN,2021-05-05,1969.72,2097.51,-6.0928,839
AMZN,2023-03-06,3344.56,3561.19,-6.0832,840
AMZN,2024-05-10,4629.47,4929.01,-6.0771,841
AMZN,2022-05-11,3011.89,3205.71,-6.0462,842
AMZN,2024-01-16,4170.89,4438.24,-6.0238,843
AMZN,2022-05-17,3012.89,3205.71,-6.0148,844
AMZN,2022-06-22,3028.94,3222.6,-6.0095,845
AMZN,2024-04-09,4516.81,4805.49,-6.0072,846
AMZN,2021-07-27,1971.55,2097.51,-6.0056,847
AMZN,2022-01-04,2659.38,2828.52,-5.9799,848
AMZN,2021-09-21,2178.62,2316.72,-5.9608,849
AMZN,2020-08-12,1858.76,1976.32,-5.9483,850
AMZN,2024-02-26,4520.99,4805.49,-5.9203,851
AMZN,2022-03-07,2661.17,2828.52,-5.9166,852
AMZN,2020-01-28,1859.4,1976.32,-5.9162,853
AMZN,2023-03-03,3351.01,3561.19,-5.902,854
AMZN,2021-12-21,2661.62,2828.52,-5.9005,855
AMZN,2022-03-25,2661.71,2828.52,-5.8974,856
AMZN,2020-11-09,1973.93,2097.51,-5.8918,857
AMZN,2022-03-28,2662.3,2828.52,-5.8765,858
AMZN,2021-11-02,2554.54,2713.81,-5.8688,859
AMZN,2024-10-29,6942.88,7371.69,-5.8171,860
AMZN,2024-01-31,4180.48,4438.24,-5.8077,861
AMZN,2022-12-20,3035.88,3222.6,-5.794,862
AMZN,2022-03-22,2665.17,2828.52,-5.7753,863
AMZN,2022-01-10,2665.29,2828.52,-5.771,864
AMZN,2021-07-16,1976.57,2097.51,-5.7663,865
AMZN,2021-12-22,2667.53,2828.52,-5.6917,866
AMZN,2021-11-30,2668.03,2828.52,-5.674,867
AMZN,2024-03-19,4532.88,4805.49,-5.6728,868
AMZN,2022-01-03,2668.56,2828.52,-5.6554,869
AMZN,2024-05-13,4651.26,4929.01,-5.635,870
AMZN,2023-12-11,3453.03,3658.37,-5.613,871
AMZN,2022-01-11,2670.02,2828.52,-5.6037,872
AMZN,2024-02-19,4536.72,4805.49,-5.5928,873
AMZN,2021-12-31,2670.72,2828.52,-5.5791,874
AMZN,2023-03-21,3455.35,3658.37,-5.5494,875
AMZN,2022-06-17,3043.83,3222.6,-5.5473,876
AMZN,2024-04-16,4539.76,4805.49,-5.5296,877
AMZN,2022-05-18,3029.38,3205.71,-5.5004,878
AMZN,2024-09-09,6967.65,7371.69,-5.4811,879
AMZN,2023-12-07,3458.64,3658.37,-5.4594,880
AMZN,2020-11-27,1983.3,2097.51,-5.4454,881
AMZN,2021-05-07,1983.34,2097.51,-5.4435,882
AMZN,2024-04-15,4546.03,4805.49,-5.3993,883
AMZN,2020-01-14,1869.79,1976.32,-5.3904,884
AMZN,2020-11-30,1984.87,2097.51,-5.3704,885
AMZN,2021-07-30,1985.18,2097.51,-5.3555,886
AMZN,2024-06-17,5056.97,5342.99,-5.3533,887
AMZN,2020-11-10,1985.32,2097.51,-5.3487,888
AMZN,2020-01-23,1871.28,1976.32,-5.315,889
AMZN,2023-02-08,3372.61,3561.19,-5.2954,890
AMZN,2022-06-06,3036.01,3205.71,-5.2936,891
AMZN,2021-12-03,2678.86,2828.52,-5.2913,892
AMZN,2023-12-08,3465.25,3658.37,-5.2788,893
AMZN,2024-04-10,4552.25,4805.49,-5.2698,894
AMZN,2022-06-07,3038.3,3205.71,-5.2222,895
AMZN,2022-03-21,2681.06,2828.52,-5.2134,896
AMZN,2022-01-05,2681.08,2828.52,-5.2128,897
AMZN,2023-03-23,3467.7,3658.37,-5.2118,898
AMZN,2021-11-17,2681.49,2828.52,-5.1981,899
AMZN,2024-01-15,4207.86,4438.24,-5.1908,900
AMZN,2024-04-11,4556.43,4805.49,-5.1827,901
AMZN,2024-04-12,4556.62,4805.49,-5.1788,902
AMZN,2024-09-06,6990.02,7371.69,-5.1776,903
AMZN,2022-03-17,2682.19,2828.52,-5.1736,904
AMZN,2021-12-10,2682.44,2828.52,-5.1648,905
AMZN,2022-04-08,2682.73,2828.52,-5.1545,906
AMZN,2021-09-24,2197.33,2316.72,-5.1534,907
AMZN,2021-08-02,1989.87,2097.51,-5.1322,908
AMZN,2022-01-17,2683.65,2828.52,-5.1218,909
AMZN,2023-02-03,3379.67,3561.19,-5.0972,910
AMZN,2024-02-20,4561.95,4805.49,-5.0678,911
AMZN,2022-05-23,3043.64,3205.71,-5.0557,912
AMZN,2022-05-20,3044.07,3205.71,-5.0422,913
AMZN,2020-11-12,1991.86,2097.51,-5.037,914
AMZN,2020-11-13,1991.87,2097.51,-5.0368,915
AMZN,2021-09-23,2200.52,2316.72,-5.0158,916
AMZN,2021-08-03,1993.23,2097.51,-4.9716,917
AMZN,2023-01-06,3204.97,3372.61,-4.9707,918
AMZN,2023-01-10,3205.44,3372.61,-4.9566,919
AMZN,2021-09-15,2202.08,2316.72,-4.9482,920
AMZN,2021-08-04,1993.74,2097.51,-4.9476,921
AMZN,2024-05-24,4685.8,4929.01,-4.9344,922
AMZN,2021-08-16,1994.53,2097.51,-4.9098,923
AMZN,2023-02-06,3386.47,3561.19,-4.9065,924
AMZN,2020-02-03,1879.73,1976.32,-4.8873,925
AMZN,2020-11-19,1995.25,2097.51,-4.8753,926
AMZN,2020-10-06,1880.73,1976.32,-4.8366,927
AMZN,2020-11-20,1996.1,2097.51,-4.8352,928
AMZN,2020-10-22,1954.58,2052.98,-4.7928,929
AMZN,2024-01-23,4225.7,4438.24,-4.7889,930
AMZN,2021-07-19,1997.93,2097.51,-4.7479,931
AMZN,2022-02-15,2694.33,2828.52,-4.7444,932
AMZN,2020-11-17,1998.39,2097.51,-4.726,933
AMZN,2022-05-05,3054.74,3205.71,-4.7093,934
AMZN,2023-03-22,3486.26,3658.37,-4.7044,935
AMZN,2022-05-10,3055.01,3205.71,-4.7009,936
AMZN,2021-07-20,1999.09,2097.51,-4.6924,937
AMZN,2021-07-28,1999.51,2097.51,-4.6723,938
AMZN,2022-06-08,3056.04,3205.71,-4.669,939
AMZN,2021-05-06,2000.26,2097.51,-4.6365,940
AMZN,2022-02-14,2697.67,2828.52,-4.6261,941
AMZN,2023-12-15,3489.9,3658.37,-4.605,942
AMZN,2024-07-31,6336.34,6642.18,-4.6045,943
AMZN,2023-02-02,3397.24,3561.19,-4.6039,944
AMZN,2021-08-11,2001.03,2097.51,-4.5999,945
AMZN,2021-08-13,2001.07,2097.51,-4.5979,946
AMZN,2022-04-19,2802.34,2937.38,-4.5972,947
AMZN,2024-06-14,5097.48,5342.99,-4.595,948
AMZN,2024-06-12,5097.65,5342.99,-4.5919,949
AMZN,2024-02-27,4585.7,4805.49,-4.5737,950
AMZN,2020-10-08,1885.99,1976.32,-4.5706,951
AMZN,2024-06-20,5098.97,5342.99,-4.5672,952
AMZN,2022-12-22,3075.46,3222.6,-4.5658,953
AMZN,2023-02-01,3398.77,3561.19,-4.561,954
AMZN,2021-07-26,2002.02,2097.51,-4.5529,955
AMZN,2022-03-18,2700.03,2828.52,-4.5427,956
AMZN,2024-01-12,4236.65,4438.24,-4.5422,957
AMZN,2020-11-24,2002.58,2097.51,-4.5261,958
AMZN,2021-10-05,2236.11,2341.4,-4.4971,959
AMZN,2020-08-13,1887.61,1976.32,-4.4887,960
AMZN,2022-06-16,3079.55,3222.6,-4.439,961
AMZN,2024-02-02,4242.04,4438.24,-4.4207,962
AMZN,2021-08-17,2005.0,2097.51,-4.4105,963
AMZN,2024-03-18,4593.59,4805.49,-4.4094,964
AMZN,2024-07-30,6350.91,6642.18,-4.385,965
AMZN,2024-02-21,4595.13,4805.49,-4.3775,966
AMZN,2024-01-10,4244.76,4438.24,-4.3594,967
AMZN,2021-07-23,2006.13,2097.51,-4.3566,968
AMZN,2024-02-22,4596.57,4805.49,-4.3475,969
AMZN,2022-04-20,2809.68,2937.38,-4.3472,970
AMZN,2023-12-18,3501.3,3658.37,-4.2935,971
AMZN,2024-07-29,6357.19,6642.18,-4.2906,972
AMZN,2020-10-21,1965.44,2052.98,-4.2642,973
AMZN,2024-06-21,5116.86,5342.99,-4.2323,974
AMZN,2021-12-24,2708.89,2828.52,-4.2295,975
AMZN,2024-05-22,4721.04,4929.01,-4.2193,976
AMZN,2022-07-12,3086.78,3222.6,-4.2147,977
AMZN,2023-01-24,3411.41,3561.19,-4.206,978
AMZN,2022-01-18,2709.66,2828.52,-4.2021,979
AMZN,2021-08-18,2009.56,2097.51,-4.1931,980
AMZN,2024-03-15,4604.14,4805.49,-4.1899,981
AMZN,2023-12-06,3507.19,3658.37,-4.1323,982
AMZN,2024-06-18,5122.52,5342.99,-4.1264,983
AMZN,2024-10-30,7067.74,7371.69,-4.1233,984
AMZN,2020-11-02,2011.74,2097.51,-4.0893,985
AMZN,2020-01-22,1896.5,1976.32,-4.0387,986
AMZN,2024-07-26,6379.09,6642.18,-3.9609,987
AMZN,2022-01-07,2717.55,2828.52,-3.9232,988
AMZN,2022-05-24,3080.46,3205.71,-3.9072,989
AMZN,2024-06-13,5134.47,5342.99,-3.9029,990
AMZN,2022-04-01,2719.25,2828.52,-3.8631,991
AMZN,2022-03-10,2719.44,2828.52,-3.8564,992
AMZN,2021-08-19,2017.3,2097.51,-3.8241,993
AMZN,2024-08-16,6621.09,6881.6,-3.7856,994
AMZN,2023-01-25,3427.88,3561.19,-3.7434,995
AMZN,2021-08-12,2020.15,2097.51,-3.6882,996
AMZN,2023-12-13,3524.08,3658.37,-3.6706,997
AMZN,2023-01-05,3249.33,3372.61,-3.6553,998
AMZN,2022-04-21,2831.49,2937.38,-3.6047,999
AMZN,2020-01-13,1905.15,1976.32,-3.6012,1000
AMZN,2022-06-14,3106.74,3222.6,-3.5951,1001
AMZN,2021-11-11,2616.64,2713.81,-3.5803,1002
AMZN,2022-05-04,3091.17,3205.71,-3.5731,1003
AMZN,2021-11-10,2617.99,2713.81,-3.5306,1004
AMZN,2020-11-25,2023.57,2097.51,-3.5251,1005
AMZN,2024-02-15,4636.14,4805.49,-3.524,1006
AMZN,2024-08-01,6411.04,6642.18,-3.4798,1007
AMZN,2021-08-20,2024.91,2097.51,-3.4615,1008
AMZN,2022-01-13,2731.93,2828.52,-3.4151,1009
AMZN,2022-04-06,2732.05,2828.52,-3.4106,1010
AMZN,2022-04-22,2837.39,2937.38,-3.4042,1011
AMZN,2021-12-02,2732.7,2828.52,-3.3876,1012
AMZN,2021-07-29,2026.62,2097.51,-3.3798,1013
AMZN,2021-07-21,2026.91,2097.51,-3.3663,1014
AMZN,2022-03-29,2733.33,2828.52,-3.3654,1015
AMZN,2022-01-14,2733.7,2828.52,-3.3525,1016
AMZN,2021-08-31,2211.78,2288.24,-3.3412,1017
AMZN,2020-10-09,1912.0,1976.32,-3.2543,1018
AMZN,2021-10-07,2265.82,2341.4,-3.2281,1019
AMZN,2022-05-25,3104.06,3205.71,-3.1711,1020
AMZN,2023-01-18,3304.23,3411.38,-3.141,1021
AMZN,2022-04-05,2739.98,2828.52,-3.1304,1022
AMZN,2021-12-01,2740.59,2828.52,-3.1087,1023
AMZN,2024-02-05,4301.94,4438.24,-3.0711,1024
AMZN,2023-12-14,3546.22,3658.37,-3.0655,1025
AMZN,2020-10-30,2033.45,2097.51,-3.0541,1026
AMZN,2021-09-28,2246.48,2316.72,-3.0317,1027
AMZN,2021-09-16,2246.94,2316.72,-3.0118,1028
AMZN,2022-06-15,3127.83,3222.6,-2.9408,1029
AMZN,2023-01-11,3273.47,3372.61,-2.9396,1030
AMZN,2021-08-10,2035.99,2097.51,-2.9334,1031
AMZN,2020-01-31,1918.78,1976.32,-2.9115,1032
AMZN,2023-03-07,3458.0,3561.19,-2.8977,1033
AMZN,2022-05-27,3114.52,3205.71,-2.8446,1034
AMZN,2020-11-16,2038.71,2097.51,-2.8036,1035
AMZN,2020-11-23,2039.08,2097.51,-2.7861,1036
AMZN,2020-10-07,1921.33,1976.32,-2.7827,1037
AMZN,2023-02-07,3464.36,3561.19,-2.719,1038
AMZN,2024-09-05,7171.6,7371.69,-2.7144,1039
AMZN,2024-08-30,7099.99,7295.72,-2.6828,1040
AMZN,2023-03-08,3466.47,3561.19,-2.6598,1041
AMZN,2023-12-05,3564.03,3658.37,-2.5787,1042
AMZN,2022-12-21,3139.69,3222.6,-2.5728,1043
AMZN,2023-01-23,3469.65,3561.19,-2.5706,1044
AMZN,2022-04-04,2756.67,2828.52,-2.5401,1045
AMZN,2024-06-24,5208.17,5342.99,-2.5234,1046
AMZN,2024-06-27,5211.56,5346.46,-2.5232,1047
AMZN,2020-10-23,2002.03,2052.98,-2.4819,1048
AMZN,2021-09-09,2259.34,2316.72,-2.4765,1049
AMZN,2022-03-11,2759.6,2828.52,-2.4367,1050
AMZN,2020-10-14,1936.33,1984.68,-2.4362,1051
AMZN,2023-03-20,3570.73,3658.37,-2.3956,1052
AMZN,2022-05-09,3129.01,3205.71,-2.3926,1053
AMZN,2021-09-07,2261.46,2316.72,-2.3853,1054
AMZN,2024-08-05,6486.62,6642.18,-2.342,1055
AMZN,2022-05-06,3130.91,3205.71,-2.3334,1056
AMZN,2024-08-19,6723.66,6881.6,-2.2951,1057
AMZN,2024-08-02,6490.35,6642.18,-2.2858,1058
AMZN,2022-05-31,3132.45,3205.71,-2.2855,1059
AMZN,2022-06-03,3132.75,3205.71,-2.2759,1060
AMZN,2020-11-26,2049.88,2097.51,-2.2709,1061
AMZN,2021-11-05,2652.77,2713.81,-2.249,1062
AMZN,2021-12-23,2764.93,2828.52,-2.2482,1063
AMZN,2023-03-15,3482.35,3562.28,-2.2437,1064
AMZN,2021-09-17,2264.94,2316.72,-2.2352,1065
AMZN,2022-03-14,2765.79,2828.52,-2.2179,1066
AMZN,2021-08-30,2237.63,2288.24,-2.2118,1067
AMZN,2024-05-28,4820.17,4929.01,-2.2081,1068
AMZN,2022-05-26,3135.48,3205.71,-2.1909,1069
AMZN,2024-07-10,5561.55,5685.19,-2.1748,1070
AMZN,2024-01-11,4342.28,4438.24,-2.1622,1071
AMZN,2021-11-29,2767.83,2828.52,-2.1456,1072
AMZN,2020-10-12,1934.42,1976.32,-2.1198,1073
AMZN,2024-06-11,5232.93,5342.99,-2.0599,1074
AMZN,2022-05-30,3140.04,3205.71,-2.0485,1075
AMZN,2021-08-23,2054.77,2097.51,-2.0379,1076
AMZN,2022-12-29,3179.02,3245.12,-2.0369,1077
AMZN,2021-09-08,2269.98,2316.72,-2.0176,1078
AMZN,2024-08-20,6743.62,6881.6,-2.005,1079
AMZN,2024-01-09,4349.66,4438.24,-1.9958,1080
AMZN,2024-02-14,4710.74,4805.49,-1.9717,1081
AMZN,2021-10-15,2379.71,2426.92,-1.9454,1082
AMZN,2024-04-17,4712.73,4805.49,-1.9302,1083
AMZN,2023-12-12,3588.74,3658.37,-1.9034,1084
AMZN,2022-03-15,2775.05,2828.52,-1.8903,1085
AMZN,2024-04-22,4836.55,4929.01,-1.876,1086
AMZN,2022-03-16,2775.55,2828.52,-1.8727,1087
AMZN,2020-10-20,2014.9,2052.98,-1.8547,1088
AMZN,2020-10-16,1948.03,1984.68,-1.8467,1089
AMZN,2022-12-26,3164.8,3222.6,-1.7935,1090
AMZN,2021-09-01,2248.47,2288.24,-1.7376,1091
AMZN,2022-06-02,3150.11,3205.71,-1.7343,1092
AMZN,2022-03-31,2779.63,2828.52,-1.7286,1093
AMZN,2024-09-02,7170.16,7295.72,-1.7209,1094
AMZN,2023-01-09,3315.26,3372.61,-1.7004,1095
AMZN,2024-08-08,6557.49,6668.21,-1.6604,1096
AMZN,2024-08-22,6767.43,6881.6,-1.6591,1097
AMZN,2022-03-30,2781.7,2828.52,-1.6555,1098
AMZN,2023-03-17,3598.06,3658.37,-1.6484,1099
AMZN,2020-10-26,2019.51,2052.98,-1.6302,1100
AMZN,2024-07-25,6535.23,6642.18,-1.6101,1101
AMZN,2021-11-08,2670.25,2713.81,-1.605,1102
AMZN,2021-10-06,2304.03,2341.4,-1.5964,1103
AMZN,2023-01-04,3319.21,3372.61,-1.5833,1104
AMZN,2024-06-03,5051.29,5131.78,-1.5685,1105
AMZN,2021-09-14,2280.47,2316.72,-1.5646,1106
AMZN,2020-10-29,2064.86,2097.51,-1.5569,1107
AMZN,2021-08-09,2064.96,2097.51,-1.5518,1108
AMZN,2024-08-21,6775.44,6881.6,-1.5426,1109
AMZN,2022-01-06,2785.67,2828.52,-1.5149,1110
AMZN,2024-08-06,6542.08,6642.18,-1.507,1111
AMZN,2022-06-13,3174.27,3222.6,-1.4996,1112
AMZN,2024-08-29,7187.16,7295.72,-1.4879,1113
AMZN,2021-11-12,2673.53,2713.81,-1.4841,1114
AMZN,2022-06-01,3160.3,3205.71,-1.4167,1115
AMZN,2021-11-16,2788.59,2828.52,-1.4119,1116
AMZN,2022-03-09,2788.69,2828.52,-1.4081,1117
AMZN,2023-03-10,3511.23,3561.19,-1.4031,1118
AMZN,2021-08-05,2068.21,2097.51,-1.3969,1119
AMZN,2024-06-05,5199.8,5272.56,-1.3801,1120
AMZN,2024-04-18,4739.19,4805.49,-1.3796,1121
AMZN,2021-08-06,2069.09,2097.51,-1.3551,1122
AMZN,2020-01-29,1949.85,1976.32,-1.3393,1123
AMZN,2024-06-25,5273.65,5342.99,-1.2978,1124
AMZN,2024-08-12,6615.66,6699.62,-1.2532,1125
AMZN,2023-03-13,3517.86,3561.19,-1.217,1126
AMZN,2022-03-08,2794.33,2828.52,-1.2087,1127
AMZN,2021-09-06,2288.75,2316.72,-1.2073,1128
AMZN,2022-01-12,2794.82,2828.52,-1.1916,1129
AMZN,2022-12-23,3185.01,3222.6,-1.1664,1130
AMZN,2024-07-03,5327.13,5388.74,-1.1433,1131
AMZN,2021-10-29,2684.81,2713.81,-1.0685,1132
AMZN,2023-01-16,3375.19,3411.38,-1.0608,1133
AMZN,2022-04-15,2906.23,2937.38,-1.0606,1134
AMZN,2021-11-01,2686.0,2713.81,-1.0246,1135
AMZN,2022-04-12,2813.94,2843.06,-1.0242,1136
AMZN,2021-09-13,2293.96,2316.72,-0.9825,1137
AMZN,2024-07-02,5337.23,5388.74,-0.9559,1138
AMZN,2022-04-26,2909.67,2937.38,-0.9433,1139
AMZN,2021-10-04,2319.83,2341.4,-0.9214,1140
AMZN,2023-01-02,3234.38,3264.23,-0.9146,1141
AMZN,2021-10-28,2690.06,2713.81,-0.8752,1142
AMZN,2022-04-25,2913.4,2937.38,-0.8162,1143
AMZN,2023-01-17,3384.08,3411.38,-0.8003,1144
AMZN,2021-08-26,2225.79,2241.7,-0.7094,1145
AMZN,2024-01-02,4239.33,4266.53,-0.6375,1146
AMZN,2022-06-09,3185.95,3205.71,-0.6164,1147
AMZN,2024-07-12,5650.75,5685.19,-0.6057,1148
AMZN,2023-12-26,3941.96,3965.03,-0.5818,1149
AMZN,2020-10-28,2085.47,2097.51,-0.5741,1150
AMZN,2024-07-24,6604.4,6642.18,-0.5688,1151
AMZN,2020-01-09,1964.73,1975.67,-0.5533,1152
AMZN,2021-09-10,2306.02,2316.72,-0.4616,1153
AMZN,2024-07-11,5659.22,5685.19,-0.4567,1154
AMZN,2021-11-09,2701.81,2713.81,-0.4422,1155
AMZN,2024-05-27,4907.67,4929.01,-0.4329,1156
AMZN,2024-01-01,4249.86,4266.53,-0.3905,1157
AMZN,2021-10-08,2332.37,2341.4,-0.3859,1158
AMZN,2021-09-30,2320.23,2327.73,-0.3221,1159
AMZN,2023-01-13,3401.62,3411.38,-0.2862,1160
AMZN,2024-07-04,5374.49,5388.74,-0.2643,1161
AMZN,2024-08-23,6867.31,6881.6,-0.2076,1162
AMZN,2024-09-03,7281.87,7295.72,-0.1898,1163
AMZN,2021-10-21,2542.87,2547.53,-0.1827,1164
AMZN,2021-09-02,2284.21,2288.24,-0.1758,1165
AMZN,2024-02-07,4459.12,4465.8,-0.1494,1166
AMZN,2020-01-30,1973.54,1976.32,-0.1406,1167
AMZN,2024-06-07,5275.57,5278.34,-0.0526,1168
AMZN,2020-10-15,1984.43,1984.68,-0.0124,1169
AMZN,2021-10-13,2387.6,2387.68,-0.0034,1170
AMZN,2020-01-02,1850.0,1850.0,0.0,1171
AMZN,2020-01-03,1939.39,1939.39,0.0,1171
AMZN,2020-01-06,1939.65,1939.65,0.0,1171
AMZN,2020-01-07,1948.19,1948.19,0.0,1171
AMZN,2020-01-08,1975.67,1975.67,0.0,1171
AMZN,2020-01-10,1976.32,1976.32,0.0,1171
AMZN,2020-10-13,1984.68,1984.68,0.0,1171
AMZN,2020-10-19,2052.98,2052.98,0.0,1171
AMZN,2020-10-27,2097.51,2097.51,0.0,1171
AMZN,2021-08-24,2179.86,2179.86,0.0,1171
AMZN,2021-08-25,2241.7,2241.7,0.0,1171
AMZN,2021-08-27,2288.24,2288.24,0.0,1171
AMZN,2021-09-03,2316.72,2316.72,0.0,1171
AMZN,2021-09-29,2327.73,2327.73,0.0,1171
AMZN,2021-10-01,2341.4,2341.4,0.0,1171
AMZN,2021-10-11,2370.56,2370.56,0.0,1171
AMZN,2021-10-12,2387.68,2387.68,0.0,1171
AMZN,2021-10-14,2426.92,2426.92,0.0,1171
AMZN,2021-10-18,2452.89,2452.89,0.0,1171
AMZN,2021-10-19,2462.78,2462.78,0.0,1171
AMZN,2021-10-20,2547.53,2547.53,0.0,1171
AMZN,2021-10-22,2553.09,2553.09,0.0,1171
AMZN,2021-10-25,2570.22,2570.22,0.0,1171
AMZN,2021-10-26,2605.33,2605.33,0.0,1171
AMZN,2021-10-27,2713.81,2713.81,0.0,1171
AMZN,2021-11-15,2828.52,2828.52,0.0,1171
AMZN,2022-04-11,2843.06,2843.06,0.0,1171
AMZN,2022-04-13,2855.31,2855.31,0.0,1171
AMZN,2022-04-14,2937.38,2937.38,0.0,1171
AMZN,2022-04-27,3054.98,3054.98,0.0,1171
AMZN,2022-04-28,3105.05,3105.05,0.0,1171
AMZN,2022-04-29,3177.83,3177.83,0.0,1171
AMZN,2022-05-02,3181.05,3181.05,0.0,1171
AMZN,2022-05-03,3205.71,3205.71,0.0,1171
AMZN,2022-06-10,3222.6,3222.6,0.0,1171
AMZN,2022-12-27,3223.81,3223.81,0.0,1171
AMZN,2022-12-28,3245.12,3245.12,0.0,1171
AMZN,2022-12-30,3264.23,3264.23,0.0,1171
AMZN,2023-01-03,3372.61,3372.61,0.0,1171
AMZN,2023-01-12,3411.38,3411.38,0.0,1171
AMZN,2023-01-19,3505.94,3505.94,0.0,1171
AMZN,2023-01-20,3561.19,3561.19,0.0,1171
AMZN,2023-03-14,3562.28,3562.28,0.0,1171
AMZN,2023-03-16,3658.37,3658.37,0.0,1171
AMZN,2023-12-19,3673.78,3673.78,0.0,1171
AMZN,2023-12-20,3827.77,3827.77,0.0,1171
AMZN,2023-12-21,3863.2,3863.2,0.0,1171
AMZN,2023-12-22,3920.62,3920.62,0.0,1171
AMZN,2023-12-25,3965.03,3965.03,0.0,1171
AMZN,2023-12-27,4115.68,4115.68,0.0,1171
AMZN,2023-12-28,4240.85,4240.85,0.0,1171
AMZN,2023-12-29,4266.53,4266.53,0.0,1171
AMZN,2024-01-03,4274.82,4274.82,0.0,1171
AMZN,2024-01-04,4275.23,4275.23,0.0,1171
AMZN,2024-01-05,4387.81,4387.81,0.0,1171
AMZN,2024-01-08,4438.24,4438.24,0.0,1171
AMZN,2024-02-06,4465.8,4465.8,0.0,1171
AMZN,2024-02-08,4505.67,4505.67,0.0,1171
AMZN,2024-02-09,4651.21,4651.21,0.0,1171
AMZN,2024-02-12,4785.29,4785.29,0.0,1171
AMZN,2024-02-13,4805.49,4805.49,0.0,1171
AMZN,2024-04-19,4929.01,4929.01,0.0,1171
AMZN,2024-05-29,4953.77,4953.77,0.0,1171
AMZN,2024-05-30,5019.89,5019.89,0.0,1171
AMZN,2024-05-31,5131.78,5131.78,0.0,1171
AMZN,2024-06-04,5272.56,5272.56,0.0,1171
AMZN,2024-06-06,5278.34,5278.34,0.0,1171
AMZN,2024-06-10,5342.99,5342.99,0.0,1171
AMZN,2024-06-26,5346.46,5346.46,0.0,1171
AMZN,2024-06-28,5351.76,5351.76,0.0,1171
AMZN,2024-07-01,5388.74,5388.74,0.0,1171
AMZN,2024-07-05,5400.58,5400.58,0.0,1171
AMZN,2024-07-08,5476.92,5476.92,0.0,1171
AMZN,2024-07-09,5685.19,5685.19,0.0,1171
AMZN,2024-07-15,5799.94,5799.94,0.0,1171
AMZN,2024-07-16,6016.81,6016.81,0.0,1171
AMZN,2024-07-17,6048.13,6048.13,0.0,1171
AMZN,2024-07-18,6136.81,6136.81,0.0,1171
AMZN,2024-07-19,6309.05,6309.05,0.0,1171
AMZN,2024-07-22,6455.05,6455.05,0.0,1171
AMZN,2024-07-23,6642.18,6642.18,0.0,1171
AMZN,2024-08-07,6668.21,6668.21,0.0,1171
AMZN,2024-08-09,6699.62,6699.62,0.0,1171
AMZN,2024-08-13,6834.86,6834.86,0.0,1171
AMZN,2024-08-14,6865.92,6865.92,0.0,1171
AMZN,2024-08-15,6881.6,6881.6,0.0,1171
AMZN,2024-08-26,6999.52,6999.52,0.0,1171
AMZN,2024-08-27,7080.76,7080.76,0.0,1171
AMZN,2024-08-28,7295.72,7295.72,0.0,1171
AMZN,2024-09-04,7371.69,7371.69,0.0,1171
GOOGL,2022-01-27,1955.81,2997.57,-34.7533,1
GOOGL,2022-01-24,1956.91,2997.57,-34.7167,2
GOOGL,2022-01-26,1958.03,2997.57,-34.6794,3
GOOGL,2022-01-25,1971.19,2997.57,-34.2402,4
GOOGL,2022-02-08,1981.62,2997.57,-33.8924,5
GOOGL,2022-01-18,1984.13,2997.57,-33.8086,6
GOOGL,2022-01-31,1992.64,2997.57,-33.5248,7
GOOGL,2022-01-14,1994.65,2997.57,-33.4579,8
GOOGL,2022-02-01,1996.28,2997.57,-33.4032,9
GOOGL,2022-01-21,1998.21,2997.57,-33.3388,10
GOOGL,2022-02-04,2003.62,2997.57,-33.1586,11
GOOGL,2022-02-10,2006.39,2997.57,-33.0659,12
GOOGL,2022-01-28,2017.74,2997.57,-32.6873,13
GOOGL,2022-02-07,2024.25,2997.57,-32.4703,14
GOOGL,2022-01-17,2024.87,2997.57,-32.4496,15
GOOGL,2022-01-11,2031.26,2997.57,-32.2363,16
GOOGL,2022-02-09,2036.42,2997.57,-32.0641,17
GOOGL,2022-01-12,2042.96,2997.57,-31.8461,18
GOOGL,2022-01-20,2044.42,2997.57,-31.7974,19
GOOGL,2022-01-19,2044.88,2997.57,-31.7819,20
GOOGL,2022-02-02,2052.0,2997.57,-31.5445,21
GOOGL,2022-01-13,2056.74,2997.57,-31.3865,22
GOOGL,2022-02-03,2063.95,2997.57,-31.1459,23
GOOGL,2022-01-10,2071.32,2997.57,-30.8999,24
GOOGL,2022-01-07,2088.46,2997.57,-30.3283,25
GOOGL,2023-09-27,2682.96,3838.54,-30.1045,26
GOOGL,2023-10-03,2706.79,3838.54,-29.4838,27
GOOGL,2023-10-02,2713.06,3838.54,-29.3204,28
GOOGL,2022-02-11,2123.68,2997.57,-29.1531,29
GOOGL,2023-09-29,2724.21,3838.54,-29.03,30
GOOGL,2023-09-28,2739.94,3838.54,-28.6204,31
GOOGL,2022-01-04,2143.57,2997.57,-28.4896,32
GOOGL,2023-10-05,2753.58,3838.54,-28.2648,33
GOOGL,2022-02-15,2153.76,2997.57,-28.1496,34
GOOGL,2022-01-06,2154.0,2997.57,-28.1416,35
GOOGL,2022-02-16,2156.08,2997.57,-28.0725,36
GOOGL,2023-10-04,2761.02,3838.54,-28.071,37
GOOGL,2022-01-03,2159.76,2997.57,-27.9496,38
GOOGL,2023-09-21,2767.29,3838.54,-27.9076,39
GOOGL,2023-09-26,2770.84,3838.54,-27.8153,40
GOOGL,2022-01-05,2166.79,2997.57,-27.715,41
GOOGL,2022-02-14,2184.92,2997.57,-27.1104,42
GOOGL,2022-02-17,2188.52,2997.57,-26.99,43
GOOGL,2023-09-14,2803.12,3838.54,-26.9743,44
GOOGL,2023-09-13,2819.76,3838.54,-26.5409,45
GOOGL,2021-12-31,2203.71,2997.57,-26.4833,46
GOOGL,2023-09-18,2823.34,3838.54,-26.4475,47
GOOGL,2021-12-30,2205.66,2997.57,-26.4185,48
GOOGL,2023-09-20,2831.58,3838.54,-26.2329,49
GOOGL,2023-05-31,2838.33,3838.54,-26.0571,50
GOOGL,2023-09-25,2838.37,3838.54,-26.0561,51
GOOGL,2023-09-15,2839.71,3838.54,-26.021,52
GOOGL,2021-12-29,2221.57,2997.57,-25.8874,53
GOOGL,2022-02-18,2222.72,2997.57,-25.8493,54
GOOGL,2021-12-28,2229.83,2997.57,-25.6119,55
GOOGL,2021-12-27,2231.97,2997.57,-25.5405,56
GOOGL,2023-09-12,2861.57,3838.54,-25.4517,57
GOOGL,2023-05-30,2870.06,3838.54,-25.2303,58
GOOGL,2023-09-22,2871.89,3838.54,-25.1829,59
GOOGL,2022-02-21,2242.93,2997.57,-25.1749,60
GOOGL,2023-06-09,2874.41,3838.54,-25.1172,61
GOOGL,2023-10-06,2880.3,3838.54,-24.9635,62
GOOGL,2023-09-19,2883.47,3838.54,-24.8809,63
GOOGL,2023-06-06,2886.48,3838.54,-24.8027,64
GOOGL,2023-10-09,2889.6,3838.54,-24.7213,65
GOOGL,2023-06-01,2891.38,3838.54,-24.675,66
GOOGL,2023-06-02,2892.9,3838.54,-24.6353,67
GOOGL,2022-02-25,2266.91,2997.57,-24.3751,68
GOOGL,2023-05-29,2907.33,3838.54,-24.2594,69
GOOGL,2023-09-11,2907.9,3838.54,-24.2446,70
GOOGL,2023-09-08,2914.03,3838.54,-24.0849,71
GOOGL,2022-02-24,2280.23,2997.57,-23.9306,72
GOOGL,2022-03-04,2285.96,2997.57,-23.7396,73
GOOGL,2023-06-15,2934.24,3838.54,-23.5584,74
GOOGL,2021-12-24,2292.44,2997.57,-23.5233,75
GOOGL,2022-02-23,2294.5,2997.57,-23.4547,76
GOOGL,2023-06-07,2941.66,3838.54,-23.3652,77
GOOGL,2022-02-22,2298.24,2997.57,-23.3299,78
GOOGL,2023-06-19,2943.29,3838.54,-23.3227,79
GOOGL,2022-03-07,2300.99,2997.57,-23.2382,80
GOOGL,2023-06-12,2949.21,3838.54,-23.1686,81
GOOGL,2023-10-10,2950.22,3838.54,-23.1422,82
GOOGL,2022-02-28,2305.58,2997.57,-23.0849,83
GOOGL,2023-06-13,2956.47,3838.54,-22.9793,84
GOOGL,2023-06-05,2957.6,3838.54,-22.9498,85
GOOGL,2022-03-08,2312.12,2997.57,-22.8669,86
GOOGL,2023-09-07,2963.07,3838.54,-22.8073,87
GOOGL,2023-10-13,2966.55,3838.54,-22.7168,88
GOOGL,2022-03-10,2321.47,2997.57,-22.5548,89
GOOGL,2022-03-01,2323.16,2997.57,-22.4985,90
GOOGL,2023-06-14,2980.53,3838.54,-22.3526,91
GOOGL,2023-08-25,2982.29,3838.54,-22.3066,92
GOOGL,2023-05-19,2983.11,3838.54,-22.2853,93
GOOGL,2023-06-08,2984.08,3838.54,-22.2599,94
GOOGL,2023-10-16,2987.29,3838.54,-22.1764,95
GOOGL,2023-06-22,2987.49,3838.54,-22.1711,96
GOOGL,2023-10-18,2987.91,3838.54,-22.1602,97
GOOGL,2023-06-20,2992.01,3838.54,-22.0533,98
GOOGL,2021-12-21,2336.66,2997.57,-22.048,99
GOOGL,2022-03-02,2337.61,2997.57,-22.0165,100
GOOGL,2021-12-22,2338.64,2997.57,-21.9819,101
GOOGL,2023-08-31,2995.51,3838.54,-21.9621,102
GOOGL,2021-12-23,2339.93,2997.57,-21.9391,103
GOOGL,2023-10-11,2997.54,3838.54,-21.9095,104
GOOGL,2023-10-12,2997.55,3838.54,-21.909,105
GOOGL,2023-10-19,2999.4,3838.54,-21.8609,106
GOOGL,2023-06-16,3007.9,3838.54,-21.6393,107
GOOGL,2023-05-23,3010.3,3838.54,-21.577,108
GOOGL,2023-05-22,3010.38,3838.54,-21.5748,109
GOOGL,2023-04-27,3012.1,3838.54,-21.53,110
GOOGL,2022-04-04,2355.72,2997.57,-21.4122,111
GOOGL,2023-09-04,3017.41,3838.54,-21.3917,112
GOOGL,2023-10-17,3018.32,3838.54,-21.368,113
GOOGL,2021-12-10,2357.4,2997.57,-21.3562,114
GOOGL,2023-09-05,3020.18,3838.54,-21.3196,115
GOOGL,2021-12-08,2360.75,2997.57,-21.2445,116
GOOGL,2023-08-30,3023.42,3838.54,-21.2352,117
GOOGL,2023-08-29,3025.78,3838.54,-21.1736,118
GOOGL,2023-05-03,3029.02,3838.54,-21.0892,119
GOOGL,2021-12-15,2365.71,2997.57,-21.079,120
GOOGL,2021-08-10,2366.1,2997.57,-21.0661,121
GOOGL,2023-05-26,3030.35,3838.54,-21.0546,122
GOOGL,2021-12-07,2369.33,2997.57,-20.9581,123
GOOGL,2021-12-09,2369.89,2997.57,-20.9396,124
GOOGL,2023-08-23,3035.24,3838.54,-20.9273,125
GOOGL,2022-03-03,2374.65,2997.57,-20.7807,126
GOOGL,2023-06-21,3040.89,3838.54,-20.7801,127
GOOGL,2021-03-12,2380.46,2997.57,-20.5871,128
GOOGL,2023-08-18,3050.57,3838.54,-20.5278,129
GOOGL,2023-04-28,3051.36,3838.54,-20.5072,130
GOOGL,2023-09-06,3052.55,3838.54,-20.4762,131
GOOGL,2023-08-28,3054.94,3838.54,-20.4139,132
GOOGL,2023-05-01,3055.92,3838.54,-20.3884,133
GOOGL,2021-03-11,2387.69,2997.57,-20.3457,134
GOOGL,2022-03-09,2387.85,2997.57,-20.3403,135
GOOGL,2021-12-16,2390.9,2997.57,-20.2387,136
GOOGL,2022-03-11,2392.47,2997.57,-20.1864,137
GOOGL,2022-04-08,2394.42,2997.57,-20.1212,138
GOOGL,2023-08-22,3067.12,3838.54,-20.0966,139
GOOGL,2023-05-02,3067.62,3838.54,-20.0837,140
GOOGL,2022-04-11,2397.17,2997.57,-20.0295,141
GOOGL,2022-03-14,2397.54,2997.57,-20.0171,142
GOOGL,2023-10-20,3072.43,3838.54,-19.9584,143
GOOGL,2023-06-28,3072.73,3838.54,-19.9505,144
GOOGL,2023-08-17,3075.22,3838.54,-19.8856,145
GOOGL,2021-12-06,2401.86,2997.57,-19.8731,146
GOOGL,2021-12-20,2401.96,2997.57,-19.8696,147
GOOGL,2022-03-28,2403.34,2997.57,-19.8236,148
GOOGL,2023-08-21,3079.06,3838.54,-19.7856,149
GOOGL,2023-04-26,3079.79,3838.54,-19.7666,150
GOOGL,2023-04-25,3081.4,3838.54,-19.7248,151
GOOGL,2022-03-31,2407.04,2997.57,-19.7003,152
GOOGL,2021-08-18,2409.26,2997.57,-19.626,153
GOOGL,2023-09-01,3086.29,3838.54,-19.5974,154
GOOGL,2021-03-19,2410.78,2997.57,-19.5754,155
GOOGL,2021-12-13,2411.26,2997.57,-19.5593,156
GOOGL,2023-05-24,3090.04,3838.54,-19.4997,157
GOOGL,2022-04-01,2418.73,2997.57,-19.3101,158
GOOGL,2021-08-13,2418.86,2997.57,-19.306,159
GOOGL,2021-03-22,2419.25,2997.57,-19.293,160
GOOGL,2021-12-17,2420.1,2997.57,-19.2646,161
GOOGL,2022-03-30,2420.7,2997.57,-19.2446,162
GOOGL,2021-08-17,2420.82,2997.57,-19.2404,163
GOOGL,2022-03-15,2421.48,2997.57,-19.2184,164
GOOGL,2023-07-05,3101.2,3838.54,-19.2088,165
GOOGL,2023-06-23,3103.75,3838.54,-19.1425,166
GOOGL,2021-03-15,2424.09,2997.57,-19.1315,167
GOOGL,2021-08-12,2424.58,2997.57,-19.115,168
GOOGL,2022-03-29,2424.59,2997.57,-19.1148,169
GOOGL,2021-12-03,2429.89,2997.57,-18.9379,170
GOOGL,2021-08-19,2430.23,2997.57,-18.9265,171
GOOGL,2021-03-17,2430.72,2997.57,-18.9104,172
GOOGL,2023-08-24,3112.9,3838.54,-18.904,173
GOOGL,2023-05-25,3114.06,3838.54,-18.8737,174
GOOGL,2021-08-16,2432.38,2997.57,-18.855,175
GOOGL,2021-08-09,2434.14,2997.57,-18.7961,176
GOOGL,2021-03-18,2434.56,2997.57,-18.7821,177
GOOGL,2021-08-06,2434.67,2997.57,-18.7783,178
GOOGL,2023-06-26,3119.52,3838.54,-18.7315,179
GOOGL,2021-12-14,2436.22,2997.57,-18.7268,180
GOOGL,2022-04-07,2436.81,2997.57,-18.7069,181
GOOGL,2021-12-02,2440.47,2997.57,-18.5851,182
GOOGL,2022-04-06,2441.84,2997.57,-18.5392,183
GOOGL,2023-06-30,3129.38,3838.54,-18.4747,184
GOOGL,2023-05-18,3129.89,3838.54,-18.4616,185
GOOGL,2021-07-19,2444.83,2997.57,-18.4394,186
GOOGL,2022-04-05,2444.89,2997.57,-18.4375,187
GOOGL,2023-05-16,3132.31,3838.54,-18.3984,188
GOOGL,2023-05-04,3132.54,3838.54,-18.3925,189
GOOGL,2021-10-21,2447.87,2997.57,-18.338,190
GOOGL,2023-07-04,3135.51,3838.54,-18.3149,191
GOOGL,2021-07-22,2448.85,2997.57,-18.3053,192
GOOGL,2021-03-16,2451.91,2997.57,-18.2032,193
GOOGL,2023-07-10,3139.84,3838.54,-18.2021,194
GOOGL,2021-12-01,2453.74,2997.57,-18.1424,195
GOOGL,2021-07-27,2454.61,2997.57,-18.1133,196
GOOGL,2021-10-19,2455.44,2997.57,-18.0857,197
GOOGL,2023-04-14,3147.2,3838.54,-18.0105,198
GOOGL,2023-07-06,3149.96,3838.54,-17.9385,199
GOOGL,2021-07-26,2461.99,2997.57,-17.8671,200
GOOGL,2022-04-12,2462.54,2997.57,-17.8486,201
GOOGL,2021-10-20,2462.6,2997.57,-17.8466,202
GOOGL,2021-10-15,2462.63,2997.57,-17.8458,203
GOOGL,2023-04-19,3155.76,3838.54,-17.7875,204
GOOGL,2021-07-23,2465.42,2997.57,-17.7528,205
GOOGL,2023-05-17,3158.58,3838.54,-17.714,206
GOOGL,2023-08-16,3159.05,3838.54,-17.7019,207
GOOGL,2023-04-18,3159.54,3838.54,-17.6891,208
GOOGL,2021-08-11,2467.52,2997.57,-17.6825,209
GOOGL,2023-06-27,3160.51,3838.54,-17.6638,210
GOOGL,2023-04-10,3167.25,3838.54,-17.4881,211
GOOGL,2021-04-15,2477.15,2997.57,-17.3613,212
GOOGL,2021-05-03,2480.48,2997.57,-17.2503,213
GOOGL,2023-07-20,3177.69,3838.54,-17.2163,214
GOOGL,2021-10-26,2481.98,2997.57,-17.2001,215
GOOGL,2021-07-16,2482.88,2997.57,-17.1701,216
GOOGL,2021-10-25,2483.02,2997.57,-17.1654,217
GOOGL,2021-04-30,2483.33,2997.57,-17.1551,218
GOOGL,2022-04-21,2483.5,2997.57,-17.1496,219
GOOGL,2021-11-30,2485.84,2997.57,-17.0715,220
GOOGL,2023-04-24,3183.97,3838.54,-17.0525,221
GOOGL,2021-08-03,2486.58,2997.57,-17.0466,222
GOOGL,2023-04-07,3185.97,3838.54,-17.0006,223
GOOGL,2021-10-22,2488.68,2997.57,-16.9765,224
GOOGL,2021-10-18,2490.19,2997.57,-16.9264,225
GOOGL,2021-03-23,2492.43,2997.57,-16.8517,226
GOOGL,2022-04-20,2492.86,2997.57,-16.8372,227
GOOGL,2023-07-03,3192.8,3838.54,-16.8225,228
GOOGL,2021-10-11,2493.38,2997.57,-16.8199,229
GOOGL,2021-03-31,2493.73,2997.57,-16.8083,230
GOOGL,2021-03-10,2495.28,2997.57,-16.7564,231
GOOGL,2023-07-21,3195.79,3838.54,-16.7447,232
GOOGL,2023-07-18,3195.82,3838.54,-16.7439,233
GOOGL,2023-04-17,3196.48,3838.54,-16.7265,234
GOOGL,2023-10-23,3197.22,3838.54,-16.7074,235
GOOGL,2023-05-15,3198.03,3838.54,-16.6862,236
GOOGL,2021-10-08,2498.18,2997.57,-16.6597,237
GOOGL,2021-06-28,2498.27,2997.57,-16.6568,238
GOOGL,2023-06-29,3200.42,3838.54,-16.624,239
GOOGL,2021-04-16,2500.28,2997.57,-16.5895,240
GOOGL,2022-04-19,2500.61,2997.57,-16.5786,241
GOOGL,2020-07-17,1839.05,2204.49,-16.5771,242
GOOGL,2022-03-16,2501.14,2997.57,-16.5611,243
GOOGL,2023-07-25,3203.5,3838.54,-16.5439,244
GOOGL,2021-07-21,2502.97,2997.57,-16.5,245
GOOGL,2021-08-20,2503.09,2997.57,-16.496,246
GOOGL,2021-03-30,2503.91,2997.57,-16.4687,247
GOOGL,2023-08-15,3206.66,3838.54,-16.4615,248
GOOGL,2023-07-11,3207.45,3838.54,-16.4409,249
GOOGL,2021-10-27,2506.61,2997.57,-16.3785,250
GOOGL,2021-04-29,2507.37,2997.57,-16.3531,251
GOOGL,2021-08-02,2508.57,2997.57,-16.3131,252
GOOGL,2023-07-24,3212.61,3838.54,-16.3064,253
GOOGL,2021-03-09,2509.15,2997.57,-16.2937,254
GOOGL,2021-11-10,2509.45,2997.57,-16.2838,255
GOOGL,2021-06-25,2509.46,2997.57,-16.2836,256
GOOGL,2023-07-07,3213.96,3838.54,-16.2713,257
GOOGL,2022-03-25,2510.07,2997.57,-16.2631,258
GOOGL,2022-03-24,2510.44,2997.57,-16.2508,259
GOOGL,2022-04-13,2512.97,2997.57,-16.1663,260
GOOGL,2023-08-10,3218.02,3838.54,-16.1654,261
GOOGL,2021-06-23,2513.3,2997.57,-16.1555,262
GOOGL,2023-07-13,3218.41,3838.54,-16.1554,263
GOOGL,2023-04-13,3220.11,3838.54,-16.111,264
GOOGL,2020-07-27,1849.62,2204.49,-16.0975,265
GOOGL,2021-05-31,2515.74,2997.57,-16.0738,266
GOOGL,2021-08-05,2516.84,2997.57,-16.0371,267
GOOGL,2021-06-24,2519.09,2997.57,-15.9623,268
GOOGL,2023-07-19,3227.12,3838.54,-15.9285,269
GOOGL,2023-04-12,3229.22,3838.54,-15.8738,270
GOOGL,2023-04-11,3229.55,3838.54,-15.8651,271
GOOGL,2021-07-28,2522.6,2997.57,-15.8451,272
GOOGL,2023-04-06,3230.48,3838.54,-15.8408,273
GOOGL,2021-04-01,2523.14,2997.57,-15.8271,274
GOOGL,2023-07-17,3231.53,3838.54,-15.8136,275
GOOGL,2021-11-29,2524.77,2997.57,-15.7726,276
GOOGL,2021-11-08,2525.83,2997.57,-15.7373,277
GOOGL,2020-07-20,1858.27,2204.49,-15.7051,278
GOOGL,2021-07-30,2527.02,2997.57,-15.6977,279
GOOGL,2022-03-17,2529.54,2997.57,-15.6135,280
GOOGL,2021-08-04,2529.79,2997.57,-15.6053,281
GOOGL,2020-07-10,1860.99,2204.49,-15.582,282
GOOGL,2021-10-14,2532.9,2997.57,-15.5014,283
GOOGL,2023-07-27,3244.78,3838.54,-15.4684,284
GOOGL,2022-04-22,2534.97,2997.57,-15.4324,285
GOOGL,2023-04-20,3247.54,3838.54,-15.3966,286
GOOGL,2021-07-06,2536.34,2997.57,-15.3867,287
GOOGL,2021-04-20,2536.88,2997.57,-15.3686,288
GOOGL,2021-09-14,2537.43,2997.57,-15.3504,289
GOOGL,2021-03-08,2538.29,2997.57,-15.3217,290
GOOGL,2020-07-28,1866.82,2204.49,-15.3172,291
GOOGL,2021-04-19,2538.83,2997.57,-15.3038,292
GOOGL,2021-09-09,2538.91,2997.57,-15.3011,293
GOOGL,2021-07-20,2538.95,2997.57,-15.2996,294
GOOGL,2023-10-24,3251.52,3838.54,-15.2928,295
GOOGL,2021-03-24,2540.23,2997.57,-15.257,296
GOOGL,2021-05-04,2540.51,2997.57,-15.2477,297
GOOGL,2021-08-23,2541.42,2997.57,-15.2172,298
GOOGL,2021-09-13,2542.19,2997.57,-15.1917,299
GOOGL,2022-03-22,2542.45,2997.57,-15.1828,300
GOOGL,2022-03-23,2542.85,2997.57,-15.1696,301
GOOGL,2021-10-07,2543.08,2997.57,-15.1618,302
GOOGL,2023-07-26,3256.55,3838.54,-15.1618,303
GOOGL,2021-06-17,2543.53,2997.57,-15.1469,304
GOOGL,2021-07-08,2544.5,2997.57,-15.1144,305
GOOGL,2023-03-23,3259.09,3838.54,-15.0956,306
GOOGL,2021-03-26,2545.1,2997.57,-15.0945,307
GOOGL,2021-06-22,2545.76,2997.57,-15.0723,308
GOOGL,2021-07-05,2546.5,2997.57,-15.0478,309
GOOGL,2023-07-28,3261.27,3838.54,-15.0387,310
GOOGL,2023-05-12,3262.02,3838.54,-15.0193,311
GOOGL,2021-04-12,2547.43,2997.57,-15.0166,312
GOOGL,2021-07-15,2549.59,2997.57,-14.9446,313
GOOGL,2022-03-18,2550.52,2997.57,-14.9136,314
GOOGL,2021-07-29,2550.69,2997.57,-14.9082,315
GOOGL,2020-07-13,1875.85,2204.49,-14.9079,316
GOOGL,2021-10-12,2550.91,2997.57,-14.9008,317
GOOGL,2022-04-25,2551.61,2997.57,-14.8774,318
GOOGL,2023-03-15,3267.96,3838.54,-14.8646,319
GOOGL,2021-04-13,2552.18,2997.57,-14.8583,320
GOOGL,2021-10-13,2552.44,2997.57,-14.8498,321
GOOGL,2020-07-14,1877.17,2204.49,-14.8479,322
GOOGL,2023-08-11,3268.73,3838.54,-14.8443,323
GOOGL,2021-07-07,2552.98,2997.57,-14.8316,324
GOOGL,2021-09-15,2553.3,2997.57,-14.821,325
GOOGL,2023-03-28,3271.02,3838.54,-14.7847,326
GOOGL,2023-08-09,3271.22,3838.54,-14.7796,327
GOOGL,2023-04-03,3271.59,3838.54,-14.7698,328
GOOGL,2023-03-24,3271.87,3838.54,-14.7626,329
GOOGL,2022-04-14,2555.65,2997.57,-14.7424,330
GOOGL,2023-08-08,3273.38,3838.54,-14.7233,331
GOOGL,2023-07-12,3273.69,3838.54,-14.7152,332
GOOGL,2020-07-24,1880.33,2204.49,-14.7044,333
GOOGL,2021-11-23,2557.38,2997.57,-14.6848,334
GOOGL,2021-07-09,2557.39,2997.57,-14.6846,335
GOOGL,2021-11-26,2558.23,2997.57,-14.6564,336
GOOGL,2021-11-09,2558.99,2997.57,-14.6311,337
GOOGL,2021-04-02,2560.47,2997.57,-14.5817,338
GOOGL,2021-06-02,2560.99,2997.57,-14.5644,339
GOOGL,2021-11-05,2561.18,2997.57,-14.558,340
GOOGL,2023-04-21,3281.19,3838.54,-14.5199,341
GOOGL,2021-04-14,2562.33,2997.57,-14.5198,342
GOOGL,2023-03-27,3282.54,3838.54,-14.4846,343
GOOGL,2022-03-21,2564.01,2997.57,-14.4637,344
GOOGL,2021-06-29,2564.58,2997.57,-14.4448,345
GOOGL,2021-07-01,2564.65,2997.57,-14.4424,346
GOOGL,2020-07-16,1886.84,2204.49,-14.4092,347
GOOGL,2021-08-25,2565.81,2997.57,-14.4035,348
GOOGL,2021-02-17,2566.27,2997.57,-14.3883,349
GOOGL,2021-03-25,2567.14,2997.57,-14.3594,350
GOOGL,2022-04-18,2568.31,2997.57,-14.3203,351
GOOGL,2020-07-15,1889.26,2204.49,-14.2994,352
GOOGL,2023-05-08,3292.63,3838.54,-14.2217,353
GOOGL,2021-04-28,2573.14,2997.57,-14.159,354
GOOGL,2021-06-21,2573.37,2997.57,-14.1513,355
GOOGL,2023-03-29,3296.2,3838.54,-14.1289,356
GOOGL,2021-06-03,2574.47,2997.57,-14.1147,357
GOOGL,2021-11-11,2575.27,2997.57,-14.0881,358
GOOGL,2021-09-28,2576.25,2997.57,-14.0553,359
GOOGL,2023-03-30,3299.21,3838.54,-14.0503,360
GOOGL,2021-03-01,2577.72,2997.57,-14.0063,361
GOOGL,2021-10-06,2578.01,2997.57,-13.9967,362
GOOGL,2021-07-14,2578.3,2997.57,-13.987,363
GOOGL,2021-02-16,2579.29,2997.57,-13.9538,364
GOOGL,2021-02-25,2581.56,2997.57,-13.8782,365
GOOGL,2021-09-08,2581.66,2997.57,-13.8748,366
GOOGL,2020-11-20,2258.8,2622.26,-13.8608,367
GOOGL,2021-07-02,2582.37,2997.57,-13.8513,368
GOOGL,2021-08-26,2583.04,2997.57,-13.8288,369
GOOGL,2023-05-05,3307.72,3838.54,-13.8288,370
GOOGL,2021-03-29,2583.22,2997.57,-13.8227,371
GOOGL,2022-04-15,2583.97,2997.57,-13.7977,372
GOOGL,2023-03-31,3309.05,3838.54,-13.7941,373
GOOGL,2023-04-05,3310.45,3838.54,-13.7576,374
GOOGL,2022-04-29,2585.84,2997.57,-13.7354,375
GOOGL,2023-05-11,3311.42,3838.54,-13.7324,376
GOOGL,2021-11-04,2586.28,2997.57,-13.7207,377
GOOGL,2021-09-07,2586.42,2997.57,-13.7161,378
GOOGL,2021-04-09,2586.63,2997.57,-13.7091,379
GOOGL,2021-06-18,2587.22,2997.57,-13.6895,380
GOOGL,2021-04-27,2587.38,2997.57,-13.684,381
GOOGL,2021-04-26,2589.31,2997.57,-13.6197,382
GOOGL,2023-05-09,3316.98,3838.54,-13.5875,383
GOOGL,2021-07-12,2591.92,2997.57,-13.5326,384
GOOGL,2021-09-10,2591.94,2997.57,-13.532,385
GOOGL,2023-07-14,3319.43,3838.54,-13.5236,386
GOOGL,2020-07-29,1906.39,2204.49,-13.5223,387
GOOGL,2021-08-27,2592.43,2997.57,-13.5156,388
GOOGL,2021-11-17,2592.97,2997.57,-13.4974,389
GOOGL,2023-03-22,3320.63,3838.54,-13.4923,390
GOOGL,2020-11-23,2268.66,2622.26,-13.4847,391
GOOGL,2021-11-24,2593.39,2997.57,-13.4834,392
GOOGL,2023-03-16,3321.14,3838.54,-13.479,393
GOOGL,2021-09-24,2593.97,2997.57,-13.4642,394
GOOGL,2023-08-14,3321.75,3838.54,-13.4633,395
GOOGL,2021-06-01,2594.28,2997.57,-13.4538,396
GOOGL,2021-04-05,2594.89,2997.57,-13.4334,397
GOOGL,2021-02-18,2595.97,2997.57,-13.3974,398
GOOGL,2021-09-06,2596.22,2997.57,-13.3892,399
GOOGL,2023-05-10,3325.4,3838.54,-13.3681,400
GOOGL,2021-10-04,2599.22,2997.57,-13.2889,401
GOOGL,2021-09-27,2601.0,2997.57,-13.2296,402
GOOGL,2021-06-16,2601.11,2997.57,-13.226,403
GOOGL,2021-03-05,2602.34,2997.57,-13.1848,404
GOOGL,2020-07-09,1913.92,2204.49,-13.1811,405
GOOGL,2023-10-26,3332.82,3838.54,-13.1747,406
GOOGL,2021-04-07,2603.37,2997.57,-13.1506,407
GOOGL,2021-05-28,2604.26,2997.57,-13.121,408
GOOGL,2023-07-31,3335.02,3838.54,-13.1175,409
GOOGL,2023-04-04,3335.19,3838.54,-13.113,410
GOOGL,2021-06-04,2605.83,2997.57,-13.0685,411
GOOGL,2020-07-30,1917.14,2204.49,-13.0346,412
GOOGL,2021-04-23,2606.9,2997.57,-13.0328,413
GOOGL,2021-11-18,2608.05,2997.57,-12.9944,414
GOOGL,2021-07-13,2608.2,2997.57,-12.9895,415
GOOGL,2020-11-30,2282.96,2622.26,-12.9395,416
GOOGL,2021-10-28,2610.25,2997.57,-12.9212,417
GOOGL,2021-11-25,2611.15,2997.57,-12.891,418
GOOGL,2021-04-06,2611.2,2997.57,-12.8893,419
GOOGL,2021-08-30,2611.5,2997.57,-12.8794,420
GOOGL,2020-12-16,2284.54,2622.26,-12.8789,421
GOOGL,2021-11-12,2613.94,2997.57,-12.7978,422
GOOGL,2021-08-24,2615.25,2997.57,-12.7543,423
GOOGL,2021-02-24,2615.52,2997.57,-12.7452,424
GOOGL,2021-11-15,2616.77,2997.57,-12.7034,425
GOOGL,2023-08-07,3351.29,3838.54,-12.6936,426
GOOGL,2021-11-16,2618.61,2997.57,-12.6423,427
GOOGL,2023-11-06,3354.14,3838.54,-12.6194,428
GOOGL,2021-02-26,2621.13,2997.57,-12.5581,429
GOOGL,2021-09-16,2621.27,2997.57,-12.5535,430
GOOGL,2021-03-02,2621.28,2997.57,-12.553,431
GOOGL,2021-02-19,2621.9,2997.57,-12.5323,432
GOOGL,2020-07-21,1928.36,2204.49,-12.5259,433
GOOGL,2021-09-17,2622.57,2997.57,-12.5102,434
GOOGL,2021-04-22,2622.93,2997.57,-12.4981,435
GOOGL,2021-09-29,2623.22,2997.57,-12.4884,436
GOOGL,2020-07-23,1930.43,2204.49,-12.432,437
GOOGL,2021-10-05,2626.26,2997.57,-12.3871,438
GOOGL,2021-02-23,2629.94,2997.57,-12.2642,439
GOOGL,2024-02-05,4498.03,5125.24,-12.2377,440
GOOGL,2021-11-22,2630.75,2997.57,-12.2373,441
GOOGL,2023-08-03,3369.08,3838.54,-12.2301,442
GOOGL,2021-11-03,2631.3,2997.57,-12.2187,443
GOOGL,2021-04-08,2631.8,2997.57,-12.2022,444
GOOGL,2021-05-24,2631.85,2997.57,-12.2005,445
GOOGL,2023-10-25,3370.36,3838.54,-12.1968,446
GOOGL,2022-04-26,2632.38,2997.57,-12.1828,447
GOOGL,2021-03-04,2633.01,2997.57,-12.1617,448
GOOGL,2021-03-03,2633.43,2997.57,-12.1479,449
GOOGL,2020-11-17,2304.9,2622.26,-12.1027,450
GOOGL,2023-03-17,3375.84,3838.54,-12.054,451
GOOGL,2020-11-25,2306.92,2622.26,-12.0256,452
GOOGL,2021-05-25,2638.85,2997.57,-11.967,453
GOOGL,2020-11-19,2308.5,2622.26,-11.9655,454
GOOGL,2023-10-27,3379.67,3838.54,-11.9543,455
GOOGL,2021-05-17,2639.78,2997.57,-11.9359,456
GOOGL,2021-06-30,2642.04,2997.57,-11.8604,457
GOOGL,2021-02-15,2642.32,2997.57,-11.8511,458
GOOGL,2023-11-01,3383.94,3838.54,-11.843,459
GOOGL,2021-05-11,2642.9,2997.57,-11.8317,460
GOOGL,2020-07-08,1944.35,2204.49,-11.8004,461
GOOGL,2021-05-27,2643.91,2997.57,-11.7982,462
GOOGL,2020-07-22,1944.68,2204.49,-11.7856,463
GOOGL,2020-11-18,2313.92,2622.26,-11.7587,464
GOOGL,2023-08-01,3387.58,3838.54,-11.7483,465
GOOGL,2020-11-24,2314.73,2622.26,-11.7277,466
GOOGL,2021-02-22,2647.23,2997.57,-11.6875,467
GOOGL,2020-07-31,1947.7,2204.49,-11.6486,468
GOOGL,2021-05-10,2649.03,2997.57,-11.6272,469
GOOGL,2021-05-05,2650.31,2997.57,-11.5847,470
GOOGL,2020-08-07,1950.09,2204.49,-11.54,471
GOOGL,2021-06-09,2651.98,2997.57,-11.5288,472
GOOGL,2020-11-26,2320.25,2622.26,-11.5171,473
GOOGL,2021-11-01,2653.68,2997.57,-11.4721,474
GOOGL,2021-09-02,2654.3,2997.57,-11.4516,475
GOOGL,2020-08-10,1952.09,2204.49,-11.4494,476
GOOGL,2021-10-01,2654.87,2997.57,-11.4324,477
GOOGL,2021-04-21,2655.16,2997.57,-11.4229,478
GOOGL,2021-11-02,2655.69,2997.57,-11.4053,479
GOOGL,2024-08-13,6430.34,7257.38,-11.3958,480
GOOGL,2021-10-29,2656.29,2997.57,-11.3853,481
GOOGL,2022-05-02,2656.29,2997.57,-11.3852,482
GOOGL,2023-08-04,3405.03,3838.54,-11.2937,483
GOOGL,2023-03-14,3405.24,3838.54,-11.288,484
GOOGL,2022-05-04,2659.64,2997.57,-11.2735,485
GOOGL,2024-01-31,4549.83,5125.24,-11.227,486
GOOGL,2021-09-30,2662.3,2997.57,-11.1845,487
GOOGL,2021-06-10,2662.52,2997.57,-11.1773,488
GOOGL,2021-05-14,2663.05,2997.57,-11.1596,489
GOOGL,2021-09-23,2663.41,2997.57,-11.1477,490
GOOGL,2021-11-19,2664.09,2997.57,-11.1251,491
GOOGL,2023-10-31,3412.77,3838.54,-11.092,492
GOOGL,2024-06-04,5089.38,5722.32,-11.0609,493
GOOGL,2020-11-27,2333.89,2622.26,-10.9972,494
GOOGL,2020-12-17,2335.32,2622.26,-10.9426,495
GOOGL,2021-09-20,2671.23,2997.57,-10.8867,496
GOOGL,2024-08-27,6470.97,7257.38,-10.8361,497
GOOGL,2021-09-01,2672.86,2997.57,-10.8323,498
GOOGL,2020-08-11,1965.7,2204.49,-10.8321,499
GOOGL,2022-04-28,2673.21,2997.57,-10.8207,500
GOOGL,2020-12-15,2339.92,2622.26,-10.7673,501
GOOGL,2021-06-15,2676.1,2997.57,-10.7242,502
GOOGL,2021-06-08,2677.3,2997.57,-10.6844,503
GOOGL,2024-02-02,4579.61,5125.24,-10.646,504
GOOGL,2021-05-18,2679.68,2997.57,-10.6048,505
GOOGL,2023-03-20,3432.47,3838.54,-10.5787,506
GOOGL,2024-03-01,4584.84,5125.24,-10.5438,507
GOOGL,2020-08-05,1972.37,2204.49,-10.5296,508
GOOGL,2021-08-31,2682.17,2997.57,-10.5217,509
GOOGL,2021-05-07,2682.23,2997.57,-10.5196,510
GOOGL,2024-08-26,6495.12,7257.38,-10.5032,511
GOOGL,2021-09-03,2683.08,2997.57,-10.4913,512
GOOGL,2021-06-07,2683.23,2997.57,-10.4864,513
GOOGL,2021-05-26,2683.99,2997.57,-10.4612,514
GOOGL,2023-11-03,3437.85,3838.54,-10.4386,515
GOOGL,2020-08-03,1975.29,2204.49,-10.3969,516
GOOGL,2023-08-02,3440.66,3838.54,-10.3654,517
GOOGL,2021-02-09,2687.08,2997.57,-10.358,518
GOOGL,2024-08-23,6517.4,7257.38,-10.1962,519
GOOGL,2020-08-06,1980.23,2204.49,-10.1727,520
GOOGL,2024-08-09,6519.33,7257.38,-10.1697,521
GOOGL,2020-12-02,2355.67,2622.26,-10.1664,522
GOOGL,2024-08-12,6523.5,7257.38,-10.1122,523
GOOGL,2022-04-27,2694.5,2997.57,-10.1104,524
GOOGL,2020-08-13,1982.21,2204.49,-10.0832,525
GOOGL,2021-02-10,2696.23,2997.57,-10.0529,526
GOOGL,2020-12-14,2358.79,2622.26,-10.0477,527
GOOGL,2024-02-06,4610.56,5125.24,-10.042,528
GOOGL,2023-11-07,3454.8,3838.54,-9.9969,529
GOOGL,2023-03-21,3454.83,3838.54,-9.9962,530
GOOGL,2022-06-06,2738.58,3038.47,-9.8698,531
GOOGL,2024-02-01,4623.97,5125.24,-9.7805,532
GOOGL,2022-07-21,2744.46,3038.47,-9.6763,533
GOOGL,2021-05-20,2708.35,2997.57,-9.6483,534
GOOGL,2021-09-21,2708.71,2997.57,-9.6363,535
GOOGL,2023-10-30,3468.66,3838.54,-9.6359,536
GOOGL,2024-08-22,6565.05,7257.38,-9.5397,537
GOOGL,2020-08-04,1995.68,2204.49,-9.4722,538
GOOGL,2020-12-01,2375.08,2622.26,-9.4264,539
GOOGL,2024-02-07,4642.42,5125.24,-9.4204,540
GOOGL,2024-02-27,4642.64,5125.24,-9.4161,541
GOOGL,2022-11-11,3276.95,3615.71,-9.369,542
GOOGL,2021-05-19,2716.73,2997.57,-9.3687,543
GOOGL,2021-09-22,2716.93,2997.57,-9.3623,544
GOOGL,2021-05-06,2719.94,2997.57,-9.2618,545
GOOGL,2023-02-20,3485.04,3838.54,-9.2092,546
GOOGL,2020-08-14,2001.72,2204.49,-9.1982,547
GOOGL,2022-06-07,2759.01,3038.47,-9.1975,548
GOOGL,2021-06-14,2722.94,2997.57,-9.1617,549
GOOGL,2021-02-11,2724.04,2997.57,-9.1249,550
GOOGL,2023-03-13,3488.69,3838.54,-9.1142,551
GOOGL,2020-12-11,2384.59,2622.26,-9.0635,552
GOOGL,2022-07-15,2763.1,3038.47,-9.0628,553
GOOGL,2022-05-03,2727.31,2997.57,-9.0161,554
GOOGL,2020-12-03,2386.72,2622.26,-8.9824,555
GOOGL,2021-05-13,2728.81,2997.57,-8.9658,556
GOOGL,2022-12-09,3425.19,3761.54,-8.9418,557
GOOGL,2021-06-11,2729.82,2997.57,-8.9323,558
GOOGL,2021-02-08,2730.45,2997.57,-8.9113,559
GOOGL,2024-03-04,4670.35,5125.24,-8.8754,560
GOOGL,2024-03-05,4671.51,5125.24,-8.8528,561
GOOGL,2021-02-05,2732.24,2997.57,-8.8513,562
GOOGL,2023-02-27,3498.82,3838.54,-8.8501,563
GOOGL,2023-11-02,3499.36,3838.54,-8.8362,564
GOOGL,2021-05-12,2735.46,2997.57,-8.7442,565
GOOGL,2020-11-16,2392.97,2622.26,-8.7441,566
GOOGL,2024-06-05,5224.11,5722.32,-8.7064,567
GOOGL,2023-02-14,3504.93,3838.54,-8.691,568
GOOGL,2022-05-05,2738.49,2997.57,-8.643,569
GOOGL,2024-06-03,5230.34,5722.32,-8.5975,570
GOOGL,2023-02-24,3509.01,3838.54,-8.5848,571
GOOGL,2020-12-10,2397.95,2622.26,-8.5542,572
GOOGL,2022-12-12,3442.03,3761.54,-8.4942,573
GOOGL,2020-07-07,2017.36,2204.49,-8.4886,574
GOOGL,2021-05-21,2745.47,2997.57,-8.4102,575
GOOGL,2022-12-08,3448.03,3761.54,-8.3347,576
GOOGL,2024-02-29,4698.43,5125.24,-8.3275,577
GOOGL,2023-03-06,3520.1,3838.54,-8.2958,578
GOOGL,2023-02-28,3520.59,3838.54,-8.2832,579
GOOGL,2021-02-04,2749.29,2997.57,-8.2828,580
GOOGL,2024-08-20,6657.22,7257.38,-8.2696,581
GOOGL,2020-08-27,2026.41,2206.03,-8.1421,582
GOOGL,2020-12-18,2408.77,2622.26,-8.1414,583
GOOGL,2024-01-30,4708.58,5125.24,-8.1295,584
GOOGL,2022-07-18,2791.84,3038.47,-8.1171,585
GOOGL,2024-02-09,4711.3,5125.24,-8.0765,586
GOOGL,2022-06-23,2793.64,3038.47,-8.0576,587
GOOGL,2024-08-21,6674.06,7257.38,-8.0376,588
GOOGL,2022-06-08,2794.92,3038.47,-8.0155,589
GOOGL,2020-07-06,2028.56,2204.49,-7.9803,590
GOOGL,2022-07-04,2796.55,3038.47,-7.962,591
GOOGL,2022-05-06,2760.25,2997.57,-7.917,592
GOOGL,2021-02-12,2760.71,2997.57,-7.9018,593
GOOGL,2020-08-12,2030.47,2204.49,-7.8938,594
GOOGL,2023-03-07,3535.71,3838.54,-7.8892,595
GOOGL,2022-06-22,2799.11,3038.47,-7.8777,596
GOOGL,2023-11-08,3536.29,3838.54,-7.8742,597
GOOGL,2024-02-08,4722.84,5125.24,-7.8512,598
GOOGL,2022-12-07,3466.61,3761.54,-7.8408,599
GOOGL,2022-07-14,2801.61,3038.47,-7.7953,600
GOOGL,2023-11-13,3540.17,3838.54,-7.7729,601
GOOGL,2020-12-07,2418.65,2622.26,-7.7649,602
GOOGL,2022-11-10,3335.67,3615.71,-7.7452,603
GOOGL,2023-03-01,3544.88,3838.54,-7.6504,604
GOOGL,2023-03-08,3545.78,3838.54,-7.6268,605
GOOGL,2022-11-14,3340.23,3615.71,-7.6188,606
GOOGL,2024-08-28,6706.51,7257.38,-7.5905,607
GOOGL,2020-12-04,2423.35,2622.26,-7.5854,608
GOOGL,2022-05-09,2770.57,2997.57,-7.5728,609
GOOGL,2024-06-06,5289.2,5722.32,-7.569,610
GOOGL,2022-12-06,3478.0,3761.54,-7.5379,611
GOOGL,2024-02-28,4739.25,5125.24,-7.5311,612
GOOGL,2020-11-13,2426.48,2622.26,-7.4661,613
GOOGL,2022-07-20,2812.53,3038.47,-7.436,614
GOOGL,2024-08-19,6719.58,7257.38,-7.4104,615
GOOGL,2023-02-15,3555.31,3838.54,-7.3786,616
GOOGL,2023-03-02,3557.72,3838.54,-7.3157,617
GOOGL,2024-10-07,6961.99,7511.5,-7.3156,618
GOOGL,2023-11-14,3561.56,3838.54,-7.2158,619
GOOGL,2022-06-03,2819.91,3038.47,-7.1932,620
GOOGL,2024-03-14,4758.27,5125.24,-7.16,621
GOOGL,2023-03-09,3563.81,3838.54,-7.157,622
GOOGL,2020-11-11,2434.85,2622.26,-7.1468,623
GOOGL,2024-10-08,6977.02,7511.5,-7.1154,624
GOOGL,2023-02-22,3565.66,3838.54,-7.109,625
GOOGL,2022-06-09,2823.07,3038.47,-7.0891,626
GOOGL,2023-11-10,3567.16,3838.54,-7.07,627
GOOGL,2024-08-15,6745.26,7257.38,-7.0565,628
GOOGL,2023-11-09,3567.76,3838.54,-7.0542,629
GOOGL,2022-07-12,2824.42,3038.47,-7.0448,630
GOOGL,2020-12-25,2439.6,2622.26,-6.966,631
GOOGL,2023-03-10,3571.17,3838.54,-6.9654,632
GOOGL,2022-06-02,2827.14,3038.47,-6.955,633
GOOGL,2022-06-30,2827.32,3038.47,-6.9493,634
GOOGL,2023-02-16,3572.8,3838.54,-6.9228,635
GOOGL,2024-05-31,5326.78,5722.32,-6.9123,636
GOOGL,2020-06-09,1974.18,2120.15,-6.885,637
GOOGL,2024-08-29,6759.31,7257.38,-6.863,638
GOOGL,2023-02-06,3575.69,3838.54,-6.8476,639
GOOGL,2023-02-17,3576.0,3838.54,-6.8397,640
GOOGL,2022-07-01,2830.93,3038.47,-6.8303,641
GOOGL,2022-11-25,3504.67,3761.54,-6.8289,642
GOOGL,2024-08-14,6762.11,7257.38,-6.8243,643
GOOGL,2020-06-03,1976.01,2120.15,-6.7987,644
GOOGL,2022-07-11,2832.29,3038.47,-6.7858,645
GOOGL,2022-05-31,2832.79,3038.47,-6.7692,646
GOOGL,2022-11-15,3371.03,3615.71,-6.767,647
GOOGL,2024-08-08,6767.67,7257.38,-6.7478,648
GOOGL,2023-01-25,3539.51,3795.43,-6.7426,649
GOOGL,2020-06-16,1977.67,2120.15,-6.7203,650
GOOGL,2022-06-28,2835.36,3038.47,-6.6848,651
GOOGL,2024-10-04,7009.78,7511.5,-6.6794,652
GOOGL,2024-03-06,4783.44,5125.24,-6.6689,653
GOOGL,2020-12-08,2448.24,2622.26,-6.6363,654
GOOGL,2022-05-30,2836.9,3038.47,-6.6341,655
GOOGL,2020-06-10,1979.51,2120.15,-6.6333,656
GOOGL,2020-06-05,1980.77,2120.15,-6.574,657
GOOGL,2020-08-17,2059.97,2204.49,-6.5557,658
GOOGL,2022-06-20,2841.75,3038.47,-6.4743,659
GOOGL,2022-06-01,2841.82,3038.47,-6.4722,660
GOOGL,2020-11-09,2452.64,2622.26,-6.4688,661
GOOGL,2023-01-27,3551.12,3795.43,-6.4368,662
GOOGL,2020-06-12,1984.07,2120.15,-6.4182,663
GOOGL,2022-07-19,2843.79,3038.47,-6.4072,664
GOOGL,2020-06-02,1984.47,2120.15,-6.3996,665
GOOGL,2022-12-14,3520.97,3761.54,-6.3955,666
GOOGL,2022-06-29,2844.27,3038.47,-6.3913,667
GOOGL,2024-04-26,4797.92,5125.24,-6.3865,668
GOOGL,2023-03-03,3593.62,3838.54,-6.3805,669
GOOGL,2022-11-07,3385.21,3615.71,-6.375,670
GOOGL,2020-12-21,2455.41,2622.26,-6.3628,671
GOOGL,2023-02-21,3597.24,3838.54,-6.2863,672
GOOGL,2022-09-29,3128.37,3337.22,-6.258,673
GOOGL,2024-03-18,4806.98,5125.24,-6.2097,674
GOOGL,2023-01-26,3560.87,3795.43,-6.1799,675
GOOGL,2020-11-10,2461.13,2622.26,-6.1448,676
GOOGL,2020-12-09,2461.35,2622.26,-6.1364,677
GOOGL,2022-08-12,2910.06,3099.89,-6.1238,678
GOOGL,2024-06-07,5372.08,5722.32,-6.1206,679
GOOGL,2023-02-23,3604.3,3838.54,-6.1023,680
GOOGL,2022-08-11,2910.88,3099.89,-6.0972,681
GOOGL,2022-07-13,2853.51,3038.47,-6.0872,682
GOOGL,2024-03-19,4813.37,5125.24,-6.085,683
GOOGL,2020-06-15,1991.86,2120.15,-6.051,684
GOOGL,2022-06-27,2855.16,3038.47,-6.0331,685
GOOGL,2022-12-15,3534.78,3761.54,-6.0283,686
GOOGL,2024-03-15,4816.77,5125.24,-6.0185,687
GOOGL,2024-03-11,4819.19,5125.24,-5.9714,688
GOOGL,2020-11-12,2465.71,2622.26,-5.9702,689
GOOGL,2024-08-30,6825.58,7257.38,-5.9499,690
GOOGL,2022-07-05,2857.74,3038.47,-5.948,691
GOOGL,2022-06-24,2858.21,3038.47,-5.9327,692
GOOGL,2022-07-08,2858.48,3038.47,-5.9237,693
GOOGL,2022-12-13,3538.74,3761.54,-5.9232,694
GOOGL,2020-08-28,2075.54,2206.03,-5.9154,695
GOOGL,2024-02-22,4824.7,5125.24,-5.864,696
GOOGL,2024-02-23,4825.8,5125.24,-5.8425,697
GOOGL,2024-03-07,4826.55,5125.24,-5.8278,698
GOOGL,2022-11-04,3406.52,3615.71,-5.7856,699
GOOGL,2024-03-08,4829.76,5125.24,-5.7651,700
GOOGL,2020-12-28,2471.19,2622.26,-5.7613,701
GOOGL,2024-03-13,4832.2,5125.24,-5.7176,702
GOOGL,2022-09-27,3147.9,3337.22,-5.6729,703
GOOGL,2020-12-24,2474.04,2622.26,-5.6525,704
GOOGL,2023-02-13,3624.49,3838.54,-5.5764,705
GOOGL,2022-10-03,3151.59,3337.22,-5.5623,706
GOOGL,2024-10-11,7095.27,7511.5,-5.5412,707
GOOGL,2024-10-01,7095.61,7511.5,-5.5367,708
GOOGL,2022-08-25,2928.59,3099.89,-5.5261,709
GOOGL,2022-11-02,3419.9,3615.71,-5.4154,710
GOOGL,2024-04-25,4847.81,5125.24,-5.4129,711
GOOGL,2020-06-17,2005.59,2120.15,-5.4033,712
GOOGL,2020-12-30,2481.64,2622.26,-5.3627,713
GOOGL,2024-10-02,7111.28,7511.5,-5.328,714
GOOGL,2022-12-23,3561.78,3761.54,-5.3105,715
GOOGL,2020-06-11,2007.56,2120.15,-5.3104,716
GOOGL,2020-03-13,1730.2,1826.9,-5.2933,717
GOOGL,2020-12-29,2483.54,2622.26,-5.2903,718
GOOGL,2020-06-08,2008.55,2120.15,-5.2637,719
GOOGL,2022-06-10,2881.04,3038.47,-5.1814,720
GOOGL,2024-02-26,4861.17,5125.24,-5.1523,721
GOOGL,2022-10-31,3429.58,3615.71,-5.1479,722
GOOGL,2022-09-30,3165.46,3337.22,-5.1468,723
GOOGL,2020-08-18,2091.18,2204.49,-5.1401,724
GOOGL,2024-01-26,4862.02,5125.24,-5.1358,725
GOOGL,2024-03-25,4862.55,5125.24,-5.1255,726
GOOGL,2022-09-01,2941.62,3099.89,-5.1055,727
GOOGL,2020-03-26,1734.5,1826.9,-5.0578,728
GOOGL,2022-10-28,3432.84,3615.71,-5.0575,729
GOOGL,2024-10-03,7132.58,7511.5,-5.0445,730
GOOGL,2024-03-12,4866.73,5125.24,-5.0438,731
GOOGL,2020-09-03,2094.89,2206.03,-5.0379,732
GOOGL,2024-07-23,6672.85,7026.2,-5.029,733
GOOGL,2022-09-26,3169.53,3337.22,-5.0248,734
GOOGL,2024-06-10,5435.96,5722.32,-5.0042,735
GOOGL,2020-11-04,2491.7,2622.26,-4.9791,736
GOOGL,2020-09-02,2096.3,2206.03,-4.974,737
GOOGL,2022-06-17,2888.14,3038.47,-4.9475,738
GOOGL,2024-10-09,7139.89,7511.5,-4.9472,739
GOOGL,2024-09-27,7140.54,7511.5,-4.9385,740
GOOGL,2023-02-03,3649.65,3838.54,-4.9208,741
GOOGL,2024-09-02,6900.33,7257.38,-4.9198,742
GOOGL,2020-06-18,2015.93,2120.15,-4.9157,743
GOOGL,2020-11-03,2494.18,2622.26,-4.8846,744
GOOGL,2020-09-04,2098.41,2206.03,-4.8784,745
GOOGL,2020-03-25,1738.21,1826.9,-4.8546,746
GOOGL,2020-03-11,1738.24,1826.9,-4.8529,747
GOOGL,2022-09-28,3175.31,3337.22,-4.8516,748
GOOGL,2024-09-30,7148.43,7511.5,-4.8335,749
GOOGL,2022-08-15,2950.18,3099.89,-4.8296,750
GOOGL,2020-03-12,1739.21,1826.9,-4.7999,751
GOOGL,2021-01-05,2497.05,2622.26,-4.7751,752
GOOGL,2022-05-26,2893.56,3038.47,-4.7691,753
GOOGL,2023-01-19,3614.57,3795.43,-4.765,754
GOOGL,2024-10-14,7153.94,7511.5,-4.7601,755
GOOGL,2022-06-13,2894.04,3038.47,-4.7535,756
GOOGL,2020-06-19,2019.49,2120.15,-4.748,757
GOOGL,2024-08-07,6913.76,7257.38,-4.7348,758
GOOGL,2023-01-24,3615.95,3795.43,-4.7289,759
GOOGL,2024-08-16,6917.02,7257.38,-4.6899,760
GOOGL,2023-02-07,3659.5,3838.54,-4.6644,761
GOOGL,2022-12-16,3586.16,3761.54,-4.6623,762
GOOGL,2024-07-24,6698.9,7026.2,-4.6583,763
GOOGL,2022-05-10,2858.4,2997.57,-4.6425,764
GOOGL,2022-12-20,3587.06,3761.54,-4.6385,765
GOOGL,2024-06-11,5456.93,5722.32,-4.6377,766
GOOGL,2020-06-04,2021.9,2120.15,-4.6342,767
GOOGL,2024-10-28,7987.49,8375.57,-4.6335,768
GOOGL,2022-11-03,3448.23,3615.71,-4.6319,769
GOOGL,2020-07-03,2102.55,2204.49,-4.6241,770
GOOGL,2022-11-08,3448.66,3615.71,-4.62,771
GOOGL,2020-09-07,2104.92,2206.03,-4.5833,772
GOOGL,2020-12-23,2502.23,2622.26,-4.5775,773
GOOGL,2020-02-17,1582.79,1658.56,-4.5684,774
GOOGL,2022-05-24,2899.79,3038.47,-4.5642,775
GOOGL,2024-04-10,4894.88,5125.24,-4.4946,776
GOOGL,2022-12-05,3592.8,3761.54,-4.486,777
GOOGL,2021-01-18,2695.32,2821.75,-4.4807,778
GOOGL,2020-05-20,1949.99,2040.86,-4.4529,779
GOOGL,2022-08-10,2962.2,3099.89,-4.4418,780
GOOGL,2020-08-25,2108.21,2206.03,-4.4341,781
GOOGL,2020-01-30,1502.79,1572.45,-4.43,782
GOOGL,2024-01-29,4898.45,5125.24,-4.4248,783
GOOGL,2024-10-10,7179.6,7511.5,-4.4185,784
GOOGL,2022-12-21,3596.1,3761.54,-4.3983,785
GOOGL,2020-08-26,2109.42,2206.03,-4.3792,786
GOOGL,2020-09-01,2109.58,2206.03,-4.3722,787
GOOGL,2022-09-20,3191.38,3337.22,-4.3701,788
GOOGL,2024-09-05,6942.09,7257.38,-4.3444,789
GOOGL,2023-11-15,3672.04,3838.54,-4.3375,790
GOOGL,2023-11-24,3681.34,3848.17,-4.3352,791
GOOGL,2020-04-01,1748.16,1826.9,-4.3099,792
GOOGL,2020-10-27,2509.8,2622.26,-4.2888,793
GOOGL,2021-01-29,2869.01,2997.57,-4.2888,794
GOOGL,2024-03-26,4905.69,5125.24,-4.2836,795
GOOGL,2024-10-29,8016.8,8375.57,-4.2835,796
GOOGL,2024-02-21,4906.11,5125.24,-4.2754,797
GOOGL,2024-02-13,4906.54,5125.24,-4.2671,798
GOOGL,2022-05-25,2909.31,3038.47,-4.2507,799
GOOGL,2024-03-21,4909.74,5125.24,-4.2046,800
GOOGL,2022-11-09,3464.0,3615.71,-4.1958,801
GOOGL,2023-11-23,3689.45,3848.17,-4.1246,802
GOOGL,2022-08-09,2972.08,3099.89,-4.1232,803
GOOGL,2020-03-31,1751.59,1826.9,-4.1224,804
GOOGL,2024-03-22,4914.55,5125.24,-4.1108,805
GOOGL,2024-10-30,8032.79,8375.57,-4.0926,806
GOOGL,2024-03-20,4916.9,5125.24,-4.0649,807
GOOGL,2022-08-23,2973.94,3099.89,-4.0629,808
GOOGL,2021-02-03,2876.49,2997.57,-4.0391,809
GOOGL,2022-08-31,2974.79,3099.89,-4.0357,810
GOOGL,2020-03-16,1753.19,1826.9,-4.0349,811
GOOGL,2020-12-22,2516.83,2622.26,-4.0207,812
GOOGL,2024-02-16,4919.43,5125.24,-4.0155,813
GOOGL,2023-01-20,3644.16,3795.43,-3.9854,814
GOOGL,2024-09-06,6968.85,7257.38,-3.9757,815
GOOGL,2020-01-31,1510.07,1572.45,-3.9667,816
GOOGL,2024-07-31,6971.59,7257.38,-3.938,817
GOOGL,2024-07-25,6751.91,7026.2,-3.9039,818
GOOGL,2022-11-28,3615.25,3761.54,-3.8891,819
GOOGL,2021-01-15,2713.24,2821.75,-3.8456,820
GOOGL,2023-11-16,3691.2,3838.54,-3.8385,821
GOOGL,2020-11-06,2521.73,2622.26,-3.8337,822
GOOGL,2024-09-04,6979.45,7257.38,-3.8297,823
GOOGL,2022-07-22,2922.22,3038.47,-3.8261,824
GOOGL,2022-06-14,2922.37,3038.47,-3.8212,825
GOOGL,2022-05-27,2923.19,3038.47,-3.7941,826
GOOGL,2024-05-30,5505.78,5722.32,-3.784,827
GOOGL,2024-04-08,4932.71,5125.24,-3.7564,828
GOOGL,2020-09-09,2123.26,2206.03,-3.7519,829
GOOGL,2023-01-18,3653.21,3795.43,-3.7471,830
GOOGL,2024-09-03,6985.54,7257.38,-3.7458,831
GOOGL,2024-04-12,4933.39,5125.24,-3.7433,832
GOOGL,2020-05-21,1964.93,2040.86,-3.7205,833
GOOGL,2020-07-02,2122.76,2204.49,-3.7076,834
GOOGL,2023-01-09,3643.68,3783.93,-3.7067,835
GOOGL,2024-01-02,4687.44,4867.14,-3.6921,836
GOOGL,2024-07-01,5934.96,6162.07,-3.6857,837
GOOGL,2020-03-09,1759.69,1826.9,-3.6787,838
GOOGL,2020-02-18,1597.57,1658.56,-3.6776,839
GOOGL,2020-08-31,2125.45,2206.03,-3.6528,840
GOOGL,2024-04-23,4938.83,5125.24,-3.6371,841
GOOGL,2020-02-19,1598.35,1658.56,-3.6306,842
GOOGL,2024-04-01,4939.24,5125.24,-3.629,843
GOOGL,2024-01-05,4691.03,4867.14,-3.6185,844
GOOGL,2024-06-18,5515.63,5722.32,-3.6119,845
GOOGL,2021-01-04,2527.63,2622.26,-3.6088,846
GOOGL,2021-01-28,2889.5,2997.57,-3.605,847
GOOGL,2022-12-19,3626.43,3761.54,-3.5918,848
GOOGL,2024-03-27,4941.67,5125.24,-3.5817,849
GOOGL,2022-11-16,3486.68,3615.71,-3.5685,850
GOOGL,2020-08-19,2125.83,2204.49,-3.5681,851
GOOGL,2022-06-21,2930.3,3038.47,-3.56,852
GOOGL,2020-03-17,1761.99,1826.9,-3.5532,853
GOOGL,2023-02-10,3702.88,3838.54,-3.5342,854
GOOGL,2023-11-27,3713.07,3848.17,-3.5107,855
GOOGL,2020-09-08,2128.72,2206.03,-3.5044,856
GOOGL,2024-09-26,7248.28,7511.5,-3.5042,857
GOOGL,2022-07-07,2932.33,3038.47,-3.4932,858
GOOGL,2022-05-23,2932.78,3038.47,-3.4785,859
GOOGL,2021-01-06,2531.2,2622.26,-3.4729,860
GOOGL,2022-06-15,2933.04,3038.47,-3.47,861
GOOGL,2022-10-04,3223.68,3337.22,-3.402,862
GOOGL,2020-01-29,1518.98,1572.45,-3.4,863
GOOGL,2024-08-06,7011.13,7257.38,-3.3932,864
GOOGL,2024-07-19,6788.06,7026.2,-3.3893,865
GOOGL,2020-01-22,1514.79,1567.58,-3.368,866
GOOGL,2022-12-22,3636.02,3761.54,-3.3368,867
GOOGL,2022-07-06,2937.69,3038.47,-3.3168,868
GOOGL,2023-01-12,3658.65,3783.93,-3.3111,869
GOOGL,2023-01-23,3671.47,3795.43,-3.2659,870
GOOGL,2020-03-24,1767.42,1826.9,-3.2556,871
GOOGL,2024-02-12,4959.47,5125.24,-3.2344,872
GOOGL,2024-04-04,4962.48,5125.24,-3.1756,873
GOOGL,2024-09-25,7276.35,7511.5,-3.1305,874
GOOGL,2023-01-11,3667.27,3783.93,-3.0832,875
GOOGL,2024-02-19,4967.98,5125.24,-3.0684,876
GOOGL,2020-10-26,2541.89,2622.26,-3.0651,877
GOOGL,2022-12-01,3646.92,3761.54,-3.047,878
GOOGL,2021-01-19,2735.86,2821.75,-3.044,879
GOOGL,2020-09-29,2148.97,2216.09,-3.0288,880
GOOGL,2022-11-01,3506.76,3615.71,-3.0132,881
GOOGL,2024-01-01,4721.69,4867.14,-2.9884,882
GOOGL,2020-03-27,1772.57,1826.9,-2.9736,883
GOOGL,2024-06-13,5553.0,5722.32,-2.959,884
GOOGL,2022-08-24,3008.27,3099.89,-2.9555,885
GOOGL,2022-08-16,3008.28,3099.89,-2.9552,886
GOOGL,2022-12-26,3650.39,3761.54,-2.9549,887
GOOGL,2020-12-31,2544.9,2622.26,-2.9504,888
GOOGL,2024-05-29,5556.08,5722.32,-2.905,889
GOOGL,2020-03-02,1685.84,1736.26,-2.9043,890
GOOGL,2020-11-05,2546.39,2622.26,-2.8936,891
GOOGL,2024-01-24,4977.5,5125.24,-2.8826,892
GOOGL,2022-05-20,2951.12,3038.47,-2.8749,893
GOOGL,2024-03-29,4978.7,5125.24,-2.859,894
GOOGL,2024-05-20,5324.98,5481.34,-2.8527,895
GOOGL,2022-11-24,3654.83,3761.54,-2.8368,896
GOOGL,2023-12-29,4729.6,4867.14,-2.8259,897
GOOGL,2022-09-06,3042.0,3130.21,-2.8178,898
GOOGL,2020-04-20,1851.63,1905.12,-2.8077,899
GOOGL,2022-12-02,3656.06,3761.54,-2.8042,900
GOOGL,2020-10-30,2549.5,2622.26,-2.7749,901
GOOGL,2022-08-04,2986.33,3071.47,-2.7719,902
GOOGL,2020-02-20,1612.81,1658.56,-2.7588,903
GOOGL,2023-02-09,3732.65,3838.54,-2.7585,904
GOOGL,2022-07-26,2954.97,3038.47,-2.7482,905
GOOGL,2023-12-11,4303.53,4424.59,-2.7361,906
GOOGL,2024-06-28,5993.54,6162.07,-2.735,907
GOOGL,2020-10-28,2550.58,2622.26,-2.7338,908
GOOGL,2020-02-14,1613.23,1658.56,-2.7332,909
GOOGL,2022-08-30,3016.28,3099.89,-2.6972,910
GOOGL,2022-11-30,3660.12,3761.54,-2.6962,911
GOOGL,2024-06-14,5568.07,5722.32,-2.6956,912
GOOGL,2024-07-08,6032.0,6197.74,-2.6742,913
GOOGL,2024-07-02,5997.42,6162.07,-2.6721,914
GOOGL,2020-02-03,1530.48,1572.45,-2.6691,915
GOOGL,2023-01-05,3682.96,3783.93,-2.6684,916
GOOGL,2024-09-24,7313.92,7511.5,-2.6303,917
GOOGL,2020-10-06,2200.25,2259.49,-2.622,918
GOOGL,2024-01-25,4991.4,5125.24,-2.6113,919
GOOGL,2020-09-17,2159.17,2216.09,-2.5686,920
GOOGL,2020-03-10,1780.6,1826.9,-2.5345,921
GOOGL,2024-04-30,4996.51,5125.24,-2.5116,922
GOOGL,2020-05-19,1989.89,2040.86,-2.4975,923
GOOGL,2024-05-16,5344.85,5481.34,-2.4902,924
GOOGL,2021-02-01,2922.99,2997.57,-2.4878,925
GOOGL,2023-11-28,3752.64,3848.17,-2.4824,926
GOOGL,2020-06-01,2067.57,2120.15,-2.4799,927
GOOGL,2023-01-30,3701.45,3795.43,-2.476,928
GOOGL,2020-09-16,2161.43,2216.09,-2.4665,929
GOOGL,2022-08-29,3024.74,3099.89,-2.4244,930
GOOGL,2020-08-20,2151.07,2204.49,-2.4234,931
GOOGL,2024-02-20,5001.09,5125.24,-2.4223,932
GOOGL,2022-09-22,3257.4,3337.22,-2.3916,933
GOOGL,2024-07-18,6858.93,7026.2,-2.3807,934
GOOGL,2024-04-24,5003.31,5125.24,-2.379,935
GOOGL,2020-10-07,2206.06,2259.49,-2.3648,936
GOOGL,2020-10-21,2463.82,2523.21,-2.3538,937
GOOGL,2023-01-31,3706.59,3795.43,-2.3407,938
GOOGL,2022-05-19,2967.69,3038.47,-2.3295,939
GOOGL,2020-05-15,1993.38,2040.86,-2.3268,940
GOOGL,2022-07-25,2967.86,3038.47,-2.324,941
GOOGL,2020-02-04,1536.23,1572.45,-2.3032,942
GOOGL,2024-04-09,5009.84,5125.24,-2.2515,943
GOOGL,2024-04-17,5009.89,5125.24,-2.2506,944
GOOGL,2024-01-04,4759.43,4867.14,-2.2131,945
GOOGL,2024-04-22,5012.08,5125.24,-2.2079,946
GOOGL,2023-11-22,3763.27,3848.17,-2.2061,947
GOOGL,2024-08-01,7098.93,7257.38,-2.1834,948
GOOGL,2024-07-22,6873.55,7026.2,-2.1726,949
GOOGL,2020-02-06,1538.65,1572.45,-2.1495,950
GOOGL,2023-12-12,4329.52,4424.59,-2.1485,951
GOOGL,2022-06-16,2973.46,3038.47,-2.1396,952
GOOGL,2021-01-01,2566.23,2622.26,-2.1369,953
GOOGL,2024-05-17,5364.91,5481.34,-2.1241,954
GOOGL,2022-05-11,2934.01,2997.57,-2.1203,955
GOOGL,2023-02-02,3757.18,3838.54,-2.1196,956
GOOGL,2020-09-14,2159.38,2206.03,-2.1149,957
GOOGL,2024-04-02,5017.22,5125.24,-2.1075,958
GOOGL,2020-09-28,2169.99,2216.09,-2.0804,959
GOOGL,2024-01-12,4793.47,4894.15,-2.0572,960
GOOGL,2020-03-19,1789.39,1826.9,-2.053,961
GOOGL,2020-03-30,1789.42,1826.9,-2.0516,962
GOOGL,2024-05-15,5370.07,5481.34,-2.03,963
GOOGL,2020-09-21,2172.16,2216.09,-1.9825,964
GOOGL,2020-08-24,2162.66,2206.03,-1.9661,965
GOOGL,2022-10-26,3527.59,3598.18,-1.9618,966
GOOGL,2024-10-25,8211.8,8375.57,-1.9553,967
GOOGL,2020-09-10,2162.95,2206.03,-1.9528,968
GOOGL,2023-01-17,3721.37,3795.43,-1.9513,969
GOOGL,2022-09-23,3273.25,3337.22,-1.9166,970
GOOGL,2023-01-10,3711.5,3783.93,-1.9142,971
GOOGL,2021-02-02,2940.24,2997.57,-1.9126,972
GOOGL,2020-06-26,2079.6,2120.15,-1.9123,973
GOOGL,2024-06-12,5613.56,5722.32,-1.9006,974
GOOGL,2020-05-07,2002.42,2040.86,-1.8835,975
GOOGL,2022-08-18,3041.59,3099.89,-1.8808,976
GOOGL,2020-09-25,2174.9,2216.09,-1.8586,977
GOOGL,2024-03-28,5030.0,5125.24,-1.8582,978
GOOGL,2022-10-06,3275.79,3337.22,-1.8405,979
GOOGL,2020-06-25,2081.14,2120.15,-1.8397,980
GOOGL,2024-04-18,5030.97,5125.24,-1.8394,981
GOOGL,2020-06-22,2081.29,2120.15,-1.8329,982
GOOGL,2022-09-19,3276.71,3337.22,-1.8131,983
GOOGL,2020-09-24,2176.37,2216.09,-1.7923,984
GOOGL,2023-12-08,4345.37,4424.59,-1.7903,985
GOOGL,2024-09-09,7127.82,7257.38,-1.7852,986
GOOGL,2024-07-03,6052.14,6162.07,-1.784,987
GOOGL,2020-05-11,2004.68,2040.86,-1.7731,988
GOOGL,2023-01-06,3717.64,3783.93,-1.752,989
GOOGL,2020-06-24,2083.08,2120.15,-1.7486,990
GOOGL,2022-08-26,3045.83,3099.89,-1.7439,991
GOOGL,2022-11-23,3696.29,3761.54,-1.7346,992
GOOGL,2022-08-19,3046.55,3099.89,-1.7206,993
GOOGL,2022-08-08,3047.34,3099.89,-1.6954,994
GOOGL,2020-06-29,2084.21,2120.15,-1.6951,995
GOOGL,2024-04-16,5041.22,5125.24,-1.6394,996
GOOGL,2022-10-07,3282.83,3337.22,-1.6298,997
GOOGL,2023-11-20,3786.05,3848.17,-1.6143,998
GOOGL,2020-02-05,1547.4,1572.45,-1.5927,999
GOOGL,2023-11-21,3787.27,3848.17,-1.5826,1000
GOOGL,2024-04-03,5044.7,5125.24,-1.5715,1001
GOOGL,2024-10-15,7393.7,7511.5,-1.5683,1002
GOOGL,2024-04-15,5045.49,5125.24,-1.5559,1003
GOOGL,2024-05-28,5633.42,5722.32,-1.5535,1004
GOOGL,2023-12-28,4793.58,4867.14,-1.5114,1005
GOOGL,2022-12-28,3704.76,3761.54,-1.5095,1006
GOOGL,2024-05-22,5496.32,5580.24,-1.504,1007
GOOGL,2021-01-14,2779.32,2821.75,-1.5039,1008
GOOGL,2021-01-07,2583.31,2622.26,-1.4854,1009
GOOGL,2020-02-28,1710.48,1736.26,-1.4848,1010
GOOGL,2020-02-27,1711.17,1736.26,-1.4455,1011
GOOGL,2022-09-15,3289.66,3337.22,-1.4252,1012
GOOGL,2020-01-20,1545.38,1567.58,-1.4167,1013
GOOGL,2024-01-03,4799.04,4867.14,-1.3993,1014
GOOGL,2020-11-02,2585.88,2622.26,-1.3875,1015
GOOGL,2022-08-17,3057.08,3099.89,-1.381,1016
GOOGL,2023-02-08,3785.61,3838.54,-1.3789,1017
GOOGL,2020-10-01,2215.45,2246.07,-1.3633,1018
GOOGL,2020-04-17,1879.28,1905.12,-1.356,1019
GOOGL,2020-09-22,2186.42,2216.09,-1.3389,1020
GOOGL,2024-05-02,5056.87,5125.24,-1.334,1021
GOOGL,2020-05-25,2014.71,2040.86,-1.2815,1022
GOOGL,2020-04-29,1896.15,1920.31,-1.258,1023
GOOGL,2024-09-18,7276.86,7369.43,-1.2561,1024
GOOGL,2024-06-17,5651.16,5722.32,-1.2436,1025
GOOGL,2022-07-28,3001.01,3038.47,-1.233,1026
GOOGL,2023-12-13,4370.07,4424.59,-1.2322,1027
GOOGL,2022-10-10,3296.52,3337.22,-1.2196,1028
GOOGL,2024-01-18,5063.39,5125.24,-1.2068,1029
GOOGL,2020-10-15,2465.57,2494.93,-1.1767,1030
GOOGL,2020-01-17,1549.22,1567.58,-1.1712,1031
GOOGL,2020-02-07,1554.22,1572.45,-1.1589,1032
GOOGL,2020-05-08,2017.84,2040.86,-1.1282,1033
GOOGL,2023-12-19,4426.29,4476.72,-1.1265,1034
GOOGL,2020-10-08,2234.84,2259.49,-1.0911,1035
GOOGL,2022-09-16,3301.04,3337.22,-1.0841,1036
GOOGL,2022-12-29,3720.93,3761.54,-1.0797,1037
GOOGL,2020-04-28,1899.69,1920.31,-1.0734,1038
GOOGL,2022-07-27,3005.99,3038.47,-1.0691,1039
GOOGL,2020-04-22,1884.8,1905.12,-1.0665,1040
GOOGL,2020-09-11,2182.77,2206.03,-1.0543,1041
GOOGL,2024-05-10,5424.36,5481.3,-1.0389,1042
GOOGL,2024-02-15,5072.16,5125.24,-1.0357,1043
GOOGL,2020-01-28,1556.47,1572.45,-1.0158,1044
GOOGL,2024-07-26,6955.49,7026.2,-1.0065,1045
GOOGL,2020-03-18,1808.61,1826.9,-1.0013,1046
GOOGL,2024-02-14,5074.52,5125.24,-0.9896,1047
GOOGL,2020-04-21,1886.32,1905.12,-0.9868,1048
GOOGL,2024-09-17,7296.82,7369.43,-0.9854,1049
GOOGL,2020-04-24,1886.66,1905.12,-0.969,1050
GOOGL,2024-04-11,5075.99,5125.24,-0.9609,1051
GOOGL,2022-11-18,3581.1,3615.71,-0.9571,1052
GOOGL,2023-01-02,3732.91,3768.98,-0.9571,1053
GOOGL,2024-01-19,5076.4,5125.24,-0.9528,1054
GOOGL,2020-05-04,1952.34,1970.4,-0.9161,1055
GOOGL,2020-05-13,2022.36,2040.86,-0.9066,1056
GOOGL,2020-01-21,1553.46,1567.58,-0.9007,1057
GOOGL,2020-05-12,2022.6,2040.86,-0.8952,1058
GOOGL,2022-08-22,3072.26,3099.89,-0.8913,1059
GOOGL,2022-11-29,3728.45,3761.54,-0.8796,1060
GOOGL,2022-09-02,3072.93,3099.89,-0.8696,1061
GOOGL,2022-05-12,2972.41,2997.57,-0.8392,1062
GOOGL,2022-10-05,3310.02,3337.22,-0.815,1063
GOOGL,2024-01-22,5083.71,5125.24,-0.8103,1064
GOOGL,2020-01-13,1470.62,1482.51,-0.8021,1065
GOOGL,2024-08-02,7199.21,7257.38,-0.8016,1066
GOOGL,2020-04-09,1843.89,1858.57,-0.7895,1067
GOOGL,2020-04-06,1812.48,1826.9,-0.7892,1068
GOOGL,2024-04-29,5085.23,5125.24,-0.7807,1069
GOOGL,2024-01-09,4831.81,4869.82,-0.7805,1070
GOOGL,2022-05-18,3016.63,3038.47,-0.7187,1071
GOOGL,2020-09-18,2200.51,2216.09,-0.7029,1072
GOOGL,2023-01-13,3757.38,3783.93,-0.7018,1073
GOOGL,2020-05-14,2026.61,2040.86,-0.6985,1074
GOOGL,2020-05-22,2026.77,2040.86,-0.6905,1075
GOOGL,2020-10-19,2477.72,2494.93,-0.6896,1076
GOOGL,2024-04-05,5090.07,5125.24,-0.6861,1077
GOOGL,2022-05-17,3017.68,3038.47,-0.6842,1078
GOOGL,2020-10-05,2244.34,2259.49,-0.6706,1079
GOOGL,2020-03-20,1814.79,1826.9,-0.6626,1080
GOOGL,2024-07-09,6157.95,6197.74,-0.642,1081
GOOGL,2023-12-27,4836.49,4867.14,-0.6298,1082
GOOGL,2024-04-19,5094.94,5125.24,-0.5911,1083
GOOGL,2020-04-13,1852.53,1862.78,-0.5506,1084
GOOGL,2024-05-13,5452.21,5481.3,-0.5308,1085
GOOGL,2020-06-23,2108.97,2120.15,-0.5274,1086
GOOGL,2020-04-02,1817.37,1826.9,-0.5214,1087
GOOGL,2020-05-29,2109.18,2120.15,-0.5173,1088
GOOGL,2020-10-29,2609.72,2622.26,-0.4782,1089
GOOGL,2020-04-23,1896.29,1905.12,-0.4631,1090
GOOGL,2022-09-09,3190.77,3205.54,-0.4609,1091
GOOGL,2024-01-10,4849.22,4869.82,-0.4231,1092
GOOGL,2020-05-18,2032.44,2040.86,-0.4129,1093
GOOGL,2021-01-25,2912.71,2924.21,-0.3934,1094
GOOGL,2022-10-14,3342.15,3355.23,-0.3898,1095
GOOGL,2024-09-11,7258.23,7286.21,-0.3841,1096
GOOGL,2021-01-08,2612.2,2622.26,-0.3837,1097
GOOGL,2022-11-17,3601.84,3615.71,-0.3836,1098
GOOGL,2020-01-23,1562.22,1567.58,-0.3419,1099
GOOGL,2024-05-03,5109.3,5125.24,-0.311,1100
GOOGL,2024-05-08,5275.44,5291.77,-0.3085,1101
GOOGL,2023-12-20,4463.07,4476.72,-0.3049,1102
GOOGL,2024-05-01,5109.63,5125.24,-0.3046,1103
GOOGL,2024-09-13,7347.48,7369.43,-0.2978,1104
GOOGL,2020-01-24,1562.95,1567.58,-0.2958,1105
GOOGL,2020-03-23,1821.63,1826.9,-0.2884,1106
GOOGL,2020-10-16,2488.49,2494.93,-0.2581,1107
GOOGL,2022-09-21,3328.64,3337.22,-0.2569,1108
GOOGL,2020-09-23,2210.52,2216.09,-0.2514,1109
GOOGL,2024-08-05,7239.14,7257.38,-0.2514,1110
GOOGL,2024-01-23,5112.67,5125.24,-0.2451,1111
GOOGL,2020-04-03,1822.46,1826.9,-0.2429,1112
GOOGL,2024-07-12,6429.2,6444.63,-0.2395,1113
GOOGL,2022-12-27,3753.1,3761.54,-0.2243,1114
GOOGL,2022-10-24,3574.08,3582.0,-0.221,1115
GOOGL,2024-09-16,7357.3,7369.43,-0.1647,1116
GOOGL,2024-07-05,6187.94,6197.74,-0.1582,1117
GOOGL,2022-08-03,3067.01,3071.47,-0.1451,1118
GOOGL,2022-10-17,3351.77,3355.23,-0.1033,1119
GOOGL,2020-01-02,1350.0,1350.0,0.0,1120
GOOGL,2020-01-03,1371.77,1371.77,0.0,1120
GOOGL,2020-01-06,1416.77,1416.77,0.0,1120
GOOGL,2020-01-07,1424.51,1424.51,0.0,1120
GOOGL,2020-01-08,1443.26,1443.26,0.0,1120
GOOGL,2020-01-09,1453.27,1453.27,0.0,1120
GOOGL,2020-01-10,1482.51,1482.51,0.0,1120
GOOGL,2020-01-14,1501.86,1501.86,0.0,1120
GOOGL,2020-01-15,1534.77,1534.77,0.0,1120
GOOGL,2020-01-16,1567.58,1567.58,0.0,1120
GOOGL,2020-01-27,1572.45,1572.45,0.0,1120
GOOGL,2020-02-10,1599.5,1599.5,0.0,1120
GOOGL,2020-02-11,1622.08,1622.08,0.0,1120
GOOGL,2020-02-12,1648.23,1648.23,0.0,1120
GOOGL,2020-02-13,1658.56,1658.56,0.0,1120
GOOGL,2020-02-21,1665.88,1665.88,0.0,1120
GOOGL,2020-02-24,1690.07,1690.07,0.0,1120
GOOGL,2020-02-25,1731.96,1731.96,0.0,1120
GOOGL,2020-02-26,1736.26,1736.26,0.0,1120
GOOGL,2020-03-03,1737.43,1737.43,0.0,1120
GOOGL,2020-03-04,1764.8,1764.8,0.0,1120
GOOGL,2020-03-05,1783.48,1783.48,0.0,1120
GOOGL,2020-03-06,1826.9,1826.9,0.0,1120
GOOGL,2020-04-07,1830.67,1830.67,0.0,1120
GOOGL,2020-04-08,1858.57,1858.57,0.0,1120
GOOGL,2020-04-10,1862.78,1862.78,0.0,1120
GOOGL,2020-04-14,1879.19,1879.19,0.0,1120
GOOGL,2020-04-15,1886.53,1886.53,0.0,1120
GOOGL,2020-04-16,1905.12,1905.12,0.0,1120
GOOGL,2020-04-27,1920.31,1920.31,0.0,1120
GOOGL,2020-04-30,1925.86,1925.86,0.0,1120
GOOGL,2020-05-01,1970.4,1970.4,0.0,1120
GOOGL,2020-05-05,2027.41,2027.41,0.0,1120
GOOGL,2020-05-06,2040.86,2040.86,0.0,1120
GOOGL,2020-05-26,2043.0,2043.0,0.0,1120
GOOGL,2020-05-27,2086.31,2086.31,0.0,1120
GOOGL,2020-05-28,2120.15,2120.15,0.0,1120
GOOGL,2020-06-30,2187.57,2187.57,0.0,1120
GOOGL,2020-07-01,2204.49,2204.49,0.0,1120
GOOGL,2020-08-21,2206.03,2206.03,0.0,1120
GOOGL,2020-09-15,2216.09,2216.09,0.0,1120
GOOGL,2020-09-30,2246.07,2246.07,0.0,1120
GOOGL,2020-10-02,2259.49,2259.49,0.0,1120
GOOGL,2020-10-09,2275.63,2275.63,0.0,1120
GOOGL,2020-10-12,2345.45,2345.45,0.0,1120
GOOGL,2020-10-13,2481.42,2481.42,0.0,1120
GOOGL,2020-10-14,2494.93,2494.93,0.0,1120
GOOGL,2020-10-20,2523.21,2523.21,0.0,1120
GOOGL,2020-10-22,2578.39,2578.39,0.0,1120
GOOGL,2020-10-23,2622.26,2622.26,0.0,1120
GOOGL,2021-01-11,2709.42,2709.42,0.0,1120
GOOGL,2021-01-12,2796.39,2796.39,0.0,1120
GOOGL,2021-01-13,2821.75,2821.75,0.0,1120
GOOGL,2021-01-20,2833.92,2833.92,0.0,1120
GOOGL,2021-01-21,2858.35,2858.35,0.0,1120
GOOGL,2021-01-22,2924.21,2924.21,0.0,1120
GOOGL,2021-01-26,2949.24,2949.24,0.0,1120
GOOGL,2021-01-27,2997.57,2997.57,0.0,1120
GOOGL,2022-05-13,3001.2,3001.2,0.0,1120
GOOGL,2022-05-16,3038.47,3038.47,0.0,1120
GOOGL,2022-07-29,3052.71,3052.71,0.0,1120
GOOGL,2022-08-01,3064.05,3064.05,0.0,1120
GOOGL,2022-08-02,3071.47,3071.47,0.0,1120
GOOGL,2022-08-05,3099.89,3099.89,0.0,1120
GOOGL,2022-09-05,3130.21,3130.21,0.0,1120
GOOGL,2022-09-07,3131.89,3131.89,0.0,1120
GOOGL,2022-09-08,3205.54,3205.54,0.0,1120
GOOGL,2022-09-12,3211.55,3211.55,0.0,1120
GOOGL,2022-09-13,3212.87,3212.87,0.0,1120
GOOGL,2022-09-14,3337.22,3337.22,0.0,1120
GOOGL,2022-10-11,3337.64,3337.64,0.0,1120
GOOGL,2022-10-12,3340.87,3340.87,0.0,1120
GOOGL,2022-10-13,3355.23,3355.23,0.0,1120
GOOGL,2022-10-18,3437.38,3437.38,0.0,1120
GOOGL,2022-10-19,3482.03,3482.03,0.0,1120
GOOGL,2022-10-20,3530.93,3530.93,0.0,1120
GOOGL,2022-10-21,3582.0,3582.0,0.0,1120
GOOGL,2022-10-25,3598.18,3598.18,0.0,1120
GOOGL,2022-10-27,3615.71,3615.71,0.0,1120
GOOGL,2022-11-21,3757.19,3757.19,0.0,1120
GOOGL,2022-11-22,3761.54,3761.54,0.0,1120
GOOGL,2022-12-30,3768.98,3768.98,0.0,1120
GOOGL,2023-01-03,3769.66,3769.66,0.0,1120
GOOGL,2023-01-04,3783.93,3783.93,0.0,1120
GOOGL,2023-01-16,3795.43,3795.43,0.0,1120
GOOGL,2023-02-01,3838.54,3838.54,0.0,1120
GOOGL,2023-11-17,3848.17,3848.17,0.0,1120
GOOGL,2023-11-29,3912.48,3912.48,0.0,1120
GOOGL,2023-11-30,3949.72,3949.72,0.0,1120
GOOGL,2023-12-01,4039.31,4039.31,0.0,1120
GOOGL,2023-12-04,4047.17,4047.17,0.0,1120
GOOGL,2023-12-05,4180.47,4180.47,0.0,1120
GOOGL,2023-12-06,4377.36,4377.36,0.0,1120
GOOGL,2023-12-07,4424.59,4424.59,0.0,1120
GOOGL,2023-12-14,4431.21,4431.21,0.0,1120
GOOGL,2023-12-15,4473.02,4473.02,0.0,1120
GOOGL,2023-12-18,4476.72,4476.72,0.0,1120
GOOGL,2023-12-21,4625.51,4625.51,0.0,1120
GOOGL,2023-12-22,4718.81,4718.81,0.0,1120
GOOGL,2023-12-25,4770.04,4770.04,0.0,1120
GOOGL,2023-12-26,4867.14,4867.14,0.0,1120
GOOGL,2024-01-08,4869.82,4869.82,0.0,1120
GOOGL,2024-01-11,4894.15,4894.15,0.0,1120
GOOGL,2024-01-15,4910.11,4910.11,0.0,1120
GOOGL,2024-01-16,4973.04,4973.04,0.0,1120
GOOGL,2024-01-17,5125.24,5125.24,0.0,1120
GOOGL,2024-05-06,5176.46,5176.46,0.0,1120
GOOGL,2024-05-07,5291.77,5291.77,0.0,1120
GOOGL,2024-05-09,5481.3,5481.3,0.0,1120
GOOGL,2024-05-14,5481.34,5481.34,0.0,1120
GOOGL,2024-05-21,5580.24,5580.24,0.0,1120
GOOGL,2024-05-23,5624.1,5624.1,0.0,1120
GOOGL,2024-05-24,5719.84,5719.84,0.0,1120
GOOGL,2024-05-27,5722.32,5722.32,0.0,1120
GOOGL,2024-06-19,5852.1,5852.1,0.0,1120
GOOGL,2024-06-20,5859.33,5859.33,0.0,1120
GOOGL,2024-06-21,5879.15,5879.15,0.0,1120
GOOGL,2024-06-24,6024.65,6024.65,0.0,1120
GOOGL,2024-06-25,6133.99,6133.99,0.0,1120
GOOGL,2024-06-26,6142.67,6142.67,0.0,1120
GOOGL,2024-06-27,6162.07,6162.07,0.0,1120
GOOGL,2024-07-04,6197.74,6197.74,0.0,1120
GOOGL,2024-07-10,6331.76,6331.76,0.0,1120
GOOGL,2024-07-11,6444.63,6444.63,0.0,1120
GOOGL,2024-07-15,6561.9,6561.9,0.0,1120
GOOGL,2024-07-16,7006.06,7006.06,0.0,1120
GOOGL,2024-07-17,7026.2,7026.2,0.0,1120
GOOGL,2024-07-29,7134.81,7134.81,0.0,1120
GOOGL,2024-07-30,7257.38,7257.38,0.0,1120
GOOGL,2024-09-10,7286.21,7286.21,0.0,1120
GOOGL,2024-09-12,7369.43,7369.43,0.0,1120
GOOGL,2024-09-19,7468.86,7468.86,0.0,1120
GOOGL,2024-09-20,7487.12,7487.12,0.0,1120
GOOGL,2024-09-23,7511.5,7511.5,0.0,1120
GOOGL,2024-10-16,7528.13,7528.13,0.0,1120
GOOGL,2024-10-17,7611.71,7611.71,0.0,1120
GOOGL,2024-10-18,7722.17,7722.17,0.0,1120
GOOGL,2024-10-21,7940.7,7940.7,0.0,1120
GOOGL,2024-10-22,8109.4,8109.4,0.0,1120
GOOGL,2024-10-23,8202.42,8202.42,0.0,1120
GOOGL,2024-10-24,8375.57,8375.57,0.0,1120
JNJ,2021-04-21,102.19,161.29,-36.6463,1
JNJ,2021-05-14,102.33,161.29,-36.5567,2
JNJ,2021-04-23,102.48,161.29,-36.4614,3
JNJ,2021-04-22,102.55,161.29,-36.4186,4
JNJ,2021-05-17,102.61,161.29,-36.3846,5
JNJ,2021-05-13,102.72,161.29,-36.3157,6
JNJ,2021-05-19,103.03,161.29,-36.1205,7
JNJ,2021-05-18,103.04,161.29,-36.1143,8
JNJ,2021-04-26,103.25,161.29,-35.9896,9
JNJ,2021-05-20,103.28,161.29,-35.9677,10
JNJ,2021-05-12,103.47,161.29,-35.8478,11
JNJ,2021-05-07,103.73,161.29,-35.6911,12
JNJ,2021-05-05,103.99,161.29,-35.5295,13
JNJ,2021-05-21,104.08,161.29,-35.4707,14
JNJ,2021-04-27,104.22,161.29,-35.3846,15
JNJ,2021-05-10,104.34,161.29,-35.3091,16
JNJ,2021-05-11,104.77,161.29,-35.0419,17
JNJ,2021-04-20,104.83,161.29,-35.0042,18
JNJ,2021-05-24,104.83,161.29,-35.004,19
JNJ,2021-05-04,105.07,161.29,-34.8566,20
JNJ,2021-04-29,105.15,161.29,-34.8097,21
JNJ,2021-04-30,105.28,161.29,-34.7301,22
JNJ,2021-04-28,105.39,161.29,-34.6597,23
JNJ,2021-05-06,105.85,161.29,-34.3771,24
JNJ,2021-05-03,106.0,161.29,-34.2836,25
JNJ,2021-04-19,106.2,161.29,-34.159,26
JNJ,2021-06-04,106.34,161.29,-34.0736,27
JNJ,2020-11-13,106.55,161.29,-33.9422,28
JNJ,2020-11-12,106.67,161.29,-33.8645,29
JNJ,2020-11-16,106.7,161.29,-33.848,30
JNJ,2021-05-25,106.7,161.29,-33.8466,31
JNJ,2020-11-09,107.15,161.29,-33.5662,32
JNJ,2020-11-11,107.21,161.29,-33.5302,33
JNJ,2020-11-10,107.31,161.29,-33.4714,34
JNJ,2021-04-13,107.33,161.29,-33.4595,35
JNJ,2021-04-09,107.41,161.29,-33.4056,36
JNJ,2021-06-10,107.47,161.29,-33.3731,37
JNJ,2021-06-07,107.66,161.29,-33.2502,38
JNJ,2021-06-09,107.95,161.29,-33.0715,39
JNJ,2020-11-17,107.96,161.29,-33.0667,40
JNJ,2021-05-26,108.0,161.29,-33.0425,41
JNJ,2021-05-27,108.05,161.29,-33.012,42
JNJ,2021-06-08,108.12,161.29,-32.9675,43
JNJ,2021-04-12,108.22,161.29,-32.9024,44
JNJ,2021-06-11,108.29,161.29,-32.8598,45
JNJ,2021-06-02,108.6,161.29,-32.6697,46
JNJ,2020-11-18,108.78,161.29,-32.5603,47
JNJ,2021-06-03,108.83,161.29,-32.5286,48
JNJ,2021-05-28,108.86,161.29,-32.5066,49
JNJ,2021-04-16,108.98,161.29,-32.4333,50
JNJ,2021-04-15,109.12,161.29,-32.3462,51
JNJ,2021-04-08,109.19,161.29,-32.3048,52
JNJ,2020-11-19,109.21,161.29,-32.2914,53
JNJ,2021-04-06,109.27,161.29,-32.2531,54
JNJ,2021-05-31,109.42,161.29,-32.1643,55
JNJ,2021-04-05,109.58,161.29,-32.0596,56
JNJ,2020-11-24,109.59,161.29,-32.0558,57
JNJ,2021-04-14,109.6,161.29,-32.0489,58
JNJ,2021-06-01,109.65,161.29,-32.0205,59
JNJ,2020-11-06,109.94,161.29,-31.84,60
JNJ,2021-04-07,110.09,161.29,-31.7433,61
JNJ,2021-06-14,110.6,161.29,-31.4289,62
JNJ,2021-04-02,110.63,161.29,-31.413,63
JNJ,2020-11-05,110.93,161.29,-31.2243,64
JNJ,2020-11-25,111.09,161.29,-31.1278,65
JNJ,2021-06-15,111.1,161.29,-31.1192,66
JNJ,2021-04-01,111.19,161.29,-31.0615,67
JNJ,2020-11-23,111.27,161.29,-31.0175,68
JNJ,2020-11-04,111.57,161.29,-30.828,69
JNJ,2021-01-27,112.12,161.29,-30.4873,70
JNJ,2021-01-28,112.12,161.29,-30.4861,71
JNJ,2020-11-20,112.13,161.29,-30.479,72
JNJ,2020-10-29,112.34,161.29,-30.3515,73
JNJ,2021-06-29,112.57,161.29,-30.2063,74
JNJ,2020-10-28,112.62,161.29,-30.1749,75
JNJ,2021-03-31,112.68,161.29,-30.1424,76
JNJ,2020-11-27,112.71,161.29,-30.1238,77
JNJ,2021-06-25,112.75,161.29,-30.0992,78
JNJ,2020-10-27,112.86,161.29,-30.0275,79
JNJ,2021-07-29,112.89,161.29,-30.012,80
JNJ,2021-06-28,112.9,161.29,-30.002,81
JNJ,2021-06-30,112.95,161.29,-29.9756,82
JNJ,2021-07-27,112.98,161.29,-29.9555,83
JNJ,2021-02-02,113.19,161.29,-29.823,84
JNJ,2021-06-24,113.27,161.29,-29.7773,85
JNJ,2020-12-23,113.28,161.29,-29.7683,86
JNJ,2020-10-26,113.32,161.29,-29.7437,87
JNJ,2021-01-13,113.41,161.29,-29.6867,88
JNJ,2020-10-23,113.43,161.29,-29.6754,89
JNJ,2021-02-01,113.44,161.29,-29.6694,90
JNJ,2020-11-26,113.49,161.29,-29.6365,91
JNJ,2021-07-01,113.53,161.29,-29.615,92
JNJ,2021-06-16,113.55,161.29,-29.5995,93
JNJ,2021-06-18,113.58,161.29,-29.5807,94
JNJ,2021-01-12,113.62,161.29,-29.5575,95
JNJ,2020-11-02,113.63,161.29,-29.551,96
JNJ,2020-10-30,113.66,161.29,-29.535,97
JNJ,2021-06-23,113.76,161.29,-29.4698,98
JNJ,2021-01-08,113.78,161.29,-29.461,99
JNJ,2021-07-28,113.82,161.29,-29.434,100
JNJ,2020-12-01,113.85,161.29,-29.4159,101
JNJ,2021-01-29,113.86,161.29,-29.4058,102
JNJ,2021-08-02,113.88,161.29,-29.398,103
JNJ,2021-01-11,113.94,161.29,-29.3588,104
JNJ,2020-12-25,113.95,161.29,-29.3507,105
JNJ,2020-12-24,113.98,161.29,-29.3358,106
JNJ,2020-12-22,114.02,161.29,-29.3079,107
JNJ,2021-03-30,114.04,161.29,-29.2967,108
JNJ,2021-07-26,114.14,161.29,-29.2353,109
JNJ,2021-06-21,114.24,161.29,-29.1722,110
JNJ,2021-01-26,114.41,161.29,-29.0675,111
JNJ,2020-11-30,114.51,161.29,-29.0056,112
JNJ,2021-02-04,114.54,161.29,-28.9852,113
JNJ,2021-03-29,114.59,161.29,-28.9534,114
JNJ,2021-06-17,114.6,161.29,-28.9526,115
JNJ,2021-07-30,114.61,161.29,-28.9466,116
JNJ,2020-12-02,114.63,161.29,-28.9283,117
JNJ,2020-12-04,114.7,161.29,-28.8849,118
JNJ,2021-02-03,114.71,161.29,-28.8833,119
JNJ,2020-11-03,114.72,161.29,-28.8753,120
JNJ,2021-03-25,114.74,161.29,-28.8629,121
JNJ,2021-06-22,114.78,161.29,-28.8402,122
JNJ,2021-07-06,115.06,161.29,-28.6654,123
JNJ,2021-01-15,115.17,161.29,-28.5974,124
JNJ,2021-07-02,115.2,161.29,-28.5779,125
JNJ,2021-03-24,115.2,161.29,-28.5763,126
JNJ,2021-03-15,115.23,161.29,-28.558,127
JNJ,2021-08-03,115.35,161.29,-28.4861,128
JNJ,2021-01-05,115.38,161.29,-28.4689,129
JNJ,2021-01-07,115.43,161.29,-28.4365,130
JNJ,2020-12-16,115.45,161.29,-28.4224,131
JNJ,2020-12-03,115.5,161.29,-28.3924,132
JNJ,2021-07-22,115.5,161.29,-28.3902,133
JNJ,2020-12-28,115.53,161.29,-28.3708,134
JNJ,2021-03-22,115.57,161.29,-28.3496,135
JNJ,2021-02-05,115.59,161.29,-28.3387,136
JNJ,2021-03-17,115.69,161.29,-28.2729,137
JNJ,2021-07-23,115.82,161.29,-28.1916,138
JNJ,2021-01-18,115.85,161.29,-28.1773,139
JNJ,2021-07-05,115.95,161.29,-28.1136,140
JNJ,2021-01-19,115.99,161.29,-28.0884,141
JNJ,2020-10-07,116.01,161.29,-28.0785,142
JNJ,2020-12-21,116.04,161.29,-28.0589,143
JNJ,2020-10-08,116.07,161.29,-28.0401,144
JNJ,2020-09-21,116.07,161.29,-28.0365,145
JNJ,2021-01-22,116.08,161.29,-28.0346,146
JNJ,2020-10-12,116.09,161.29,-28.0243,147
JNJ,2021-03-23,116.22,161.29,-27.9426,148
JNJ,2021-03-26,116.25,161.29,-27.925,149
JNJ,2021-01-25,116.26,161.29,-27.9231,150
JNJ,2020-09-25,116.3,161.29,-27.8983,151
JNJ,2021-01-21,116.34,161.29,-27.8694,152
JNJ,2020-12-17,116.36,161.29,-27.8603,153
JNJ,2020-10-22,116.41,161.29,-27.8248,154
JNJ,2021-01-14,116.44,161.29,-27.806,155
JNJ,2020-10-20,116.46,161.29,-27.7995,156
JNJ,2021-03-16,116.46,161.29,-27.7985,157
JNJ,2020-10-13,116.47,161.29,-27.792,158
JNJ,2021-07-09,116.5,161.29,-27.7742,159
JNJ,2020-12-18,116.5,161.29,-27.7717,160
JNJ,2020-10-19,116.51,161.29,-27.7626,161
JNJ,2020-10-01,116.54,161.29,-27.7457,162
JNJ,2021-07-19,116.55,161.29,-27.7401,163
JNJ,2020-08-10,116.55,161.29,-27.7394,164
JNJ,2021-07-20,116.6,161.29,-27.7128,165
JNJ,2020-08-06,116.65,161.29,-27.6783,166
JNJ,2020-10-09,116.71,161.29,-27.644,167
JNJ,2021-03-12,116.89,161.29,-27.5308,168
JNJ,2020-09-16,116.92,161.29,-27.5136,169
JNJ,2020-09-18,116.95,161.29,-27.4927,170
JNJ,2021-01-06,116.96,161.29,-27.4855,171
JNJ,2020-10-14,116.97,161.29,-27.4774,172
JNJ,2021-07-08,116.98,161.29,-27.4744,173
JNJ,2021-01-04,117.01,161.29,-27.458,174
JNJ,2020-12-29,117.05,161.29,-27.4305,175
JNJ,2020-10-02,117.08,161.29,-27.4107,176
JNJ,2020-12-07,117.16,161.29,-27.3617,177
JNJ,2021-07-12,117.32,161.29,-27.2648,178
JNJ,2021-03-19,117.34,161.29,-27.2481,179
JNJ,2021-07-21,117.35,161.29,-27.2465,180
JNJ,2021-01-20,117.35,161.29,-27.2423,181
JNJ,2021-03-18,117.36,161.29,-27.2358,182
JNJ,2021-08-05,117.41,161.29,-27.2064,183
JNJ,2020-08-07,117.42,161.29,-27.2028,184
JNJ,2020-10-06,117.44,161.29,-27.1916,185
JNJ,2020-12-14,117.54,161.29,-27.1266,186
JNJ,2020-12-15,117.61,161.29,-27.0864,187
JNJ,2020-09-28,117.61,161.29,-27.0859,188
JNJ,2020-08-05,117.65,161.29,-27.0575,189
JNJ,2020-12-31,117.84,161.29,-26.9416,190
JNJ,2020-09-24,117.84,161.29,-26.9381,191
JNJ,2021-07-07,117.88,161.29,-26.9187,192
JNJ,2020-10-05,117.9,161.29,-26.9017,193
JNJ,2020-09-17,117.97,161.29,-26.8574,194
JNJ,2020-10-16,118.0,161.29,-26.842,195
JNJ,2020-09-30,118.19,161.29,-26.7254,196
JNJ,2021-02-10,118.21,161.29,-26.7123,197
JNJ,2021-01-01,118.26,161.29,-26.6783,198
JNJ,2020-09-22,118.34,161.29,-26.6328,199
JNJ,2021-08-04,118.38,161.29,-26.6069,200
JNJ,2021-02-09,118.42,161.29,-26.5835,201
JNJ,2020-12-09,118.48,161.29,-26.5458,202
JNJ,2020-12-30,118.53,161.29,-26.5134,203
JNJ,2020-10-15,118.53,161.29,-26.5108,204
JNJ,2021-09-14,118.68,161.29,-26.4201,205
JNJ,2020-10-21,118.74,161.29,-26.386,206
JNJ,2020-08-11,118.75,161.29,-26.3782,207
JNJ,2021-02-11,118.77,161.29,-26.3636,208
JNJ,2020-12-10,118.78,161.29,-26.3595,209
JNJ,2021-07-16,118.8,161.29,-26.3475,210
JNJ,2020-09-29,118.84,161.29,-26.3219,211
JNJ,2021-09-13,118.87,161.29,-26.2995,212
JNJ,2021-03-11,118.9,161.29,-26.2858,213
JNJ,2020-09-23,118.9,161.29,-26.2835,214
JNJ,2020-09-11,119.0,161.29,-26.2223,215
JNJ,2021-08-12,119.1,161.29,-26.1597,216
JNJ,2020-07-29,119.12,161.29,-26.1452,217
JNJ,2021-02-08,119.16,161.29,-26.1203,218
JNJ,2020-09-15,119.18,161.29,-26.1107,219
JNJ,2021-09-09,119.25,161.29,-26.0663,220
JNJ,2020-09-10,119.32,161.29,-26.0233,221
JNJ,2021-03-09,119.32,161.29,-26.0208,222
JNJ,2021-09-15,119.4,161.29,-25.9749,223
JNJ,2021-03-05,119.41,161.29,-25.9659,224
JNJ,2020-08-14,119.5,161.29,-25.9148,225
JNJ,2021-03-10,119.56,161.29,-25.8752,226
JNJ,2021-09-02,119.57,161.29,-25.8668,227
JNJ,2021-08-11,119.62,161.29,-25.8399,228
JNJ,2021-08-27,119.62,161.29,-25.8373,229
JNJ,2021-09-06,119.65,161.29,-25.8186,230
JNJ,2021-09-08,119.75,161.29,-25.7592,231
JNJ,2021-03-04,119.77,161.29,-25.7446,232
JNJ,2020-09-14,119.79,161.29,-25.7352,233
JNJ,2020-08-13,119.83,161.29,-25.7104,234
JNJ,2020-12-08,119.83,161.29,-25.7091,235
JNJ,2021-09-10,119.96,161.29,-25.6291,236
JNJ,2020-07-30,119.98,161.29,-25.6161,237
JNJ,2021-08-10,119.99,161.29,-25.6094,238
JNJ,2020-08-04,120.01,161.29,-25.5965,239
JNJ,2020-12-11,120.05,161.29,-25.5731,240
JNJ,2020-08-03,120.34,161.29,-25.3898,241
JNJ,2021-09-07,120.38,161.29,-25.3639,242
JNJ,2020-08-12,120.41,161.29,-25.346,243
JNJ,2020-07-28,120.47,161.29,-25.311,244
JNJ,2020-08-27,120.52,161.29,-25.2823,245
JNJ,2021-09-03,120.62,161.29,-25.2145,246
JNJ,2020-07-31,120.66,161.29,-25.1948,247
JNJ,2021-03-08,120.68,161.29,-25.1811,248
JNJ,2021-02-15,120.7,161.29,-25.1674,249
JNJ,2020-09-02,120.77,161.29,-25.1273,250
JNJ,2021-08-06,120.77,161.29,-25.1232,251
JNJ,2021-02-22,120.82,161.29,-25.0936,252
JNJ,2021-08-09,120.82,161.29,-25.0929,253
JNJ,2021-02-12,120.83,161.29,-25.0886,254
JNJ,2021-08-30,120.86,161.29,-25.0702,255
JNJ,2021-07-15,121.0,161.29,-24.9845,256
JNJ,2021-02-25,121.02,161.29,-24.9702,257
JNJ,2021-08-13,121.04,161.29,-24.9576,258
JNJ,2021-03-03,121.14,161.29,-24.8943,259
JNJ,2021-08-20,121.14,161.29,-24.8932,260
JNJ,2020-09-09,121.25,161.29,-24.8263,261
JNJ,2021-07-13,121.26,161.29,-24.8183,262
JNJ,2021-02-26,121.39,161.29,-24.7426,263
JNJ,2020-08-31,121.39,161.29,-24.7406,264
JNJ,2020-08-28,121.54,161.29,-24.6466,265
JNJ,2021-02-19,121.63,161.29,-24.5935,266
JNJ,2021-03-01,121.7,161.29,-24.5499,267
JNJ,2021-02-16,121.73,161.29,-24.5269,268
JNJ,2020-09-08,121.77,161.29,-24.506,269
JNJ,2021-07-14,121.85,161.29,-24.456,270
JNJ,2021-09-21,121.93,161.29,-24.4066,271
JNJ,2021-08-24,121.93,161.29,-24.4044,272
JNJ,2021-08-26,121.99,161.29,-24.3651,273
JNJ,2021-02-18,122.18,161.29,-24.2523,274
JNJ,2021-08-31,122.21,161.29,-24.2289,275
JNJ,2021-02-17,122.25,161.29,-24.2094,276
JNJ,2021-03-02,122.32,161.29,-24.1651,277
JNJ,2021-09-17,122.33,161.29,-24.1596,278
JNJ,2021-09-16,122.4,161.29,-24.1148,279
JNJ,2020-09-07,122.44,161.29,-24.091,280
JNJ,2021-09-01,122.44,161.29,-24.0898,281
JNJ,2020-08-26,122.46,161.29,-24.0748,282
JNJ,2020-09-01,122.49,161.29,-24.0567,283
JNJ,2021-08-23,122.57,161.29,-24.0079,284
JNJ,2020-08-17,122.58,161.29,-24.0043,285
JNJ,2021-08-25,122.66,161.29,-23.9527,286
JNJ,2021-09-28,122.76,161.29,-23.8928,287
JNJ,2020-09-03,122.76,161.29,-23.891,288
JNJ,2021-08-16,122.89,161.29,-23.8086,289
JNJ,2021-08-18,122.96,161.29,-23.7643,290
JNJ,2021-02-24,122.99,161.29,-23.7489,291
JNJ,2020-08-25,122.99,161.29,-23.747,292
JNJ,2021-09-24,123.07,161.29,-23.6993,293
JNJ,2020-07-27,123.09,161.29,-23.6885,294
JNJ,2021-09-23,123.22,161.29,-23.6042,295
JNJ,2021-08-19,123.26,161.29,-23.5812,296
JNJ,2020-07-22,123.32,161.29,-23.5456,297
JNJ,2021-09-30,123.4,161.29,-23.4916,298
JNJ,2021-09-20,123.53,161.29,-23.4149,299
JNJ,2020-08-18,123.79,161.29,-23.2513,300
JNJ,2021-09-27,123.82,161.29,-23.2363,301
JNJ,2020-08-19,123.92,161.29,-23.1707,302
JNJ,2020-08-20,124.21,161.29,-22.9893,303
JNJ,2021-09-29,124.3,161.29,-22.9348,304
JNJ,2021-09-22,124.33,161.29,-22.9205,305
JNJ,2020-07-24,124.39,161.29,-22.8792,306
JNJ,2020-08-21,124.46,161.29,-22.8396,307
JNJ,2021-12-01,124.46,161.29,-22.8358,308
JNJ,2020-08-24,124.46,161.29,-22.8349,309
JNJ,2021-10-01,124.6,161.29,-22.748,310
JNJ,2020-09-04,124.61,161.29,-22.7432,311
JNJ,2020-07-23,124.74,161.29,-22.662,312
JNJ,2021-08-17,124.76,161.29,-22.6524,313
JNJ,2021-11-29,125.09,161.29,-22.4466,314
JNJ,2021-02-23,125.13,161.29,-22.4244,315
JNJ,2021-11-18,125.36,161.29,-22.2768,316
JNJ,2020-07-21,125.48,161.29,-22.2062,317
JNJ,2021-11-30,125.51,161.29,-22.184,318
JNJ,2021-11-24,125.58,161.29,-22.1455,319
JNJ,2021-12-02,125.79,161.29,-22.015,320
JNJ,2021-10-04,126.15,161.29,-21.7873,321
JNJ,2021-11-17,126.78,161.29,-21.398,322
JNJ,2021-11-23,126.82,161.29,-21.3744,323
JNJ,2021-11-19,126.83,161.29,-21.3667,324
JNJ,2021-11-22,126.87,161.29,-21.3406,325
JNJ,2021-10-05,127.02,161.29,-21.2527,326
JNJ,2021-12-03,127.31,161.29,-21.0713,327
JNJ,2021-11-26,127.77,161.29,-20.7816,328
JNJ,2021-11-25,127.87,161.29,-20.7231,329
JNJ,2021-11-16,127.88,161.29,-20.7135,330
JNJ,2021-12-08,127.91,161.29,-20.6985,331
JNJ,2021-12-07,128.04,161.29,-20.6171,332
JNJ,2021-10-06,128.07,161.29,-20.5975,333
JNJ,2021-11-15,128.12,161.29,-20.5656,334
JNJ,2021-12-13,128.16,161.29,-20.5451,335
JNJ,2021-12-09,128.3,161.29,-20.4545,336
JNJ,2021-12-14,128.32,161.29,-20.4407,337
JNJ,2020-07-20,128.5,161.29,-20.3345,338
JNJ,2021-11-12,128.61,161.29,-20.2642,339
JNJ,2021-12-06,128.68,161.29,-20.2208,340
JNJ,2021-11-04,128.91,161.29,-20.0789,341
JNJ,2021-11-11,128.92,161.29,-20.0707,342
JNJ,2021-12-10,129.64,161.29,-19.625,343
JNJ,2021-11-08,129.95,161.29,-19.4358,344
JNJ,2021-11-10,130.13,161.29,-19.3218,345
JNJ,2021-12-17,130.34,161.29,-19.192,346
JNJ,2021-12-16,130.34,161.29,-19.1886,347
JNJ,2021-11-09,130.79,161.29,-18.9122,348
JNJ,2020-07-17,130.83,161.29,-18.8886,349
JNJ,2021-12-15,131.1,161.29,-18.7171,350
JNJ,2022-01-18,131.19,161.29,-18.6628,351
JNJ,2021-11-05,131.44,161.29,-18.5097,352
JNJ,2021-12-23,131.62,161.29,-18.3952,353
JNJ,2021-12-22,131.68,161.29,-18.3627,354
JNJ,2022-01-17,131.72,161.29,-18.3371,355
JNJ,2021-11-03,131.82,161.29,-18.2734,356
JNJ,2021-10-07,131.83,161.29,-18.2651,357
JNJ,2021-11-02,132.25,161.29,-18.004,358
JNJ,2021-11-01,132.35,161.29,-17.9448,359
JNJ,2021-10-08,132.49,161.29,-17.8573,360
JNJ,2022-01-19,132.5,161.29,-17.8527,361
JNJ,2021-10-11,132.69,161.29,-17.7341,362
JNJ,2022-01-14,132.89,161.29,-17.6084,363
JNJ,2021-10-12,133.23,161.29,-17.399,364
JNJ,2024-02-21,179.91,217.78,-17.3885,365
JNJ,2020-06-17,133.29,161.29,-17.3592,366
JNJ,2020-06-18,133.4,161.29,-17.2967,367
JNJ,2020-07-16,133.53,161.29,-17.2151,368
JNJ,2024-02-20,180.29,217.78,-17.2123,369
JNJ,2020-06-11,133.55,161.29,-17.2029,370
JNJ,2020-06-26,133.56,161.29,-17.1952,371
JNJ,2020-07-15,133.82,161.29,-17.0343,372
JNJ,2021-10-28,133.95,161.29,-16.953,373
JNJ,2021-12-21,133.96,161.29,-16.9468,374
JNJ,2022-01-13,133.97,161.29,-16.9437,375
JNJ,2020-07-14,134.0,161.29,-16.9239,376
JNJ,2021-12-24,134.18,161.29,-16.8114,377
JNJ,2021-12-20,134.29,161.29,-16.7404,378
JNJ,2021-12-28,134.36,161.29,-16.6965,379
JNJ,2020-06-10,134.37,161.29,-16.6957,380
JNJ,2024-02-19,181.46,217.78,-16.677,381
JNJ,2020-06-25,134.48,161.29,-16.6261,382
JNJ,2022-01-12,134.53,161.29,-16.5933,383
JNJ,2020-06-12,134.55,161.29,-16.5833,384
JNJ,2020-06-15,134.57,161.29,-16.5679,385
JNJ,2024-02-26,181.81,217.78,-16.5159,386
JNJ,2022-01-20,134.79,161.29,-16.4341,387
JNJ,2021-12-30,134.8,161.29,-16.4276,388
JNJ,2022-01-06,134.95,161.29,-16.3322,389
JNJ,2020-06-24,134.96,161.29,-16.3245,390
JNJ,2020-06-29,134.98,161.29,-16.3173,391
JNJ,2021-12-29,135.03,161.29,-16.282,392
JNJ,2020-06-19,135.1,161.29,-16.2418,393
JNJ,2020-07-13,135.11,161.29,-16.237,394
JNJ,2020-06-03,135.16,161.29,-16.2018,395
JNJ,2022-01-03,135.17,161.29,-16.1986,396
JNJ,2021-10-13,135.2,161.29,-16.1784,397
JNJ,2024-02-28,182.58,217.78,-16.1619,398
JNJ,2021-10-27,135.24,161.29,-16.1526,399
JNJ,2022-12-07,142.43,169.7,-16.0695,400
JNJ,2021-10-29,135.42,161.29,-16.0446,401
JNJ,2020-06-23,135.47,161.29,-16.0111,402
JNJ,2020-06-16,135.49,161.29,-15.9978,403
JNJ,2022-01-11,135.6,161.29,-15.9302,404
JNJ,2024-02-23,183.11,217.78,-15.9167,405
JNJ,2024-02-22,183.14,217.78,-15.9038,406
JNJ,2020-05-26,135.83,161.29,-15.7894,407
JNJ,2021-12-27,135.83,161.29,-15.7873,408
JNJ,2020-06-01,135.88,161.29,-15.7548,409
JNJ,2020-05-28,135.89,161.29,-15.7491,410
JNJ,2022-01-07,135.9,161.29,-15.7465,411
JNJ,2024-03-04,183.54,217.78,-15.7225,412
JNJ,2022-01-04,135.96,161.29,-15.7061,413
JNJ,2024-02-27,183.58,217.78,-15.7017,414
JNJ,2020-05-29,135.98,161.29,-15.6919,415
JNJ,2020-05-15,136.05,161.29,-15.6523,416
JNJ,2021-12-31,136.08,161.29,-15.6332,417
JNJ,2022-12-08,143.47,169.7,-15.4584,418
JNJ,2020-05-13,136.55,161.29,-15.3402,419
JNJ,2020-05-27,136.66,161.29,-15.2731,420
JNJ,2020-07-10,136.71,161.29,-15.239,421
JNJ,2020-05-20,136.72,161.29,-15.2357,422
JNJ,2022-12-09,143.96,169.7,-15.1696,423
JNJ,2022-01-21,136.83,161.29,-15.1691,424
JNJ,2024-02-29,184.77,217.78,-15.1534,425
JNJ,2020-06-09,136.9,161.29,-15.1226,426
JNJ,2021-10-20,136.99,161.29,-15.0672,427
JNJ,2021-10-18,137.23,161.29,-14.9169,428
JNJ,2024-03-01,185.37,217.78,-14.88,429
JNJ,2020-06-22,137.37,161.29,-14.83,430
JNJ,2024-03-05,185.54,217.78,-14.7999,431
JNJ,2021-10-21,137.43,161.29,-14.797,432
JNJ,2022-12-12,144.63,169.7,-14.7763,433
JNJ,2020-05-21,137.59,161.29,-14.6941,434
JNJ,2020-05-14,137.6,161.29,-14.6923,435
JNJ,2020-05-22,137.68,161.29,-14.6392,436
JNJ,2020-06-04,137.69,161.29,-14.6324,437
JNJ,2020-05-19,137.71,161.29,-14.6209,438
JNJ,2020-07-01,137.76,161.29,-14.5894,439
JNJ,2021-10-26,137.76,161.29,-14.5883,440
JNJ,2021-10-25,137.81,161.29,-14.5629,441
JNJ,2021-10-22,137.94,161.29,-14.4805,442
JNJ,2020-05-12,137.94,161.29,-14.4769,443
JNJ,2022-01-10,137.98,161.29,-14.4552,444
JNJ,2020-06-02,138.01,161.29,-14.4369,445
JNJ,2020-05-18,138.02,161.29,-14.4308,446
JNJ,2022-06-01,138.28,161.29,-14.2702,447
JNJ,2020-05-11,138.3,161.29,-14.2532,448
JNJ,2022-11-30,145.59,169.7,-14.2097,449
JNJ,2024-03-06,186.86,217.78,-14.1956,450
JNJ,2022-01-24,138.41,161.29,-14.1861,451
JNJ,2020-07-02,138.46,161.29,-14.1553,452
JNJ,2022-05-05,138.49,161.29,-14.1404,453
JNJ,2024-02-13,187.12,217.78,-14.077,454
JNJ,2021-10-15,138.63,161.29,-14.0539,455
JNJ,2022-12-16,145.88,169.7,-14.0352,456
JNJ,2020-05-08,138.72,161.29,-13.9946,457
JNJ,2022-12-06,145.97,169.7,-13.9876,458
JNJ,2020-06-05,138.84,161.29,-13.924,459
JNJ,2021-10-14,138.85,161.29,-13.9133,460
JNJ,2022-05-06,138.86,161.29,-13.9111,461
JNJ,2020-05-25,138.91,161.29,-13.8787,462
JNJ,2022-05-02,138.91,161.29,-13.8787,462
JNJ,2020-07-09,138.93,161.29,-13.8685,464
JNJ,2022-11-29,146.17,169.7,-13.8643,465
JNJ,2020-07-03,138.96,161.29,-13.8454,466
JNJ,2022-01-05,138.97,161.29,-13.8385,467
JNJ,2021-10-19,139.09,161.29,-13.7661,468
JNJ,2020-06-08,139.11,161.29,-13.7536,469
JNJ,2024-02-16,187.83,217.78,-13.752,470
JNJ,2024-02-15,188.11,217.78,-13.6234,471
JNJ,2024-02-09,188.15,217.78,-13.6024,472
JNJ,2022-11-14,146.63,169.7,-13.5961,473
JNJ,2022-05-04,139.4,161.29,-13.5724,474
JNJ,2020-06-30,139.48,161.29,-13.5259,475
JNJ,2020-07-06,139.5,161.29,-13.5132,476
JNJ,2022-05-24,139.54,161.29,-13.4904,477
JNJ,2024-03-08,188.47,217.78,-13.4547,478
JNJ,2024-02-14,188.56,217.78,-13.4144,479
JNJ,2020-02-13,139.72,161.29,-13.3767,480
JNJ,2022-05-03,139.77,161.29,-13.344,481
JNJ,2022-12-21,147.06,169.7,-13.3403,482
JNJ,2024-03-07,188.82,217.78,-13.2977,483
JNJ,2022-12-22,147.45,169.7,-13.1138,484
JNJ,2022-06-02,140.15,161.29,-13.1106,485
JNJ,2022-12-13,147.46,169.7,-13.1048,486
JNJ,2024-02-02,189.28,217.78,-13.0827,487
JNJ,2022-05-11,140.29,161.29,-13.0204,488
JNJ,2024-02-07,189.47,217.78,-12.996,489
JNJ,2022-05-18,140.36,161.29,-12.978,490
JNJ,2022-06-08,140.42,161.29,-12.9417,491
JNJ,2022-12-14,147.76,169.7,-12.932,492
JNJ,2020-05-07,140.5,161.29,-12.8947,493
JNJ,2022-05-09,140.5,161.29,-12.8932,494
JNJ,2022-05-30,140.51,161.29,-12.8846,495
JNJ,2022-05-31,140.51,161.29,-12.8836,496
JNJ,2022-12-01,147.85,169.7,-12.8789,497
JNJ,2022-05-16,140.54,161.29,-12.8683,498
JNJ,2020-02-12,140.58,161.29,-12.843,499
JNJ,2024-03-11,189.81,217.78,-12.8407,500
JNJ,2024-02-12,189.97,217.78,-12.7691,501
JNJ,2022-05-27,140.72,161.29,-12.7585,502
JNJ,2022-05-17,140.73,161.29,-12.7476,503
JNJ,2024-02-06,190.07,217.78,-12.7223,504
JNJ,2024-01-31,190.13,217.78,-12.6953,505
JNJ,2022-12-15,148.18,169.7,-12.6844,506
JNJ,2022-05-25,140.85,161.29,-12.6723,507
JNJ,2022-05-23,140.88,161.29,-12.6591,508
JNJ,2022-05-10,140.96,161.29,-12.6044,509
JNJ,2020-02-11,141.01,161.29,-12.5776,510
JNJ,2024-01-30,190.39,217.78,-12.5736,511
JNJ,2022-12-20,148.39,169.7,-12.556,512
JNJ,2020-02-19,141.05,161.29,-12.549,513
JNJ,2020-05-06,141.06,161.29,-12.5479,514
JNJ,2022-05-20,141.1,161.29,-12.5175,515
JNJ,2022-12-05,148.48,169.7,-12.5086,516
JNJ,2022-05-26,141.12,161.29,-12.5079,517
JNJ,2024-02-08,190.66,217.78,-12.4515,518
JNJ,2024-01-29,190.68,217.78,-12.4421,519
JNJ,2022-12-19,148.63,169.7,-12.4155,520
JNJ,2020-02-18,141.27,161.29,-12.4147,521
JNJ,2022-01-25,141.35,161.29,-12.3625,522
JNJ,2022-11-25,148.81,169.7,-12.3119,523
JNJ,2022-11-11,148.83,169.7,-12.2992,524
JNJ,2024-02-05,191.12,217.78,-12.239,525
JNJ,2020-02-14,141.57,161.29,-12.2306,526
JNJ,2020-07-07,141.66,161.29,-12.1738,527
JNJ,2022-11-28,149.06,169.7,-12.1618,528
JNJ,2024-02-01,191.52,217.78,-12.0559,529
JNJ,2022-05-19,141.91,161.29,-12.0162,530
JNJ,2020-02-07,141.92,161.29,-12.0134,531
JNJ,2022-06-03,141.95,161.29,-11.9937,532
JNJ,2022-06-07,141.98,161.29,-11.9746,533
JNJ,2022-06-06,142.05,161.29,-11.9308,534
JNJ,2022-12-02,149.61,169.7,-11.8378,535
JNJ,2020-07-08,142.3,161.29,-11.779,536
JNJ,2020-05-05,142.55,161.29,-11.6213,537
JNJ,2020-02-17,142.56,161.29,-11.6147,538
JNJ,2022-11-23,150.02,169.7,-11.598,539
JNJ,2022-10-31,150.04,169.7,-11.5874,540
JNJ,2022-10-28,150.15,169.7,-11.5207,541
JNJ,2022-05-13,142.77,161.29,-11.4868,542
JNJ,2022-11-08,150.25,169.7,-11.4616,543
JNJ,2023-01-17,150.27,169.7,-11.4484,544
JNJ,2022-11-24,150.37,169.7,-11.3926,545
JNJ,2022-11-22,150.4,169.7,-11.3729,546
JNJ,2022-11-17,150.42,169.7,-11.3627,547
JNJ,2020-02-10,143.05,161.29,-11.3097,548
JNJ,2022-11-15,150.54,169.7,-11.2896,549
JNJ,2022-11-21,150.6,169.7,-11.2575,550
JNJ,2022-04-29,143.15,161.29,-11.2489,551
JNJ,2020-02-05,143.19,161.29,-11.2225,552
JNJ,2022-11-10,150.68,169.7,-11.2077,553
JNJ,2020-02-20,143.23,161.29,-11.1983,554
JNJ,2022-06-09,143.23,161.29,-11.1973,555
JNJ,2022-12-23,150.87,169.7,-11.0981,556
JNJ,2024-03-14,193.64,217.78,-11.0836,557
JNJ,2024-01-23,193.66,217.78,-11.0743,558
JNJ,2020-04-30,143.44,161.29,-11.0683,559
JNJ,2020-02-24,143.51,161.29,-11.0281,560
JNJ,2024-01-22,193.87,217.78,-10.9781,561
JNJ,2023-01-18,151.19,169.7,-10.9104,562
JNJ,2024-03-12,194.04,217.78,-10.8993,563
JNJ,2022-11-09,151.22,169.7,-10.8914,564
JNJ,2023-01-16,151.25,169.7,-10.8732,565
JNJ,2022-05-12,143.76,161.29,-10.8691,566
JNJ,2023-01-20,151.43,169.7,-10.7681,567
JNJ,2024-03-13,194.47,217.78,-10.7034,568
JNJ,2020-02-06,144.17,161.29,-10.6151,569
JNJ,2022-03-25,144.18,161.29,-10.6085,570
JNJ,2022-11-07,151.77,169.7,-10.5657,571
JNJ,2022-03-24,144.29,161.29,-10.541,572
JNJ,2022-11-16,151.85,169.7,-10.5208,573
JNJ,2020-05-04,144.45,161.29,-10.4464,574
JNJ,2020-05-01,144.48,161.29,-10.4219,575
JNJ,2022-10-25,152.13,169.7,-10.3549,576
JNJ,2022-01-26,144.68,161.29,-10.2978,577
JNJ,2023-12-05,195.39,217.78,-10.2812,578
JNJ,2024-01-24,195.55,217.78,-10.2058,579
JNJ,2023-12-06,195.72,217.78,-10.1297,580
JNJ,2024-09-12,224.29,249.53,-10.1171,581
JNJ,2022-11-18,152.54,169.7,-10.113,582
JNJ,2022-01-27,144.99,161.29,-10.106,583
JNJ,2020-04-29,145.01,161.29,-10.0936,584
JNJ,2022-10-27,152.58,169.7,-10.0925,585
JNJ,2020-03-03,145.1,161.29,-10.0402,586
JNJ,2023-01-19,152.72,169.7,-10.009,587
JNJ,2023-12-07,196.05,217.78,-9.9774,588
JNJ,2024-01-25,196.07,217.78,-9.9649,589
JNJ,2022-12-27,152.95,169.7,-9.8705,590
JNJ,2020-02-04,145.38,161.29,-9.8688,591
JNJ,2024-01-26,196.33,217.78,-9.8464,592
JNJ,2023-01-31,153.03,169.7,-9.8242,593
JNJ,2020-03-05,145.45,161.29,-9.8221,594
JNJ,2024-01-08,196.45,217.78,-9.7931,595
JNJ,2022-11-04,153.11,169.7,-9.7777,596
JNJ,2022-04-06,145.61,161.29,-9.727,597
JNJ,2020-01-23,145.61,161.29,-9.7223,598
JNJ,2020-03-04,145.7,161.29,-9.6709,599
JNJ,2020-02-25,145.7,161.29,-9.6674,600
JNJ,2022-06-10,145.7,161.29,-9.666,601
JNJ,2020-02-21,145.71,161.29,-9.6593,602
JNJ,2020-04-27,145.85,161.29,-9.5745,603
JNJ,2022-04-28,145.87,161.29,-9.5628,604
JNJ,2022-03-23,145.98,161.29,-9.4971,605
JNJ,2024-09-11,225.85,249.53,-9.493,606
JNJ,2024-03-15,197.11,217.78,-9.4903,607
JNJ,2023-01-13,153.63,169.7,-9.4693,608
JNJ,2023-01-23,153.76,169.7,-9.3915,609
JNJ,2020-01-24,146.16,161.29,-9.381,610
JNJ,2024-09-18,226.14,249.53,-9.3747,611
JNJ,2020-03-06,146.21,161.29,-9.3533,612
JNJ,2022-03-28,146.22,161.29,-9.3474,613
JNJ,2023-12-08,197.48,217.78,-9.318,614
JNJ,2020-01-22,146.28,161.29,-9.3081,615
JNJ,2022-11-01,153.91,169.7,-9.3058,616
JNJ,2022-04-01,146.37,161.29,-9.2558,617
JNJ,2022-06-13,146.39,161.29,-9.2381,618
JNJ,2024-03-19,197.69,217.78,-9.2218,619
JNJ,2022-10-26,154.14,169.7,-9.1685,620
JNJ,2020-04-28,146.59,161.29,-9.1193,621
JNJ,2024-04-04,197.93,217.78,-9.1115,622
JNJ,2024-09-13,226.8,249.53,-9.109,623
JNJ,2024-09-16,226.81,249.53,-9.1083,624
JNJ,2024-09-17,226.84,249.53,-9.0936,625
JNJ,2024-01-05,198.01,217.78,-9.077,626
JNJ,2023-01-26,154.3,169.7,-9.0756,627
JNJ,2020-01-31,146.68,161.29,-9.0613,628
JNJ,2022-02-21,146.68,161.29,-9.0588,629
JNJ,2022-03-31,146.74,161.29,-9.0206,630
JNJ,2022-04-05,146.77,161.29,-9.0043,631
JNJ,2020-02-03,146.79,161.29,-8.9927,632
JNJ,2022-11-03,154.5,169.7,-8.9595,633
JNJ,2022-04-08,146.88,161.29,-8.938,634
JNJ,2022-12-26,154.61,169.7,-8.8963,635
JNJ,2023-01-12,154.61,169.7,-8.8936,636
JNJ,2023-10-13,198.45,217.78,-8.8725,637
JNJ,2020-03-09,147.01,161.29,-8.8575,638
JNJ,2023-10-17,198.49,217.78,-8.8574,639
JNJ,2020-04-23,147.09,161.29,-8.8049,640
JNJ,2020-01-27,147.11,161.29,-8.7935,641
JNJ,2022-10-24,154.8,169.7,-8.7842,642
JNJ,2024-03-18,198.65,217.78,-8.78,643
JNJ,2020-03-02,147.14,161.29,-8.7756,644
JNJ,2023-01-24,154.81,169.7,-8.7733,645
JNJ,2024-09-19,227.64,249.53,-8.7721,646
JNJ,2024-01-19,198.67,217.78,-8.771,647
JNJ,2022-03-29,147.15,161.29,-8.7709,648
JNJ,2022-02-18,147.18,161.29,-8.7496,649
JNJ,2023-01-27,154.89,169.7,-8.731,650
JNJ,2020-01-21,147.25,161.29,-8.7087,651
JNJ,2024-04-09,198.82,217.78,-8.706,652
JNJ,2024-01-10,198.88,217.78,-8.6742,653
JNJ,2022-04-27,147.32,161.29,-8.6648,654
JNJ,2020-04-24,147.33,161.29,-8.656,655
JNJ,2022-03-30,147.34,161.29,-8.6543,656
JNJ,2022-12-28,155.04,169.7,-8.6381,657
JNJ,2024-03-21,198.99,217.78,-8.6266,658
JNJ,2022-01-28,147.4,161.29,-8.6124,659
JNJ,2022-04-07,147.41,161.29,-8.6053,660
JNJ,2024-01-09,199.08,217.78,-8.5833,661
JNJ,2022-04-25,147.48,161.29,-8.5626,662
JNJ,2024-04-08,199.14,217.78,-8.5592,663
JNJ,2023-12-11,199.37,217.78,-8.4528,664
JNJ,2023-12-04,199.39,217.78,-8.4414,665
JNJ,2022-04-26,147.77,161.29,-8.3832,666
JNJ,2022-02-02,147.78,161.29,-8.379,667
JNJ,2020-01-28,147.78,161.29,-8.3788,668
JNJ,2022-06-14,147.8,161.29,-8.3671,669
JNJ,2020-02-26,147.8,161.29,-8.3655,670
JNJ,2022-02-01,147.83,161.29,-8.3506,671
JNJ,2023-12-29,199.74,217.78,-8.2809,672
JNJ,2022-12-29,155.67,169.7,-8.2664,673
JNJ,2022-02-15,148.0,161.29,-8.244,674
JNJ,2020-02-28,148.02,161.29,-8.2277,675
JNJ,2022-02-23,148.05,161.29,-8.2088,676
JNJ,2022-02-24,148.12,161.29,-8.1672,677
JNJ,2020-02-27,148.14,161.29,-8.1565,678
JNJ,2022-11-02,155.87,169.7,-8.1527,679
JNJ,2024-01-04,200.02,217.78,-8.1516,680
JNJ,2022-01-31,148.15,161.29,-8.1488,681
JNJ,2023-10-18,200.04,217.78,-8.1457,682
JNJ,2023-01-30,156.0,169.7,-8.073,683
JNJ,2020-04-22,148.29,161.29,-8.0599,684
JNJ,2024-03-22,200.24,217.78,-8.0534,685
JNJ,2024-09-10,229.5,249.53,-8.0269,686
JNJ,2023-12-12,200.31,217.78,-8.0213,687
JNJ,2023-10-12,200.31,217.78,-8.0196,688
JNJ,2024-04-05,200.38,217.78,-7.9883,689
JNJ,2022-02-28,148.42,161.29,-7.9809,690
JNJ,2022-02-25,148.43,161.29,-7.9767,691
JNJ,2024-04-02,200.44,217.78,-7.9592,692
JNJ,2023-02-02,156.23,169.7,-7.9414,693
JNJ,2023-10-23,200.53,217.78,-7.9187,694
JNJ,2022-02-10,148.54,161.29,-7.9065,695
JNJ,2023-01-10,156.31,169.7,-7.8941,696
JNJ,2023-10-16,200.61,217.78,-7.8804,697
JNJ,2024-03-28,200.62,217.78,-7.8791,698
JNJ,2022-04-04,148.59,161.29,-7.8789,699
JNJ,2023-12-13,200.62,217.78,-7.8784,700
JNJ,2023-10-27,200.63,217.78,-7.8734,701
JNJ,2023-01-11,156.35,169.7,-7.8698,702
JNJ,2020-04-21,148.64,161.29,-7.8479,703
JNJ,2024-04-10,200.82,217.78,-7.7836,704
JNJ,2024-09-03,230.13,249.53,-7.7773,705
JNJ,2024-01-17,200.89,217.78,-7.7526,706
JNJ,2022-02-16,148.83,161.29,-7.7271,707
JNJ,2024-04-03,201.18,217.78,-7.6203,708
JNJ,2024-03-29,201.19,217.78,-7.6157,709
JNJ,2020-01-30,149.08,161.29,-7.5713,710
JNJ,2022-02-22,149.08,161.29,-7.5708,711
JNJ,2024-09-06,230.73,249.53,-7.5341,712
JNJ,2024-01-18,201.37,217.78,-7.5319,713
JNJ,2022-02-11,149.19,161.29,-7.5054,714
JNJ,2023-10-20,201.49,217.78,-7.4767,715
JNJ,2023-01-09,157.09,169.7,-7.4321,716
JNJ,2020-01-29,149.33,161.29,-7.4185,717
JNJ,2024-03-20,201.67,217.78,-7.3946,718
JNJ,2024-09-05,231.18,249.53,-7.3539,719
JNJ,2023-02-03,157.23,169.7,-7.3486,720
JNJ,2023-02-01,157.32,169.7,-7.2981,721
JNJ,2022-02-03,149.52,161.29,-7.2976,722
JNJ,2022-06-28,149.53,161.29,-7.2954,723
JNJ,2024-09-20,231.43,249.53,-7.2554,724
JNJ,2023-01-25,157.39,169.7,-7.255,725
JNJ,2022-03-01,149.62,161.29,-7.236,726
JNJ,2022-02-17,149.64,161.29,-7.2249,727
JNJ,2022-12-30,157.47,169.7,-7.2099,728
JNJ,2023-12-01,202.08,217.78,-7.2053,729
JNJ,2023-12-28,202.14,217.78,-7.1804,730
JNJ,2022-02-14,149.72,161.29,-7.1742,731
JNJ,2022-03-22,149.73,161.29,-7.1711,732
JNJ,2024-01-03,202.22,217.78,-7.1441,733
JNJ,2022-06-20,149.79,161.29,-7.1329,734
JNJ,2022-06-15,149.91,161.29,-7.0561,735
JNJ,2024-01-15,202.49,217.78,-7.0199,736
JNJ,2022-03-21,149.99,161.29,-7.0097,737
JNJ,2024-01-01,202.54,217.78,-6.994,738
JNJ,2024-04-11,202.64,217.78,-6.9501,739
JNJ,2023-12-14,202.67,217.78,-6.9352,740
JNJ,2023-11-30,202.68,217.78,-6.9308,741
JNJ,2023-01-02,158.0,169.7,-6.8948,742
JNJ,2022-04-11,150.18,161.29,-6.8901,743
JNJ,2023-10-24,202.84,217.78,-6.8584,744
JNJ,2024-04-01,202.86,217.78,-6.8509,745
JNJ,2022-06-17,150.28,161.29,-6.8283,746
JNJ,2024-03-25,202.91,217.78,-6.8267,747
JNJ,2022-04-22,150.35,161.29,-6.7848,748
JNJ,2023-10-19,203.26,217.78,-6.6666,749
JNJ,2024-07-03,214.45,229.68,-6.6295,750
JNJ,2023-01-05,158.46,169.7,-6.6262,751
JNJ,2022-06-21,150.63,161.29,-6.6149,752
JNJ,2024-03-27,203.41,217.78,-6.5978,753
JNJ,2022-04-14,150.67,161.29,-6.5865,754
JNJ,2024-06-26,214.63,229.68,-6.5509,755
JNJ,2020-03-13,150.74,161.29,-6.5406,756
JNJ,2024-09-09,233.22,249.53,-6.5384,757
JNJ,2023-10-30,203.56,217.78,-6.5295,758
JNJ,2023-11-29,203.66,217.78,-6.482,759
JNJ,2023-06-29,177.46,189.68,-6.4425,760
JNJ,2024-01-12,203.76,217.78,-6.4347,761
JNJ,2024-04-12,203.78,217.78,-6.425,762
JNJ,2023-06-16,177.51,189.68,-6.4188,763
JNJ,2024-01-11,203.8,217.78,-6.4163,764
JNJ,2024-01-02,203.82,217.78,-6.4071,765
JNJ,2022-06-22,151.01,161.29,-6.3757,766
JNJ,2023-02-06,158.93,169.7,-6.3461,767
JNJ,2023-10-11,203.96,217.78,-6.3428,768
JNJ,2022-04-18,151.11,161.29,-6.3164,769
JNJ,2024-09-04,233.8,249.53,-6.3071,770
JNJ,2022-03-02,151.26,161.29,-6.2233,771
JNJ,2023-01-06,159.15,169.7,-6.2201,772
JNJ,2023-01-03,159.15,169.7,-6.2196,773
JNJ,2022-10-21,159.15,169.7,-6.219,774
JNJ,2023-02-07,159.16,169.7,-6.2148,775
JNJ,2023-12-27,204.28,217.78,-6.1957,776
JNJ,2020-03-10,151.3,161.29,-6.1941,777
JNJ,2023-10-26,204.3,217.78,-6.1878,778
JNJ,2022-04-12,151.4,161.29,-6.1342,779
JNJ,2023-10-06,204.47,217.78,-6.1085,780
JNJ,2020-03-16,151.46,161.29,-6.1001,781
JNJ,2023-12-18,204.5,217.78,-6.0956,782
JNJ,2024-07-04,215.71,229.68,-6.0793,783
JNJ,2020-04-16,151.56,161.29,-6.0321,784
JNJ,2022-06-29,151.57,161.29,-6.0305,785
JNJ,2023-04-25,178.25,189.68,-6.0242,786
JNJ,2024-06-24,215.86,229.68,-6.014,787
JNJ,2024-01-16,204.68,217.78,-6.0128,788
JNJ,2022-02-09,151.66,161.29,-5.9745,789
JNJ,2022-06-16,151.71,161.29,-5.9431,790
JNJ,2023-11-28,204.86,217.78,-5.9319,791
JNJ,2020-04-20,151.75,161.29,-5.9204,792
JNJ,2024-06-25,216.12,229.68,-5.9008,793
JNJ,2022-04-20,151.79,161.29,-5.894,794
JNJ,2023-12-20,204.94,217.78,-5.8923,795
JNJ,2023-10-31,204.96,217.78,-5.8848,796
JNJ,2023-05-26,178.53,189.68,-5.8763,797
JNJ,2023-10-10,205.01,217.78,-5.8593,798
JNJ,2023-08-14,181.06,192.3,-5.8458,799
JNJ,2023-06-13,178.72,189.68,-5.7781,800
JNJ,2023-10-09,205.21,217.78,-5.7682,801
JNJ,2023-05-25,178.76,189.68,-5.7582,802
JNJ,2023-12-26,205.3,217.78,-5.7299,803
JNJ,2022-02-04,152.07,161.29,-5.7203,804
JNJ,2023-07-03,178.86,189.68,-5.7033,805
JNJ,2022-03-15,152.14,161.29,-5.6774,806
JNJ,2020-04-13,152.14,161.29,-5.6769,807
JNJ,2023-11-03,205.42,217.78,-5.6732,808
JNJ,2024-03-26,205.44,217.78,-5.6636,809
JNJ,2023-08-16,181.44,192.3,-5.6471,810
JNJ,2023-12-21,205.5,217.78,-5.6344,811
JNJ,2022-04-21,152.21,161.29,-5.6321,812
JNJ,2020-04-15,152.22,161.29,-5.6267,813
JNJ,2022-10-13,160.18,169.7,-5.6104,814
JNJ,2022-03-17,152.27,161.29,-5.5956,815
JNJ,2022-06-23,152.34,161.29,-5.5489,816
JNJ,2023-06-30,179.16,189.68,-5.5447,817
JNJ,2023-06-14,179.18,189.68,-5.5371,818
JNJ,2022-04-19,152.38,161.29,-5.529,819
JNJ,2023-10-25,205.75,217.78,-5.5234,820
JNJ,2023-06-08,179.22,189.68,-5.5138,821
JNJ,2024-05-14,205.77,217.78,-5.5132,822
JNJ,2023-11-07,205.77,217.78,-5.512,823
JNJ,2020-04-14,152.46,161.29,-5.4789,824
JNJ,2023-04-21,179.29,189.68,-5.4762,825
JNJ,2022-07-06,152.46,161.29,-5.4759,826
JNJ,2022-02-08,152.46,161.29,-5.4751,827
JNJ,2023-04-19,179.32,189.68,-5.4614,828
JNJ,2023-04-24,179.33,189.68,-5.4586,829
JNJ,2024-09-02,235.93,249.53,-5.4535,830
JNJ,2022-04-15,152.53,161.29,-5.4337,831
JNJ,2023-11-01,205.94,217.78,-5.4323,832
JNJ,2022-03-16,152.56,161.29,-5.4177,833
JNJ,2022-07-08,152.56,161.29,-5.4123,834
JNJ,2024-04-23,205.99,217.78,-5.4105,835
JNJ,2023-12-15,206.02,217.78,-5.3963,836
JNJ,2023-10-05,206.03,217.78,-5.3918,837
JNJ,2023-10-02,206.04,217.78,-5.388,838
JNJ,2022-03-18,152.61,161.29,-5.3836,839
JNJ,2023-06-12,179.47,189.68,-5.3809,840
JNJ,2023-10-03,206.12,217.78,-5.3498,841
JNJ,2020-01-20,152.73,161.29,-5.3093,842
JNJ,2022-07-05,152.74,161.29,-5.3063,843
JNJ,2024-04-15,206.23,217.78,-5.3023,844
JNJ,2023-12-19,206.35,217.78,-5.2479,845
JNJ,2023-11-06,206.39,217.78,-5.2298,846
JNJ,2023-06-20,179.81,189.68,-5.2045,847
JNJ,2024-04-22,206.45,217.78,-5.1994,848
JNJ,2024-07-02,217.74,229.68,-5.1987,849
JNJ,2022-03-04,152.97,161.29,-5.1585,850
JNJ,2022-10-11,160.96,169.7,-5.1536,851
JNJ,2024-06-20,217.85,229.68,-5.1489,852
JNJ,2024-05-13,206.57,217.78,-5.1437,853
JNJ,2023-06-15,179.95,189.68,-5.1281,854
JNJ,2024-04-19,206.64,217.78,-5.1136,855
JNJ,2022-06-30,153.06,161.29,-5.1082,856
JNJ,2023-06-09,180.02,189.68,-5.0937,857
JNJ,2023-06-19,180.03,189.68,-5.0875,858
JNJ,2022-02-07,153.11,161.29,-5.0738,859
JNJ,2024-04-18,206.73,217.78,-5.0735,860
JNJ,2020-01-17,153.14,161.29,-5.0563,861
JNJ,2023-04-20,180.11,189.68,-5.0466,862
JNJ,2023-06-23,180.16,189.68,-5.0174,863
JNJ,2024-06-12,218.2,229.68,-4.9952,864
JNJ,2023-08-11,182.72,192.3,-4.9798,865
JNJ,2023-10-04,206.96,217.78,-4.9646,866
JNJ,2022-07-07,153.29,161.29,-4.961,867
JNJ,2023-04-26,180.28,189.68,-4.9588,868
JNJ,2022-03-14,153.32,161.29,-4.9453,869
JNJ,2024-04-29,207.03,217.78,-4.9356,870
JNJ,2022-07-14,153.35,161.29,-4.924,871
JNJ,2020-03-11,153.41,161.29,-4.8884,872
JNJ,2020-04-17,153.41,161.29,-4.8864,873
JNJ,2023-08-02,182.91,192.3,-4.8816,874
JNJ,2023-08-10,182.91,192.3,-4.8815,875
JNJ,2022-04-13,153.44,161.29,-4.8728,876
JNJ,2023-07-04,180.45,189.68,-4.8685,877
JNJ,2024-04-24,207.21,217.78,-4.8514,878
JNJ,2022-03-03,153.48,161.29,-4.8449,879
JNJ,2023-11-08,207.24,217.78,-4.8399,880
JNJ,2024-04-16,207.24,217.78,-4.838,881
JNJ,2022-06-24,153.5,161.29,-4.8328,882
JNJ,2020-03-18,153.53,161.29,-4.8138,883
JNJ,2024-05-10,207.29,217.78,-4.8137,884
JNJ,2022-10-19,161.57,169.7,-4.7928,885
JNJ,2023-01-04,161.59,169.7,-4.7799,886
JNJ,2023-12-25,207.47,217.78,-4.7308,887
JNJ,2023-06-21,180.71,189.68,-4.7283,888
JNJ,2023-08-09,183.22,192.3,-4.7215,889
JNJ,2024-10-23,237.76,249.53,-4.7183,890
JNJ,2023-02-08,161.72,169.7,-4.7053,891
JNJ,2022-07-13,153.74,161.29,-4.6826,892
JNJ,2023-06-07,180.8,189.68,-4.6819,893
JNJ,2024-06-27,219.01,229.68,-4.646,894
JNJ,2023-11-27,207.76,217.78,-4.601,895
JNJ,2023-06-22,180.96,189.68,-4.5988,896
JNJ,2022-07-12,153.88,161.29,-4.5976,897
JNJ,2024-04-25,207.77,217.78,-4.5961,898
JNJ,2023-08-03,183.47,192.3,-4.5942,899
JNJ,2024-06-21,219.16,229.68,-4.5798,900
JNJ,2024-07-16,219.16,229.68,-4.5775,901
JNJ,2022-03-07,153.92,161.29,-4.5693,902
JNJ,2022-10-12,161.98,169.7,-4.5535,903
JNJ,2023-08-07,183.55,192.3,-4.5487,904
JNJ,2022-06-27,153.97,161.29,-4.5418,905
JNJ,2024-10-07,238.21,249.53,-4.5392,906
JNJ,2022-10-20,162.0,169.7,-4.5361,907
JNJ,2022-03-10,154.05,161.29,-4.4943,908
JNJ,2023-04-17,181.21,189.68,-4.4656,909
JNJ,2023-12-22,208.06,217.78,-4.4589,910
JNJ,2023-04-18,181.23,189.68,-4.457,911
JNJ,2023-08-04,183.75,192.3,-4.4439,912
JNJ,2023-05-29,181.26,189.68,-4.437,913
JNJ,2024-07-17,219.49,229.68,-4.4351,914
JNJ,2023-11-02,208.15,217.78,-4.4213,915
JNJ,2024-10-25,238.59,249.53,-4.3837,916
JNJ,2020-03-17,154.24,161.29,-4.376,917
JNJ,2023-04-27,181.44,189.68,-4.3443,918
JNJ,2020-03-30,154.31,161.29,-4.3328,919
JNJ,2024-06-13,219.73,229.68,-4.3321,920
JNJ,2022-03-11,154.34,161.29,-4.3144,921
JNJ,2020-04-10,154.37,161.29,-4.2916,922
JNJ,2023-08-17,184.06,192.3,-4.2862,923
JNJ,2024-06-19,219.85,229.68,-4.2774,924
JNJ,2023-02-15,162.45,169.7,-4.2765,925
JNJ,2024-08-29,238.87,249.53,-4.2742,926
JNJ,2020-03-12,154.4,161.29,-4.2726,927
JNJ,2023-06-02,181.61,189.68,-4.2569,928
JNJ,2024-09-24,239.11,249.53,-4.1761,929
JNJ,2024-10-02,239.11,249.53,-4.176,930
JNJ,2023-08-01,184.36,192.3,-4.1315,931
JNJ,2020-04-09,154.64,161.29,-4.1229,932
JNJ,2024-07-05,220.21,229.68,-4.1198,933
JNJ,2023-05-30,181.91,189.68,-4.0982,934
JNJ,2022-07-22,154.7,161.29,-4.0867,935
JNJ,2023-04-14,181.99,189.68,-4.0547,936
JNJ,2023-05-31,182.0,189.68,-4.0507,937
JNJ,2024-06-28,220.37,229.68,-4.0504,938
JNJ,2024-09-23,239.45,249.53,-4.0393,939
JNJ,2024-06-18,220.43,229.68,-4.0277,940
JNJ,2024-07-01,220.43,229.68,-4.0266,941
JNJ,2023-05-16,182.07,189.68,-4.0122,942
JNJ,2023-06-26,182.08,189.68,-4.0061,943
JNJ,2023-04-28,182.1,189.68,-3.9964,944
JNJ,2024-10-04,239.67,249.53,-3.952,945
JNJ,2023-11-09,209.17,217.78,-3.9495,946
JNJ,2024-06-14,220.61,229.68,-3.9455,947
JNJ,2022-10-18,163.04,169.7,-3.926,948
JNJ,2022-10-14,163.04,169.7,-3.9245,949
JNJ,2022-07-11,155.0,161.29,-3.9052,950
JNJ,2023-05-01,182.27,189.68,-3.9046,951
JNJ,2023-06-27,182.3,189.68,-3.8934,952
JNJ,2024-08-30,239.82,249.53,-3.8933,953
JNJ,2023-05-19,182.4,189.68,-3.8385,954
JNJ,2024-10-01,239.97,249.53,-3.8322,955
JNJ,2023-08-08,184.96,192.3,-3.8157,956
JNJ,2023-06-28,182.49,189.68,-3.7892,957
JNJ,2024-10-03,240.15,249.53,-3.761,958
JNJ,2022-03-09,155.27,161.29,-3.7366,959
JNJ,2022-10-17,163.37,169.7,-3.7295,960
JNJ,2023-02-10,163.43,169.7,-3.6949,961
JNJ,2022-10-10,163.46,169.7,-3.6803,962
JNJ,2024-04-26,209.77,217.78,-3.6753,963
JNJ,2024-07-08,221.29,229.68,-3.6498,964
JNJ,2022-08-24,155.42,161.29,-3.6411,965
JNJ,2022-03-08,155.44,161.29,-3.6318,966
JNJ,2024-06-17,221.34,229.68,-3.6312,967
JNJ,2020-01-16,155.49,161.29,-3.5998,968
JNJ,2023-02-13,163.69,169.7,-3.5435,969
JNJ,2024-07-15,221.54,229.68,-3.5428,970
JNJ,2022-10-06,163.77,169.7,-3.4978,971
JNJ,2024-07-23,221.67,229.68,-3.4864,972
JNJ,2022-07-20,155.7,161.29,-3.4683,973
JNJ,2023-09-29,210.23,217.78,-3.4665,974
JNJ,2024-09-30,240.94,249.53,-3.4436,975
JNJ,2024-06-11,221.77,229.68,-3.4426,976
JNJ,2024-07-09,221.79,229.68,-3.4336,977
JNJ,2023-05-24,183.17,189.68,-3.4313,978
JNJ,2023-06-01,183.23,189.68,-3.4001,979
JNJ,2022-08-25,155.82,161.29,-3.3971,980
JNJ,2022-08-03,155.82,161.29,-3.3911,981
JNJ,2023-08-18,185.78,192.3,-3.3894,982
JNJ,2020-01-14,155.83,161.29,-3.3885,983
JNJ,2022-08-01,155.87,161.29,-3.3611,984
JNJ,2023-08-15,185.89,192.3,-3.3317,985
JNJ,2020-03-31,155.92,161.29,-3.3312,986
JNJ,2022-07-04,155.92,161.29,-3.3311,987
JNJ,2024-10-24,241.23,249.53,-3.3287,988
JNJ,2024-08-28,241.23,249.53,-3.3282,989
JNJ,2024-10-11,241.26,249.53,-3.3152,990
JNJ,2023-07-18,185.95,192.3,-3.3041,991
JNJ,2023-05-05,183.5,189.68,-3.2567,992
JNJ,2024-04-17,210.72,217.78,-3.2387,993
JNJ,2024-07-22,222.25,229.68,-3.2313,994
JNJ,2024-07-10,222.32,229.68,-3.2011,995
JNJ,2024-10-30,241.7,249.53,-3.1385,996
JNJ,2024-05-07,210.96,217.78,-3.1273,997
JNJ,2023-05-17,183.79,189.68,-3.1055,998
JNJ,2022-08-19,156.3,161.29,-3.0946,999
JNJ,2023-02-16,164.46,169.7,-3.0898,1000
JNJ,2022-07-21,156.35,161.29,-3.0676,1001
JNJ,2024-07-11,222.64,229.68,-3.0634,1002
JNJ,2023-07-05,183.89,189.68,-3.053,1003
JNJ,2022-07-29,156.37,161.29,-3.0517,1004
JNJ,2024-06-10,222.69,229.68,-3.0435,1005
JNJ,2024-10-10,241.97,249.53,-3.0311,1006
JNJ,2022-07-28,156.43,161.29,-3.0178,1007
JNJ,2024-05-15,211.31,217.78,-2.9688,1008
JNJ,2024-10-29,242.15,249.53,-2.9597,1009
JNJ,2023-06-06,184.13,189.68,-2.925,1010
JNJ,2020-01-15,156.62,161.29,-2.9,1011
JNJ,2024-05-08,211.51,217.78,-2.8763,1012
JNJ,2022-07-25,156.68,161.29,-2.8584,1013
JNJ,2023-11-10,211.56,217.78,-2.8554,1014
JNJ,2022-07-18,156.71,161.29,-2.8393,1015
JNJ,2023-06-05,184.3,189.68,-2.8355,1016
JNJ,2022-07-01,156.73,161.29,-2.8309,1017
JNJ,2024-07-12,223.21,229.68,-2.8151,1018
JNJ,2024-05-01,211.65,217.78,-2.8148,1019
JNJ,2023-11-24,211.69,217.78,-2.7961,1020
JNJ,2024-07-18,223.29,229.68,-2.7784,1021
JNJ,2022-10-07,165.0,169.7,-2.7737,1022
JNJ,2023-03-03,170.11,174.92,-2.7504,1023
JNJ,2022-08-10,156.87,161.29,-2.744,1024
JNJ,2023-07-24,187.08,192.3,-2.7161,1025
JNJ,2022-08-09,156.92,161.29,-2.712,1026
JNJ,2024-05-03,211.95,217.78,-2.6768,1027
JNJ,2024-07-24,223.56,229.68,-2.6607,1028
JNJ,2020-04-01,157.0,161.29,-2.6602,1029
JNJ,2020-04-02,157.06,161.29,-2.6243,1030
JNJ,2023-07-21,187.25,192.3,-2.6237,1031
JNJ,2024-10-14,243.05,249.53,-2.5964,1032
JNJ,2022-08-18,157.14,161.29,-2.5744,1033
JNJ,2024-05-06,212.19,217.78,-2.5626,1034
JNJ,2023-09-01,187.38,192.3,-2.5588,1035
JNJ,2024-10-22,243.19,249.53,-2.5405,1036
JNJ,2023-07-31,187.42,192.3,-2.5355,1037
JNJ,2023-02-14,165.44,169.7,-2.5122,1038
JNJ,2023-02-09,165.46,169.7,-2.5002,1039
JNJ,2022-08-08,157.27,161.29,-2.4941,1040
JNJ,2020-03-24,157.28,161.29,-2.4895,1041
JNJ,2023-03-06,170.57,174.92,-2.4841,1042
JNJ,2024-09-25,243.35,249.53,-2.4789,1043
JNJ,2023-08-21,187.54,192.3,-2.4752,1044
JNJ,2024-05-02,212.39,217.78,-2.4736,1045
JNJ,2023-07-20,187.61,192.3,-2.438,1046
JNJ,2023-03-10,171.04,175.31,-2.4323,1047
JNJ,2022-09-26,162.02,166.05,-2.432,1048
JNJ,2022-08-02,157.39,161.29,-2.4221,1049
JNJ,2024-04-30,212.53,217.78,-2.4077,1050
JNJ,2023-03-02,170.72,174.92,-2.4014,1051
JNJ,2020-03-19,157.43,161.29,-2.3951,1052
JNJ,2022-09-22,162.14,166.05,-2.3586,1053
JNJ,2023-08-22,187.79,192.3,-2.3445,1054
JNJ,2022-08-12,157.52,161.29,-2.342,1055
JNJ,2020-01-13,157.53,161.29,-2.3325,1056
JNJ,2022-08-26,157.54,161.29,-2.3306,1057
JNJ,2023-07-10,185.27,189.68,-2.3269,1058
JNJ,2022-09-23,162.2,166.05,-2.3239,1059
JNJ,2023-03-01,170.86,174.92,-2.3218,1060
JNJ,2020-03-27,157.59,161.29,-2.2951,1061
JNJ,2024-10-08,243.81,249.53,-2.2917,1062
JNJ,2023-02-28,170.94,174.92,-2.2756,1063
JNJ,2023-03-13,171.33,175.31,-2.2681,1064
JNJ,2020-04-08,157.64,161.29,-2.2646,1065
JNJ,2023-05-08,185.44,189.68,-2.2337,1066
JNJ,2024-05-09,212.96,217.78,-2.2106,1067
JNJ,2022-07-19,157.8,161.29,-2.1693,1068
JNJ,2023-11-13,213.05,217.78,-2.1691,1069
JNJ,2024-08-27,244.14,249.53,-2.1595,1070
JNJ,2023-11-20,213.1,217.78,-2.1486,1071
JNJ,2023-07-06,185.66,189.68,-2.1188,1072
JNJ,2023-05-15,185.71,189.68,-2.0935,1073
JNJ,2022-08-04,157.92,161.29,-2.0927,1074
JNJ,2022-08-15,157.93,161.29,-2.0871,1075
JNJ,2022-08-22,157.95,161.29,-2.0711,1076
JNJ,2022-09-07,160.76,164.15,-2.0638,1077
JNJ,2023-07-07,185.82,189.68,-2.0339,1078
JNJ,2024-10-28,244.47,249.53,-2.0296,1079
JNJ,2023-02-27,171.39,174.92,-2.0168,1080
JNJ,2024-05-16,213.43,217.78,-1.9932,1081
JNJ,2023-05-04,185.91,189.68,-1.9861,1082
JNJ,2023-05-12,185.92,189.68,-1.9804,1083
JNJ,2023-07-26,188.59,192.3,-1.928,1084
JNJ,2024-06-07,225.31,229.68,-1.9031,1085
JNJ,2022-09-09,161.03,164.15,-1.9007,1086
JNJ,2024-07-19,225.33,229.68,-1.8932,1087
JNJ,2023-05-22,186.12,189.68,-1.8776,1088
JNJ,2023-11-14,213.71,217.78,-1.8657,1089
JNJ,2022-07-15,158.29,161.29,-1.8608,1090
JNJ,2023-08-31,188.75,192.3,-1.8472,1091
JNJ,2022-07-26,158.35,161.29,-1.8281,1092
JNJ,2020-04-03,158.43,161.29,-1.7787,1093
JNJ,2020-03-20,158.45,161.29,-1.7664,1094
JNJ,2023-05-18,186.33,189.68,-1.7641,1095
JNJ,2023-11-17,213.94,217.78,-1.7615,1096
JNJ,2024-10-17,245.17,249.53,-1.7505,1097
JNJ,2022-09-06,161.33,164.15,-1.7193,1098
JNJ,2022-08-29,158.54,161.29,-1.707,1099
JNJ,2022-09-13,161.37,164.15,-1.6934,1100
JNJ,2020-03-26,158.56,161.29,-1.6927,1101
JNJ,2023-11-21,214.12,217.78,-1.6763,1102
JNJ,2023-11-23,214.23,217.78,-1.627,1103
JNJ,2024-10-18,245.49,249.53,-1.62,1104
JNJ,2023-07-27,189.19,192.3,-1.6165,1105
JNJ,2023-05-11,186.64,189.68,-1.6051,1106
JNJ,2022-08-11,158.71,161.29,-1.6034,1107
JNJ,2023-07-19,189.23,192.3,-1.5969,1108
JNJ,2024-06-06,226.06,229.68,-1.5754,1109
JNJ,2024-08-07,234.42,238.12,-1.555,1110
JNJ,2024-10-16,245.7,249.53,-1.5353,1111
JNJ,2023-11-15,214.46,217.78,-1.5241,1112
JNJ,2022-07-27,158.87,161.29,-1.5005,1113
JNJ,2022-10-05,167.18,169.7,-1.4892,1114
JNJ,2023-02-24,172.36,174.92,-1.4602,1115
JNJ,2022-09-27,163.64,166.05,-1.4549,1116
JNJ,2020-04-07,159.01,161.29,-1.4159,1117
JNJ,2020-03-23,159.02,161.29,-1.4128,1118
JNJ,2024-09-26,246.18,249.53,-1.3427,1119
JNJ,2024-08-23,246.22,249.53,-1.3294,1120
JNJ,2023-05-10,187.19,189.68,-1.3117,1121
JNJ,2022-09-21,163.88,166.05,-1.3112,1122
JNJ,2023-08-24,189.78,192.3,-1.3094,1123
JNJ,2020-01-07,157.36,159.39,-1.277,1124
JNJ,2023-05-03,187.34,189.68,-1.2335,1125
JNJ,2022-08-23,159.4,161.29,-1.1769,1126
JNJ,2023-02-17,167.72,169.7,-1.1712,1127
JNJ,2023-07-17,190.06,192.3,-1.1665,1128
JNJ,2024-08-26,246.64,249.53,-1.1605,1129
JNJ,2023-07-25,190.19,192.3,-1.0972,1130
JNJ,2024-06-05,227.17,229.68,-1.0918,1131
JNJ,2022-09-08,162.36,164.15,-1.0906,1132
JNJ,2024-10-15,246.81,249.53,-1.0903,1133
JNJ,2023-11-16,215.4,217.78,-1.0887,1134
JNJ,2023-05-02,187.63,189.68,-1.0821,1135
JNJ,2022-09-05,162.45,164.15,-1.0346,1136
JNJ,2020-04-06,159.63,161.29,-1.0315,1137
JNJ,2023-03-14,173.5,175.31,-1.0312,1138
JNJ,2024-09-27,246.99,249.53,-1.0185,1139
JNJ,2023-07-28,190.34,192.3,-1.0185,1140
JNJ,2024-08-08,235.73,238.12,-1.0059,1141
JNJ,2024-08-22,247.03,249.53,-1.0013,1142
JNJ,2022-09-28,164.4,166.05,-0.9967,1143
JNJ,2022-08-05,159.7,161.29,-0.9878,1144
JNJ,2023-04-12,187.82,189.68,-0.9789,1145
JNJ,2023-09-15,207.46,209.5,-0.9727,1146
JNJ,2023-08-29,190.43,192.3,-0.9727,1147
JNJ,2022-09-14,162.59,164.15,-0.9528,1148
JNJ,2022-08-30,159.76,161.29,-0.9508,1149
JNJ,2024-07-25,227.5,229.68,-0.9469,1150
JNJ,2024-05-30,226.79,228.93,-0.9377,1151
JNJ,2023-11-22,215.76,217.78,-0.9233,1152
JNJ,2023-09-22,213.17,215.06,-0.8775,1153
JNJ,2024-10-21,247.4,249.53,-0.8538,1154
JNJ,2023-08-25,190.68,192.3,-0.8441,1155
JNJ,2022-08-16,159.95,161.29,-0.8341,1156
JNJ,2023-08-23,190.7,192.3,-0.8315,1157
JNJ,2024-08-14,243.53,245.57,-0.8296,1158
JNJ,2022-09-20,164.7,166.05,-0.8133,1159
JNJ,2023-08-30,190.74,192.3,-0.8107,1160
JNJ,2024-10-09,247.52,249.53,-0.8064,1161
JNJ,2020-03-25,160.02,161.29,-0.7875,1162
JNJ,2023-03-07,173.55,174.92,-0.7814,1163
JNJ,2023-09-04,190.82,192.3,-0.7719,1164
JNJ,2023-04-10,188.24,189.68,-0.7584,1165
JNJ,2023-08-28,190.88,192.3,-0.7367,1166
JNJ,2023-03-21,178.58,179.91,-0.7348,1167
JNJ,2023-03-23,179.04,180.35,-0.7288,1168
JNJ,2024-05-28,226.49,228.04,-0.6787,1169
JNJ,2024-08-19,248.14,249.53,-0.5572,1170
JNJ,2023-04-03,183.64,184.64,-0.5376,1171
JNJ,2022-08-17,160.45,161.29,-0.526,1172
JNJ,2023-03-08,174.02,174.92,-0.515,1173
JNJ,2022-09-12,163.34,164.15,-0.4925,1174
JNJ,2023-09-28,216.71,217.78,-0.4892,1175
JNJ,2024-05-31,227.85,228.93,-0.473,1176
JNJ,2023-04-13,188.81,189.68,-0.461,1177
JNJ,2023-09-21,214.1,215.06,-0.4419,1178
JNJ,2022-09-30,165.4,166.05,-0.3921,1179
JNJ,2023-05-09,188.95,189.68,-0.3833,1180
JNJ,2020-01-06,158.82,159.39,-0.3628,1181
JNJ,2020-01-08,158.85,159.39,-0.3448,1182
JNJ,2024-08-21,248.7,249.53,-0.3349,1183
JNJ,2023-04-11,189.05,189.68,-0.333,1184
JNJ,2022-09-15,163.65,164.15,-0.3056,1185
JNJ,2024-05-17,217.15,217.78,-0.2866,1186
JNJ,2024-07-29,231.73,232.23,-0.2134,1187
JNJ,2022-09-29,165.73,166.05,-0.1945,1188
JNJ,2023-07-14,191.95,192.3,-0.182,1189
JNJ,2023-09-25,214.72,215.06,-0.1571,1190
JNJ,2024-08-20,249.21,249.53,-0.1279,1191
JNJ,2024-08-01,234.43,234.69,-0.1104,1192
JNJ,2024-06-04,229.45,229.68,-0.0972,1193
JNJ,2023-05-23,189.61,189.68,-0.0361,1194
JNJ,2022-09-01,163.54,163.58,-0.024,1195
JNJ,2024-08-02,234.66,234.69,-0.0144,1196
JNJ,2020-01-02,155.0,155.0,0.0,1197
JNJ,2020-01-03,159.39,159.39,0.0,1197
JNJ,2020-01-09,160.89,160.89,0.0,1197
JNJ,2020-01-10,161.29,161.29,0.0,1197
JNJ,2022-08-31,163.58,163.58,0.0,1197
JNJ,2022-09-02,164.15,164.15,0.0,1197
JNJ,2022-09-16,164.17,164.17,0.0,1197
JNJ,2022-09-19,166.05,166.05,0.0,1197
JNJ,2022-10-03,166.21,166.21,0.0,1197
JNJ,2022-10-04,169.7,169.7,0.0,1197
JNJ,2023-02-20,170.22,170.22,0.0,1197
JNJ,2023-02-21,171.11,171.11,0.0,1197
JNJ,2023-02-22,174.17,174.17,0.0,1197
JNJ,2023-02-23,174.92,174.92,0.0,1197
JNJ,2023-03-09,175.31,175.31,0.0,1197
JNJ,2023-03-15,176.01,176.01,0.0,1197
JNJ,2023-03-16,178.36,178.36,0.0,1197
JNJ,2023-03-17,179.02,179.02,0.0,1197
JNJ,2023-03-20,179.91,179.91,0.0,1197
JNJ,2023-03-22,180.35,180.35,0.0,1197
JNJ,2023-03-24,180.47,180.47,0.0,1197
JNJ,2023-03-27,180.6,180.6,0.0,1197
JNJ,2023-03-28,180.68,180.68,0.0,1197
JNJ,2023-03-29,182.78,182.78,0.0,1197
JNJ,2023-03-30,184.0,184.0,0.0,1197
JNJ,2023-03-31,184.64,184.64,0.0,1197
JNJ,2023-04-04,187.06,187.06,0.0,1197
JNJ,2023-04-05,187.81,187.81,0.0,1197
JNJ,2023-04-06,189.46,189.46,0.0,1197
JNJ,2023-04-07,189.68,189.68,0.0,1197
JNJ,2023-07-11,190.7,190.7,0.0,1197
JNJ,2023-07-12,191.79,191.79,0.0,1197
JNJ,2023-07-13,192.3,192.3,0.0,1197
JNJ,2023-09-05,197.2,197.2,0.0,1197
JNJ,2023-09-06,198.42,198.42,0.0,1197
JNJ,2023-09-07,200.35,200.35,0.0,1197
JNJ,2023-09-08,200.98,200.98,0.0,1197
JNJ,2023-09-11,202.07,202.07,0.0,1197
JNJ,2023-09-12,203.37,203.37,0.0,1197
JNJ,2023-09-13,205.82,205.82,0.0,1197
JNJ,2023-09-14,209.5,209.5,0.0,1197
JNJ,2023-09-18,214.27,214.27,0.0,1197
JNJ,2023-09-19,214.66,214.66,0.0,1197
JNJ,2023-09-20,215.06,215.06,0.0,1197
JNJ,2023-09-26,216.33,216.33,0.0,1197
JNJ,2023-09-27,217.78,217.78,0.0,1197
JNJ,2024-05-20,218.58,218.58,0.0,1197
JNJ,2024-05-21,218.84,218.84,0.0,1197
JNJ,2024-05-22,219.81,219.81,0.0,1197
JNJ,2024-05-23,222.68,222.68,0.0,1197
JNJ,2024-05-24,227.2,227.2,0.0,1197
JNJ,2024-05-27,228.04,228.04,0.0,1197
JNJ,2024-05-29,228.93,228.93,0.0,1197
JNJ,2024-06-03,229.68,229.68,0.0,1197
JNJ,2024-07-26,232.23,232.23,0.0,1197
JNJ,2024-07-30,233.97,233.97,0.0,1197
JNJ,2024-07-31,234.69,234.69,0.0,1197
JNJ,2024-08-05,234.91,234.91,0.0,1197
JNJ,2024-08-06,238.12,238.12,0.0,1197
JNJ,2024-08-09,239.94,239.94,0.0,1197
JNJ,2024-08-12,243.93,243.93,0.0,1197
JNJ,2024-08-13,245.57,245.57,0.0,1197
JNJ,2024-08-15,245.75,245.75,0.0,1197
JNJ,2024-08-16,249.53,249.53,0.0,1197
JPM,2024-07-23,323.61,465.5,-30.4806,1
JPM,2024-10-30,325.43,465.5,-30.0906,2
JPM,2024-10-24,328.12,465.5,-29.5116,3
JPM,2024-10-11,329.84,465.5,-29.1422,4
JPM,2024-10-17,331.12,465.5,-28.8672,5
JPM,2024-10-10,332.02,465.5,-28.6742,6
JPM,2024-10-09,333.41,465.5,-28.3763,7
JPM,2024-10-07,333.89,465.5,-28.2724,8
JPM,2024-10-25,334.27,465.5,-28.1905,9
JPM,2024-10-16,335.07,465.5,-28.0186,10
JPM,2024-10-28,335.09,465.5,-28.014,11
JPM,2024-10-14,335.46,465.5,-27.9348,12
JPM,2024-07-24,335.81,465.5,-27.8607,13
JPM,2024-07-25,336.13,465.5,-27.7908,14
JPM,2024-10-18,336.15,465.5,-27.7875,15
JPM,2024-08-02,336.35,465.5,-27.7437,16
JPM,2024-10-29,336.61,465.5,-27.6881,17
JPM,2024-10-21,337.09,465.5,-27.5861,18
JPM,2024-10-08,337.41,465.5,-27.5169,19
JPM,2024-10-15,337.53,465.5,-27.4896,20
JPM,2022-11-02,235.56,324.84,-27.485,21
JPM,2022-10-26,235.62,324.84,-27.4644,22
JPM,2024-07-22,337.88,465.5,-27.4159,23
JPM,2024-10-04,338.02,465.5,-27.3847,24
JPM,2022-11-04,236.14,324.84,-27.3043,25
JPM,2022-11-03,236.53,324.84,-27.185,26
JPM,2022-01-07,210.2,288.58,-27.1607,27
JPM,2024-07-18,339.09,465.5,-27.155,28
JPM,2024-08-30,339.09,465.5,-27.1548,29
JPM,2022-01-10,210.38,288.58,-27.097,30
JPM,2024-08-01,340.28,465.5,-26.899,31
JPM,2024-07-31,340.38,465.5,-26.8791,32
JPM,2024-07-26,340.67,465.5,-26.8162,33
JPM,2024-09-02,341.55,465.5,-26.6279,34
JPM,2024-07-30,341.77,465.5,-26.5792,35
JPM,2022-11-07,239.17,324.84,-26.3724,36
JPM,2024-08-14,342.83,465.5,-26.3521,37
JPM,2024-08-19,342.85,465.5,-26.3469,38
JPM,2022-01-11,212.62,288.58,-26.3209,39
JPM,2024-10-22,343.02,465.5,-26.3101,40
JPM,2024-07-19,343.27,465.5,-26.2585,41
JPM,2024-08-05,343.33,465.5,-26.2441,42
JPM,2024-08-15,343.49,465.5,-26.2093,43
JPM,2022-11-21,239.76,324.84,-26.1892,44
JPM,2024-08-20,343.97,465.5,-26.1071,45
JPM,2022-11-01,240.29,324.84,-26.0262,46
JPM,2024-08-26,344.56,465.5,-25.9811,47
JPM,2022-01-12,213.76,288.58,-25.9271,48
JPM,2022-11-22,240.89,324.84,-25.8424,49
JPM,2022-10-25,241.41,324.84,-25.6832,50
JPM,2022-01-14,214.48,288.58,-25.6757,51
JPM,2022-10-31,241.57,324.84,-25.633,52
JPM,2024-07-16,346.4,465.5,-25.5859,53
JPM,2024-08-21,346.7,465.5,-25.5203,54
JPM,2024-10-23,346.76,465.5,-25.5072,55
JPM,2022-01-13,214.97,288.58,-25.506,56
JPM,2024-07-11,347.01,465.5,-25.4551,57
JPM,2024-07-29,347.07,465.5,-25.4403,58
JPM,2022-10-27,242.89,324.84,-25.2285,59
JPM,2024-09-16,348.07,465.5,-25.2268,60
JPM,2022-01-17,215.83,288.58,-25.2086,61
JPM,2024-08-16,348.29,465.5,-25.1797,62
JPM,2024-08-29,348.58,465.5,-25.1168,63
JPM,2022-11-08,243.46,324.84,-25.0512,64
JPM,2024-07-08,349.06,465.5,-25.0137,65
JPM,2024-10-01,349.43,465.5,-24.9345,66
JPM,2024-08-22,349.49,465.5,-24.9218,67
JPM,2024-07-15,349.66,465.5,-24.8843,68
JPM,2024-09-10,349.75,465.5,-24.8663,69
JPM,2024-10-02,349.77,465.5,-24.8609,70
JPM,2024-07-12,349.99,465.5,-24.8134,71
JPM,2022-01-06,217.01,288.58,-24.8002,72
JPM,2024-07-10,350.06,465.5,-24.7978,73
JPM,2022-10-28,244.38,324.84,-24.7686,74
JPM,2024-10-03,350.34,465.5,-24.7385,75
JPM,2024-08-23,350.35,465.5,-24.7372,76
JPM,2022-11-18,244.63,324.84,-24.6907,77
JPM,2024-08-07,350.66,465.5,-24.6708,78
JPM,2024-07-17,351.17,465.5,-24.5612,79
JPM,2024-09-25,351.23,465.5,-24.5476,80
JPM,2024-08-06,351.31,465.5,-24.5297,81
JPM,2022-11-16,245.16,324.84,-24.5281,82
JPM,2022-01-05,217.8,288.58,-24.527,83
JPM,2024-09-27,351.38,465.5,-24.5161,84
JPM,2022-11-15,245.28,324.84,-24.4908,85
JPM,2024-08-28,351.66,465.5,-24.4547,86
JPM,2024-08-27,351.81,465.5,-24.4221,87
JPM,2024-09-09,351.82,465.5,-24.4202,88
JPM,2024-09-24,352.01,465.5,-24.3804,89
JPM,2024-09-05,352.12,465.5,-24.357,90
JPM,2024-09-06,352.16,465.5,-24.3481,91
JPM,2024-09-20,352.33,465.5,-24.3121,92
JPM,2022-11-14,246.43,324.84,-24.1379,93
JPM,2022-01-24,218.95,288.58,-24.1274,94
JPM,2024-08-08,353.76,465.5,-24.0037,95
JPM,2022-11-17,246.9,324.84,-23.9937,96
JPM,2024-07-05,354.64,465.5,-23.8144,97
JPM,2022-01-18,219.86,288.58,-23.8129,98
JPM,2024-04-24,354.68,465.5,-23.8059,99
JPM,2022-10-24,247.6,324.84,-23.7761,100
JPM,2024-09-19,354.82,465.5,-23.7756,101
JPM,2022-01-04,220.0,288.58,-23.7646,102
JPM,2024-09-04,354.93,465.5,-23.7528,103
JPM,2024-09-13,354.99,465.5,-23.7393,104
JPM,2024-09-17,355.0,465.5,-23.7386,105
JPM,2024-09-26,355.73,465.5,-23.5812,106
JPM,2022-10-21,248.35,324.84,-23.5465,107
JPM,2024-09-03,356.24,465.5,-23.4723,108
JPM,2024-09-23,356.65,465.5,-23.3839,109
JPM,2024-09-18,356.83,465.5,-23.3438,110
JPM,2022-10-20,249.08,324.84,-23.3211,111
JPM,2022-11-09,249.2,324.84,-23.2861,112
JPM,2024-08-13,357.5,465.5,-23.2001,113
JPM,2024-07-09,357.91,465.5,-23.1122,114
JPM,2022-01-21,222.52,288.58,-22.8898,115
JPM,2024-08-09,359.06,465.5,-22.8654,116
JPM,2024-09-30,359.18,465.5,-22.8399,117
JPM,2022-11-23,251.09,324.84,-22.7044,118
JPM,2024-04-29,360.56,465.5,-22.5436,119
JPM,2024-08-12,360.9,465.5,-22.4695,120
JPM,2022-01-25,223.82,288.58,-22.4391,121
JPM,2024-04-23,361.09,465.5,-22.4294,122
JPM,2022-11-11,252.1,324.84,-22.3907,123
JPM,2022-01-03,224.35,288.58,-22.2555,124
JPM,2024-09-11,362.43,465.5,-22.1408,125
JPM,2022-11-10,252.95,324.84,-22.1302,126
JPM,2024-09-12,362.83,465.5,-22.0562,127
JPM,2024-07-04,362.92,465.5,-22.0359,128
JPM,2021-12-31,225.56,288.58,-21.8393,129
JPM,2022-01-20,225.61,288.58,-21.8198,130
JPM,2024-07-03,363.96,465.5,-21.8134,131
JPM,2024-04-25,364.18,465.5,-21.7653,132
JPM,2024-04-17,365.06,465.5,-21.5755,133
JPM,2024-04-26,365.17,465.5,-21.5538,134
JPM,2022-01-31,226.75,288.58,-21.4246,135
JPM,2021-12-30,227.54,288.58,-21.1509,136
JPM,2022-01-28,227.84,288.58,-21.0471,137
JPM,2024-07-02,367.74,465.5,-21.0005,138
JPM,2022-02-01,228.18,288.58,-20.9306,139
JPM,2024-05-01,368.12,465.5,-20.9196,140
JPM,2024-05-02,368.32,465.5,-20.8754,141
JPM,2022-11-24,257.34,324.84,-20.7795,142
JPM,2024-04-30,369.16,465.5,-20.6963,143
JPM,2022-11-29,257.9,324.84,-20.6055,144
JPM,2022-01-19,229.54,288.58,-20.4584,145
JPM,2022-02-02,229.58,288.58,-20.4436,146
JPM,2022-10-19,258.51,324.84,-20.4194,147
JPM,2022-01-26,229.9,288.58,-20.3344,148
JPM,2024-04-18,370.91,465.5,-20.3206,149
JPM,2024-04-12,371.0,465.5,-20.3006,150
JPM,2024-04-15,371.6,465.5,-20.1708,151
JPM,2024-04-16,371.79,465.5,-20.1308,152
JPM,2022-10-18,260.11,324.84,-19.9254,153
JPM,2024-04-22,372.98,465.5,-19.8743,154
JPM,2022-11-28,261.13,324.84,-19.6112,155
JPM,2022-12-06,261.16,324.84,-19.6039,156
JPM,2022-11-30,261.35,324.84,-19.5428,157
JPM,2024-06-28,374.61,465.5,-19.5244,158
JPM,2022-12-08,261.99,324.84,-19.3481,159
JPM,2022-12-09,262.14,324.84,-19.3013,160
JPM,2022-12-07,262.2,324.84,-19.2835,161
JPM,2020-08-03,136.16,168.67,-19.2726,162
JPM,2022-01-27,232.97,288.58,-19.2694,163
JPM,2024-04-19,376.42,465.5,-19.1353,164
JPM,2022-11-25,262.69,324.84,-19.1315,165
JPM,2022-12-05,263.46,324.84,-18.8938,166
JPM,2024-07-01,377.94,465.5,-18.8096,167
JPM,2024-06-27,378.06,465.5,-18.7839,168
JPM,2022-02-16,234.59,288.58,-18.7093,169
JPM,2024-04-08,380.15,465.5,-18.3345,170
JPM,2022-02-15,235.71,288.58,-18.3219,171
JPM,2022-12-02,266.01,324.84,-18.1108,172
JPM,2022-10-14,266.73,324.84,-17.8892,173
JPM,2021-12-29,237.15,288.58,-17.8232,174
JPM,2024-04-11,382.73,465.5,-17.7811,175
JPM,2022-12-01,267.11,324.84,-17.7718,176
JPM,2022-02-03,237.35,288.58,-17.7521,177
JPM,2021-08-27,196.99,239.47,-17.7373,178
JPM,2022-10-17,267.25,324.84,-17.7275,179
JPM,2024-04-05,383.08,465.5,-17.7045,180
JPM,2020-07-31,138.94,168.67,-17.6292,181
JPM,2024-05-03,383.74,465.5,-17.5642,182
JPM,2022-10-13,267.8,324.84,-17.5594,183
JPM,2022-12-12,267.83,324.84,-17.5505,184
JPM,2021-09-01,197.58,239.47,-17.4922,185
JPM,2024-06-24,384.22,465.5,-17.4614,186
JPM,2020-08-04,139.29,168.67,-17.4207,187
JPM,2023-11-01,349.09,422.64,-17.4034,188
JPM,2024-06-26,385.22,465.5,-17.2466,189
JPM,2024-04-10,386.01,465.5,-17.075,190
JPM,2022-02-10,239.48,288.58,-17.0157,191
JPM,2023-09-01,351.27,422.64,-16.8882,192
JPM,2022-02-11,239.89,288.58,-16.8705,193
JPM,2024-06-25,387.6,465.5,-16.7345,194
JPM,2021-08-20,199.54,239.47,-16.6738,195
JPM,2022-02-18,240.53,288.58,-16.6518,196
JPM,2024-04-04,388.1,465.5,-16.6261,197
JPM,2022-02-17,240.6,288.58,-16.6256,198
JPM,2024-05-07,388.17,465.5,-16.6129,199
JPM,2021-08-26,199.72,239.47,-16.6002,200
JPM,2022-02-14,240.7,288.58,-16.5916,201
JPM,2021-08-25,199.82,239.47,-16.5552,202
JPM,2022-12-14,271.17,324.84,-16.5201,203
JPM,2022-12-15,271.26,324.84,-16.4938,204
JPM,2023-09-04,353.02,422.64,-16.4729,205
JPM,2020-08-05,141.16,168.67,-16.3128,206
JPM,2022-12-13,271.89,324.84,-16.2995,207
JPM,2023-08-31,353.83,422.64,-16.2811,208
JPM,2024-05-06,389.93,465.5,-16.2347,209
JPM,2020-07-30,141.29,168.67,-16.2321,210
JPM,2022-02-04,241.76,288.58,-16.2252,211
JPM,2021-08-31,200.75,239.47,-16.1668,212
JPM,2024-04-09,390.24,465.5,-16.1666,213
JPM,2024-06-18,390.27,465.5,-16.1614,214
JPM,2024-06-20,390.28,465.5,-16.1582,215
JPM,2023-10-31,354.45,422.64,-16.1359,216
JPM,2021-08-17,200.83,239.47,-16.1354,217
JPM,2024-05-08,390.74,465.5,-16.0588,218
JPM,2021-12-28,242.25,288.58,-16.0549,219
JPM,2023-11-02,354.9,422.64,-16.0289,220
JPM,2023-08-28,355.11,422.64,-15.9779,221
JPM,2023-08-30,355.16,422.64,-15.9677,222
JPM,2024-06-07,391.22,465.5,-15.9566,223
JPM,2023-08-29,355.77,422.64,-15.8233,224
JPM,2021-08-16,201.6,239.47,-15.8112,225
JPM,2022-10-12,273.48,324.84,-15.8088,226
JPM,2022-02-21,243.17,288.58,-15.7343,227
JPM,2024-06-21,392.5,465.5,-15.6814,228
JPM,2024-05-13,393.37,465.5,-15.4938,229
JPM,2021-08-30,202.67,239.47,-15.3646,230
JPM,2022-02-08,244.37,288.58,-15.3207,231
JPM,2024-05-09,394.55,465.5,-15.2403,232
JPM,2023-08-24,358.48,422.64,-15.1816,233
JPM,2023-11-16,358.63,422.64,-15.1453,234
JPM,2024-06-17,395.03,465.5,-15.1386,235
JPM,2020-07-29,143.21,168.67,-15.0932,236
JPM,2023-08-25,358.87,422.64,-15.0887,237
JPM,2022-12-16,276.07,324.84,-15.0126,238
JPM,2022-10-11,276.14,324.84,-14.9926,239
JPM,2023-10-30,359.52,422.64,-14.9357,240
JPM,2021-08-09,203.94,239.47,-14.8348,241
JPM,2022-02-07,246.04,288.58,-14.7399,242
JPM,2023-11-17,360.45,422.64,-14.7164,243
JPM,2021-12-27,246.17,288.58,-14.6957,244
JPM,2022-02-09,246.18,288.58,-14.6915,245
JPM,2021-08-24,204.48,239.47,-14.6085,246
JPM,2021-08-18,204.51,239.47,-14.5975,247
JPM,2021-09-06,204.58,239.47,-14.5686,248
JPM,2024-06-06,397.73,465.5,-14.5586,249
JPM,2021-08-13,204.63,239.47,-14.5494,250
JPM,2023-11-21,361.24,422.64,-14.5293,251
JPM,2021-08-23,204.83,239.47,-14.4654,252
JPM,2021-09-02,204.83,239.47,-14.465,253
JPM,2023-11-03,361.57,422.64,-14.4499,254
JPM,2024-06-10,398.31,465.5,-14.4334,255
JPM,2023-11-07,361.9,422.64,-14.3723,256
JPM,2023-11-20,361.93,422.64,-14.3642,257
JPM,2020-07-28,144.47,168.67,-14.3497,258
JPM,2024-06-14,399.26,465.5,-14.2295,259
JPM,2024-06-19,399.26,465.5,-14.2286,260
JPM,2022-12-19,278.66,324.84,-14.2168,261
JPM,2023-09-06,362.59,422.64,-14.2082,262
JPM,2023-09-05,363.3,422.64,-14.0419,263
JPM,2024-05-10,400.24,465.5,-14.0192,264
JPM,2021-08-06,206.11,239.47,-13.9289,265
JPM,2023-11-06,363.8,422.64,-13.9236,266
JPM,2023-11-08,364.06,422.64,-13.8605,267
JPM,2021-09-03,206.29,239.47,-13.8528,268
JPM,2021-08-05,206.64,239.47,-13.7071,269
JPM,2023-01-09,280.34,324.84,-13.6968,270
JPM,2023-01-06,280.75,324.84,-13.5731,271
JPM,2023-10-27,365.53,422.64,-13.5135,272
JPM,2021-08-10,207.37,239.47,-13.4018,273
JPM,2023-09-07,366.06,422.64,-13.387,274
JPM,2023-10-26,366.19,422.64,-13.3569,275
JPM,2022-12-26,281.61,324.84,-13.3084,276
JPM,2021-08-12,207.69,239.47,-13.2699,277
JPM,2024-04-03,404.11,465.5,-13.1876,278
JPM,2024-05-14,404.56,465.5,-13.0899,279
JPM,2023-01-10,282.33,324.84,-13.0869,280
JPM,2024-04-02,404.77,465.5,-13.045,281
JPM,2023-11-14,367.57,422.64,-13.0314,282
JPM,2024-06-05,404.93,465.5,-13.0123,283
JPM,2021-09-16,208.45,239.47,-12.9513,284
JPM,2021-09-15,208.45,239.47,-12.9506,285
JPM,2024-06-13,405.44,465.5,-12.9024,286
JPM,2022-02-23,251.48,288.58,-12.8573,287
JPM,2021-08-19,208.73,239.47,-12.8367,288
JPM,2023-08-23,368.77,422.64,-12.7469,289
JPM,2023-01-20,283.43,324.84,-12.7469,290
JPM,2020-08-06,147.19,168.67,-12.7343,291
JPM,2023-08-22,368.93,422.64,-12.7087,292
JPM,2020-07-21,147.3,168.67,-12.6689,293
JPM,2023-01-05,283.91,324.84,-12.5982,294
JPM,2020-07-27,147.47,168.67,-12.5715,295
JPM,2023-11-15,369.63,422.64,-12.5431,296
JPM,2024-06-11,407.59,465.5,-12.4404,297
JPM,2021-08-11,209.71,239.47,-12.4272,298
JPM,2024-01-23,370.37,422.64,-12.3692,299
JPM,2020-08-07,147.83,168.67,-12.3544,300
JPM,2024-01-22,370.48,422.64,-12.3434,301
JPM,2022-06-27,257.11,293.24,-12.3233,302
JPM,2024-05-16,408.26,465.5,-12.2964,303
JPM,2024-05-17,408.29,465.5,-12.2889,304
JPM,2023-08-18,370.73,422.64,-12.2836,305
JPM,2022-10-05,285.13,324.84,-12.2249,306
JPM,2022-02-22,253.34,288.58,-12.2097,307
JPM,2023-11-09,371.05,422.64,-12.2073,308
JPM,2023-08-17,371.14,422.64,-12.1855,309
JPM,2024-05-20,408.95,465.5,-12.1482,310
JPM,2020-07-22,148.37,168.67,-12.034,311
JPM,2023-08-21,371.92,422.64,-12.0007,312
JPM,2022-10-06,285.88,324.84,-11.9942,313
JPM,2023-01-11,286.04,324.84,-11.9421,314
JPM,2021-09-14,210.92,239.47,-11.9198,315
JPM,2022-06-28,258.3,293.24,-11.9164,316
JPM,2022-10-10,286.14,324.84,-11.9118,317
JPM,2021-07-28,210.97,239.47,-11.9003,318
JPM,2021-12-24,254.25,288.58,-11.8946,319
JPM,2021-09-10,211.01,239.47,-11.8831,320
JPM,2024-05-21,410.2,465.5,-11.8791,321
JPM,2023-11-22,372.53,422.64,-11.8579,322
JPM,2023-02-15,295.19,334.84,-11.8408,323
JPM,2020-07-24,148.71,168.67,-11.8379,324
JPM,2022-02-25,254.5,288.58,-11.8086,325
JPM,2021-12-23,254.51,288.58,-11.8061,326
JPM,2021-09-07,211.2,239.47,-11.8041,327
JPM,2023-02-24,295.32,334.84,-11.8025,328
JPM,2022-12-20,286.67,324.84,-11.7489,329
JPM,2023-02-23,295.5,334.84,-11.7478,330
JPM,2021-07-30,211.4,239.47,-11.7197,331
JPM,2023-11-23,373.14,422.64,-11.713,332
JPM,2021-09-13,211.44,239.47,-11.7058,333
JPM,2021-08-04,211.44,239.47,-11.7048,334
JPM,2022-12-27,286.83,324.84,-11.7013,335
JPM,2023-02-22,295.76,334.84,-11.6691,336
JPM,2023-02-16,295.83,334.84,-11.6506,337
JPM,2020-02-28,136.11,154.06,-11.6505,338
JPM,2023-02-21,295.99,334.84,-11.6029,339
JPM,2022-02-24,255.22,288.58,-11.5583,340
JPM,2020-07-23,149.2,168.67,-11.5421,341
JPM,2024-06-12,412.21,465.5,-11.448,342
JPM,2021-12-21,255.64,288.58,-11.4145,343
JPM,2022-10-07,287.97,324.84,-11.3488,344
JPM,2020-08-11,149.57,168.67,-11.3234,345
JPM,2023-03-01,296.94,334.84,-11.3181,346
JPM,2021-08-02,212.44,239.47,-11.2872,347
JPM,2023-03-02,297.11,334.84,-11.2684,348
JPM,2022-06-30,260.22,293.24,-11.2602,349
JPM,2021-08-03,212.5,239.47,-11.2593,350
JPM,2020-08-10,149.71,168.67,-11.2445,351
JPM,2024-05-23,413.58,465.5,-11.1528,352
JPM,2021-12-08,256.42,288.58,-11.1442,353
JPM,2024-06-04,413.8,465.5,-11.107,354
JPM,2023-09-08,376.06,422.64,-11.0212,355
JPM,2020-07-17,150.11,168.67,-11.0038,356
JPM,2022-12-23,289.13,324.84,-10.9929,357
JPM,2020-03-04,137.19,154.06,-10.9539,358
JPM,2023-01-19,289.26,324.84,-10.9517,359
JPM,2021-07-27,213.27,239.47,-10.9406,360
JPM,2024-05-15,414.62,465.5,-10.9293,361
JPM,2023-11-24,376.79,422.64,-10.8493,362
JPM,2023-11-13,377.06,422.64,-10.7856,363
JPM,2024-04-01,415.64,465.5,-10.7115,364
JPM,2022-12-21,290.09,324.84,-10.698,365
JPM,2021-09-09,213.85,239.47,-10.6975,366
JPM,2024-05-22,415.79,465.5,-10.6795,367
JPM,2022-10-04,290.25,324.84,-10.6483,368
JPM,2021-07-29,214.05,239.47,-10.6148,369
JPM,2023-02-28,299.32,334.84,-10.6063,370
JPM,2020-03-05,137.72,154.06,-10.6059,371
JPM,2023-02-20,299.4,334.84,-10.5845,372
JPM,2020-02-27,137.8,154.06,-10.5551,373
JPM,2023-09-13,378.36,422.64,-10.4776,374
JPM,2024-05-24,416.77,465.5,-10.4679,375
JPM,2021-01-20,155.85,174.0,-10.4297,376
JPM,2020-03-03,138.05,154.06,-10.3917,377
JPM,2023-09-11,378.77,422.64,-10.3802,378
JPM,2020-03-26,138.07,154.06,-10.3774,379
JPM,2020-07-13,151.2,168.67,-10.3585,380
JPM,2023-01-16,291.25,324.84,-10.3399,381
JPM,2021-09-17,214.82,239.47,-10.2944,382
JPM,2022-12-22,291.46,324.84,-10.2745,383
JPM,2023-01-04,291.46,324.84,-10.2745,384
JPM,2020-07-20,151.36,168.67,-10.2618,385
JPM,2023-03-03,300.52,334.84,-10.2495,386
JPM,2022-06-29,263.19,293.24,-10.2482,387
JPM,2021-07-26,214.96,239.47,-10.2322,388
JPM,2023-11-30,379.41,422.64,-10.2296,389
JPM,2023-02-27,300.8,334.84,-10.1656,390
JPM,2020-07-14,151.54,168.67,-10.16,391
JPM,2023-01-03,291.87,324.84,-10.1487,392
JPM,2022-03-01,259.32,288.58,-10.1406,393
JPM,2022-02-28,259.42,288.58,-10.1035,394
JPM,2021-01-22,156.43,174.0,-10.1001,395
JPM,2023-08-15,379.99,422.64,-10.0923,396
JPM,2022-12-28,292.2,324.84,-10.0476,397
JPM,2023-08-16,380.42,422.64,-9.9901,398
JPM,2023-04-04,301.43,334.84,-9.9765,399
JPM,2024-01-17,380.56,422.64,-9.9579,400
JPM,2023-09-14,380.82,422.64,-9.8949,401
JPM,2021-12-20,260.04,288.58,-9.891,402
JPM,2023-02-14,301.79,334.84,-9.8686,403
JPM,2021-12-09,260.11,288.58,-9.8652,404
JPM,2021-12-15,260.17,288.58,-9.8432,405
JPM,2021-01-25,156.88,174.0,-9.8415,406
JPM,2020-03-02,138.94,154.06,-9.8131,407
JPM,2023-02-17,302.03,334.84,-9.7985,408
JPM,2021-09-08,216.03,239.47,-9.7888,409
JPM,2023-01-17,293.08,324.84,-9.776,410
JPM,2021-07-23,216.07,239.47,-9.7706,411
JPM,2022-12-30,293.11,324.84,-9.7669,412
JPM,2024-01-18,381.48,422.64,-9.739,413
JPM,2022-06-24,264.71,293.24,-9.7285,414
JPM,2021-12-22,260.52,288.58,-9.7249,415
JPM,2024-01-24,381.55,422.64,-9.7219,416
JPM,2023-11-29,381.64,422.64,-9.7028,417
JPM,2024-03-18,420.44,465.5,-9.6799,418
JPM,2023-11-10,381.81,422.64,-9.661,419
JPM,2023-01-13,293.49,324.84,-9.6499,420
JPM,2020-02-26,139.2,154.06,-9.6493,421
JPM,2020-07-16,152.44,168.67,-9.6262,422
JPM,2024-06-03,420.85,465.5,-9.5906,423
JPM,2020-03-25,139.29,154.06,-9.5862,424
JPM,2020-07-15,152.5,168.67,-9.5851,425
JPM,2023-12-01,382.27,422.64,-9.5529,426
JPM,2023-01-12,293.99,324.84,-9.4968,427
JPM,2024-05-27,421.42,465.5,-9.4686,428
JPM,2024-01-25,382.66,422.64,-9.4604,429
JPM,2021-01-19,157.57,174.0,-9.443,430
JPM,2023-09-29,383.23,422.64,-9.3258,431
JPM,2023-09-15,383.24,422.64,-9.3236,432
JPM,2021-12-07,261.75,288.58,-9.2986,433
JPM,2021-12-13,261.75,288.58,-9.2966,434
JPM,2023-01-18,294.71,324.84,-9.2761,435
JPM,2023-01-23,294.8,324.84,-9.2478,436
JPM,2020-07-10,153.11,168.67,-9.229,437
JPM,2023-08-11,383.67,422.64,-9.2224,438
JPM,2023-09-12,383.79,422.64,-9.1927,439
JPM,2020-03-17,139.91,154.06,-9.1821,440
JPM,2020-07-09,153.23,168.67,-9.1554,441
JPM,2023-01-02,295.12,324.84,-9.1476,442
JPM,2023-11-28,384.08,422.64,-9.1253,443
JPM,2024-02-01,384.22,422.64,-9.0923,444
JPM,2020-03-27,140.08,154.06,-9.0736,445
JPM,2023-11-27,384.4,422.64,-9.0479,446
JPM,2020-08-13,153.44,168.67,-9.0331,447
JPM,2023-12-04,384.49,422.64,-9.0263,448
JPM,2020-08-12,153.52,168.67,-8.9833,449
JPM,2024-01-19,384.85,422.64,-8.9422,450
JPM,2020-04-16,140.32,154.06,-8.9215,451
JPM,2024-03-28,424.21,465.5,-8.8695,452
JPM,2020-03-30,140.44,154.06,-8.8394,453
JPM,2021-01-15,158.67,174.0,-8.8107,454
JPM,2023-01-24,296.27,324.84,-8.7951,455
JPM,2020-07-08,153.84,168.67,-8.794,456
JPM,2021-12-17,263.24,288.58,-8.7809,457
JPM,2023-04-03,305.52,334.84,-8.7555,458
JPM,2021-02-10,158.8,174.0,-8.7363,459
JPM,2022-07-01,267.64,293.24,-8.7321,460
JPM,2022-05-11,267.63,293.22,-8.7278,461
JPM,2021-01-27,158.86,174.0,-8.7003,462
JPM,2024-03-22,425.02,465.5,-8.6954,463
JPM,2021-09-23,218.67,239.47,-8.6861,464
JPM,2024-05-28,425.13,465.5,-8.6719,465
JPM,2024-01-26,386.0,422.64,-8.6695,466
JPM,2021-09-20,218.75,239.47,-8.6531,467
JPM,2021-01-26,158.97,174.0,-8.6393,468
JPM,2021-12-16,263.76,288.58,-8.601,469
JPM,2024-03-25,425.5,465.5,-8.5931,470
JPM,2021-09-22,219.07,239.47,-8.5188,471
JPM,2020-06-02,154.32,168.67,-8.5102,472
JPM,2021-12-14,264.07,288.58,-8.4934,473
JPM,2022-03-02,264.1,288.58,-8.4817,474
JPM,2020-03-06,141.01,154.06,-8.4732,475
JPM,2020-04-17,141.02,154.06,-8.4674,476
JPM,2023-09-19,386.96,422.64,-8.4431,477
JPM,2021-01-28,159.34,174.0,-8.4279,478
JPM,2023-08-14,387.18,422.64,-8.3919,479
JPM,2021-01-21,159.41,174.0,-8.3865,480
JPM,2020-09-08,154.56,168.67,-8.3667,481
JPM,2022-03-24,264.52,288.58,-8.3368,482
JPM,2024-01-04,387.41,422.64,-8.3358,483
JPM,2020-04-07,141.22,154.06,-8.3342,484
JPM,2024-01-03,387.57,422.64,-8.2978,485
JPM,2021-12-10,264.64,288.58,-8.2939,486
JPM,2023-12-27,387.6,422.64,-8.2923,487
JPM,2023-10-25,387.83,422.64,-8.2375,488
JPM,2022-03-25,264.86,288.58,-8.2205,489
JPM,2021-02-19,159.75,174.0,-8.1912,490
JPM,2024-01-10,388.07,422.64,-8.1799,491
JPM,2023-10-16,388.28,422.64,-8.1318,492
JPM,2020-08-26,155.0,168.67,-8.1039,493
JPM,2022-05-09,269.59,293.22,-8.0599,494
JPM,2023-10-02,388.58,422.64,-8.0594,495
JPM,2020-09-25,155.1,168.67,-8.049,496
JPM,2022-05-19,269.62,293.22,-8.0487,497
JPM,2021-02-22,160.02,174.0,-8.0324,498
JPM,2021-12-06,265.41,288.58,-8.0284,499
JPM,2021-09-21,220.27,239.47,-8.0175,500
JPM,2023-03-24,308.0,334.84,-8.0154,501
JPM,2020-04-15,141.74,154.06,-7.9964,502
JPM,2020-10-19,156.39,169.9,-7.9558,503
JPM,2022-05-20,269.9,293.22,-7.9514,504
JPM,2024-01-16,389.13,422.64,-7.9293,505
JPM,2020-03-24,141.87,154.06,-7.9124,506
JPM,2022-05-06,270.03,293.22,-7.9094,507
JPM,2022-12-29,299.16,324.84,-7.9057,508
JPM,2024-05-29,428.73,465.5,-7.8995,509
JPM,2023-12-28,389.41,422.64,-7.8632,510
JPM,2021-03-09,160.33,174.0,-7.8573,511
JPM,2020-04-20,142.02,154.06,-7.8133,512
JPM,2020-06-08,155.53,168.67,-7.7916,513
JPM,2024-03-20,429.3,465.5,-7.7753,514
JPM,2024-03-26,429.32,465.5,-7.7717,515
JPM,2020-06-10,155.6,168.67,-7.7521,516
JPM,2020-03-18,142.14,154.06,-7.7349,517
JPM,2020-09-09,155.67,168.67,-7.7103,518
JPM,2023-12-07,390.43,422.64,-7.6225,519
JPM,2020-04-08,142.33,154.06,-7.6148,520
JPM,2021-07-22,221.25,239.47,-7.6059,521
JPM,2024-03-27,430.1,465.5,-7.6043,522
JPM,2021-12-03,266.67,288.58,-7.5916,523
JPM,2021-09-24,221.3,239.47,-7.5866,524
JPM,2024-01-11,390.62,422.64,-7.577,525
JPM,2024-03-29,430.23,465.5,-7.5765,526
JPM,2024-01-15,390.62,422.64,-7.576,527
JPM,2022-03-08,266.74,288.58,-7.5683,528
JPM,2021-01-29,160.84,174.0,-7.5633,529
JPM,2021-01-05,160.88,174.0,-7.5386,530
JPM,2023-03-23,309.6,334.84,-7.5371,531
JPM,2023-12-18,390.86,422.64,-7.5214,532
JPM,2023-01-25,300.41,324.84,-7.5205,533
JPM,2023-12-15,390.89,422.64,-7.5131,534
JPM,2020-08-14,156.05,168.67,-7.4822,535
JPM,2022-03-28,267.03,288.58,-7.4687,536
JPM,2021-12-01,267.07,288.58,-7.455,537
JPM,2020-06-09,156.13,168.67,-7.4351,538
JPM,2022-10-03,300.76,324.84,-7.4133,539
JPM,2023-10-12,391.34,422.64,-7.407,540
JPM,2020-03-31,142.67,154.06,-7.396,541
JPM,2020-03-16,142.67,154.06,-7.3923,542
JPM,2022-05-10,271.56,293.22,-7.3867,543
JPM,2020-11-17,159.73,172.45,-7.3756,544
JPM,2020-12-04,161.23,174.0,-7.3376,545
JPM,2022-03-09,267.41,288.58,-7.3344,546
JPM,2021-04-15,183.15,197.6,-7.3124,547
JPM,2023-12-06,391.86,422.64,-7.2827,548
JPM,2020-06-01,156.4,168.67,-7.2749,549
JPM,2022-05-18,271.9,293.22,-7.2703,550
JPM,2024-03-19,431.79,465.5,-7.2422,551
JPM,2020-07-03,156.48,168.67,-7.2256,552
JPM,2023-04-05,310.7,334.84,-7.2083,553
JPM,2021-10-06,222.31,239.47,-7.1649,554
JPM,2020-08-17,156.6,168.67,-7.1586,555
JPM,2020-06-24,156.65,168.67,-7.1297,556
JPM,2022-05-16,272.32,293.22,-7.1268,557
JPM,2020-09-07,156.69,168.67,-7.1025,558
JPM,2021-04-26,183.57,197.6,-7.0985,559
JPM,2021-07-05,208.6,224.51,-7.0879,560
JPM,2020-09-03,156.72,168.67,-7.0856,561
JPM,2021-01-18,161.71,174.0,-7.0658,562
JPM,2020-04-06,143.18,154.06,-7.0638,563
JPM,2021-12-02,268.21,288.58,-7.059,564
JPM,2020-02-25,143.27,154.06,-7.0051,565
JPM,2023-09-28,393.04,422.64,-7.0049,566
JPM,2024-05-30,432.94,465.5,-6.9952,567
JPM,2023-12-25,393.08,422.64,-6.995,568
JPM,2024-03-21,432.95,465.5,-6.9918,569
JPM,2024-03-15,432.97,465.5,-6.9886,570
JPM,2024-01-29,393.15,422.64,-6.9792,571
JPM,2021-04-16,183.81,197.6,-6.9779,572
JPM,2023-03-20,311.49,334.84,-6.9717,573
JPM,2021-02-11,161.93,174.0,-6.9371,574
JPM,2023-10-17,393.36,422.64,-6.9299,575
JPM,2021-02-08,161.95,174.0,-6.9248,576
JPM,2020-04-03,143.41,154.06,-6.9127,577
JPM,2023-12-29,393.48,422.64,-6.9007,578
JPM,2020-03-19,143.47,154.06,-6.8738,579
JPM,2024-01-12,393.67,422.64,-6.8558,580
JPM,2021-06-29,209.13,224.51,-6.8498,581
JPM,2020-12-07,162.08,174.0,-6.8489,582
JPM,2021-02-03,162.13,174.0,-6.8195,583
JPM,2023-03-31,312.01,334.84,-6.8169,584
JPM,2020-04-02,143.66,154.06,-6.7545,585
JPM,2021-02-16,162.28,174.0,-6.738,586
JPM,2022-03-23,269.17,288.58,-6.7272,587
JPM,2022-06-20,273.56,293.24,-6.7131,588
JPM,2021-03-08,162.34,174.0,-6.7038,589
JPM,2024-01-01,394.31,422.64,-6.7036,590
JPM,2022-07-04,273.65,293.24,-6.6827,591
JPM,2022-05-12,273.66,293.22,-6.6698,592
JPM,2024-01-02,394.49,422.64,-6.6623,593
JPM,2022-05-24,273.69,293.22,-6.6599,594
JPM,2022-03-18,269.36,288.58,-6.659,595
JPM,2020-09-28,157.44,168.67,-6.6581,596
JPM,2022-05-04,273.77,293.22,-6.6319,597
JPM,2024-05-31,434.67,465.5,-6.6236,598
JPM,2022-05-23,273.8,293.22,-6.621,599
JPM,2020-02-19,143.86,154.06,-6.6206,600
JPM,2021-09-27,223.66,239.47,-6.6021,601
JPM,2020-08-27,157.54,168.67,-6.6001,602
JPM,2023-01-26,303.42,324.84,-6.5937,603
JPM,2024-01-31,394.81,422.64,-6.5847,604
JPM,2022-03-30,269.59,288.58,-6.5812,605
JPM,2022-03-04,269.59,288.58,-6.5803,606
JPM,2023-12-19,394.89,422.64,-6.5673,607
JPM,2020-07-07,157.61,168.67,-6.5592,608
JPM,2023-10-13,394.98,422.64,-6.5459,609
JPM,2021-09-30,223.83,239.47,-6.5308,610
JPM,2023-09-18,395.13,422.64,-6.5108,611
JPM,2021-01-14,162.69,174.0,-6.502,612
JPM,2020-09-04,157.75,168.67,-6.475,613
JPM,2021-09-28,223.98,239.47,-6.4672,614
JPM,2020-09-14,157.77,168.67,-6.4647,615
JPM,2021-07-02,210.03,224.51,-6.4516,616
JPM,2020-06-05,157.81,168.67,-6.4377,617
JPM,2021-02-17,162.82,174.0,-6.4252,618
JPM,2023-04-25,313.34,334.84,-6.4196,619
JPM,2023-06-09,322.27,344.36,-6.4145,620
JPM,2020-07-06,157.92,168.67,-6.3747,621
JPM,2020-06-03,157.94,168.67,-6.3642,622
JPM,2024-03-04,435.88,465.5,-6.3616,623
JPM,2023-03-22,313.56,334.84,-6.3531,624
JPM,2022-09-30,304.28,324.84,-6.3297,625
JPM,2020-03-09,144.32,154.06,-6.3222,626
JPM,2023-12-05,395.99,422.64,-6.3074,627
JPM,2022-03-03,270.43,288.58,-6.2875,628
JPM,2020-09-24,158.11,168.67,-6.2598,629
JPM,2021-11-30,270.52,288.58,-6.2578,630
JPM,2023-05-17,322.58,344.1,-6.2534,631
JPM,2023-10-24,396.24,422.64,-6.2469,632
JPM,2022-06-23,274.98,293.24,-6.2294,633
JPM,2023-04-18,314.0,334.84,-6.2243,634
JPM,2023-10-19,396.37,422.64,-6.2174,635
JPM,2020-02-18,144.49,154.06,-6.211,636
JPM,2021-03-10,163.22,174.0,-6.1941,637
JPM,2023-10-23,396.59,422.64,-6.1651,638
JPM,2021-10-05,224.73,239.47,-6.1532,639
JPM,2021-02-02,163.3,174.0,-6.152,640
JPM,2023-10-03,396.66,422.64,-6.1483,641
JPM,2021-04-27,185.51,197.6,-6.1175,642
JPM,2023-12-14,396.82,422.64,-6.1106,643
JPM,2020-06-04,158.39,168.67,-6.0983,644
JPM,2023-04-10,314.47,334.84,-6.0814,645
JPM,2023-12-08,396.95,422.64,-6.0796,646
JPM,2022-05-05,275.4,293.22,-6.0772,647
JPM,2022-06-22,275.46,293.24,-6.065,648
JPM,2021-02-05,163.45,174.0,-6.0639,649
JPM,2023-12-26,397.02,422.64,-6.0629,650
JPM,2023-12-21,397.08,422.64,-6.0474,651
JPM,2024-01-30,397.1,422.64,-6.0441,652
JPM,2020-03-20,144.79,154.06,-6.0166,653
JPM,2022-03-29,271.27,288.58,-5.9979,654
JPM,2022-05-17,275.66,293.22,-5.9896,655
JPM,2023-04-24,314.83,334.84,-5.975,656
JPM,2020-02-24,144.86,154.06,-5.9723,657
JPM,2022-05-25,275.71,293.22,-5.97,658
JPM,2023-02-13,314.86,334.84,-5.9661,659
JPM,2022-03-16,271.41,288.58,-5.9503,660
JPM,2023-12-20,397.51,422.64,-5.9469,661
JPM,2020-09-10,158.67,168.67,-5.9326,662
JPM,2021-11-24,271.7,288.58,-5.8483,663
JPM,2021-06-30,211.39,224.51,-5.8459,664
JPM,2024-02-28,438.35,465.5,-5.8322,665
JPM,2024-03-14,438.43,465.5,-5.8153,666
JPM,2020-10-16,160.03,169.9,-5.8085,667
JPM,2023-01-27,305.98,324.84,-5.8053,668
JPM,2023-04-14,315.41,334.84,-5.8024,669
JPM,2022-03-31,271.86,288.58,-5.7945,670
JPM,2020-06-25,158.91,168.67,-5.7878,671
JPM,2021-02-04,163.94,174.0,-5.7801,672
JPM,2023-10-18,398.24,422.64,-5.774,673
JPM,2023-05-09,324.23,344.1,-5.772,674
JPM,2024-02-29,438.65,465.5,-5.768,675
JPM,2023-03-30,315.55,334.84,-5.7603,676
JPM,2023-10-09,398.36,422.64,-5.7464,677
JPM,2023-03-06,315.62,334.84,-5.7385,678
JPM,2023-03-27,315.64,334.84,-5.7332,679
JPM,2020-09-11,159.01,168.67,-5.7311,680
JPM,2023-10-20,398.43,422.64,-5.7296,681
JPM,2024-03-06,439.13,465.5,-5.6635,682
JPM,2022-03-17,272.26,288.58,-5.6555,683
JPM,2021-11-18,272.26,288.58,-5.6555,684
JPM,2024-01-09,398.76,422.64,-5.6521,685
JPM,2020-10-07,159.16,168.67,-5.6416,686
JPM,2024-03-05,439.26,465.5,-5.6374,687
JPM,2021-02-18,164.21,174.0,-5.6242,688
JPM,2022-03-22,272.36,288.58,-5.6212,689
JPM,2020-12-08,164.23,174.0,-5.6135,690
JPM,2023-03-17,316.06,334.84,-5.608,691
JPM,2023-08-10,398.96,422.64,-5.604,692
JPM,2020-02-20,145.45,154.06,-5.5925,693
JPM,2022-05-13,276.93,293.22,-5.5559,694
JPM,2020-09-21,159.31,168.67,-5.5481,695
JPM,2020-06-30,159.32,168.67,-5.547,696
JPM,2021-04-13,186.67,197.6,-5.5296,697
JPM,2022-05-03,277.05,293.22,-5.5148,698
JPM,2023-12-22,399.37,422.64,-5.5059,699
JPM,2020-08-28,159.39,168.67,-5.5047,700
JPM,2023-04-17,316.42,334.84,-5.5002,701
JPM,2021-11-29,272.83,288.58,-5.459,702
JPM,2023-04-19,316.56,334.84,-5.4581,703
JPM,2021-07-21,226.68,239.47,-5.3383,704
JPM,2023-12-13,400.08,422.64,-5.3377,705
JPM,2020-09-17,159.68,168.67,-5.3329,706
JPM,2023-04-07,317.02,334.84,-5.3196,707
JPM,2020-09-23,159.71,168.67,-5.3134,708
JPM,2021-04-12,187.14,197.6,-5.2917,709
JPM,2023-10-11,400.33,422.64,-5.2801,710
JPM,2020-03-23,145.95,154.06,-5.2673,711
JPM,2021-02-09,164.87,174.0,-5.2469,712
JPM,2024-01-08,400.5,422.64,-5.2391,713
JPM,2022-07-05,277.89,293.24,-5.2354,714
JPM,2022-03-10,273.52,288.58,-5.2171,715
JPM,2021-03-11,164.93,174.0,-5.2108,716
JPM,2022-03-21,273.58,288.58,-5.1991,717
JPM,2023-05-18,326.3,344.1,-5.1717,718
JPM,2024-01-05,400.83,422.64,-5.1611,719
JPM,2020-04-14,146.11,154.06,-5.1593,720
JPM,2023-04-12,317.56,334.84,-5.1583,721
JPM,2020-11-19,163.56,172.45,-5.1573,722
JPM,2020-12-17,165.03,174.0,-5.1562,723
JPM,2022-03-15,273.75,288.58,-5.1391,724
JPM,2020-01-14,138.84,146.35,-5.1319,725
JPM,2020-02-21,146.17,154.06,-5.1232,726
JPM,2020-09-02,160.07,168.67,-5.0995,727
JPM,2020-02-17,146.25,154.06,-5.0669,728
JPM,2023-12-12,401.28,422.64,-5.054,729
JPM,2023-03-29,317.93,334.84,-5.0503,730
JPM,2023-05-11,326.73,344.1,-5.0481,731
JPM,2022-06-21,278.54,293.24,-5.015,732
JPM,2023-12-11,401.54,422.64,-4.9935,733
JPM,2021-04-14,187.74,197.6,-4.9884,734
JPM,2023-10-10,401.56,422.64,-4.9876,735
JPM,2020-12-03,165.34,174.0,-4.9778,736
JPM,2022-07-21,278.66,293.24,-4.9727,737
JPM,2020-06-26,160.29,168.67,-4.9709,738
JPM,2020-11-13,163.89,172.45,-4.9642,739
JPM,2023-09-20,401.67,422.64,-4.9635,740
JPM,2021-01-07,165.37,174.0,-4.9618,741
JPM,2020-11-09,163.91,172.45,-4.9561,742
JPM,2020-04-21,146.43,154.06,-4.9523,743
JPM,2021-04-28,187.83,197.6,-4.945,744
JPM,2020-09-16,160.36,168.67,-4.9304,745
JPM,2020-08-19,160.36,168.67,-4.9265,746
JPM,2024-03-13,442.57,465.5,-4.9257,747
JPM,2021-10-01,227.68,239.47,-4.9213,748
JPM,2023-07-19,383.28,403.11,-4.9191,749
JPM,2023-07-20,383.35,403.11,-4.9,750
JPM,2021-02-23,165.47,174.0,-4.9,751
JPM,2023-08-09,402.05,422.64,-4.8717,752
JPM,2022-03-07,274.56,288.58,-4.8589,753
JPM,2020-11-16,164.1,172.45,-4.8428,754
JPM,2023-06-08,327.71,344.36,-4.8349,755
JPM,2022-07-22,279.07,293.24,-4.8346,756
JPM,2021-01-13,165.61,174.0,-4.8215,757
JPM,2020-12-01,165.62,174.0,-4.8179,758
JPM,2023-05-19,327.55,344.1,-4.8098,759
JPM,2023-04-06,318.77,334.84,-4.797,760
JPM,2024-02-02,402.42,422.64,-4.7841,761
JPM,2024-02-27,443.43,465.5,-4.7403,762
JPM,2020-06-19,160.68,168.67,-4.7385,763
JPM,2021-10-07,228.12,239.47,-4.7377,764
JPM,2023-09-26,402.62,422.64,-4.7373,765
JPM,2021-01-06,165.8,174.0,-4.7119,766
JPM,2021-04-23,188.29,197.6,-4.7099,767
JPM,2021-09-29,228.23,239.47,-4.6923,768
JPM,2021-02-01,165.86,174.0,-4.6804,769
JPM,2020-03-11,146.87,154.06,-4.667,770
JPM,2020-09-30,160.8,168.67,-4.6661,771
JPM,2021-02-15,165.89,174.0,-4.6593,772
JPM,2023-06-12,328.33,344.36,-4.6554,773
JPM,2022-06-17,279.59,293.24,-4.6549,774
JPM,2023-03-28,319.33,334.84,-4.6321,775
JPM,2020-10-06,160.89,168.67,-4.6165,776
JPM,2023-03-21,319.39,334.84,-4.6129,777
JPM,2022-04-15,275.3,288.58,-4.6027,778
JPM,2020-11-18,164.52,172.45,-4.6021,779
JPM,2021-11-17,275.41,288.58,-4.5631,780
JPM,2020-08-25,160.99,168.67,-4.5537,781
JPM,2020-06-29,160.99,168.67,-4.5536,782
JPM,2020-09-15,161.0,168.67,-4.5503,783
JPM,2023-10-06,403.46,422.64,-4.5389,784
JPM,2020-11-12,164.68,172.45,-4.507,785
JPM,2020-03-13,147.12,154.06,-4.5069,786
JPM,2020-04-10,147.12,154.06,-4.5051,787
JPM,2020-08-24,161.08,168.67,-4.5022,788
JPM,2020-09-18,161.13,168.67,-4.4717,789
JPM,2020-04-22,147.18,154.06,-4.4691,790
JPM,2020-11-10,164.75,172.45,-4.4649,791
JPM,2020-09-29,161.17,168.67,-4.45,792
JPM,2020-04-23,147.26,154.06,-4.4153,793
JPM,2023-03-13,320.05,334.84,-4.4146,794
JPM,2021-04-19,188.89,197.6,-4.4084,795
JPM,2020-12-02,166.35,174.0,-4.3965,796
JPM,2020-05-29,161.26,168.67,-4.3962,797
JPM,2020-10-08,161.28,168.67,-4.3823,798
JPM,2021-07-20,228.98,239.47,-4.3773,799
JPM,2020-03-12,147.33,154.06,-4.3693,800
JPM,2023-05-16,329.09,344.1,-4.362,801
JPM,2021-02-12,166.42,174.0,-4.3576,802
JPM,2020-01-21,140.01,146.35,-4.3312,803
JPM,2022-08-25,297.67,311.1,-4.3157,804
JPM,2020-11-20,165.03,172.45,-4.3058,805
JPM,2023-04-21,320.48,334.84,-4.2865,806
JPM,2022-06-02,280.65,293.22,-4.2853,807
JPM,2021-11-22,276.27,288.58,-4.2651,808
JPM,2023-05-15,329.5,344.1,-4.243,809
JPM,2020-01-22,140.15,146.35,-4.2356,810
JPM,2023-04-26,320.66,334.84,-4.2345,811
JPM,2020-04-01,147.54,154.06,-4.2318,812
JPM,2020-11-11,165.16,172.45,-4.2302,813
JPM,2023-04-11,320.74,334.84,-4.2101,814
JPM,2020-08-18,161.63,168.67,-4.1758,815
JPM,2022-08-24,298.15,311.1,-4.1619,816
JPM,2022-05-30,281.03,293.22,-4.1579,817
JPM,2021-01-08,166.79,174.0,-4.1419,818
JPM,2023-07-25,386.56,403.11,-4.1048,819
JPM,2023-04-28,321.18,334.84,-4.0774,820
JPM,2020-06-16,161.83,168.67,-4.0582,821
JPM,2020-06-17,161.83,168.67,-4.0545,822
JPM,2023-04-13,321.29,334.84,-4.0444,823
JPM,2023-05-08,330.2,344.1,-4.0396,824
JPM,2023-03-14,321.34,334.84,-4.0298,825
JPM,2020-11-06,165.51,172.45,-4.0269,826
JPM,2021-10-11,229.87,239.47,-4.0067,827
JPM,2024-03-01,446.85,465.5,-4.0059,828
JPM,2021-06-02,215.52,224.51,-4.0054,829
JPM,2023-04-27,321.49,334.84,-3.9871,830
JPM,2023-02-10,321.6,334.84,-3.9516,831
JPM,2020-09-01,162.05,168.67,-3.9237,832
JPM,2020-10-01,162.08,168.67,-3.9073,833
JPM,2023-06-14,330.91,344.36,-3.9059,834
JPM,2020-06-11,162.1,168.67,-3.8941,835
JPM,2023-06-13,330.95,344.36,-3.8937,836
JPM,2024-03-08,447.41,465.5,-3.8847,837
JPM,2021-06-04,215.8,224.51,-3.8828,838
JPM,2021-10-04,230.18,239.47,-3.88,839
JPM,2021-07-01,215.82,224.51,-3.8713,840
JPM,2020-09-22,162.17,168.67,-3.856,841
JPM,2021-10-08,230.25,239.47,-3.8499,842
JPM,2022-06-01,281.94,293.22,-3.8476,843
JPM,2021-04-09,190.01,197.6,-3.8382,844
JPM,2020-06-12,162.22,168.67,-3.8256,845
JPM,2021-03-12,167.38,174.0,-3.8048,846
JPM,2020-12-11,167.4,174.0,-3.7915,847
JPM,2023-07-27,387.83,403.11,-3.7898,848
JPM,2020-12-18,167.49,174.0,-3.7446,849
JPM,2020-06-22,162.36,168.67,-3.7403,850
JPM,2023-01-30,312.75,324.84,-3.7197,851
JPM,2021-11-25,277.87,288.58,-3.7107,852
JPM,2022-08-29,299.59,311.1,-3.6983,853
JPM,2020-12-09,167.58,174.0,-3.6924,854
JPM,2023-09-27,407.06,422.64,-3.6872,855
JPM,2021-04-20,190.35,197.6,-3.6659,856
JPM,2020-10-26,163.86,170.09,-3.6618,857
JPM,2023-07-24,388.35,403.11,-3.6607,858
JPM,2022-07-13,282.54,293.24,-3.6503,859
JPM,2021-11-19,278.09,288.58,-3.6358,860
JPM,2020-12-16,167.69,174.0,-3.6295,861
JPM,2022-06-10,282.6,293.24,-3.6283,862
JPM,2022-05-26,282.61,293.22,-3.6172,863
JPM,2021-03-15,167.71,174.0,-3.6169,864
JPM,2023-05-10,331.67,344.1,-3.6112,865
JPM,2022-06-15,282.69,293.24,-3.5985,866
JPM,2024-02-05,407.7,422.64,-3.5364,867
JPM,2021-01-01,167.88,174.0,-3.52,868
JPM,2021-06-11,216.64,224.51,-3.5078,869
JPM,2021-06-07,216.66,224.51,-3.4991,870
JPM,2020-06-23,162.78,168.67,-3.4959,871
JPM,2020-05-28,162.78,168.67,-3.4926,872
JPM,2020-04-13,148.68,154.06,-3.49,873
JPM,2023-03-15,323.22,334.84,-3.4695,874
JPM,2023-07-26,389.2,403.11,-3.4488,875
JPM,2021-11-23,278.63,288.58,-3.4462,876
JPM,2022-07-06,283.15,293.24,-3.4402,877
JPM,2021-10-12,231.24,239.47,-3.4361,878
JPM,2020-02-13,148.78,154.06,-3.4297,879
JPM,2021-06-22,216.83,224.51,-3.4206,880
JPM,2021-01-04,168.06,174.0,-3.4145,881
JPM,2020-10-20,164.13,169.9,-3.399,882
JPM,2021-10-13,231.36,239.47,-3.3836,883
JPM,2022-09-08,300.61,311.1,-3.3728,884
JPM,2024-03-12,449.83,465.5,-3.365,885
JPM,2023-03-10,323.63,334.84,-3.3481,886
JPM,2021-05-24,214.21,221.62,-3.3412,887
JPM,2022-03-14,278.96,288.58,-3.3334,888
JPM,2022-06-03,283.45,293.22,-3.3314,889
JPM,2023-04-20,323.69,334.84,-3.3279,890
JPM,2021-05-21,214.25,221.62,-3.3261,891
JPM,2023-07-10,379.93,392.93,-3.3095,892
JPM,2021-11-26,279.08,288.58,-3.2921,893
JPM,2023-09-25,408.73,422.64,-3.2919,894
JPM,2021-06-28,217.13,224.51,-3.2888,895
JPM,2020-10-02,163.15,168.67,-3.2739,896
JPM,2020-06-18,163.17,168.67,-3.2644,897
JPM,2024-03-07,450.35,465.5,-3.2535,898
JPM,2021-11-16,279.2,288.58,-3.2509,899
JPM,2023-03-09,323.99,334.84,-3.2392,900
JPM,2021-03-05,168.37,174.0,-3.2365,901
JPM,2021-04-29,191.26,197.6,-3.2087,902
JPM,2022-04-01,279.33,288.58,-3.2035,903
JPM,2020-12-21,168.44,174.0,-3.1976,904
JPM,2021-07-19,231.82,239.47,-3.1949,905
JPM,2022-07-29,283.94,293.24,-3.171,906
JPM,2020-08-21,163.33,168.67,-3.1663,907
JPM,2023-07-21,390.35,403.11,-3.1636,908
JPM,2022-05-27,283.97,293.22,-3.1559,909
JPM,2023-10-05,409.32,422.64,-3.1534,910
JPM,2024-03-11,450.88,465.5,-3.1402,911
JPM,2021-06-03,217.51,224.51,-3.1211,912
JPM,2022-04-11,279.62,288.58,-3.1048,913
JPM,2022-06-16,284.17,293.24,-3.0926,914
JPM,2020-11-03,167.13,172.45,-3.0854,915
JPM,2022-06-08,284.18,293.22,-3.0841,916
JPM,2022-07-14,284.23,293.24,-3.0722,917
JPM,2021-01-11,168.67,174.0,-3.0653,918
JPM,2023-09-21,409.73,422.64,-3.0546,919
JPM,2020-06-15,163.53,168.67,-3.0486,920
JPM,2022-04-27,284.28,293.22,-3.0485,921
JPM,2020-08-20,163.58,168.67,-3.0199,922
JPM,2020-04-24,149.41,154.06,-3.0195,923
JPM,2020-01-20,141.95,146.35,-3.0015,924
JPM,2023-07-11,381.16,392.93,-2.9964,925
JPM,2022-06-13,284.46,293.24,-2.9963,926
JPM,2023-07-18,391.06,403.11,-2.989,927
JPM,2020-04-09,149.46,154.06,-2.9849,928
JPM,2020-10-23,165.01,170.09,-2.9838,929
JPM,2022-05-31,284.48,293.22,-2.9818,930
JPM,2022-06-14,284.63,293.24,-2.936,931
JPM,2022-09-09,301.97,311.1,-2.935,932
JPM,2020-01-24,142.11,146.35,-2.8944,933
JPM,2023-05-26,334.14,344.1,-2.8929,934
JPM,2020-02-14,149.62,154.06,-2.8823,935
JPM,2021-07-14,232.57,239.47,-2.8806,936
JPM,2020-01-23,142.13,146.35,-2.8802,937
JPM,2023-03-07,325.24,334.84,-2.8653,938
JPM,2020-11-30,169.03,174.0,-2.8546,939
JPM,2022-08-26,302.22,311.1,-2.8546,940
JPM,2020-04-29,149.67,154.06,-2.8502,941
JPM,2022-07-27,284.92,293.24,-2.8377,942
JPM,2021-04-21,192.03,197.6,-2.8187,943
JPM,2022-07-11,284.99,293.24,-2.8137,944
JPM,2021-02-24,169.12,174.0,-2.8035,945
JPM,2022-04-19,280.52,288.58,-2.7913,946
JPM,2021-07-06,218.25,224.51,-2.79,947
JPM,2020-12-10,169.15,174.0,-2.7856,948
JPM,2022-04-18,280.59,288.58,-2.7689,949
JPM,2022-09-07,302.51,311.1,-2.7607,950
JPM,2022-09-28,315.87,324.84,-2.7599,951
JPM,2022-09-29,315.87,324.84,-2.7598,952
JPM,2021-10-14,232.86,239.47,-2.7574,953
JPM,2020-10-05,164.03,168.67,-2.7523,954
JPM,2020-12-22,169.23,174.0,-2.7402,955
JPM,2023-05-22,334.74,344.1,-2.7192,956
JPM,2023-02-09,325.83,334.84,-2.6905,957
JPM,2020-10-22,165.59,170.09,-2.6481,958
JPM,2023-10-04,411.51,422.64,-2.6334,959
JPM,2020-12-14,169.42,174.0,-2.633,960
JPM,2020-01-08,139.9,143.67,-2.6197,961
JPM,2021-10-22,238.69,245.11,-2.6195,962
JPM,2021-01-12,169.45,174.0,-2.6166,963
JPM,2020-12-23,169.47,174.0,-2.603,964
JPM,2022-06-07,285.6,293.22,-2.5994,965
JPM,2020-04-28,150.08,154.06,-2.584,966
JPM,2021-06-23,218.71,224.51,-2.583,967
JPM,2022-04-28,285.66,293.22,-2.5783,968
JPM,2020-04-27,150.09,154.06,-2.577,969
JPM,2020-05-26,164.33,168.67,-2.5752,970
JPM,2020-12-28,169.53,174.0,-2.5677,971
JPM,2020-10-15,165.57,169.9,-2.5487,972
JPM,2022-09-05,303.2,311.1,-2.54,973
JPM,2021-06-14,218.89,224.51,-2.5046,974
JPM,2023-06-07,335.84,344.36,-2.4738,975
JPM,2020-01-17,142.74,146.35,-2.465,976
JPM,2023-05-12,335.66,344.1,-2.453,977
JPM,2020-01-15,142.77,146.35,-2.4465,978
JPM,2020-01-16,142.78,146.35,-2.4347,979
JPM,2023-03-16,326.7,334.84,-2.4289,980
JPM,2023-03-08,326.72,334.84,-2.4245,981
JPM,2020-07-02,164.59,168.67,-2.4181,982
JPM,2020-12-31,169.8,174.0,-2.4167,983
JPM,2020-03-10,150.36,154.06,-2.4014,984
JPM,2020-12-25,169.84,174.0,-2.3889,985
JPM,2020-08-31,164.67,168.67,-2.371,986
JPM,2024-02-23,454.48,465.5,-2.3671,987
JPM,2023-05-30,335.99,344.1,-2.3555,988
JPM,2020-10-09,164.71,168.67,-2.3512,989
JPM,2021-06-08,219.24,224.51,-2.3476,990
JPM,2020-05-14,160.41,164.27,-2.345,991
JPM,2023-02-07,327.01,334.84,-2.3364,992
JPM,2022-07-26,286.39,293.24,-2.3363,993
JPM,2020-05-11,157.17,160.93,-2.3325,994
JPM,2022-06-06,286.38,293.22,-2.3311,995
JPM,2022-07-28,286.46,293.24,-2.3117,996
JPM,2022-07-15,286.56,293.24,-2.28,997
JPM,2020-01-06,140.39,143.67,-2.2787,998
JPM,2021-06-16,219.4,224.51,-2.2779,999
JPM,2020-02-07,145.91,149.31,-2.2731,1000
JPM,2023-06-05,336.68,344.36,-2.2317,1001
JPM,2023-05-29,336.43,344.1,-2.2276,1002
JPM,2022-07-20,286.77,293.24,-2.2081,1003
JPM,2020-01-07,140.52,143.67,-2.1921,1004
JPM,2022-09-27,317.75,324.84,-2.182,1005
JPM,2020-11-04,168.71,172.45,-2.1721,1006
JPM,2020-11-05,168.71,172.45,-2.1714,1007
JPM,2021-06-24,219.68,224.51,-2.1517,1008
JPM,2020-01-13,143.21,146.35,-2.1461,1009
JPM,2020-02-03,146.09,149.29,-2.1459,1010
JPM,2023-05-01,327.66,334.84,-2.1439,1011
JPM,2020-12-15,170.29,174.0,-2.1337,1012
JPM,2021-04-22,193.42,197.6,-2.113,1013
JPM,2024-02-06,413.73,422.64,-2.1091,1014
JPM,2022-05-02,287.06,293.22,-2.1005,1015
JPM,2022-08-12,298.12,304.52,-2.099,1016
JPM,2023-06-06,337.23,344.36,-2.0711,1017
JPM,2023-07-07,384.81,392.93,-2.0668,1018
JPM,2022-07-08,287.2,293.24,-2.0618,1019
JPM,2022-08-01,287.22,293.24,-2.0531,1020
JPM,2024-02-26,456.14,465.5,-2.0097,1021
JPM,2021-07-15,234.67,239.47,-2.0039,1022
JPM,2022-09-26,318.39,324.84,-1.9845,1023
JPM,2023-07-12,385.16,392.93,-1.9775,1024
JPM,2022-08-30,304.98,311.1,-1.9655,1025
JPM,2021-06-10,220.19,224.51,-1.924,1026
JPM,2021-02-25,170.69,174.0,-1.9001,1027
JPM,2023-06-16,337.89,344.36,-1.8786,1028
JPM,2021-06-21,220.42,224.51,-1.8247,1029
JPM,2021-07-07,220.42,224.51,-1.8219,1030
JPM,2023-06-15,338.14,344.36,-1.8081,1031
JPM,2023-05-04,337.88,344.1,-1.8062,1032
JPM,2020-05-19,161.3,164.27,-1.8028,1033
JPM,2022-04-05,283.41,288.58,-1.7925,1034
JPM,2023-05-05,337.94,344.1,-1.7888,1035
JPM,2021-04-08,194.11,197.6,-1.7631,1036
JPM,2021-05-03,194.12,197.6,-1.7612,1037
JPM,2020-04-30,151.35,154.06,-1.7609,1038
JPM,2020-05-15,161.38,164.27,-1.7541,1039
JPM,2021-03-23,175.79,178.91,-1.7393,1040
JPM,2021-05-13,208.26,211.87,-1.7041,1041
JPM,2022-08-23,305.81,311.1,-1.6985,1042
JPM,2020-05-27,165.87,168.67,-1.6629,1043
JPM,2022-07-12,288.48,293.24,-1.6233,1044
JPM,2021-10-19,240.22,244.16,-1.6135,1045
JPM,2020-11-23,169.69,172.45,-1.6032,1046
JPM,2022-04-08,283.98,288.58,-1.5925,1047
JPM,2022-08-22,306.19,311.1,-1.5767,1048
JPM,2021-03-16,171.27,174.0,-1.5718,1049
JPM,2020-12-24,171.27,174.0,-1.5682,1050
JPM,2024-02-21,458.26,465.5,-1.5553,1051
JPM,2021-03-31,185.69,188.6,-1.5416,1052
JPM,2021-10-26,241.38,245.11,-1.5246,1053
JPM,2020-05-08,158.5,160.93,-1.5088,1054
JPM,2022-04-14,284.27,288.58,-1.4928,1055
JPM,2021-06-25,221.18,224.51,-1.4849,1056
JPM,2020-10-27,167.56,170.09,-1.4842,1057
JPM,2020-07-01,166.19,168.67,-1.4698,1058
JPM,2022-09-16,314.1,318.7,-1.4428,1059
JPM,2023-07-28,397.33,403.11,-1.4327,1060
JPM,2021-11-09,279.53,283.59,-1.4306,1061
JPM,2023-09-22,416.66,422.64,-1.4166,1062
JPM,2021-07-16,236.13,239.47,-1.3938,1063
JPM,2021-06-15,221.44,224.51,-1.3694,1064
JPM,2021-04-07,194.9,197.6,-1.3656,1065
JPM,2022-08-11,300.54,304.52,-1.3054,1066
JPM,2023-07-04,379.07,384.07,-1.302,1067
JPM,2020-12-29,171.75,174.0,-1.2925,1068
JPM,2023-05-23,339.69,344.1,-1.28,1069
JPM,2022-03-11,284.92,288.58,-1.2682,1070
JPM,2022-04-13,284.94,288.58,-1.2612,1071
JPM,2020-05-04,152.13,154.06,-1.2533,1072
JPM,2023-05-02,330.67,334.84,-1.2445,1073
JPM,2023-07-31,398.13,403.11,-1.2337,1074
JPM,2022-07-07,289.65,293.24,-1.2243,1075
JPM,2023-05-31,339.89,344.1,-1.2222,1076
JPM,2023-02-08,330.78,334.84,-1.2128,1077
JPM,2020-12-30,171.92,174.0,-1.1979,1078
JPM,2021-06-01,221.83,224.51,-1.1957,1079
JPM,2021-02-26,171.94,174.0,-1.1826,1080
JPM,2021-10-15,236.68,239.47,-1.1638,1081
JPM,2023-06-23,357.25,361.37,-1.141,1082
JPM,2022-04-04,285.33,288.58,-1.125,1083
JPM,2021-03-19,176.9,178.91,-1.1201,1084
JPM,2020-01-27,144.71,146.35,-1.1162,1085
JPM,2022-09-14,315.24,318.7,-1.0867,1086
JPM,2021-05-25,219.22,221.62,-1.0849,1087
JPM,2021-03-01,172.11,174.0,-1.0844,1088
JPM,2022-09-15,315.25,318.7,-1.0837,1089
JPM,2022-07-18,290.08,293.24,-1.0785,1090
JPM,2023-06-02,340.73,344.36,-1.0539,1091
JPM,2022-09-02,307.82,311.1,-1.053,1092
JPM,2023-05-24,340.52,344.1,-1.04,1093
JPM,2022-09-21,318.22,321.48,-1.0142,1094
JPM,2021-03-22,177.13,178.91,-0.9948,1095
JPM,2020-10-29,168.47,170.09,-0.9532,1096
JPM,2021-04-30,195.76,197.6,-0.9272,1097
JPM,2021-03-03,172.39,174.0,-0.9249,1098
JPM,2022-08-31,308.28,311.1,-0.905,1099
JPM,2021-11-15,286.01,288.58,-0.8919,1100
JPM,2022-04-07,286.01,288.58,-0.8907,1101
JPM,2022-09-19,315.97,318.7,-0.8589,1102
JPM,2020-05-01,152.76,154.06,-0.8414,1103
JPM,2022-09-06,308.52,311.1,-0.8293,1104
JPM,2022-08-02,290.81,293.24,-0.8288,1105
JPM,2023-05-25,341.3,344.1,-0.8133,1106
JPM,2021-06-09,222.71,224.51,-0.8022,1107
JPM,2021-03-02,172.61,174.0,-0.7976,1108
JPM,2021-07-12,230.04,231.87,-0.7873,1109
JPM,2022-04-20,286.35,288.58,-0.7742,1110
JPM,2022-07-25,291.02,293.24,-0.7595,1111
JPM,2020-10-12,167.44,168.67,-0.7292,1112
JPM,2021-05-11,210.32,211.87,-0.7291,1113
JPM,2022-08-18,308.85,311.1,-0.7222,1114
JPM,2024-02-22,462.17,465.5,-0.7153,1115
JPM,2023-06-20,341.99,344.36,-0.6889,1116
JPM,2022-04-29,291.21,293.22,-0.6857,1117
JPM,2020-10-13,167.55,168.67,-0.6682,1118
JPM,2023-06-19,342.09,344.36,-0.6595,1119
JPM,2022-09-22,319.38,321.48,-0.6528,1120
JPM,2022-08-10,302.56,304.52,-0.6414,1121
JPM,2021-05-10,210.54,211.87,-0.6276,1122
JPM,2022-04-06,286.8,288.58,-0.6167,1123
JPM,2023-08-03,413.95,416.49,-0.6094,1124
JPM,2021-06-18,223.15,224.51,-0.6089,1125
JPM,2021-10-21,243.65,245.11,-0.5965,1126
JPM,2023-07-03,381.84,384.07,-0.5792,1127
JPM,2021-06-17,223.22,224.51,-0.5775,1128
JPM,2023-06-21,342.46,344.36,-0.5538,1129
JPM,2021-03-04,173.05,174.0,-0.5465,1130
JPM,2022-08-05,299.95,301.54,-0.5272,1131
JPM,2024-02-13,433.63,435.85,-0.5093,1132
JPM,2020-02-04,148.61,149.29,-0.4592,1133
JPM,2021-05-20,220.63,221.62,-0.446,1134
JPM,2023-08-04,414.71,416.49,-0.4258,1135
JPM,2021-11-08,282.42,283.59,-0.4126,1136
JPM,2020-02-06,148.71,149.31,-0.3993,1137
JPM,2021-11-10,282.47,283.59,-0.3953,1138
JPM,2021-10-25,244.15,245.11,-0.3937,1139
JPM,2022-08-19,309.94,311.1,-0.3715,1140
JPM,2023-02-06,333.67,334.84,-0.3494,1141
JPM,2020-10-28,169.5,170.09,-0.3479,1142
JPM,2021-05-12,211.14,211.87,-0.3445,1143
JPM,2024-02-07,421.26,422.64,-0.3285,1144
JPM,2021-05-17,211.6,212.29,-0.3272,1145
JPM,2021-11-12,287.84,288.58,-0.2575,1146
JPM,2023-08-08,421.6,422.64,-0.2464,1147
JPM,2020-01-31,148.93,149.29,-0.2448,1148
JPM,2022-08-15,303.8,304.52,-0.2352,1149
JPM,2021-05-31,224.01,224.51,-0.2261,1150
JPM,2020-05-25,168.36,168.67,-0.1836,1151
JPM,2023-06-26,360.73,361.37,-0.1775,1152
JPM,2021-04-06,197.26,197.6,-0.1716,1153
JPM,2020-11-27,173.72,174.0,-0.1597,1154
JPM,2020-11-26,173.73,174.0,-0.1534,1155
JPM,2022-04-21,288.17,288.58,-0.1431,1156
JPM,2021-05-27,223.97,224.28,-0.1376,1157
JPM,2022-09-01,310.68,311.1,-0.1346,1158
JPM,2020-02-10,149.14,149.31,-0.1095,1159
JPM,2020-05-18,164.09,164.27,-0.1072,1160
JPM,2022-04-12,288.28,288.58,-0.1042,1161
JPM,2020-02-11,149.16,149.31,-0.0997,1162
JPM,2021-05-04,197.41,197.6,-0.0925,1163
JPM,2023-06-29,371.09,371.43,-0.0901,1164
JPM,2022-07-19,293.02,293.24,-0.0758,1165
JPM,2020-05-20,164.16,164.27,-0.0671,1166
JPM,2022-08-09,304.41,304.52,-0.0354,1167
JPM,2020-01-02,140.0,140.0,0.0,1168
JPM,2020-01-03,143.67,143.67,0.0,1168
JPM,2020-01-09,144.54,144.54,0.0,1168
JPM,2020-01-10,146.35,146.35,0.0,1168
JPM,2020-01-28,146.46,146.46,0.0,1168
JPM,2020-01-29,148.78,148.78,0.0,1168
JPM,2020-01-30,149.29,149.29,0.0,1168
JPM,2020-02-05,149.31,149.31,0.0,1168
JPM,2020-02-12,154.06,154.06,0.0,1168
JPM,2020-05-05,155.96,155.96,0.0,1168
JPM,2020-05-06,158.26,158.26,0.0,1168
JPM,2020-05-07,160.93,160.93,0.0,1168
JPM,2020-05-12,161.33,161.33,0.0,1168
JPM,2020-05-13,164.27,164.27,0.0,1168
JPM,2020-05-21,164.35,164.35,0.0,1168
JPM,2020-05-22,168.67,168.67,0.0,1168
JPM,2020-10-14,169.9,169.9,0.0,1168
JPM,2020-10-21,170.09,170.09,0.0,1168
JPM,2020-10-30,170.14,170.14,0.0,1168
JPM,2020-11-02,172.45,172.45,0.0,1168
JPM,2020-11-24,173.05,173.05,0.0,1168
JPM,2020-11-25,174.0,174.0,0.0,1168
JPM,2021-03-17,175.25,175.25,0.0,1168
JPM,2021-03-18,178.91,178.91,0.0,1168
JPM,2021-03-24,180.32,180.32,0.0,1168
JPM,2021-03-25,183.86,183.86,0.0,1168
JPM,2021-03-26,185.36,185.36,0.0,1168
JPM,2021-03-29,187.6,187.6,0.0,1168
JPM,2021-03-30,188.6,188.6,0.0,1168
JPM,2021-04-01,189.17,189.17,0.0,1168
JPM,2021-04-02,195.84,195.84,0.0,1168
JPM,2021-04-05,197.6,197.6,0.0,1168
JPM,2021-05-05,200.72,200.72,0.0,1168
JPM,2021-05-06,206.1,206.1,0.0,1168
JPM,2021-05-07,211.87,211.87,0.0,1168
JPM,2021-05-14,212.29,212.29,0.0,1168
JPM,2021-05-18,215.92,215.92,0.0,1168
JPM,2021-05-19,221.62,221.62,0.0,1168
JPM,2021-05-26,224.28,224.28,0.0,1168
JPM,2021-05-28,224.51,224.51,0.0,1168
JPM,2021-07-08,225.45,225.45,0.0,1168
JPM,2021-07-09,231.87,231.87,0.0,1168
JPM,2021-07-13,239.47,239.47,0.0,1168
JPM,2021-10-18,244.16,244.16,0.0,1168
JPM,2021-10-20,245.11,245.11,0.0,1168
JPM,2021-10-27,245.59,245.59,0.0,1168
JPM,2021-10-28,250.22,250.22,0.0,1168
JPM,2021-10-29,258.72,258.72,0.0,1168
JPM,2021-11-01,264.3,264.3,0.0,1168
JPM,2021-11-02,270.31,270.31,0.0,1168
JPM,2021-11-03,275.88,275.88,0.0,1168
JPM,2021-11-04,277.03,277.03,0.0,1168
JPM,2021-11-05,283.59,283.59,0.0,1168
JPM,2021-11-11,288.58,288.58,0.0,1168
JPM,2022-04-22,288.92,288.92,0.0,1168
JPM,2022-04-25,293.18,293.18,0.0,1168
JPM,2022-04-26,293.22,293.22,0.0,1168
JPM,2022-06-09,293.24,293.24,0.0,1168
JPM,2022-08-03,298.64,298.64,0.0,1168
JPM,2022-08-04,301.54,301.54,0.0,1168
JPM,2022-08-08,304.52,304.52,0.0,1168
JPM,2022-08-16,309.51,309.51,0.0,1168
JPM,2022-08-17,311.1,311.1,0.0,1168
JPM,2022-09-12,314.73,314.73,0.0,1168
JPM,2022-09-13,318.7,318.7,0.0,1168
JPM,2022-09-20,321.48,321.48,0.0,1168
JPM,2022-09-23,324.84,324.84,0.0,1168
JPM,2023-01-31,324.99,324.99,0.0,1168
JPM,2023-02-01,328.2,328.2,0.0,1168
JPM,2023-02-02,328.98,328.98,0.0,1168
JPM,2023-02-03,334.84,334.84,0.0,1168
JPM,2023-05-03,344.1,344.1,0.0,1168
JPM,2023-06-01,344.36,344.36,0.0,1168
JPM,2023-06-22,361.37,361.37,0.0,1168
JPM,2023-06-27,364.11,364.11,0.0,1168
JPM,2023-06-28,371.43,371.43,0.0,1168
JPM,2023-06-30,384.07,384.07,0.0,1168
JPM,2023-07-05,384.67,384.67,0.0,1168
JPM,2023-07-06,392.93,392.93,0.0,1168
JPM,2023-07-13,394.23,394.23,0.0,1168
JPM,2023-07-14,395.14,395.14,0.0,1168
JPM,2023-07-17,403.11,403.11,0.0,1168
JPM,2023-08-01,415.27,415.27,0.0,1168
JPM,2023-08-02,416.49,416.49,0.0,1168
JPM,2023-08-07,422.64,422.64,0.0,1168
JPM,2024-02-08,429.49,429.49,0.0,1168
JPM,2024-02-09,435.49,435.49,0.0,1168
JPM,2024-02-12,435.85,435.85,0.0,1168
JPM,2024-02-14,439.2,439.2,0.0,1168
JPM,2024-02-15,440.44,440.44,0.0,1168
JPM,2024-02-16,441.43,441.43,0.0,1168
JPM,2024-02-19,449.04,449.04,0.0,1168
JPM,2024-02-20,465.5,465.5,0.0,1168
META,2023-12-18,353.65,675.57,-47.6521,1
META,2023-12-15,363.39,675.57,-46.2096,2
META,2024-01-17,365.06,675.57,-45.9634,3
META,2024-01-18,366.43,675.57,-45.7604,4
META,2024-01-22,367.31,675.57,-45.6297,5
META,2023-12-14,371.9,675.57,-44.9501,6
META,2024-01-26,372.57,675.57,-44.8511,7
META,2024-02-09,372.61,675.57,-44.8447,8
META,2023-12-07,372.82,675.57,-44.8145,9
META,2024-02-08,372.97,675.57,-44.7925,10
META,2024-02-07,373.13,675.57,-44.7691,11
META,2023-12-13,374.07,675.57,-44.6296,12
META,2023-12-12,374.12,675.57,-44.6215,13
META,2024-02-12,375.78,675.57,-44.3763,14
META,2023-12-08,376.33,675.57,-44.294,15
META,2023-12-11,377.22,675.57,-44.1628,16
META,2023-12-19,377.41,675.57,-44.1346,17
META,2023-12-06,377.54,675.57,-44.1152,18
META,2024-01-19,377.89,675.57,-44.0631,19
META,2024-02-26,378.57,675.57,-43.9629,20
META,2024-01-24,378.64,675.57,-43.9525,21
META,2024-02-06,378.98,675.57,-43.9026,22
META,2024-02-20,379.18,675.57,-43.8723,23
META,2024-01-16,380.24,675.57,-43.7164,24
META,2024-02-02,380.39,675.57,-43.6939,25
META,2024-02-13,380.43,675.57,-43.6877,26
META,2024-01-15,380.48,675.57,-43.6809,27
META,2024-02-01,380.58,675.57,-43.6663,28
META,2024-02-21,380.86,675.57,-43.6235,29
META,2024-02-05,381.68,675.57,-43.5027,30
META,2024-01-04,382.78,675.57,-43.3398,31
META,2024-01-30,383.04,675.57,-43.3011,32
META,2023-12-20,383.4,675.57,-43.2475,33
META,2024-01-12,383.46,675.57,-43.2389,34
META,2024-01-10,383.72,675.57,-43.2008,35
META,2024-01-23,384.29,675.57,-43.1171,36
META,2024-01-25,384.29,675.57,-43.1165,37
META,2024-02-23,384.4,675.57,-43.0996,38
META,2024-01-31,385.22,675.57,-42.9791,39
META,2024-01-05,385.33,675.57,-42.9628,40
META,2024-01-08,385.94,675.57,-42.8729,41
META,2024-01-03,387.69,675.57,-42.6138,42
META,2023-11-06,388.15,675.57,-42.5447,43
META,2024-02-14,388.16,675.57,-42.5433,44
META,2024-01-11,388.48,675.57,-42.4957,45
META,2024-02-27,390.86,675.57,-42.1433,46
META,2024-02-22,391.25,675.57,-42.0861,47
META,2023-12-28,391.61,675.57,-42.0323,48
META,2023-10-30,391.91,675.57,-41.9892,49
META,2024-01-29,392.61,675.57,-41.8848,50
META,2024-02-19,393.08,675.57,-41.8156,51
META,2023-12-04,393.21,675.57,-41.7955,52
META,2024-01-09,393.44,675.57,-41.7615,53
META,2024-02-15,393.69,675.57,-41.7245,54
META,2023-12-05,393.72,675.57,-41.72,55
META,2023-12-21,393.74,675.57,-41.7182,56
META,2023-12-29,394.11,675.57,-41.6624,57
META,2023-11-03,394.42,675.57,-41.6164,58
META,2024-02-16,395.22,675.57,-41.4985,59
META,2023-10-31,395.71,675.57,-41.426,60
META,2023-12-01,396.06,675.57,-41.3737,61
META,2024-01-01,396.37,675.57,-41.3285,62
META,2023-11-01,397.56,675.57,-41.152,63
META,2023-11-07,397.73,675.57,-41.1274,64
META,2024-01-02,397.9,675.57,-41.1021,65
META,2024-02-29,398.96,675.57,-40.9448,66
META,2023-12-27,399.27,675.57,-40.8991,67
META,2023-12-22,399.75,675.57,-40.8281,68
META,2023-10-17,401.6,675.57,-40.5543,69
META,2023-08-04,402.35,675.57,-40.4435,70
META,2023-10-23,402.49,675.57,-40.4222,71
META,2023-10-20,403.07,675.57,-40.3363,72
META,2023-11-02,403.26,675.57,-40.3085,73
META,2024-05-03,403.26,675.57,-40.3084,74
META,2023-11-30,404.16,675.57,-40.1756,75
META,2024-04-19,405.31,675.57,-40.0051,76
META,2024-05-02,405.38,675.57,-39.9944,77
META,2023-10-18,405.96,675.57,-39.909,78
META,2023-11-29,406.03,675.57,-39.8991,79
META,2024-02-28,406.73,675.57,-39.7952,80
META,2024-05-24,406.94,675.57,-39.7634,81
META,2023-10-27,407.01,675.57,-39.7537,82
META,2023-10-10,407.27,675.57,-39.7142,83
META,2024-05-27,407.84,675.57,-39.631,84
META,2023-11-08,407.95,675.57,-39.6138,85
META,2023-10-26,408.72,675.57,-39.5002,86
META,2023-10-12,409.78,675.57,-39.3429,87
META,2024-05-21,410.46,675.57,-39.2432,88
META,2024-04-22,410.51,675.57,-39.2347,89
META,2024-05-06,411.76,675.57,-39.0507,90
META,2024-05-01,411.92,675.57,-39.0269,91
META,2024-04-02,412.14,675.57,-38.9945,92
META,2024-05-10,413.09,675.57,-38.8532,93
META,2024-05-23,413.18,675.57,-38.8408,94
META,2023-12-25,413.6,675.57,-38.7785,95
META,2024-04-24,413.9,675.57,-38.734,96
META,2024-05-08,413.96,675.57,-38.725,97
META,2024-04-15,414.12,675.57,-38.7017,98
META,2023-10-24,414.39,675.57,-38.6616,99
META,2024-04-23,414.54,675.57,-38.6387,100
META,2023-10-16,414.55,675.57,-38.6376,101
META,2024-04-08,414.91,675.57,-38.5844,102
META,2024-05-07,415.31,675.57,-38.5248,103
META,2024-05-20,416.69,675.57,-38.3205,104
META,2023-08-07,417.17,675.57,-38.2489,105
META,2023-10-09,417.77,675.57,-38.1613,106
META,2024-05-22,418.5,675.57,-38.052,107
META,2023-10-19,418.76,675.57,-38.0145,108
META,2024-05-28,418.95,675.57,-37.9864,109
META,2023-12-26,419.61,675.57,-37.8887,110
META,2024-05-13,419.63,675.57,-37.8848,111
META,2024-05-09,420.53,675.57,-37.7515,112
META,2023-11-28,421.88,675.57,-37.5521,113
META,2024-05-14,422.23,675.57,-37.5012,114
META,2024-04-16,422.27,675.57,-37.4942,115
META,2023-11-13,423.2,675.57,-37.3566,116
META,2023-10-25,423.82,675.57,-37.2652,117
META,2024-05-29,423.87,675.57,-37.2585,118
META,2024-04-25,423.87,675.57,-37.2577,119
META,2024-04-30,424.29,675.57,-37.1961,120
META,2024-03-01,424.39,675.57,-37.1811,121
META,2023-10-11,424.42,675.57,-37.1759,122
META,2023-10-13,424.84,675.57,-37.1138,123
META,2023-11-09,424.91,675.57,-37.1032,124
META,2024-04-10,425.59,675.57,-37.003,125
META,2023-08-03,425.87,675.57,-36.9617,126
META,2023-08-02,425.97,675.57,-36.9471,127
META,2024-04-11,426.5,675.57,-36.8682,128
META,2024-04-03,426.87,675.57,-36.8132,129
META,2024-04-09,426.99,675.57,-36.7966,130
META,2024-04-12,427.05,675.57,-36.7875,131
META,2024-04-17,427.14,675.57,-36.7743,132
META,2024-04-18,427.63,675.57,-36.7013,133
META,2024-05-15,427.85,675.57,-36.6688,134
META,2023-11-21,428.87,675.57,-36.517,135
META,2024-03-04,428.95,675.57,-36.5054,136
META,2024-04-05,429.14,675.57,-36.477,137
META,2023-11-22,429.84,675.57,-36.3739,138
META,2024-03-29,430.45,675.57,-36.2839,139
META,2023-11-20,431.5,675.57,-36.1279,140
META,2023-10-06,432.41,675.57,-35.9935,141
META,2024-06-05,432.76,675.57,-35.942,142
META,2024-04-01,432.81,675.57,-35.9344,143
META,2023-11-27,433.09,675.57,-35.8932,144
META,2023-11-23,433.14,675.57,-35.8853,145
META,2023-08-01,434.02,675.57,-35.756,146
META,2024-03-11,434.15,675.57,-35.7361,147
META,2024-03-20,434.19,675.57,-35.7294,148
META,2024-06-06,434.59,675.57,-35.6704,149
META,2024-03-15,434.91,675.57,-35.6232,150
META,2024-06-07,435.33,675.57,-35.561,151
META,2024-03-06,435.47,675.57,-35.5402,152
META,2023-08-08,435.66,675.57,-35.5131,153
META,2024-04-26,435.79,675.57,-35.4935,154
META,2024-03-21,435.96,675.57,-35.468,155
META,2023-11-15,436.04,675.57,-35.456,156
META,2023-11-14,436.09,675.57,-35.4483,157
META,2024-05-17,436.72,675.57,-35.3552,158
META,2024-05-16,436.91,675.57,-35.3272,159
META,2024-03-25,437.55,675.57,-35.233,160
META,2024-03-07,438.48,675.57,-35.0948,161
META,2024-03-05,438.85,675.57,-35.0404,162
META,2024-04-04,439.49,675.57,-34.9458,163
META,2024-04-29,439.61,675.57,-34.9272,164
META,2023-11-10,439.93,675.57,-34.8808,165
META,2024-03-28,440.14,675.57,-34.8488,166
META,2023-11-17,440.75,675.57,-34.7596,167
META,2024-03-18,441.12,675.57,-34.7047,168
META,2024-03-22,441.39,675.57,-34.6638,169
META,2024-03-26,441.79,675.57,-34.6051,170
META,2024-03-27,442.15,675.57,-34.5516,171
META,2024-05-30,442.21,675.57,-34.5426,172
META,2024-06-10,442.62,675.57,-34.483,173
META,2024-03-08,443.29,675.57,-34.3836,174
META,2023-11-24,443.67,675.57,-34.3271,175
META,2023-11-16,444.01,675.57,-34.2758,176
META,2024-03-19,444.14,675.57,-34.2571,177
META,2023-09-27,444.78,675.57,-34.1619,178
META,2024-06-11,446.17,675.57,-33.9566,179
META,2024-05-31,446.8,675.57,-33.8638,180
META,2024-03-14,446.83,675.57,-33.8591,181
META,2023-08-09,446.88,675.57,-33.852,182
META,2023-08-17,447.23,675.57,-33.7994,183
META,2023-10-05,448.02,675.57,-33.6824,184
META,2023-08-18,448.8,675.57,-33.5682,185
META,2024-06-04,448.82,675.57,-33.5653,186
META,2024-06-12,449.37,675.57,-33.4827,187
META,2024-06-24,450.99,675.57,-33.2433,188
META,2024-06-03,451.01,675.57,-33.2397,189
META,2023-07-31,451.33,675.57,-33.1927,190
META,2023-08-10,451.41,675.57,-33.1815,191
META,2024-03-13,451.89,675.57,-33.1098,192
META,2024-03-12,452.0,675.57,-33.0942,193
META,2023-09-28,453.82,675.57,-32.8248,194
META,2023-08-21,454.51,675.57,-32.723,195
META,2023-07-28,454.95,675.57,-32.6566,196
META,2023-08-11,455.27,675.57,-32.6104,197
META,2023-09-29,456.09,675.57,-32.4887,198
META,2023-09-26,458.41,675.57,-32.1453,199
META,2023-08-22,458.52,675.57,-32.1281,200
META,2024-06-14,459.53,675.57,-31.9797,201
META,2023-08-14,461.42,675.57,-31.6994,202
META,2023-10-02,462.03,675.57,-31.6091,203
META,2024-06-13,462.08,675.57,-31.6015,204
META,2023-08-15,462.7,675.57,-31.5102,205
META,2023-10-04,464.74,675.57,-31.2086,206
META,2023-08-16,465.05,675.57,-31.1626,207
META,2024-06-21,465.56,675.57,-31.0871,208
META,2023-09-25,466.64,675.57,-30.9261,209
META,2023-10-03,467.14,675.57,-30.8527,210
META,2023-07-27,468.31,675.57,-30.6797,211
META,2023-05-18,468.97,675.57,-30.5819,212
META,2024-06-17,469.18,675.57,-30.5515,213
META,2023-08-28,470.49,675.57,-30.3576,214
META,2023-08-23,471.63,675.57,-30.1877,215
META,2024-06-25,471.67,675.57,-30.1816,216
META,2023-05-17,472.97,675.57,-29.9891,217
META,2024-06-20,473.86,675.57,-29.8578,218
META,2023-05-19,474.03,675.57,-29.8337,219
META,2023-07-17,476.28,675.57,-29.4998,220
META,2023-09-12,476.37,675.57,-29.4873,221
META,2023-04-24,477.17,675.57,-29.3686,222
META,2023-04-14,478.15,675.57,-29.2232,223
META,2024-06-19,478.18,675.57,-29.2191,224
META,2023-07-18,478.37,675.57,-29.1912,225
META,2024-08-07,478.93,675.57,-29.1074,226
META,2023-07-14,479.8,675.57,-28.9785,227
META,2023-09-22,480.23,675.57,-28.9146,228
META,2022-11-23,481.36,675.57,-28.7479,229
META,2023-09-04,481.52,675.57,-28.7243,230
META,2023-07-26,481.94,675.57,-28.6616,231
META,2023-08-25,483.09,675.57,-28.4914,232
META,2022-11-24,483.19,675.57,-28.4763,233
META,2022-12-21,483.34,675.57,-28.4545,234
META,2022-08-29,483.42,675.57,-28.4426,235
META,2023-05-01,483.5,675.57,-28.4316,236
META,2024-08-06,483.66,675.57,-28.4077,237
META,2023-05-23,483.96,675.57,-28.3637,238
META,2023-04-12,483.96,675.57,-28.3636,239
META,2024-06-18,484.21,675.57,-28.3255,240
META,2023-06-15,484.47,675.57,-28.2874,241
META,2023-09-01,484.69,675.57,-28.2545,242
META,2023-09-05,484.99,675.57,-28.2101,243
META,2023-08-29,485.19,675.57,-28.1816,244
META,2023-04-25,485.55,675.57,-28.1274,245
META,2023-06-13,486.57,675.57,-27.9763,246
META,2022-08-26,486.58,675.57,-27.9749,247
META,2023-05-25,486.78,675.57,-27.9452,248
META,2023-08-31,486.95,675.57,-27.9207,249
META,2022-11-29,487.83,675.57,-27.7907,250
META,2023-08-24,488.86,675.57,-27.6376,251
META,2023-04-21,489.11,675.57,-27.6005,252
META,2024-07-26,489.34,675.57,-27.566,253
META,2023-05-24,489.83,675.57,-27.494,254
META,2022-11-30,489.88,675.57,-27.4868,255
META,2023-06-14,490.23,675.57,-27.4347,256
META,2022-08-24,490.32,675.57,-27.4218,257
META,2024-10-30,490.48,675.57,-27.3973,258
META,2023-05-05,490.5,675.57,-27.3956,259
META,2022-09-05,490.98,675.57,-27.3243,260
META,2022-12-05,491.19,675.57,-27.2928,261
META,2024-09-27,491.24,675.57,-27.2858,262
META,2023-05-09,491.7,675.57,-27.2173,263
META,2023-09-07,492.01,675.57,-27.1716,264
META,2023-04-13,492.29,675.57,-27.1306,265
META,2023-04-28,492.69,675.57,-27.0711,266
META,2023-05-22,492.76,675.57,-27.0604,267
META,2023-05-08,493.05,675.57,-27.0177,268
META,2022-08-25,493.22,675.57,-26.9919,269
META,2023-08-30,493.32,675.57,-26.9772,270
META,2022-12-20,493.35,675.57,-26.9735,271
META,2022-09-15,493.45,675.57,-26.9585,272
META,2023-06-09,493.6,675.57,-26.9362,273
META,2023-04-19,493.98,675.57,-26.8804,274
META,2023-04-11,494.11,675.57,-26.8606,275
META,2022-12-06,494.13,675.57,-26.8576,276
META,2022-09-14,494.4,675.57,-26.8173,277
META,2024-07-30,494.75,675.57,-26.7659,278
META,2024-09-26,494.81,675.57,-26.7572,279
META,2022-11-15,494.97,675.57,-26.7339,280
META,2023-06-12,495.18,675.57,-26.7028,281
META,2022-11-22,495.51,675.57,-26.6538,282
META,2023-09-08,495.82,675.57,-26.6078,283
META,2022-11-25,495.92,675.57,-26.5922,284
META,2022-09-13,496.21,675.57,-26.5502,285
META,2022-11-28,496.44,675.57,-26.5155,286
META,2023-07-06,496.49,675.57,-26.5081,287
META,2023-09-21,496.52,675.57,-26.5046,288
META,2022-08-31,497.13,675.57,-26.4138,289
META,2023-06-08,497.72,675.57,-26.3269,290
META,2023-04-20,498.38,675.57,-26.2286,291
META,2023-07-19,498.41,675.57,-26.2243,292
META,2022-10-19,498.47,675.57,-26.2155,293
META,2022-12-15,498.54,675.57,-26.2046,294
META,2023-05-04,498.59,675.57,-26.1972,295
META,2022-12-19,498.82,675.57,-26.1629,296
META,2023-07-25,498.89,675.57,-26.1529,297
META,2022-09-01,498.93,675.57,-26.1467,298
META,2023-09-11,499.22,675.57,-26.1046,299
META,2023-04-17,499.37,675.57,-26.082,300
META,2022-11-16,499.56,675.57,-26.0533,301
META,2024-07-25,499.68,675.57,-26.0356,302
META,2022-12-23,499.79,675.57,-26.0203,303
META,2023-05-16,500.51,675.57,-25.9135,304
META,2024-10-17,500.61,675.57,-25.8984,305
META,2022-11-21,501.13,675.57,-25.8211,306
META,2023-04-10,501.43,675.57,-25.7774,307
META,2022-12-07,501.51,675.57,-25.7657,308
META,2022-11-17,501.55,675.57,-25.7587,309
META,2023-07-20,501.67,675.57,-25.7412,310
META,2023-05-02,501.88,675.57,-25.7112,311
META,2022-09-02,501.91,675.57,-25.7054,312
META,2023-04-26,502.08,675.57,-25.6807,313
META,2022-12-22,502.1,675.57,-25.6784,314
META,2024-08-08,502.15,675.57,-25.67,315
META,2022-12-14,502.24,675.57,-25.6574,316
META,2023-04-18,502.31,675.57,-25.6471,317
META,2023-09-06,502.32,675.57,-25.6459,318
META,2024-07-29,502.37,675.57,-25.6376,319
META,2022-11-14,502.47,675.57,-25.6231,320
META,2023-05-30,502.6,675.57,-25.6037,321
META,2024-10-29,502.61,675.57,-25.6019,322
META,2023-06-19,502.79,675.57,-25.5757,323
META,2023-07-13,503.01,675.57,-25.5428,324
META,2024-10-23,503.05,675.57,-25.5369,325
META,2022-09-16,503.1,675.57,-25.5304,326
META,2024-10-04,503.68,675.57,-25.4442,327
META,2023-07-24,504.03,675.57,-25.3918,328
META,2022-11-18,504.11,675.57,-25.3801,329
META,2023-09-18,504.18,675.57,-25.3698,330
META,2022-09-06,504.48,675.57,-25.3263,331
META,2023-06-16,504.93,675.57,-25.2593,332
META,2023-05-31,505.01,675.57,-25.2468,333
META,2023-06-22,505.3,675.57,-25.2042,334
META,2024-10-02,505.55,675.57,-25.167,335
META,2022-12-02,505.59,675.57,-25.1612,336
META,2023-06-21,506.07,675.57,-25.0904,337
META,2023-09-13,506.16,675.57,-25.0772,338
META,2023-03-24,506.16,675.57,-25.0763,339
META,2022-12-16,506.3,675.57,-25.0569,340
META,2024-10-24,506.74,675.57,-24.9904,341
META,2024-10-09,506.92,675.57,-24.9651,342
META,2023-04-27,507.04,675.57,-24.9469,343
META,2024-10-16,507.17,675.57,-24.9271,344
META,2023-03-27,507.29,675.57,-24.9098,345
META,2024-10-07,507.29,675.57,-24.9098,346
META,2023-05-29,507.56,675.57,-24.8692,347
META,2023-05-26,507.69,675.57,-24.8503,348
META,2023-06-01,507.71,675.57,-24.8479,349
META,2022-12-01,507.71,675.57,-24.8479,350
META,2022-09-23,508.1,675.57,-24.7904,351
META,2024-09-10,508.15,675.57,-24.7819,352
META,2022-08-23,508.17,675.57,-24.779,353
META,2022-12-26,508.25,675.57,-24.7682,354
META,2024-08-05,508.34,675.57,-24.7541,355
META,2023-06-27,508.35,675.57,-24.7534,356
META,2023-06-20,508.36,675.57,-24.7511,357
META,2024-06-28,508.66,675.57,-24.7074,358
META,2023-05-11,508.66,675.57,-24.7073,359
META,2024-10-18,508.82,675.57,-24.683,360
META,2023-04-04,508.82,675.57,-24.6826,361
META,2022-10-20,508.9,675.57,-24.6711,362
META,2024-10-21,509.02,675.57,-24.6542,363
META,2023-09-14,509.06,675.57,-24.6475,364
META,2022-08-30,509.07,675.57,-24.6457,365
META,2021-04-19,322.52,427.88,-24.6248,366
META,2024-06-26,509.4,675.57,-24.597,367
META,2022-09-22,509.58,675.57,-24.5706,368
META,2022-09-20,509.93,675.57,-24.5191,369
META,2023-07-21,510.14,675.57,-24.4878,370
META,2024-09-30,510.94,675.57,-24.369,371
META,2024-10-08,511.03,675.57,-24.3563,372
META,2023-06-29,511.22,675.57,-24.328,373
META,2023-06-07,511.31,675.57,-24.3143,374
META,2023-05-03,511.87,675.57,-24.2316,375
META,2022-09-21,511.98,675.57,-24.2151,376
META,2022-10-26,512.31,675.57,-24.1667,377
META,2023-06-23,512.31,675.57,-24.1661,378
META,2024-06-27,512.34,675.57,-24.1627,379
META,2022-12-08,512.39,675.57,-24.155,380
META,2023-06-28,512.8,675.57,-24.0939,381
META,2022-12-13,513.84,675.57,-23.9405,382
META,2023-04-06,514.18,675.57,-23.8901,383
META,2023-06-26,514.37,675.57,-23.8615,384
META,2022-11-07,514.6,675.57,-23.8282,385
META,2022-10-21,514.79,675.57,-23.7997,386
META,2024-07-24,515.18,675.57,-23.742,387
META,2023-03-28,515.24,675.57,-23.7329,388
META,2022-11-09,515.34,675.57,-23.7176,389
META,2023-03-23,515.37,675.57,-23.7133,390
META,2024-08-02,515.49,675.57,-23.6964,391
META,2022-08-22,515.52,675.57,-23.6921,392
META,2023-05-12,516.37,675.57,-23.5654,393
META,2024-07-19,516.41,675.57,-23.5601,394
META,2023-03-22,516.52,675.57,-23.544,395
META,2022-12-28,516.68,675.57,-23.5197,396
META,2024-10-03,516.84,675.57,-23.4958,397
META,2024-07-31,517.07,675.57,-23.4622,398
META,2023-05-10,517.28,675.57,-23.4312,399
META,2024-10-25,517.29,675.57,-23.429,400
META,2024-10-15,517.32,675.57,-23.4257,401
META,2024-09-09,517.67,675.57,-23.3727,402
META,2024-10-01,518.09,675.57,-23.3116,403
META,2022-10-17,518.32,675.57,-23.2766,404
META,2023-04-07,518.34,675.57,-23.2745,405
META,2023-06-30,518.77,675.57,-23.2111,406
META,2024-07-04,518.79,675.57,-23.2068,407
META,2022-10-18,518.9,675.57,-23.1914,408
META,2024-10-28,518.92,675.57,-23.1888,409
META,2023-04-03,519.25,675.57,-23.1386,410
META,2024-07-18,519.9,675.57,-23.0433,411
META,2024-10-10,520.09,675.57,-23.0152,412
META,2022-11-04,520.17,675.57,-23.003,413
META,2024-09-25,520.24,675.57,-22.9933,414
META,2023-05-15,520.43,675.57,-22.9652,415
META,2022-09-12,520.51,675.57,-22.953,416
META,2024-10-14,520.55,675.57,-22.9465,417
META,2022-10-25,520.56,675.57,-22.945,418
META,2022-08-05,521.0,675.57,-22.8806,419
META,2024-08-29,521.01,675.57,-22.8794,420
META,2022-10-24,521.33,675.57,-22.8321,421
META,2022-12-09,521.38,675.57,-22.8241,422
META,2023-04-05,521.66,675.57,-22.7831,423
META,2024-10-22,522.08,675.57,-22.7199,424
META,2023-03-21,522.26,675.57,-22.6937,425
META,2024-08-09,522.54,675.57,-22.6519,426
META,2024-08-28,522.72,675.57,-22.6264,427
META,2021-04-16,331.23,427.88,-22.5887,428
META,2024-09-02,523.13,675.57,-22.565,429
META,2024-07-23,523.28,675.57,-22.5432,430
META,2024-07-15,523.31,675.57,-22.5378,431
META,2021-10-05,402.64,519.76,-22.5326,432
META,2024-09-23,523.53,675.57,-22.5056,433
META,2023-09-15,523.72,675.57,-22.4775,434
META,2022-12-12,523.83,675.57,-22.462,435
META,2022-10-13,523.91,675.57,-22.4491,436
META,2024-09-24,523.98,675.57,-22.439,437
META,2024-09-20,524.14,675.57,-22.4161,438
META,2023-09-20,524.29,675.57,-22.3933,439
META,2023-07-07,524.43,675.57,-22.3724,440
META,2021-10-06,403.51,519.76,-22.3653,441
META,2024-08-30,524.82,675.57,-22.3152,442
META,2022-11-02,524.98,675.57,-22.2913,443
META,2022-09-07,525.12,675.57,-22.2699,444
META,2022-09-19,525.16,675.57,-22.2649,445
META,2024-07-22,525.18,675.57,-22.262,446
META,2024-07-17,525.23,675.57,-22.2541,447
META,2024-08-01,525.29,675.57,-22.2452,448
META,2023-06-02,525.34,675.57,-22.2386,449
META,2024-09-06,525.56,675.57,-22.2052,450
META,2022-12-30,525.72,675.57,-22.1813,451
META,2023-06-05,525.77,675.57,-22.1743,452
META,2021-04-20,333.28,427.88,-22.1086,453
META,2024-07-16,526.41,675.57,-22.0794,454
META,2022-12-29,526.52,675.57,-22.0626,455
META,2022-11-08,526.98,675.57,-21.995,456
META,2024-09-12,527.05,675.57,-21.9845,457
META,2022-11-11,527.33,675.57,-21.943,458
META,2023-03-29,527.83,675.57,-21.8697,459
META,2022-09-26,527.85,675.57,-21.8656,460
META,2023-07-12,527.94,675.57,-21.8529,461
META,2021-04-21,334.44,427.88,-21.8391,462
META,2022-11-03,528.19,675.57,-21.8161,463
META,2022-12-27,528.21,675.57,-21.8126,464
META,2023-09-19,528.36,675.57,-21.7911,465
META,2024-08-26,528.4,675.57,-21.7855,466
META,2023-03-31,528.56,675.57,-21.7615,467
META,2021-10-11,406.72,519.76,-21.7484,468
META,2022-09-09,528.97,675.57,-21.7011,469
META,2022-10-14,529.37,675.57,-21.642,470
META,2024-07-05,529.44,675.57,-21.6314,471
META,2022-09-27,529.44,675.57,-21.6311,472
META,2024-07-03,529.44,675.57,-21.6306,473
META,2022-08-04,529.75,675.57,-21.5858,474
META,2024-10-11,529.93,675.57,-21.5584,475
META,2024-07-01,530.64,675.57,-21.4537,476
META,2022-06-01,530.68,675.57,-21.4478,477
META,2020-09-28,259.97,330.94,-21.4452,478
META,2021-11-12,408.81,519.76,-21.3448,479
META,2023-07-10,531.43,675.57,-21.3359,480
META,2024-09-03,531.58,675.57,-21.3144,481
META,2023-06-06,531.59,675.57,-21.313,482
META,2024-08-22,531.63,675.57,-21.3063,483
META,2021-11-15,409.42,519.76,-21.2291,484
META,2022-10-27,532.41,675.57,-21.1919,485
META,2022-10-11,532.47,675.57,-21.1827,486
META,2024-09-05,532.66,675.57,-21.1544,487
META,2022-08-08,532.96,675.57,-21.1105,488
META,2023-07-05,533.45,675.57,-21.0377,489
META,2020-09-25,261.38,330.94,-21.0184,490
META,2023-07-03,533.59,675.57,-21.0166,491
META,2023-01-10,533.78,675.57,-20.9885,492
META,2024-07-12,534.05,675.57,-20.9487,493
META,2023-01-03,534.25,675.57,-20.9187,494
META,2022-10-12,534.3,675.57,-20.9116,495
META,2024-09-11,534.69,675.57,-20.8538,496
META,2024-07-08,534.69,675.57,-20.8535,497
META,2023-01-27,535.05,675.57,-20.8003,498
META,2023-01-09,535.2,675.57,-20.7778,499
META,2020-09-15,262.4,330.94,-20.7105,500
META,2024-08-27,536.03,675.57,-20.6557,501
META,2023-07-11,536.63,675.57,-20.5662,502
META,2021-04-15,339.96,427.88,-20.5481,503
META,2022-09-28,536.83,675.57,-20.537,504
META,2021-10-28,413.12,519.76,-20.5172,505
META,2022-10-03,537.0,675.57,-20.5114,506
META,2022-05-31,537.05,675.57,-20.5044,507
META,2023-01-04,537.38,675.57,-20.456,508
META,2023-01-06,537.49,675.57,-20.4392,509
META,2021-10-22,413.67,519.76,-20.4112,510
META,2024-09-04,537.69,675.57,-20.4105,511
META,2022-06-29,537.91,675.57,-20.3766,512
META,2021-11-16,413.95,519.76,-20.356,513
META,2022-08-01,538.65,675.57,-20.2673,514
META,2024-07-02,538.71,675.57,-20.2592,515
META,2024-08-23,539.64,675.57,-20.1216,516
META,2024-09-17,539.68,675.57,-20.1157,517
META,2022-11-10,539.95,675.57,-20.0757,518
META,2021-10-25,415.61,519.76,-20.0374,519
META,2022-09-08,540.8,675.57,-19.9492,520
META,2021-10-08,416.35,519.76,-19.8945,521
META,2024-09-13,541.39,675.57,-19.8616,522
META,2021-04-14,343.46,427.88,-19.7301,523
META,2023-01-25,542.3,675.57,-19.7277,524
META,2024-09-18,542.57,675.57,-19.687,525
META,2022-08-03,542.6,675.57,-19.683,526
META,2021-10-07,417.7,519.76,-19.6348,527
META,2022-09-29,543.34,675.57,-19.5735,528
META,2024-08-12,543.44,675.57,-19.5591,529
META,2022-01-07,422.01,524.62,-19.5588,530
META,2024-07-11,543.65,675.57,-19.5279,531
META,2024-09-16,543.9,675.57,-19.4901,532
META,2023-01-02,544.1,675.57,-19.4614,533
META,2022-08-09,544.45,675.57,-19.4099,534
META,2022-08-02,544.8,675.57,-19.358,535
META,2022-08-12,544.81,675.57,-19.3558,536
META,2021-11-04,419.43,519.76,-19.303,537
META,2023-03-30,545.2,675.57,-19.2983,538
META,2022-10-10,545.53,675.57,-19.2487,539
META,2022-01-05,423.68,524.62,-19.2403,540
META,2023-03-20,545.66,675.57,-19.2302,541
META,2021-04-13,345.69,427.88,-19.2091,542
META,2021-04-12,345.73,427.88,-19.1989,543
META,2023-01-05,545.99,675.57,-19.1818,544
META,2021-10-26,420.23,519.76,-19.1485,545
META,2024-09-19,546.28,675.57,-19.1389,546
META,2022-09-30,546.57,675.57,-19.0955,547
META,2022-11-01,546.77,675.57,-19.0657,548
META,2023-07-04,546.8,675.57,-19.0615,549
META,2020-09-14,267.88,330.94,-19.0544,550
META,2021-10-27,420.97,519.76,-19.0062,551
META,2021-10-12,420.97,519.76,-19.0058,552
META,2020-09-02,268.28,330.94,-18.9349,553
META,2021-10-14,421.51,519.76,-18.9016,554
META,2020-09-16,268.52,330.94,-18.8609,555
META,2023-01-11,548.33,675.57,-18.8351,556
META,2021-12-29,425.97,524.62,-18.8033,557
META,2021-03-29,347.54,427.88,-18.777,558
META,2024-08-21,548.74,675.57,-18.7737,559
META,2022-08-19,549.11,675.57,-18.72,560
META,2024-08-20,549.3,675.57,-18.6911,561
META,2021-11-18,422.66,519.76,-18.6803,562
META,2021-11-22,422.85,519.76,-18.6446,563
META,2024-07-09,549.64,675.57,-18.641,564
META,2024-08-14,549.85,675.57,-18.6094,565
META,2023-02-06,550.63,675.57,-18.4937,566
META,2021-10-04,423.94,519.76,-18.4351,567
META,2022-01-12,428.16,524.62,-18.3871,568
META,2023-01-30,551.36,675.57,-18.3862,569
META,2024-08-15,551.53,675.57,-18.361,570
META,2021-12-30,428.51,524.62,-18.3201,571
META,2024-08-13,551.81,675.57,-18.3197,572
META,2021-04-22,349.51,427.88,-18.3161,573
META,2022-08-18,551.86,675.57,-18.3128,574
META,2020-09-29,270.55,330.94,-18.2464,575
META,2022-06-28,552.41,675.57,-18.2317,576
META,2020-09-03,270.61,330.94,-18.2293,577
META,2021-10-15,425.08,519.76,-18.2157,578
META,2021-03-26,349.96,427.88,-18.2108,579
META,2021-11-10,425.19,519.76,-18.1941,580
META,2021-10-21,425.35,519.76,-18.1643,581
META,2022-07-12,552.97,675.57,-18.1487,582
META,2020-09-24,271.08,330.94,-18.0879,583
META,2022-08-11,553.39,675.57,-18.0861,584
META,2022-08-10,553.54,675.57,-18.063,585
META,2021-03-24,350.81,427.88,-18.0123,586
META,2021-11-09,426.14,519.76,-18.0108,587
META,2022-10-31,553.91,675.57,-18.0091,588
META,2022-06-30,553.91,675.57,-18.0086,589
META,2022-10-28,554.47,675.57,-17.9267,590
META,2022-07-13,555.07,675.57,-17.8371,591
META,2022-06-27,555.27,675.57,-17.8069,592
META,2021-04-08,351.82,427.88,-17.7768,593
META,2021-10-19,427.47,519.76,-17.7561,594
META,2021-11-19,427.47,519.76,-17.7546,595
META,2021-03-30,351.97,427.88,-17.7422,596
META,2021-12-27,431.64,524.62,-17.7233,597
META,2023-01-26,556.19,675.57,-17.6709,598
META,2021-11-23,428.08,519.76,-17.6375,599
META,2021-11-05,428.14,519.76,-17.6268,600
META,2022-06-02,556.56,675.57,-17.616,601
META,2022-01-04,432.26,524.62,-17.6056,602
META,2022-06-23,556.76,675.57,-17.5876,603
META,2021-04-09,352.69,427.88,-17.5728,604
META,2022-07-29,557.0,675.57,-17.5511,605
META,2021-11-08,428.53,519.76,-17.551,606
META,2020-09-18,273.02,330.94,-17.5008,607
META,2021-10-20,429.02,519.76,-17.458,608
META,2022-07-01,557.79,675.57,-17.4339,609
META,2020-09-23,273.26,330.94,-17.428,610
META,2022-07-22,558.16,675.57,-17.3799,611
META,2022-07-15,558.42,675.57,-17.3406,612
META,2020-09-17,273.56,330.94,-17.3383,613
META,2021-12-24,433.68,524.62,-17.3343,614
META,2023-02-07,558.5,675.57,-17.33,615
META,2021-10-13,429.82,519.76,-17.3037,616
META,2022-08-16,558.78,675.57,-17.2876,617
META,2021-11-01,429.97,519.76,-17.2752,618
META,2021-11-25,430.04,519.76,-17.2612,619
META,2024-08-16,559.16,675.57,-17.2312,620
META,2024-08-19,559.34,675.57,-17.205,621
META,2024-07-10,559.37,675.57,-17.2003,622
META,2023-01-23,559.45,675.57,-17.1882,623
META,2021-04-07,355.13,427.88,-17.0032,624
META,2021-11-11,431.47,519.76,-16.9862,625
META,2022-06-24,561.14,675.57,-16.939,626
META,2022-01-06,435.77,524.62,-16.9358,627
META,2021-03-25,355.77,427.88,-16.8541,628
META,2023-03-16,561.91,675.57,-16.8253,629
META,2022-06-08,561.94,675.57,-16.8202,630
META,2022-10-05,561.95,675.57,-16.8194,631
META,2022-10-04,562.01,675.57,-16.8104,632
META,2020-09-22,275.32,330.94,-16.8062,633
META,2022-07-07,562.2,675.57,-16.7821,634
META,2022-01-03,436.78,524.62,-16.7426,635
META,2021-04-06,356.36,427.88,-16.7152,636
META,2022-07-08,562.67,675.57,-16.7118,637
META,2021-04-05,356.38,427.88,-16.7113,638
META,2022-08-15,562.73,675.57,-16.7036,639
META,2022-08-17,562.81,675.57,-16.6913,640
META,2022-07-25,562.82,675.57,-16.6905,641
META,2020-09-11,275.75,330.94,-16.6766,642
META,2022-01-13,437.17,524.62,-16.6692,643
META,2021-12-23,437.29,524.62,-16.6463,644
META,2022-07-14,563.19,675.57,-16.6353,645
META,2021-12-28,437.42,524.62,-16.622,646
META,2023-02-01,563.37,675.57,-16.6088,647
META,2022-05-30,563.51,675.57,-16.5876,648
META,2023-01-17,563.83,675.57,-16.5402,649
META,2022-03-28,499.66,598.64,-16.5349,650
META,2021-12-31,437.98,524.62,-16.5141,651
META,2021-03-22,357.43,427.88,-16.4651,652
META,2022-06-03,564.4,675.57,-16.4557,653
META,2021-03-31,357.61,427.88,-16.4224,654
META,2022-01-10,438.55,524.62,-16.4053,655
META,2022-01-11,438.62,524.62,-16.3915,656
META,2021-10-01,434.68,519.76,-16.3684,657
META,2020-11-17,276.77,330.94,-16.368,658
META,2021-10-29,434.73,519.76,-16.359,659
META,2022-07-26,565.95,675.57,-16.2266,660
META,2023-01-18,566.02,675.57,-16.2156,661
META,2022-07-27,566.38,675.57,-16.1628,662
META,2021-11-02,436.06,519.76,-16.1029,663
META,2020-09-10,277.68,330.94,-16.0933,664
META,2021-03-23,359.08,427.88,-16.08,665
META,2021-11-17,436.24,519.76,-16.0683,666
META,2023-01-19,567.29,675.57,-16.028,667
META,2021-10-18,436.51,519.76,-16.0165,668
META,2023-01-31,567.49,675.57,-15.9992,669
META,2022-07-28,568.15,675.57,-15.9012,670
META,2021-11-24,437.37,519.76,-15.8516,671
META,2023-03-15,568.51,675.57,-15.8484,672
META,2023-02-13,568.54,675.57,-15.8439,673
META,2020-09-09,278.78,330.94,-15.7596,674
META,2022-06-09,569.4,675.57,-15.716,675
META,2022-03-29,504.6,598.64,-15.7092,676
META,2022-10-06,569.54,675.57,-15.6956,677
META,2023-01-24,569.65,675.57,-15.6784,678
META,2023-02-02,569.71,675.57,-15.6697,679
META,2020-11-16,279.18,330.94,-15.6387,680
META,2023-02-03,570.07,675.57,-15.6166,681
META,2022-01-14,442.83,524.62,-15.5898,682
META,2020-07-29,279.38,330.94,-15.5796,683
META,2020-09-21,279.49,330.94,-15.5475,684
META,2022-06-13,570.59,675.57,-15.5397,685
META,2022-07-05,570.59,675.57,-15.5393,686
META,2022-06-16,570.83,675.57,-15.5051,687
META,2020-10-21,279.63,330.94,-15.5038,688
META,2023-03-17,570.9,675.57,-15.4945,689
META,2022-06-10,570.95,675.57,-15.487,690
META,2023-02-09,570.98,675.57,-15.4817,691
META,2021-03-12,361.72,427.88,-15.4631,692
META,2022-03-24,506.21,598.64,-15.4399,693
META,2020-10-29,279.99,330.94,-15.394,694
META,2022-07-04,571.62,675.57,-15.3868,695
META,2022-07-18,572.28,675.57,-15.2894,696
META,2020-10-02,280.55,330.94,-15.2262,697
META,2020-10-20,280.68,330.94,-15.1877,698
META,2022-06-07,572.98,675.57,-15.1854,699
META,2021-04-01,362.96,427.88,-15.1739,700
META,2020-09-30,280.84,330.94,-15.1398,701
META,2022-10-07,573.41,675.57,-15.122,702
META,2022-07-21,573.49,675.57,-15.1105,703
META,2021-03-11,363.67,427.88,-15.0061,704
META,2020-09-08,281.3,330.94,-14.9982,705
META,2020-10-16,281.36,330.94,-14.9804,706
META,2023-02-08,575.0,675.57,-14.8868,707
META,2020-10-01,281.82,330.94,-14.8413,708
META,2020-07-30,282.0,330.94,-14.7887,709
META,2020-10-19,282.19,330.94,-14.7297,710
META,2020-10-15,282.31,330.94,-14.6939,711
META,2022-01-17,447.57,524.62,-14.6855,712
META,2020-10-27,282.36,330.94,-14.6783,713
META,2020-10-13,282.43,330.94,-14.6571,714
META,2020-10-12,282.68,330.94,-14.5831,715
META,2021-04-02,365.51,427.88,-14.5766,716
META,2021-04-23,365.7,427.88,-14.533,717
META,2021-04-27,365.76,427.88,-14.5192,718
META,2020-10-09,283.23,330.94,-14.4164,719
META,2023-03-14,578.22,675.57,-14.4108,720
META,2021-11-03,444.88,519.76,-14.4053,721
META,2022-07-20,578.42,675.57,-14.3813,722
META,2021-09-30,445.13,519.76,-14.3577,723
META,2023-01-12,578.64,675.57,-14.3489,724
META,2023-01-20,578.68,675.57,-14.3426,725
META,2021-03-19,366.73,427.88,-14.2918,726
META,2022-05-27,579.17,675.57,-14.2699,727
META,2020-11-11,283.73,330.94,-14.2642,728
META,2022-06-21,579.26,675.57,-14.2561,729
META,2020-08-27,283.76,330.94,-14.2555,730
META,2022-07-11,579.41,675.57,-14.2342,731
META,2023-02-10,580.19,675.57,-14.1191,732
META,2020-08-28,284.3,330.94,-14.0927,733
META,2022-06-22,580.77,675.57,-14.0331,734
META,2022-06-06,580.93,675.57,-14.0092,735
META,2021-03-15,368.05,427.88,-13.9838,736
META,2023-02-14,581.58,675.57,-13.9131,737
META,2021-03-18,368.49,427.88,-13.8795,738
META,2023-02-15,582.13,675.57,-13.8314,739
META,2020-06-10,273.84,317.74,-13.8171,740
META,2023-02-16,582.33,675.57,-13.8014,741
META,2020-11-13,285.32,330.94,-13.7862,742
META,2022-03-25,516.16,598.64,-13.7777,743
META,2020-06-11,274.02,317.74,-13.7615,744
META,2020-10-22,285.46,330.94,-13.7417,745
META,2020-08-11,285.48,330.94,-13.7364,746
META,2020-10-28,285.48,330.94,-13.7351,747
META,2021-05-04,369.13,427.88,-13.7314,748
META,2021-12-22,452.69,524.62,-13.7105,749
META,2022-06-17,582.99,675.57,-13.7041,750
META,2020-06-08,274.27,317.74,-13.6832,751
META,2022-06-15,583.45,675.57,-13.6362,752
META,2020-08-31,285.92,330.94,-13.605,753
META,2022-03-30,517.23,598.64,-13.5994,754
META,2023-03-13,583.76,675.57,-13.5907,755
META,2020-09-01,286.08,330.94,-13.5549,756
META,2020-11-12,286.12,330.94,-13.5419,757
META,2020-10-14,286.14,330.94,-13.5368,758
META,2020-07-31,286.31,330.94,-13.4868,759
META,2020-06-04,274.96,317.74,-13.4663,760
META,2023-03-10,585.43,675.57,-13.3434,761
META,2023-02-28,585.45,675.57,-13.3404,762
META,2021-11-26,450.96,519.76,-13.2357,763
META,2020-06-05,275.78,317.74,-13.2067,764
META,2020-05-29,275.85,317.74,-13.1845,765
META,2022-03-23,519.76,598.64,-13.1769,766
META,2022-01-18,455.5,524.62,-13.1743,767
META,2022-07-19,586.63,675.57,-13.1662,768
META,2020-05-28,276.11,317.74,-13.103,769
META,2021-05-03,371.98,427.88,-13.0658,770
META,2022-07-06,587.49,675.57,-13.038,771
META,2020-09-04,287.97,330.94,-12.9827,772
META,2020-10-07,287.98,330.94,-12.9805,773
META,2020-08-04,288.22,330.94,-12.9083,774
META,2021-09-29,452.86,519.76,-12.87,775
META,2020-08-12,288.43,330.94,-12.8453,776
META,2021-05-05,372.94,427.88,-12.8412,777
META,2021-03-17,372.98,427.88,-12.8302,778
META,2020-11-18,288.59,330.94,-12.7976,779
META,2022-01-19,457.6,524.62,-12.7754,780
META,2023-02-17,589.33,675.57,-12.7663,781
META,2022-04-20,522.27,598.64,-12.7569,782
META,2023-03-09,589.47,675.57,-12.7454,783
META,2020-06-01,277.37,317.74,-12.706,784
META,2023-03-01,590.78,675.57,-12.551,785
META,2020-10-23,289.66,330.94,-12.472,786
META,2020-08-03,289.96,330.94,-12.3814,787
META,2022-03-22,524.75,598.64,-12.3435,788
META,2021-09-27,455.78,519.76,-12.3083,789
META,2022-05-26,592.69,675.57,-12.2689,790
META,2021-04-30,375.47,427.88,-12.2483,791
META,2020-08-26,290.46,330.94,-12.2311,792
META,2020-11-10,290.73,330.94,-12.1494,793
META,2022-06-20,593.5,675.57,-12.1481,794
META,2020-08-20,290.81,330.94,-12.1247,795
META,2020-08-21,290.88,330.94,-12.1039,796
META,2023-02-24,594.01,675.57,-12.073,797
META,2022-04-27,526.37,598.64,-12.072,798
META,2022-06-14,594.39,675.57,-12.0176,799
META,2023-02-23,594.62,675.57,-11.9835,800
META,2022-04-26,527.0,598.64,-11.9668,801
META,2020-10-06,291.37,330.94,-11.9559,802
META,2021-04-26,376.89,427.88,-11.9178,803
META,2020-06-12,279.99,317.74,-11.8818,804
META,2020-08-24,291.73,330.94,-11.8467,805
META,2021-03-16,377.43,427.88,-11.7906,806
META,2022-01-20,462.97,524.62,-11.75,807
META,2021-04-29,377.71,427.88,-11.7254,808
META,2020-08-18,292.38,330.94,-11.6514,809
META,2023-03-03,597.15,675.57,-11.6085,810
META,2021-04-28,378.59,427.88,-11.5202,811
META,2020-11-03,292.85,330.94,-11.5108,812
META,2020-10-05,292.89,330.94,-11.497,813
META,2022-03-18,529.9,598.64,-11.4829,814
META,2020-06-09,281.61,317.74,-11.371,815
META,2020-04-03,239.25,269.83,-11.3345,816
META,2021-05-07,379.42,427.88,-11.3273,817
META,2020-10-26,293.49,330.94,-11.3173,818
META,2021-12-07,461.08,519.76,-11.2897,819
META,2022-05-25,599.45,675.57,-11.2681,820
META,2020-08-13,293.66,330.94,-11.2636,821
META,2021-05-20,379.84,427.88,-11.2268,822
META,2021-05-19,379.85,427.88,-11.2266,823
META,2020-04-13,239.54,269.83,-11.2259,824
META,2020-10-30,293.87,330.94,-11.2003,825
META,2022-04-05,531.61,598.64,-11.1981,826
META,2022-03-21,531.62,598.64,-11.1956,827
META,2022-04-28,531.82,598.64,-11.1628,828
META,2020-11-02,294.02,330.94,-11.1572,829
META,2022-01-26,466.33,524.62,-11.1114,830
META,2021-03-09,380.34,427.88,-11.111,831
META,2021-05-18,380.52,427.88,-11.0699,832
META,2020-06-02,282.58,317.74,-11.066,833
META,2022-04-19,532.6,598.64,-11.0325,834
META,2020-08-17,294.56,330.94,-10.9942,835
META,2023-01-13,601.32,675.57,-10.9912,836
META,2020-09-07,294.58,330.94,-10.9861,837
META,2023-02-27,601.53,675.57,-10.9596,838
META,2020-08-14,294.75,330.94,-10.9364,839
META,2020-08-10,294.75,330.94,-10.9342,840
META,2020-10-08,294.86,330.94,-10.901,841
META,2020-07-14,295.55,330.94,-10.6945,842
META,2021-03-10,382.14,427.88,-10.6895,843
META,2020-07-27,295.68,330.94,-10.6543,844
META,2023-03-02,603.92,675.57,-10.6068,845
META,2020-05-25,284.09,317.74,-10.5912,846
META,2020-08-25,296.0,330.94,-10.558,847
META,2020-08-19,296.06,330.94,-10.5403,848
META,2020-07-28,296.08,330.94,-10.5345,849
META,2023-02-22,604.5,675.57,-10.5205,850
META,2020-06-16,284.48,317.74,-10.4679,851
META,2021-12-02,465.4,519.76,-10.4581,852
META,2020-01-15,188.09,210.0,-10.4342,853
META,2021-11-29,465.79,519.76,-10.3837,854
META,2020-11-19,296.64,330.94,-10.3656,855
META,2020-05-21,284.82,317.74,-10.3627,856
META,2022-01-27,470.29,524.62,-10.3555,857
META,2022-04-25,536.82,598.64,-10.3267,858
META,2021-12-06,466.56,519.76,-10.234,859
META,2020-06-15,285.34,317.74,-10.1998,860
META,2021-03-04,384.26,427.88,-10.1959,861
META,2022-05-20,607.6,675.57,-10.0616,862
META,2022-04-21,538.5,598.64,-10.0463,863
META,2020-05-20,286.26,317.74,-9.9098,864
META,2021-03-05,385.59,427.88,-9.8842,865
META,2020-07-24,298.24,330.94,-9.8793,866
META,2020-05-18,286.36,317.74,-9.8773,867
META,2022-05-19,608.94,675.57,-9.8628,868
META,2021-05-17,385.82,427.88,-9.8315,869
META,2020-06-03,286.52,317.74,-9.8259,870
META,2021-09-22,468.92,519.76,-9.7801,871
META,2020-04-02,243.47,269.83,-9.7705,872
META,2020-05-19,287.12,317.74,-9.6379,873
META,2020-04-15,244.04,269.83,-9.5579,874
META,2022-03-17,541.43,598.64,-9.5565,875
META,2021-05-21,387.1,427.88,-9.5307,876
META,2020-04-07,244.14,269.83,-9.519,877
META,2023-02-20,611.73,675.57,-9.4501,878
META,2021-12-03,470.65,519.76,-9.4469,879
META,2020-01-08,190.18,210.0,-9.4385,880
META,2020-04-14,244.45,269.83,-9.4065,881
META,2021-09-09,470.97,519.76,-9.3869,882
META,2021-09-21,470.99,519.76,-9.3819,883
META,2020-06-18,287.96,317.74,-9.3733,884
META,2021-12-01,471.29,519.76,-9.3255,885
META,2022-03-31,542.86,598.64,-9.318,886
META,2020-06-29,288.15,317.74,-9.313,887
META,2020-06-25,288.4,317.74,-9.2346,888
META,2021-09-23,471.8,519.76,-9.2264,889
META,2020-04-08,245.35,269.83,-9.0702,890
META,2020-05-22,289.0,317.74,-9.0463,891
META,2020-05-26,289.01,317.74,-9.044,892
META,2022-04-22,544.65,598.64,-9.0182,893
META,2021-03-01,389.31,427.88,-9.0145,894
META,2021-09-15,472.94,519.76,-9.0072,895
META,2021-09-24,472.95,519.76,-9.0047,896
META,2021-09-28,473.15,519.76,-8.9662,897
META,2020-04-09,245.89,269.83,-8.8732,898
META,2023-03-07,615.84,675.57,-8.8423,899
META,2021-03-03,390.07,427.88,-8.8366,900
META,2022-05-24,615.98,675.57,-8.8214,901
META,2022-03-16,546.0,598.64,-8.7928,902
META,2022-01-21,478.64,524.62,-8.7638,903
META,2020-01-07,191.64,210.0,-8.7446,904
META,2021-09-03,474.71,519.76,-8.6675,905
META,2020-08-05,302.31,330.94,-8.6512,906
META,2022-01-31,479.33,524.62,-8.6331,907
META,2021-11-30,474.99,519.76,-8.6123,908
META,2020-06-23,290.39,317.74,-8.6095,909
META,2021-09-02,475.2,519.76,-8.5716,910
META,2020-07-21,302.83,330.94,-8.493,911
META,2020-07-23,302.97,330.94,-8.4525,912
META,2020-11-09,303.06,330.94,-8.4258,913
META,2021-09-01,476.0,519.76,-8.4186,914
META,2021-01-13,320.39,349.84,-8.4166,915
META,2020-01-10,192.33,210.0,-8.4137,916
META,2020-04-10,247.14,269.83,-8.4071,917
META,2021-03-02,392.07,427.88,-8.369,918
META,2020-06-26,291.2,317.74,-8.3543,919
META,2023-03-08,619.25,675.57,-8.3369,920
META,2020-08-07,303.41,330.94,-8.3181,921
META,2022-01-24,481.31,524.62,-8.2557,922
META,2020-07-22,303.62,330.94,-8.2542,923
META,2021-02-19,392.57,427.88,-8.2537,924
META,2023-02-21,619.93,675.57,-8.2369,925
META,2020-04-06,247.62,269.83,-8.23,926
META,2020-11-04,303.9,330.94,-8.1693,927
META,2022-04-01,549.79,598.64,-8.1603,928
META,2022-04-29,549.81,598.64,-8.1563,929
META,2021-12-21,482.13,524.62,-8.0985,930
META,2021-05-24,393.46,427.88,-8.0442,931
META,2022-04-06,551.07,598.64,-7.9467,932
META,2020-11-23,304.71,330.94,-7.926,933
META,2021-05-14,394.02,427.88,-7.915,934
META,2020-01-09,193.43,210.0,-7.8927,935
META,2021-09-14,478.77,519.76,-7.8858,936
META,2021-03-08,394.15,427.88,-7.8842,937
META,2020-01-16,193.5,210.0,-7.8587,938
META,2021-05-06,394.32,427.88,-7.8434,939
META,2020-06-17,292.84,317.74,-7.8384,940
META,2023-01-16,622.82,675.57,-7.8087,941
META,2022-04-18,551.96,598.64,-7.7972,942
META,2021-02-22,394.6,427.88,-7.778,943
META,2020-07-16,305.22,330.94,-7.7711,944
META,2020-06-19,293.26,317.74,-7.7059,945
META,2021-01-14,323.01,349.84,-7.669,946
META,2021-02-25,395.14,427.88,-7.6514,947
META,2020-07-15,305.72,330.94,-7.6218,948
META,2021-01-18,323.21,349.84,-7.6098,949
META,2022-04-04,553.17,598.64,-7.5964,950
META,2021-06-14,403.95,437.1,-7.5823,951
META,2022-04-07,553.35,598.64,-7.566,952
META,2021-05-26,395.86,427.88,-7.4834,953
META,2020-08-06,306.25,330.94,-7.4617,954
META,2020-05-27,294.06,317.74,-7.4539,955
META,2021-05-25,396.0,427.88,-7.4521,956
META,2021-09-10,481.27,519.76,-7.4047,957
META,2022-03-15,554.47,598.64,-7.3784,958
META,2021-02-26,396.41,427.88,-7.3564,959
META,2023-03-06,626.44,675.57,-7.2728,960
META,2022-03-09,555.12,598.64,-7.2693,961
META,2020-01-14,194.79,210.0,-7.2452,962
META,2020-03-26,250.67,269.83,-7.1008,963
META,2021-09-13,482.96,519.76,-7.0785,964
META,2021-12-08,483.05,519.76,-7.0625,965
META,2021-05-10,397.76,427.88,-7.0391,966
META,2020-06-30,295.43,317.74,-7.023,967
META,2020-01-17,195.34,210.0,-6.9795,968
META,2021-06-15,407.1,437.1,-6.8622,969
META,2022-04-08,557.85,598.64,-6.8132,970
META,2020-12-07,308.68,330.94,-6.7253,971
META,2020-12-09,308.68,330.94,-6.7252,972
META,2020-03-18,251.73,269.83,-6.7081,973
META,2022-02-28,555.62,595.36,-6.6755,974
META,2022-05-18,630.55,675.57,-6.6642,975
META,2021-08-11,471.01,503.8,-6.5094,976
META,2020-11-20,309.56,330.94,-6.459,977
META,2022-01-25,491.19,524.62,-6.3718,978
META,2021-02-24,401.02,427.88,-6.2777,979
META,2021-07-13,424.14,452.51,-6.2691,980
META,2020-07-01,297.98,317.74,-6.2199,981
META,2022-04-14,561.48,598.64,-6.207,982
META,2021-09-16,487.57,519.76,-6.1919,983
META,2022-02-03,492.27,524.62,-6.1668,984
META,2021-06-09,410.3,437.1,-6.1305,985
META,2020-03-25,253.42,269.83,-6.0822,986
META,2020-11-24,310.87,330.94,-6.0638,987
META,2020-12-18,311.03,330.94,-6.0167,988
META,2022-02-04,493.09,524.62,-6.0096,989
META,2021-08-02,473.61,503.8,-5.9923,990
META,2021-09-08,488.67,519.76,-5.98,991
META,2021-07-08,425.53,452.51,-5.9618,992
META,2021-01-15,329.06,349.84,-5.9396,993
META,2020-03-27,253.81,269.83,-5.9372,994
META,2021-01-19,329.2,349.84,-5.8988,995
META,2020-11-06,311.49,330.94,-5.8762,996
META,2020-01-13,197.68,210.0,-5.8664,997
META,2022-04-11,563.56,598.64,-5.8606,998
META,2021-12-09,489.77,519.76,-5.7699,999
META,2021-09-06,490.22,519.76,-5.6821,1000
META,2021-02-23,403.7,427.88,-5.6512,1001
META,2020-06-24,299.8,317.74,-5.6477,1002
META,2020-06-22,299.84,317.74,-5.6334,1003
META,2020-04-01,254.63,269.83,-5.6319,1004
META,2020-07-17,312.57,330.94,-5.5513,1005
META,2022-04-12,565.5,598.64,-5.5362,1006
META,2022-05-23,638.18,675.57,-5.5355,1007
META,2021-01-12,330.49,349.84,-5.5291,1008
META,2022-02-25,562.83,595.36,-5.4648,1009
META,2022-04-13,566.01,598.64,-5.4516,1010
META,2020-11-05,313.05,330.94,-5.407,1011
META,2021-02-18,404.84,427.88,-5.3862,1012
META,2022-03-14,566.82,598.64,-5.316,1013
META,2020-03-30,255.64,269.83,-5.2583,1014
META,2021-08-04,477.36,503.8,-5.2474,1015
META,2020-04-17,255.98,269.83,-5.1311,1016
META,2020-03-16,256.01,269.83,-5.122,1017
META,2020-07-20,313.99,330.94,-5.1208,1018
META,2020-05-15,301.58,317.74,-5.0873,1019
META,2020-01-06,199.33,210.0,-5.083,1020
META,2021-01-21,332.13,349.84,-5.0609,1021
META,2022-02-07,498.21,524.62,-5.0334,1022
META,2021-05-13,406.64,427.88,-4.9643,1023
META,2022-03-08,569.13,598.64,-4.93,1024
META,2021-06-07,415.62,437.1,-4.9129,1025
META,2020-03-04,247.9,260.61,-4.8756,1026
META,2021-05-27,407.13,427.88,-4.8497,1027
META,2021-09-07,494.56,519.76,-4.8468,1028
META,2020-01-21,199.84,210.0,-4.8405,1029
META,2020-03-02,248.17,260.61,-4.7741,1030
META,2020-04-30,270.61,284.03,-4.7236,1031
META,2020-03-19,257.1,269.83,-4.7189,1032
META,2020-05-12,302.76,317.74,-4.7151,1033
META,2022-01-28,499.92,524.62,-4.7077,1034
META,2021-01-20,333.4,349.84,-4.6976,1035
META,2020-03-17,257.2,269.83,-4.6791,1036
META,2021-08-03,480.26,503.8,-4.6729,1037
META,2021-06-08,416.86,437.1,-4.6292,1038
META,2020-12-01,315.72,330.94,-4.5998,1039
META,2020-12-02,315.84,330.94,-4.5629,1040
META,2020-03-11,257.55,269.83,-4.5494,1041
META,2022-04-15,571.74,598.64,-4.4931,1042
META,2021-07-22,451.6,472.62,-4.4471,1043
META,2021-06-10,417.7,437.1,-4.4375,1044
META,2020-12-11,316.36,330.94,-4.4043,1045
META,2020-11-25,316.37,330.94,-4.4017,1046
META,2020-04-16,258.1,269.83,-4.3478,1047
META,2021-09-20,497.28,519.76,-4.3243,1048
META,2020-12-03,316.65,330.94,-4.3185,1049
META,2021-08-10,482.3,503.8,-4.2676,1050
META,2022-03-10,573.32,598.64,-4.2292,1051
META,2020-03-20,258.43,269.83,-4.2256,1052
META,2020-03-31,258.44,269.83,-4.2216,1053
META,2020-03-24,258.56,269.83,-4.1778,1054
META,2020-01-20,201.31,210.0,-4.1382,1055
META,2020-01-28,201.33,210.0,-4.1262,1056
META,2020-01-24,201.35,210.0,-4.1203,1057
META,2021-07-09,433.95,452.51,-4.1026,1058
META,2020-03-03,249.97,260.61,-4.0847,1059
META,2022-02-01,503.19,524.62,-4.0839,1060
META,2021-08-09,483.3,503.8,-4.0695,1061
META,2020-12-15,317.57,330.94,-4.0406,1062
META,2021-01-29,340.46,354.73,-4.0242,1063
META,2021-01-22,335.78,349.84,-4.0182,1064
META,2021-07-12,434.45,452.51,-3.9908,1065
META,2021-07-07,434.47,452.51,-3.9875,1066
META,2022-02-23,571.83,595.36,-3.9521,1067
META,2021-05-12,411.22,427.88,-3.8932,1068
META,2021-06-11,420.16,437.1,-3.8745,1069
META,2020-07-13,318.15,330.94,-3.8651,1070
META,2021-12-16,504.38,524.62,-3.8583,1071
META,2021-06-21,420.26,437.1,-3.852,1072
META,2021-01-01,336.45,349.84,-3.827,1073
META,2021-08-05,484.52,503.8,-3.8266,1074
META,2021-12-10,499.87,519.76,-3.826,1075
META,2022-02-09,504.63,524.62,-3.8095,1076
META,2020-12-10,318.59,330.94,-3.7304,1077
META,2020-12-08,318.62,330.94,-3.7232,1078
META,2020-03-12,259.84,269.83,-3.7029,1079
META,2020-12-23,318.71,330.94,-3.6946,1080
META,2022-05-03,576.58,598.64,-3.6849,1081
META,2020-07-10,318.8,330.94,-3.6686,1082
META,2020-04-21,259.99,269.83,-3.6476,1083
META,2020-12-04,318.95,330.94,-3.6239,1084
META,2021-06-22,421.28,437.1,-3.618,1085
META,2021-08-23,501.1,519.76,-3.5884,1086
META,2020-12-17,319.12,330.94,-3.5717,1087
META,2021-05-11,412.69,427.88,-3.5516,1088
META,2021-01-04,337.46,349.84,-3.5376,1089
META,2020-01-29,202.58,210.0,-3.5345,1090
META,2020-01-23,202.59,210.0,-3.5269,1091
META,2022-05-02,577.91,598.64,-3.4624,1092
META,2021-08-24,502.42,519.76,-3.3348,1093
META,2021-07-06,437.94,452.51,-3.2192,1094
META,2021-06-17,423.21,437.1,-3.1765,1095
META,2021-08-26,503.27,519.76,-3.1726,1096
META,2020-12-24,320.48,330.94,-3.1597,1097
META,2021-06-18,423.42,437.1,-3.1276,1098
META,2020-01-27,203.47,210.0,-3.1118,1099
META,2021-08-12,488.41,503.8,-3.0555,1100
META,2021-07-05,438.84,452.51,-3.0217,1101
META,2021-01-25,339.29,349.84,-3.0155,1102
META,2022-05-12,652.74,672.67,-2.9624,1103
META,2020-04-24,269.19,277.4,-2.9614,1104
META,2021-09-17,504.44,519.76,-2.9466,1105
META,2021-02-17,415.29,427.88,-2.9418,1106
META,2020-03-13,261.98,269.83,-2.9083,1107
META,2020-05-13,308.53,317.74,-2.8993,1108
META,2021-06-16,424.46,437.1,-2.8902,1109
META,2020-01-03,203.95,210.0,-2.8804,1110
META,2022-02-08,509.56,524.62,-2.8705,1111
META,2021-05-28,415.69,427.88,-2.8497,1112
META,2020-04-20,262.23,269.83,-2.8174,1113
META,2021-08-31,505.11,519.76,-2.817,1114
META,2021-08-18,489.83,503.8,-2.7725,1115
META,2020-07-09,322.08,330.94,-2.6768,1116
META,2021-01-07,340.63,349.84,-2.6317,1117
META,2021-06-01,416.67,427.88,-2.6211,1118
META,2022-05-13,655.12,672.67,-2.6095,1119
META,2020-11-30,322.38,330.94,-2.5869,1120
META,2022-02-21,580.58,595.36,-2.4832,1121
META,2022-03-03,580.63,595.36,-2.4737,1122
META,2022-05-17,658.99,675.57,-2.4554,1123
META,2021-08-06,491.62,503.8,-2.417,1124
META,2022-03-02,581.07,595.36,-2.4,1125
META,2021-01-28,346.24,354.73,-2.3944,1126
META,2022-02-02,512.31,524.62,-2.3451,1127
META,2021-01-05,341.64,349.84,-2.3441,1128
META,2021-07-26,462.02,472.62,-2.2417,1129
META,2021-08-13,492.6,503.8,-2.224,1130
META,2021-07-23,462.45,472.62,-2.1513,1131
META,2020-12-21,323.83,330.94,-2.147,1132
META,2022-02-10,513.47,524.62,-2.1239,1133
META,2020-07-02,311.25,317.74,-2.043,1134
META,2020-05-14,311.67,317.74,-1.9133,1135
META,2020-05-01,278.68,284.03,-1.8826,1136
META,2021-01-06,343.7,349.84,-1.7532,1137
META,2021-05-31,420.44,427.88,-1.74,1138
META,2021-07-14,445.04,452.51,-1.6503,1139
META,2020-02-19,232.83,236.69,-1.6321,1140
META,2020-03-09,265.19,269.41,-1.5663,1141
META,2021-08-25,512.0,519.76,-1.4915,1142
META,2021-01-08,344.63,349.84,-1.4893,1143
META,2020-02-28,256.83,260.61,-1.4526,1144
META,2021-12-20,517.1,524.62,-1.4335,1145
META,2021-12-15,517.1,524.62,-1.4331,1146
META,2022-02-22,586.89,595.36,-1.4235,1147
META,2021-06-28,442.63,448.92,-1.4015,1148
META,2021-08-27,512.53,519.76,-1.3907,1149
META,2021-06-29,442.86,448.92,-1.3503,1150
META,2022-03-01,587.58,595.36,-1.3073,1151
META,2021-06-25,443.09,448.92,-1.2993,1152
META,2020-12-16,326.86,330.94,-1.2324,1153
META,2020-02-17,233.8,236.69,-1.2248,1154
META,2021-08-19,497.66,503.8,-1.2187,1155
META,2021-08-30,513.44,519.76,-1.2148,1156
META,2020-02-20,233.9,236.69,-1.18,1157
META,2021-08-16,498.07,503.8,-1.1368,1158
META,2020-01-22,207.74,210.0,-1.0779,1159
META,2020-04-29,281.06,284.03,-1.0424,1160
META,2021-07-28,467.76,472.62,-1.0279,1161
META,2022-02-16,553.52,559.06,-0.991,1162
META,2021-01-11,346.39,349.84,-0.9855,1163
META,2021-07-20,466.18,470.74,-0.9687,1164
META,2022-02-24,589.68,595.36,-0.9537,1165
META,2021-07-27,468.22,472.62,-0.9314,1166
META,2020-02-10,217.48,219.51,-0.9258,1167
META,2020-11-26,327.92,330.94,-0.9118,1168
META,2021-01-26,346.73,349.84,-0.8891,1169
META,2021-02-09,382.75,385.97,-0.8333,1170
META,2020-11-27,328.24,330.94,-0.8144,1171
META,2022-03-11,594.3,598.64,-0.7257,1172
META,2020-03-23,268.02,269.83,-0.6714,1173
META,2020-03-05,258.9,260.61,-0.6548,1174
META,2021-12-17,521.37,524.62,-0.6199,1175
META,2021-07-15,449.82,452.51,-0.5947,1176
META,2020-05-11,315.98,317.74,-0.555,1177
META,2020-01-30,208.87,210.0,-0.5398,1178
META,2021-06-04,434.84,437.1,-0.5169,1179
META,2021-02-01,352.95,354.73,-0.501,1180
META,2020-02-18,235.82,236.69,-0.3694,1181
META,2020-02-03,210.16,210.91,-0.3557,1182
META,2021-08-17,502.06,503.8,-0.3446,1183
META,2021-06-30,447.56,448.92,-0.3031,1184
META,2020-12-22,329.96,330.94,-0.2971,1185
META,2022-03-07,597.08,598.64,-0.2609,1186
META,2020-07-08,330.36,330.94,-0.1763,1187
META,2021-07-02,451.79,452.51,-0.1588,1188
META,2020-02-07,219.25,219.51,-0.1205,1189
META,2020-12-14,330.89,330.94,-0.0158,1190
META,2020-01-02,210.0,210.0,0.0,1191
META,2020-01-31,210.91,210.91,0.0,1191
META,2020-02-04,216.57,216.57,0.0,1191
META,2020-02-05,219.4,219.4,0.0,1191
META,2020-02-06,219.51,219.51,0.0,1191
META,2020-02-11,222.07,222.07,0.0,1191
META,2020-02-12,226.96,226.96,0.0,1191
META,2020-02-13,234.1,234.1,0.0,1191
META,2020-02-14,236.69,236.69,0.0,1191
META,2020-02-21,242.1,242.1,0.0,1191
META,2020-02-24,249.22,249.22,0.0,1191
META,2020-02-25,254.86,254.86,0.0,1191
META,2020-02-26,254.9,254.9,0.0,1191
META,2020-02-27,260.61,260.61,0.0,1191
META,2020-03-06,269.41,269.41,0.0,1191
META,2020-03-10,269.83,269.83,0.0,1191
META,2020-04-22,272.4,272.4,0.0,1191
META,2020-04-23,277.4,277.4,0.0,1191
META,2020-04-27,278.61,278.61,0.0,1191
META,2020-04-28,284.03,284.03,0.0,1191
META,2020-05-04,290.65,290.65,0.0,1191
META,2020-05-05,298.75,298.75,0.0,1191
META,2020-05-06,305.25,305.25,0.0,1191
META,2020-05-07,309.57,309.57,0.0,1191
META,2020-05-08,317.74,317.74,0.0,1191
META,2020-07-03,320.06,320.06,0.0,1191
META,2020-07-06,321.3,321.3,0.0,1191
META,2020-07-07,330.94,330.94,0.0,1191
META,2020-12-25,331.68,331.68,0.0,1191
META,2020-12-28,336.38,336.38,0.0,1191
META,2020-12-29,336.86,336.86,0.0,1191
META,2020-12-30,346.52,346.52,0.0,1191
META,2020-12-31,349.84,349.84,0.0,1191
META,2021-01-27,354.73,354.73,0.0,1191
META,2021-02-02,360.75,360.75,0.0,1191
META,2021-02-03,366.56,366.56,0.0,1191
META,2021-02-04,373.86,373.86,0.0,1191
META,2021-02-05,384.46,384.46,0.0,1191
META,2021-02-08,385.97,385.97,0.0,1191
META,2021-02-10,388.2,388.2,0.0,1191
META,2021-02-11,388.23,388.23,0.0,1191
META,2021-02-12,403.18,403.18,0.0,1191
META,2021-02-15,418.56,418.56,0.0,1191
META,2021-02-16,427.88,427.88,0.0,1191
META,2021-06-02,428.14,428.14,0.0,1191
META,2021-06-03,437.1,437.1,0.0,1191
META,2021-06-23,437.41,437.41,0.0,1191
META,2021-06-24,448.92,448.92,0.0,1191
META,2021-07-01,452.51,452.51,0.0,1191
META,2021-07-16,458.75,458.75,0.0,1191
META,2021-07-19,470.74,470.74,0.0,1191
META,2021-07-21,472.62,472.62,0.0,1191
META,2021-07-29,488.91,488.91,0.0,1191
META,2021-07-30,503.8,503.8,0.0,1191
META,2021-08-20,519.76,519.76,0.0,1191
META,2021-12-13,523.21,523.21,0.0,1191
META,2021-12-14,524.62,524.62,0.0,1191
META,2022-02-11,531.16,531.16,0.0,1191
META,2022-02-14,542.94,542.94,0.0,1191
META,2022-02-15,559.06,559.06,0.0,1191
META,2022-02-17,563.07,563.07,0.0,1191
META,2022-02-18,595.36,595.36,0.0,1191
META,2022-03-04,598.64,598.64,0.0,1191
META,2022-05-04,608.22,608.22,0.0,1191
META,2022-05-05,609.81,609.81,0.0,1191
META,2022-05-06,614.67,614.67,0.0,1191
META,2022-05-09,629.69,629.69,0.0,1191
META,2022-05-10,647.32,647.32,0.0,1191
META,2022-05-11,672.67,672.67,0.0,1191
META,2022-05-16,675.57,675.57,0.0,1191
MSFT,2023-07-19,123.33,239.26,-48.4554,1
MSFT,2022-06-24,123.79,239.26,-48.2609,2
MSFT,2022-06-20,124.48,239.26,-47.9718,3
MSFT,2022-06-23,124.98,239.26,-47.7655,4
MSFT,2023-07-21,125.62,239.26,-47.4962,5
MSFT,2023-07-18,125.97,239.26,-47.3489,6
MSFT,2022-06-21,126.3,239.26,-47.2119,7
MSFT,2023-07-27,126.31,239.26,-47.2073,8
MSFT,2022-06-17,126.52,239.26,-47.1216,9
MSFT,2022-06-29,126.6,239.26,-47.0866,10
MSFT,2022-06-27,126.8,239.26,-47.0053,11
MSFT,2022-06-22,126.81,239.26,-47.0006,12
MSFT,2023-08-03,126.84,239.26,-46.988,13
MSFT,2023-07-20,126.96,239.26,-46.9376,14
MSFT,2023-07-24,127.27,239.26,-46.8079,15
MSFT,2023-07-25,127.42,239.26,-46.7465,16
MSFT,2022-07-14,127.49,239.26,-46.7159,17
MSFT,2023-07-26,127.53,239.26,-46.6983,18
MSFT,2023-08-09,127.69,239.26,-46.6332,19
MSFT,2023-08-02,127.7,239.26,-46.6293,20
MSFT,2023-07-17,127.72,239.26,-46.6211,21
MSFT,2023-06-02,127.9,239.26,-46.545,22
MSFT,2023-06-22,128.11,239.26,-46.458,23
MSFT,2023-07-28,128.15,239.26,-46.4406,24
MSFT,2022-07-12,128.27,239.26,-46.3908,25
MSFT,2023-08-04,128.27,239.26,-46.3896,26
MSFT,2022-07-13,128.27,239.26,-46.3896,27
MSFT,2023-06-05,128.53,239.26,-46.2822,28
MSFT,2023-07-31,128.6,239.26,-46.2496,29
MSFT,2023-06-21,128.65,239.26,-46.2313,30
MSFT,2023-06-01,128.72,239.26,-46.2026,31
MSFT,2023-08-07,128.9,239.26,-46.1266,32
MSFT,2022-06-16,128.92,239.26,-46.1195,33
MSFT,2023-08-01,128.93,239.26,-46.1128,34
MSFT,2023-06-14,128.93,239.26,-46.1116,35
MSFT,2023-05-25,128.94,239.26,-46.1098,36
MSFT,2022-06-28,129.02,239.26,-46.0779,37
MSFT,2023-06-15,129.09,239.26,-46.0479,38
MSFT,2022-07-15,129.15,239.26,-46.0233,39
MSFT,2022-07-01,129.26,239.26,-45.9759,40
MSFT,2023-08-08,129.29,239.26,-45.9639,41
MSFT,2022-06-30,129.34,239.26,-45.9443,42
MSFT,2023-06-27,129.75,239.26,-45.7691,43
MSFT,2023-05-24,129.81,239.26,-45.7443,44
MSFT,2023-06-08,130.04,239.26,-45.6492,45
MSFT,2023-06-06,130.27,239.26,-45.5554,46
MSFT,2023-06-26,130.37,239.26,-45.5099,47
MSFT,2023-05-01,130.46,239.26,-45.4741,48
MSFT,2023-05-02,130.55,239.26,-45.435,49
MSFT,2023-05-23,130.64,239.26,-45.3994,50
MSFT,2022-07-08,130.74,239.26,-45.3586,51
MSFT,2023-06-23,130.84,239.26,-45.3146,52
MSFT,2023-05-26,130.9,239.26,-45.2921,53
MSFT,2022-07-05,130.94,239.26,-45.2747,54
MSFT,2023-08-15,130.96,239.26,-45.2635,55
MSFT,2023-05-16,131.05,239.26,-45.2262,56
MSFT,2023-06-07,131.07,239.26,-45.2172,57
MSFT,2022-07-04,131.21,239.26,-45.1627,58
MSFT,2022-07-07,131.22,239.26,-45.1577,59
MSFT,2023-08-11,131.25,239.26,-45.1452,60
MSFT,2023-04-28,131.27,239.26,-45.1347,61
MSFT,2023-07-14,131.27,239.26,-45.1341,62
MSFT,2023-08-14,131.29,239.26,-45.1285,63
MSFT,2023-05-03,131.3,239.26,-45.1228,64
MSFT,2023-06-13,131.3,239.26,-45.1213,65
MSFT,2022-07-18,131.72,239.26,-44.949,66
MSFT,2023-06-29,131.8,239.26,-44.914,67
MSFT,2023-06-12,131.83,239.26,-44.9009,68
MSFT,2023-07-03,132.04,239.26,-44.8146,69
MSFT,2023-08-10,132.25,239.26,-44.7253,70
MSFT,2023-05-18,132.38,239.26,-44.6727,71
MSFT,2023-06-28,132.42,239.26,-44.6548,72
MSFT,2023-06-20,132.44,239.26,-44.6448,73
MSFT,2023-05-17,132.54,239.26,-44.6045,74
MSFT,2023-05-22,132.62,239.26,-44.5708,75
MSFT,2023-06-19,132.65,239.26,-44.5594,76
MSFT,2023-04-27,132.65,239.26,-44.5576,77
MSFT,2023-05-29,132.86,239.26,-44.4714,78
MSFT,2023-06-16,132.87,239.26,-44.468,79
MSFT,2022-06-15,132.91,239.26,-44.4506,80
MSFT,2023-08-22,133.16,239.26,-44.345,81
MSFT,2023-08-23,133.54,239.26,-44.1887,82
MSFT,2022-07-19,133.54,239.26,-44.1886,83
MSFT,2023-07-13,133.54,239.26,-44.1858,84
MSFT,2022-09-30,133.57,239.26,-44.1723,85
MSFT,2022-07-11,133.68,239.26,-44.1268,86
MSFT,2023-04-25,133.69,239.26,-44.124,87
MSFT,2022-07-22,133.73,239.26,-44.1087,88
MSFT,2022-05-20,133.73,239.26,-44.1075,89
MSFT,2023-07-04,133.74,239.26,-44.104,90
MSFT,2022-12-28,133.77,239.26,-44.0903,91
MSFT,2023-05-12,133.77,239.26,-44.0899,92
MSFT,2022-07-06,133.82,239.26,-44.0712,93
MSFT,2022-06-13,133.91,239.26,-44.0337,94
MSFT,2022-08-22,133.98,239.26,-44.0021,95
MSFT,2022-12-27,134.07,239.26,-43.9649,96
MSFT,2023-07-11,134.08,239.26,-43.9621,97
MSFT,2023-06-09,134.15,239.26,-43.9339,98
MSFT,2023-05-19,134.21,239.26,-43.9054,99
MSFT,2022-07-20,134.22,239.26,-43.904,100
MSFT,2022-12-20,134.27,239.26,-43.8837,101
MSFT,2023-08-18,134.29,239.26,-43.8714,102
MSFT,2022-07-25,134.34,239.26,-43.8544,103
MSFT,2022-07-21,134.43,239.26,-43.8169,104
MSFT,2022-05-23,134.43,239.26,-43.8166,105
MSFT,2022-06-14,134.52,239.26,-43.7782,106
MSFT,2023-07-10,134.54,239.26,-43.7695,107
MSFT,2022-05-17,134.55,239.26,-43.7666,108
MSFT,2023-04-24,134.55,239.26,-43.764,109
MSFT,2022-08-23,134.56,239.26,-43.7622,110
MSFT,2023-08-21,134.69,239.26,-43.7071,111
MSFT,2022-05-19,134.8,239.26,-43.6599,112
MSFT,2023-05-15,134.81,239.26,-43.6546,113
MSFT,2022-05-18,134.91,239.26,-43.6137,114
MSFT,2022-12-26,134.92,239.26,-43.6114,115
MSFT,2023-06-30,134.95,239.26,-43.597,116
MSFT,2022-08-19,134.98,239.26,-43.5831,117
MSFT,2023-04-26,135.09,239.26,-43.5406,118
MSFT,2023-08-17,135.09,239.26,-43.5389,119
MSFT,2022-07-29,135.15,239.26,-43.5154,120
MSFT,2023-01-02,135.17,239.26,-43.5061,121
MSFT,2022-07-28,135.21,239.26,-43.4874,122
MSFT,2022-04-15,135.22,239.26,-43.4863,123
MSFT,2022-12-30,135.27,239.26,-43.4655,124
MSFT,2023-05-11,135.35,239.26,-43.4323,125
MSFT,2023-02-02,135.37,239.26,-43.4211,126
MSFT,2022-09-26,135.5,239.26,-43.3658,127
MSFT,2023-08-16,135.67,239.26,-43.296,128
MSFT,2022-09-23,135.81,239.26,-43.2381,129
MSFT,2022-04-14,135.88,239.26,-43.209,130
MSFT,2022-09-22,135.92,239.26,-43.1935,131
MSFT,2022-12-23,135.92,239.26,-43.1904,132
MSFT,2023-07-07,135.95,239.26,-43.1804,133
MSFT,2022-07-27,136.06,239.26,-43.1328,134
MSFT,2022-10-04,136.14,239.26,-43.0982,135
MSFT,2023-05-04,136.23,239.26,-43.0624,136
MSFT,2022-10-03,136.23,239.26,-43.0605,137
MSFT,2023-04-21,136.26,239.26,-43.0507,138
MSFT,2022-12-29,136.27,239.26,-43.0463,139
MSFT,2023-05-31,136.43,239.26,-42.9782,140
MSFT,2022-10-05,136.45,239.26,-42.9706,141
MSFT,2023-05-10,136.5,239.26,-42.9505,142
MSFT,2023-07-12,136.6,239.26,-42.9072,143
MSFT,2022-09-27,136.61,239.26,-42.9043,144
MSFT,2023-02-10,136.76,239.26,-42.8421,145
MSFT,2022-06-10,136.78,239.26,-42.8336,146
MSFT,2022-04-18,136.82,239.26,-42.8141,147
MSFT,2023-02-07,137.01,239.26,-42.7352,148
MSFT,2022-09-29,137.06,239.26,-42.7173,149
MSFT,2022-12-21,137.22,239.26,-42.6478,150
MSFT,2022-09-28,137.42,239.26,-42.5659,151
MSFT,2023-02-03,137.5,239.26,-42.532,152
MSFT,2023-05-30,137.51,239.26,-42.5258,153
MSFT,2023-02-06,137.64,239.26,-42.4718,154
MSFT,2023-04-20,137.65,239.26,-42.4685,155
MSFT,2022-08-01,137.67,239.26,-42.4612,156
MSFT,2022-05-24,137.7,239.26,-42.45,157
MSFT,2023-05-05,137.73,239.26,-42.4368,158
MSFT,2023-07-05,137.79,239.26,-42.409,159
MSFT,2022-07-26,137.95,239.26,-42.3419,160
MSFT,2022-08-24,138.05,239.26,-42.3021,161
MSFT,2023-02-08,138.2,239.26,-42.2373,162
MSFT,2023-02-01,138.27,239.26,-42.2099,163
MSFT,2022-09-21,138.28,239.26,-42.205,164
MSFT,2022-08-02,138.33,239.26,-42.1858,165
MSFT,2022-12-19,138.53,239.26,-42.1011,166
MSFT,2022-08-26,138.53,239.26,-42.1006,167
MSFT,2023-02-09,138.57,239.26,-42.0855,168
MSFT,2022-05-16,138.6,239.26,-42.0736,169
MSFT,2022-08-18,138.68,239.26,-42.0379,170
MSFT,2023-04-17,138.75,239.26,-42.0102,171
MSFT,2023-05-09,138.76,239.26,-42.0045,172
MSFT,2022-04-13,138.77,239.26,-41.9995,173
MSFT,2023-04-18,138.9,239.26,-41.9452,174
MSFT,2022-06-03,138.97,239.26,-41.9173,175
MSFT,2022-05-12,139.01,239.26,-41.9018,176
MSFT,2022-09-14,139.03,239.26,-41.8942,177
MSFT,2022-06-06,139.29,239.26,-41.7853,178
MSFT,2023-05-08,139.3,239.26,-41.7799,179
MSFT,2023-08-29,139.33,239.26,-41.7688,180
MSFT,2022-08-25,139.35,239.26,-41.7585,181
MSFT,2023-08-24,139.36,239.26,-41.7558,182
MSFT,2022-09-20,139.36,239.26,-41.7548,183
MSFT,2022-06-09,139.37,239.26,-41.7505,184
MSFT,2022-06-08,139.49,239.26,-41.7012,185
MSFT,2022-12-16,139.53,239.26,-41.6819,186
MSFT,2022-05-13,139.58,239.26,-41.6637,187
MSFT,2022-08-29,139.58,239.26,-41.6625,188
MSFT,2023-04-19,139.59,239.26,-41.6597,189
MSFT,2023-01-16,139.81,239.26,-41.5652,190
MSFT,2022-09-16,139.84,239.26,-41.5532,191
MSFT,2022-04-11,139.87,239.26,-41.543,192
MSFT,2023-01-25,140.15,239.26,-41.4222,193
MSFT,2023-08-25,140.21,239.26,-41.3981,194
MSFT,2023-07-06,140.38,239.26,-41.327,195
MSFT,2022-08-30,140.41,239.26,-41.3136,196
MSFT,2022-09-19,140.46,239.26,-41.2929,197
MSFT,2022-10-06,140.47,239.26,-41.2886,198
MSFT,2022-06-07,140.58,239.26,-41.2444,199
MSFT,2023-01-17,140.66,239.26,-41.2129,200
MSFT,2023-01-13,140.74,239.26,-41.1768,201
MSFT,2022-09-15,140.77,239.26,-41.1649,202
MSFT,2022-08-03,140.87,239.26,-41.1249,203
MSFT,2022-09-13,140.87,239.26,-41.1215,204
MSFT,2022-05-25,140.97,239.26,-41.0819,205
MSFT,2023-08-28,140.98,239.26,-41.0761,206
MSFT,2022-04-08,141.21,239.26,-40.9795,207
MSFT,2022-05-27,141.35,239.26,-40.9218,208
MSFT,2023-01-31,141.36,239.26,-40.9176,209
MSFT,2022-04-19,141.38,239.26,-40.9092,210
MSFT,2022-05-26,141.44,239.26,-40.8829,211
MSFT,2022-04-12,141.46,239.26,-40.8747,212
MSFT,2022-12-22,141.5,239.26,-40.8606,213
MSFT,2023-01-23,141.56,239.26,-40.8339,214
MSFT,2023-04-14,141.58,239.26,-40.8276,215
MSFT,2023-09-15,141.68,239.26,-40.7842,216
MSFT,2023-09-14,141.72,239.26,-40.7698,217
MSFT,2023-10-04,141.85,239.26,-40.715,218
MSFT,2022-05-30,141.86,239.26,-40.7076,219
MSFT,2023-01-30,141.99,239.26,-40.6535,220
MSFT,2023-10-06,142.03,239.26,-40.6383,221
MSFT,2023-01-27,142.18,239.26,-40.5768,222
MSFT,2022-06-01,142.2,239.26,-40.5657,223
MSFT,2023-01-26,142.26,239.26,-40.5417,224
MSFT,2023-10-05,142.31,239.26,-40.5198,225
MSFT,2022-08-31,142.38,239.26,-40.4934,226
MSFT,2022-09-01,142.4,239.26,-40.4855,227
MSFT,2023-01-04,142.42,239.26,-40.4755,228
MSFT,2023-04-05,142.52,239.26,-40.432,229
MSFT,2023-04-04,142.52,239.26,-40.432,230
MSFT,2023-01-03,142.58,239.26,-40.4084,231
MSFT,2022-08-08,142.63,239.26,-40.3888,232
MSFT,2022-05-31,142.76,239.26,-40.3337,233
MSFT,2022-06-02,142.76,239.26,-40.3325,234
MSFT,2023-02-21,142.77,239.26,-40.3278,235
MSFT,2023-01-12,142.78,239.26,-40.3235,236
MSFT,2022-08-17,142.83,239.26,-40.3054,237
MSFT,2023-09-13,142.85,239.26,-40.2954,238
MSFT,2022-10-07,142.86,239.26,-40.2906,239
MSFT,2023-02-13,142.94,239.26,-40.2564,240
MSFT,2022-12-15,142.96,239.26,-40.2484,241
MSFT,2023-04-12,142.97,239.26,-40.2472,242
MSFT,2023-09-19,142.97,239.26,-40.2471,243
MSFT,2023-04-13,143.15,239.26,-40.1708,244
MSFT,2022-04-20,143.15,239.26,-40.1684,245
MSFT,2023-04-06,143.17,239.26,-40.1607,246
MSFT,2023-10-09,143.48,239.26,-40.0335,247
MSFT,2022-05-11,143.56,239.26,-39.9996,248
MSFT,2022-08-04,143.58,239.26,-39.991,249
MSFT,2023-10-03,143.62,239.26,-39.9744,250
MSFT,2023-08-30,143.71,239.26,-39.9364,251
MSFT,2022-08-15,143.72,239.26,-39.933,252
MSFT,2023-10-10,143.73,239.26,-39.9278,253
MSFT,2023-10-11,144.05,239.26,-39.7958,254
MSFT,2022-10-10,144.11,239.26,-39.7681,255
MSFT,2023-02-16,144.2,239.26,-39.7309,256
MSFT,2022-10-11,144.23,239.26,-39.7202,257
MSFT,2023-01-19,144.26,239.26,-39.705,258
MSFT,2023-09-18,144.31,239.26,-39.685,259
MSFT,2022-10-12,144.32,239.26,-39.6822,260
MSFT,2022-12-14,144.33,239.26,-39.6786,261
MSFT,2023-01-24,144.36,239.26,-39.6665,262
MSFT,2022-08-16,144.48,239.26,-39.6125,263
MSFT,2022-09-12,144.56,239.26,-39.5804,264
MSFT,2023-04-03,144.64,239.26,-39.548,265
MSFT,2023-02-20,144.86,239.26,-39.4538,266
MSFT,2023-02-14,144.95,239.26,-39.42,267
MSFT,2022-04-05,145.05,239.26,-39.376,268
MSFT,2022-10-13,145.05,239.26,-39.3755,269
MSFT,2023-09-11,145.07,239.26,-39.3691,270
MSFT,2022-04-07,145.08,239.26,-39.3627,271
MSFT,2022-09-02,145.14,239.26,-39.337,272
MSFT,2022-08-05,145.21,239.26,-39.3104,273
MSFT,2022-04-06,145.26,239.26,-39.2885,274
MSFT,2023-01-18,145.38,239.26,-39.2379,275
MSFT,2023-02-15,145.39,239.26,-39.2333,276
MSFT,2022-04-25,145.42,239.26,-39.2231,277
MSFT,2023-01-10,145.42,239.26,-39.2199,278
MSFT,2023-01-11,145.53,239.26,-39.1769,279
MSFT,2023-01-20,145.56,239.26,-39.1613,280
MSFT,2023-02-24,145.58,239.26,-39.1556,281
MSFT,2023-10-02,145.64,239.26,-39.1298,282
MSFT,2023-10-12,145.68,239.26,-39.1121,283
MSFT,2023-02-27,145.71,239.26,-39.0986,284
MSFT,2022-12-13,145.79,239.26,-39.0663,285
MSFT,2023-09-22,145.83,239.26,-39.0513,286
MSFT,2022-04-29,145.9,239.26,-39.0225,287
MSFT,2023-09-20,145.92,239.26,-39.0111,288
MSFT,2022-04-21,146.04,239.26,-38.9614,289
MSFT,2022-12-09,146.13,239.26,-38.9257,290
MSFT,2022-10-14,146.22,239.26,-38.8877,291
MSFT,2023-09-12,146.24,239.26,-38.8772,292
MSFT,2023-09-28,146.47,239.26,-38.7812,293
MSFT,2023-09-29,146.59,239.26,-38.7338,294
MSFT,2023-02-17,146.77,239.26,-38.6582,295
MSFT,2022-12-12,146.92,239.26,-38.5946,296
MSFT,2022-08-09,146.99,239.26,-38.5651,297
MSFT,2022-05-03,147.03,239.26,-38.5466,298
MSFT,2023-01-05,147.05,239.26,-38.5405,299
MSFT,2022-04-22,147.06,239.26,-38.5356,300
MSFT,2022-05-06,147.06,239.26,-38.5344,301
MSFT,2023-09-27,147.07,239.26,-38.5302,302
MSFT,2022-04-27,147.12,239.26,-38.5104,303
MSFT,2023-01-09,147.16,239.26,-38.4938,304
MSFT,2022-04-26,147.22,239.26,-38.469,305
MSFT,2022-05-02,147.22,239.26,-38.4673,306
MSFT,2023-02-22,147.22,239.26,-38.4672,307
MSFT,2022-09-05,147.39,239.26,-38.3969,308
MSFT,2023-02-23,147.43,239.26,-38.3824,309
MSFT,2022-05-10,147.51,239.26,-38.3461,310
MSFT,2022-09-07,147.54,239.26,-38.3335,311
MSFT,2022-08-12,147.6,239.26,-38.3084,312
MSFT,2023-04-07,147.63,239.26,-38.2965,313
MSFT,2022-05-05,147.66,239.26,-38.2848,314
MSFT,2022-09-06,147.73,239.26,-38.2554,315
MSFT,2023-04-11,147.74,239.26,-38.2536,316
MSFT,2022-05-04,147.76,239.26,-38.2438,317
MSFT,2023-03-30,147.88,239.26,-38.192,318
MSFT,2023-02-28,148.04,239.26,-38.1267,319
MSFT,2022-04-28,148.23,239.26,-38.0484,320
MSFT,2023-09-26,148.25,239.26,-38.0387,321
MSFT,2022-09-09,148.33,239.26,-38.0051,322
MSFT,2022-05-09,148.45,239.26,-37.9548,323
MSFT,2023-01-06,148.48,239.26,-37.9421,324
MSFT,2023-09-21,148.48,239.26,-37.9406,325
MSFT,2023-09-08,148.8,239.26,-37.8095,326
MSFT,2023-08-31,148.83,239.26,-37.7945,327
MSFT,2023-09-25,148.87,239.26,-37.7801,328
MSFT,2022-04-04,149.07,239.26,-37.6978,329
MSFT,2022-03-31,149.29,239.26,-37.6048,330
MSFT,2023-03-03,149.32,239.26,-37.5915,331
MSFT,2023-10-13,149.5,239.26,-37.5168,332
MSFT,2022-04-01,149.77,239.26,-37.4037,333
MSFT,2023-03-01,149.8,239.26,-37.3926,334
MSFT,2023-03-29,150.02,239.26,-37.2983,335
MSFT,2022-09-08,150.08,239.26,-37.2725,336
MSFT,2023-03-31,150.23,239.26,-37.2109,337
MSFT,2022-11-14,150.3,239.26,-37.1835,338
MSFT,2022-10-21,150.42,239.26,-37.1307,339
MSFT,2022-12-08,150.61,239.26,-37.0513,340
MSFT,2022-08-10,150.82,239.26,-36.9627,341
MSFT,2022-10-17,150.83,239.26,-36.9621,342
MSFT,2022-03-30,150.94,239.26,-36.9144,343
MSFT,2022-08-11,151.12,239.26,-36.8392,344
MSFT,2023-09-01,151.22,239.26,-36.7991,345
MSFT,2023-03-16,151.27,239.26,-36.7771,346
MSFT,2022-11-16,151.33,239.26,-36.7534,347
MSFT,2023-03-28,151.37,239.26,-36.7344,348
MSFT,2023-03-07,151.62,239.26,-36.6321,349
MSFT,2023-09-07,151.66,239.26,-36.6149,350
MSFT,2022-03-29,151.72,239.26,-36.589,351
MSFT,2023-04-10,151.84,239.26,-36.5385,352
MSFT,2023-03-06,151.97,239.26,-36.4848,353
MSFT,2023-03-08,151.98,239.26,-36.4794,354
MSFT,2022-11-15,152.33,239.26,-36.3339,355
MSFT,2022-03-28,152.33,239.26,-36.3329,356
MSFT,2021-07-30,152.4,239.26,-36.3028,357
MSFT,2022-02-09,152.52,239.26,-36.2549,358
MSFT,2023-03-02,152.52,239.26,-36.2541,359
MSFT,2023-09-05,152.59,239.26,-36.2236,360
MSFT,2022-02-18,152.8,239.26,-36.1353,361
MSFT,2022-10-20,152.84,239.26,-36.1198,362
MSFT,2023-09-04,153.1,239.26,-36.0125,363
MSFT,2022-03-25,153.15,239.26,-35.9904,364
MSFT,2023-03-14,153.24,239.26,-35.9517,365
MSFT,2023-03-15,153.25,239.26,-35.9496,366
MSFT,2023-03-17,153.31,239.26,-35.9256,367
MSFT,2022-11-17,153.35,239.26,-35.9068,368
MSFT,2023-03-27,153.48,239.26,-35.852,369
MSFT,2023-10-16,153.52,239.26,-35.8343,370
MSFT,2022-02-08,153.6,239.26,-35.8033,371
MSFT,2023-03-22,153.75,239.26,-35.7398,372
MSFT,2023-09-06,153.78,239.26,-35.7281,373
MSFT,2022-11-23,153.86,239.26,-35.6942,374
MSFT,2021-08-19,154.06,239.26,-35.6105,375
MSFT,2022-02-16,154.13,239.26,-35.5799,376
MSFT,2022-11-11,154.26,239.26,-35.5258,377
MSFT,2022-02-10,154.41,239.26,-35.4637,378
MSFT,2021-08-20,154.52,239.26,-35.4186,379
MSFT,2022-02-04,154.71,239.26,-35.3397,380
MSFT,2022-02-17,154.82,239.26,-35.2931,381
MSFT,2022-03-24,154.94,239.26,-35.2424,382
MSFT,2021-08-02,155.23,239.26,-35.1227,383
MSFT,2022-10-28,155.38,239.26,-35.0597,384
MSFT,2023-03-09,155.39,239.26,-35.0554,385
MSFT,2022-02-21,155.43,239.26,-35.0384,386
MSFT,2022-10-24,155.44,239.26,-35.0351,387
MSFT,2023-03-21,155.44,239.26,-35.0336,388
MSFT,2022-11-24,155.46,239.26,-35.0272,389
MSFT,2022-11-22,155.63,239.26,-34.9523,390
MSFT,2022-03-16,155.66,239.26,-34.9405,391
MSFT,2022-02-11,155.76,239.26,-34.8982,392
MSFT,2021-08-25,155.8,239.26,-34.8824,393
MSFT,2022-02-14,155.87,239.26,-34.8529,394
MSFT,2022-03-15,155.92,239.26,-34.8316,395
MSFT,2022-12-07,156.09,239.26,-34.7606,396
MSFT,2023-03-20,156.14,239.26,-34.7412,397
MSFT,2022-02-07,156.19,239.26,-34.7213,398
MSFT,2022-11-04,156.22,239.26,-34.7094,399
MSFT,2021-08-26,156.46,239.26,-34.6077,400
MSFT,2022-11-18,156.54,239.26,-34.5754,401
MSFT,2023-03-24,156.62,239.26,-34.5409,402
MSFT,2022-11-03,156.68,239.26,-34.5157,403
MSFT,2022-03-23,156.86,239.26,-34.4385,404
MSFT,2022-11-25,157.11,239.26,-34.3355,405
MSFT,2023-10-17,157.33,239.26,-34.2442,406
MSFT,2022-02-22,157.46,239.26,-34.1914,407
MSFT,2023-03-10,157.46,239.26,-34.1904,408
MSFT,2021-09-08,157.46,239.26,-34.1889,409
MSFT,2021-08-13,157.49,239.26,-34.1777,410
MSFT,2022-10-25,157.55,239.26,-34.1513,411
MSFT,2022-11-09,157.65,239.26,-34.1112,412
MSFT,2022-10-18,157.68,239.26,-34.0961,413
MSFT,2022-11-10,157.81,239.26,-34.0437,414
MSFT,2021-08-18,157.87,239.26,-34.0171,415
MSFT,2020-10-20,157.91,239.26,-34.003,416
MSFT,2021-07-29,157.94,239.26,-33.988,417
MSFT,2022-11-01,158.0,239.26,-33.963,418
MSFT,2021-08-24,158.03,239.26,-33.9509,419
MSFT,2023-03-23,158.16,239.26,-33.8961,420
MSFT,2020-10-26,158.21,239.26,-33.878,421
MSFT,2021-08-06,158.49,239.26,-33.7596,422
MSFT,2021-08-23,158.53,239.26,-33.7401,423
MSFT,2022-10-27,158.54,239.26,-33.7388,424
MSFT,2022-11-08,158.54,239.26,-33.7371,425
MSFT,2023-03-13,158.57,239.26,-33.7262,426
MSFT,2022-10-19,158.63,239.26,-33.7024,427
MSFT,2022-02-15,158.69,239.26,-33.6743,428
MSFT,2021-07-28,158.77,239.26,-33.6429,429
MSFT,2020-10-21,158.78,239.26,-33.6373,430
MSFT,2022-03-14,158.82,239.26,-33.6218,431
MSFT,2022-10-26,158.87,239.26,-33.5991,432
MSFT,2021-09-14,159.01,239.26,-33.5425,433
MSFT,2022-03-22,159.03,239.26,-33.5337,434
MSFT,2022-11-07,159.11,239.26,-33.5002,435
MSFT,2020-10-22,159.31,239.26,-33.4164,436
MSFT,2021-09-09,159.44,239.26,-33.3635,437
MSFT,2020-10-16,159.44,239.26,-33.3601,438
MSFT,2021-07-27,159.55,239.26,-33.3152,439
MSFT,2022-02-23,159.61,239.26,-33.2906,440
MSFT,2021-08-16,159.73,239.26,-33.2406,441
MSFT,2022-12-05,159.85,239.26,-33.192,442
MSFT,2020-10-23,159.87,239.26,-33.1829,443
MSFT,2023-10-18,159.9,239.26,-33.1709,444
MSFT,2021-07-15,159.99,239.26,-33.133,445
MSFT,2022-03-17,160.01,239.26,-33.1229,446
MSFT,2022-11-21,160.01,239.26,-33.1215,447
MSFT,2022-10-31,160.18,239.26,-33.0532,448
MSFT,2022-11-02,160.18,239.26,-33.052,449
MSFT,2020-10-12,160.2,239.26,-33.0427,450
MSFT,2022-01-18,160.26,239.26,-33.0177,451
MSFT,2021-08-09,160.35,239.26,-32.9832,452
MSFT,2021-07-26,160.39,239.26,-32.9631,453
MSFT,2021-09-07,160.43,239.26,-32.9501,454
MSFT,2022-02-02,160.43,239.26,-32.9481,455
MSFT,2021-08-17,160.54,239.26,-32.9039,456
MSFT,2020-10-19,160.55,239.26,-32.8985,457
MSFT,2021-07-23,160.69,239.26,-32.8388,458
MSFT,2022-12-06,160.72,239.26,-32.8258,459
MSFT,2021-08-11,160.9,239.26,-32.7511,460
MSFT,2022-01-17,161.0,239.26,-32.7083,461
MSFT,2022-01-25,161.08,239.26,-32.6745,462
MSFT,2022-11-29,161.14,239.26,-32.6503,463
MSFT,2020-10-09,161.21,239.26,-32.6222,464
MSFT,2022-12-02,161.26,239.26,-32.5998,465
MSFT,2021-08-05,161.27,239.26,-32.5962,466
MSFT,2022-03-18,161.31,239.26,-32.5804,467
MSFT,2021-11-11,161.47,239.26,-32.5153,468
MSFT,2021-08-10,161.57,239.26,-32.4696,469
MSFT,2021-07-22,161.61,239.26,-32.455,470
MSFT,2021-08-27,161.7,239.26,-32.4168,471
MSFT,2021-07-19,161.73,239.26,-32.4063,472
MSFT,2021-09-10,161.83,239.26,-32.3619,473
MSFT,2021-07-16,161.99,239.26,-32.2968,474
MSFT,2022-02-03,162.05,239.26,-32.2716,475
MSFT,2022-03-21,162.11,239.26,-32.2462,476
MSFT,2021-11-09,162.22,239.26,-32.2008,477
MSFT,2020-10-15,162.42,239.26,-32.1143,478
MSFT,2020-11-03,162.45,239.26,-32.1022,479
MSFT,2021-09-13,162.47,239.26,-32.0953,480
MSFT,2020-10-13,162.5,239.26,-32.0836,481
MSFT,2021-07-09,162.59,239.26,-32.0465,482
MSFT,2021-09-28,162.6,239.26,-32.0422,483
MSFT,2022-01-26,162.69,239.26,-32.0045,484
MSFT,2021-07-13,162.75,239.26,-31.9791,485
MSFT,2021-09-06,162.92,239.26,-31.9082,486
MSFT,2021-08-30,163.07,239.26,-31.8437,487
MSFT,2021-07-21,163.09,239.26,-31.8366,488
MSFT,2022-01-31,163.16,239.26,-31.8076,489
MSFT,2021-09-16,163.17,239.26,-31.8025,490
MSFT,2021-08-12,163.19,239.26,-31.7945,491
MSFT,2020-11-10,163.28,239.26,-31.7562,492
MSFT,2021-08-03,163.4,239.26,-31.7074,493
MSFT,2020-10-14,163.4,239.26,-31.7062,494
MSFT,2020-11-02,163.43,239.26,-31.6952,495
MSFT,2020-09-03,163.44,239.26,-31.6916,496
MSFT,2022-11-28,163.61,239.26,-31.6206,497
MSFT,2020-10-27,164.12,239.26,-31.4042,498
MSFT,2022-01-28,164.14,239.26,-31.397,499
MSFT,2020-10-07,164.2,239.26,-31.3738,500
MSFT,2021-09-15,164.24,239.26,-31.3575,501
MSFT,2021-08-04,164.4,239.26,-31.2898,502
MSFT,2022-02-24,164.45,239.26,-31.2687,503
MSFT,2022-02-01,164.46,239.26,-31.2655,504
MSFT,2022-01-24,164.52,239.26,-31.2406,505
MSFT,2020-09-02,164.62,239.26,-31.197,506
MSFT,2020-10-29,164.63,239.26,-31.1929,507
MSFT,2022-11-30,164.63,239.26,-31.1906,508
MSFT,2020-11-11,164.64,239.26,-31.1899,509
MSFT,2021-07-14,164.67,239.26,-31.1772,510
MSFT,2021-11-29,164.68,239.26,-31.1728,511
MSFT,2022-03-11,164.76,239.26,-31.139,512
MSFT,2021-08-31,164.77,239.26,-31.1346,513
MSFT,2022-01-19,164.83,239.26,-31.1097,514
MSFT,2020-11-12,164.88,239.26,-31.088,515
MSFT,2021-11-26,164.95,239.26,-31.0606,516
MSFT,2021-11-23,164.99,239.26,-31.0418,517
MSFT,2021-09-17,165.06,239.26,-31.015,518
MSFT,2021-11-25,165.09,239.26,-31.0007,519
MSFT,2021-11-30,165.17,239.26,-30.9673,520
MSFT,2020-10-28,165.3,239.26,-30.9116,521
MSFT,2021-09-20,165.34,239.26,-30.8972,522
MSFT,2020-08-27,165.36,239.26,-30.8895,523
MSFT,2020-08-26,165.41,239.26,-30.8657,524
MSFT,2021-09-27,165.46,239.26,-30.8438,525
MSFT,2020-10-30,165.54,239.26,-30.8136,526
MSFT,2021-11-10,165.81,239.26,-30.6981,527
MSFT,2022-12-01,165.86,239.26,-30.6793,528
MSFT,2022-01-13,165.94,239.26,-30.6471,529
MSFT,2022-03-07,165.94,239.26,-30.6457,530
MSFT,2021-09-23,165.99,239.26,-30.6247,531
MSFT,2023-10-19,166.03,239.26,-30.6089,532
MSFT,2021-07-12,166.03,239.26,-30.6072,533
MSFT,2020-08-28,166.06,239.26,-30.5958,534
MSFT,2021-07-08,166.06,239.26,-30.5958,535
MSFT,2021-09-21,166.09,239.26,-30.5844,536
MSFT,2021-11-12,166.13,239.26,-30.5666,537
MSFT,2020-11-09,166.16,239.26,-30.5514,538
MSFT,2020-09-17,166.21,239.26,-30.5311,539
MSFT,2020-09-14,166.24,239.26,-30.5216,540
MSFT,2021-07-20,166.24,239.26,-30.5207,541
MSFT,2020-08-21,166.29,239.26,-30.4977,542
MSFT,2022-01-20,166.48,239.26,-30.4201,543
MSFT,2021-09-29,166.49,239.26,-30.4171,544
MSFT,2020-11-25,166.76,239.26,-30.304,545
MSFT,2020-09-10,166.92,239.26,-30.2364,546
MSFT,2023-10-26,166.92,239.26,-30.2352,547
MSFT,2020-09-01,167.04,239.26,-30.1849,548
MSFT,2021-11-24,167.05,239.26,-30.1832,549
MSFT,2022-01-12,167.28,239.26,-30.0872,550
MSFT,2022-03-10,167.3,239.26,-30.0787,551
MSFT,2020-09-04,167.32,239.26,-30.068,552
MSFT,2022-01-27,167.34,239.26,-30.0606,553
MSFT,2020-11-06,167.37,239.26,-30.049,554
MSFT,2021-11-16,167.39,239.26,-30.0398,555
MSFT,2023-10-25,167.41,239.26,-30.03,556
MSFT,2021-07-07,167.45,239.26,-30.0151,557
MSFT,2023-10-20,167.45,239.26,-30.0124,558
MSFT,2020-11-05,167.46,239.26,-30.0115,559
MSFT,2020-12-11,167.53,239.26,-29.9811,560
MSFT,2020-10-08,167.53,239.26,-29.9793,561
MSFT,2022-02-28,167.56,239.26,-29.9669,562
MSFT,2021-11-19,167.63,239.26,-29.9384,563
MSFT,2020-11-13,167.69,239.26,-29.9131,564
MSFT,2022-03-01,167.7,239.26,-29.9099,565
MSFT,2021-11-22,167.73,239.26,-29.8983,566
MSFT,2022-01-06,167.76,239.26,-29.8834,567
MSFT,2020-08-24,167.81,239.26,-29.8645,568
MSFT,2021-09-03,167.87,239.26,-29.8391,569
MSFT,2022-02-25,167.89,239.26,-29.8309,570
MSFT,2021-09-22,167.9,239.26,-29.8265,571
MSFT,2020-07-28,167.95,239.26,-29.8061,572
MSFT,2020-12-18,168.01,239.26,-29.7816,573
MSFT,2020-09-18,168.01,239.26,-29.7798,574
MSFT,2022-01-07,168.04,239.26,-29.7692,575
MSFT,2022-01-11,168.22,239.26,-29.6943,576
MSFT,2020-07-29,168.35,239.26,-29.638,577
MSFT,2021-09-30,168.37,239.26,-29.6303,578
MSFT,2021-11-15,168.45,239.26,-29.5963,579
MSFT,2021-09-01,168.5,239.26,-29.5743,580
MSFT,2023-10-23,168.56,239.26,-29.5505,581
MSFT,2020-09-16,168.59,239.26,-29.5372,582
MSFT,2021-12-17,168.63,239.26,-29.5188,583
MSFT,2021-12-14,168.8,239.26,-29.4516,584
MSFT,2020-11-26,168.88,239.26,-29.4169,585
MSFT,2020-09-22,168.92,239.26,-29.3979,586
MSFT,2020-12-21,169.0,239.26,-29.3679,587
MSFT,2020-08-31,169.05,239.26,-29.3458,588
MSFT,2021-06-14,169.1,239.26,-29.3253,589
MSFT,2022-01-14,169.17,239.26,-29.2947,590
MSFT,2022-01-10,169.29,239.26,-29.2445,591
MSFT,2021-11-17,169.36,239.26,-29.2158,592
MSFT,2020-10-06,169.36,239.26,-29.215,593
MSFT,2020-09-11,169.41,239.26,-29.1962,594
MSFT,2020-12-10,169.41,239.26,-29.1956,595
MSFT,2021-12-20,169.43,239.26,-29.1851,596
MSFT,2021-10-12,169.49,239.26,-29.1628,597
MSFT,2020-12-22,169.51,239.26,-29.1515,598
MSFT,2022-01-05,169.56,239.26,-29.1318,599
MSFT,2020-11-04,169.6,239.26,-29.1171,600
MSFT,2022-03-02,169.63,239.26,-29.1037,601
MSFT,2021-12-02,169.65,239.26,-29.096,602
MSFT,2020-12-17,169.7,239.26,-29.0734,603
MSFT,2021-10-11,169.94,239.26,-28.9753,604
MSFT,2021-09-24,170.0,239.26,-28.9494,605
MSFT,2021-09-02,170.05,239.26,-28.9254,606
MSFT,2020-09-21,170.12,239.26,-28.8994,607
MSFT,2020-12-15,170.15,239.26,-28.8865,608
MSFT,2020-09-23,170.18,239.26,-28.8744,609
MSFT,2022-03-03,170.18,239.26,-28.8737,610
MSFT,2021-12-01,170.23,239.26,-28.8535,611
MSFT,2020-11-16,170.25,239.26,-28.8444,612
MSFT,2020-12-14,170.29,239.26,-28.8251,613
MSFT,2020-08-25,170.31,239.26,-28.8208,614
MSFT,2022-01-21,170.38,239.26,-28.7883,615
MSFT,2021-07-06,170.41,239.26,-28.7786,616
MSFT,2020-11-18,170.48,239.26,-28.7472,617
MSFT,2021-06-29,170.56,239.26,-28.7132,618
MSFT,2020-09-07,170.57,239.26,-28.7089,619
MSFT,2020-09-08,170.65,239.26,-28.676,620
MSFT,2021-12-15,170.68,239.26,-28.6635,621
MSFT,2021-11-18,170.78,239.26,-28.6233,622
MSFT,2023-10-27,170.79,239.26,-28.6171,623
MSFT,2021-06-30,170.81,239.26,-28.6108,624
MSFT,2021-06-11,170.84,239.26,-28.5968,625
MSFT,2020-11-24,170.95,239.26,-28.5506,626
MSFT,2020-11-27,171.01,239.26,-28.5244,627
MSFT,2021-12-21,171.09,239.26,-28.4939,628
MSFT,2021-12-22,171.13,239.26,-28.4779,629
MSFT,2021-06-10,171.15,239.26,-28.4676,630
MSFT,2024-05-09,171.16,239.26,-28.4634,631
MSFT,2020-12-16,171.21,239.26,-28.4409,632
MSFT,2020-07-30,171.41,239.26,-28.3589,633
MSFT,2020-08-17,171.41,239.26,-28.3577,634
MSFT,2020-09-15,171.64,239.26,-28.2621,635
MSFT,2021-11-08,171.66,239.26,-28.2551,636
MSFT,2022-03-08,171.68,239.26,-28.2463,637
MSFT,2020-11-23,171.77,239.26,-28.208,638
MSFT,2020-09-24,171.81,239.26,-28.1902,639
MSFT,2020-12-09,171.89,239.26,-28.1602,640
MSFT,2020-07-27,171.91,239.26,-28.1487,641
MSFT,2021-12-13,171.93,239.26,-28.1424,642
MSFT,2020-12-23,172.0,239.26,-28.1124,643
MSFT,2022-03-09,172.01,239.26,-28.1089,644
MSFT,2020-09-28,172.07,239.26,-28.0844,645
MSFT,2020-10-02,172.18,239.26,-28.0391,646
MSFT,2021-10-07,172.2,239.26,-28.0294,647
MSFT,2020-08-14,172.21,239.26,-28.0249,648
MSFT,2021-06-28,172.22,239.26,-28.0209,649
MSFT,2022-01-04,172.33,239.26,-27.9761,650
MSFT,2020-07-23,172.36,239.26,-27.9629,651
MSFT,2021-12-16,172.39,239.26,-27.9507,652
MSFT,2020-10-05,172.4,239.26,-27.9443,653
MSFT,2022-03-04,172.45,239.26,-27.9233,654
MSFT,2021-06-09,172.49,239.26,-27.9063,655
MSFT,2020-11-19,172.56,239.26,-27.8768,656
MSFT,2020-12-08,172.8,239.26,-27.7767,657
MSFT,2020-11-17,173.12,239.26,-27.6444,658
MSFT,2020-09-25,173.15,239.26,-27.63,659
MSFT,2021-10-13,173.16,239.26,-27.6288,660
MSFT,2021-07-01,173.18,239.26,-27.6178,661
MSFT,2021-06-25,173.41,239.26,-27.5211,662
MSFT,2021-06-08,173.44,239.26,-27.5097,663
MSFT,2021-12-03,173.48,239.26,-27.4957,664
MSFT,2021-12-23,173.48,239.26,-27.4919,665
MSFT,2020-09-29,173.75,239.26,-27.38,666
MSFT,2020-12-29,173.77,239.26,-27.3716,667
MSFT,2021-10-18,173.79,239.26,-27.3661,668
MSFT,2020-09-09,173.89,239.26,-27.3208,669
MSFT,2023-10-30,173.92,239.26,-27.3114,670
MSFT,2021-12-28,174.06,239.26,-27.2499,671
MSFT,2020-12-25,174.15,239.26,-27.2129,672
MSFT,2021-10-19,174.55,239.26,-27.0456,673
MSFT,2021-10-21,174.59,239.26,-27.0312,674
MSFT,2020-10-01,174.6,239.26,-27.026,675
MSFT,2024-05-08,174.64,239.26,-27.0089,676
MSFT,2024-05-03,174.68,239.26,-26.9908,677
MSFT,2020-11-20,174.75,239.26,-26.9645,678
MSFT,2021-06-15,174.79,239.26,-26.9466,679
MSFT,2020-08-20,174.83,239.26,-26.9314,680
MSFT,2021-10-14,174.84,239.26,-26.9252,681
MSFT,2020-12-07,174.87,239.26,-26.911,682
MSFT,2021-12-31,174.88,239.26,-26.9071,683
MSFT,2020-12-01,174.97,239.26,-26.8711,684
MSFT,2021-10-15,175.02,239.26,-26.8497,685
MSFT,2021-10-08,175.09,239.26,-26.8224,686
MSFT,2021-06-18,175.09,239.26,-26.8224,687
MSFT,2021-12-06,175.1,239.26,-26.818,688
MSFT,2021-06-17,175.14,239.26,-26.8015,689
MSFT,2024-05-14,175.22,239.26,-26.7686,690
MSFT,2021-07-05,175.24,239.26,-26.7564,691
MSFT,2020-08-13,175.39,239.26,-26.6943,692
MSFT,2020-06-22,175.4,239.26,-26.6909,693
MSFT,2021-12-24,175.45,239.26,-26.6687,694
MSFT,2021-12-27,175.49,239.26,-26.6528,695
MSFT,2023-10-24,175.51,239.26,-26.645,696
MSFT,2020-11-30,175.53,239.26,-26.6368,697
MSFT,2020-07-24,175.64,239.26,-26.5905,698
MSFT,2021-06-24,175.68,239.26,-26.5761,699
MSFT,2022-01-03,175.71,239.26,-26.5603,700
MSFT,2024-05-15,175.75,239.26,-26.5468,701
MSFT,2021-10-22,175.88,239.26,-26.4897,702
MSFT,2020-08-18,175.91,239.26,-26.4772,703
MSFT,2021-07-02,176.11,239.26,-26.3946,704
MSFT,2020-08-19,176.11,239.26,-26.3938,705
MSFT,2020-12-24,176.14,239.26,-26.3814,706
MSFT,2021-10-01,176.23,239.26,-26.3438,707
MSFT,2021-10-06,176.4,239.26,-26.2742,708
MSFT,2020-06-19,176.48,239.26,-26.2393,709
MSFT,2021-10-20,176.49,239.26,-26.2373,710
MSFT,2020-12-02,176.52,239.26,-26.2248,711
MSFT,2021-06-16,176.54,239.26,-26.2153,712
MSFT,2021-10-04,176.59,239.26,-26.1933,713
MSFT,2020-07-22,176.75,239.26,-26.1254,714
MSFT,2021-01-05,176.79,239.26,-26.1106,715
MSFT,2024-05-02,176.95,239.26,-26.0445,716
MSFT,2020-12-28,176.97,239.26,-26.037,717
MSFT,2020-06-25,176.99,239.26,-26.0274,718
MSFT,2021-11-05,177.04,239.26,-26.0047,719
MSFT,2024-05-31,177.07,239.26,-25.9941,720
MSFT,2021-01-04,177.12,239.26,-25.9741,721
MSFT,2024-04-19,177.34,239.26,-25.8808,722
MSFT,2024-05-10,177.42,239.26,-25.8474,723
MSFT,2021-12-29,177.44,239.26,-25.8377,724
MSFT,2024-05-13,177.5,239.26,-25.8142,725
MSFT,2020-12-04,177.54,239.26,-25.7958,726
MSFT,2024-05-07,177.69,239.26,-25.7324,727
MSFT,2020-07-21,177.78,239.26,-25.6946,728
MSFT,2020-07-31,177.89,239.26,-25.6525,729
MSFT,2024-05-01,177.93,239.26,-25.6322,730
MSFT,2020-12-31,178.06,239.26,-25.579,731
MSFT,2020-08-12,178.14,239.26,-25.5481,732
MSFT,2020-09-30,178.27,239.26,-25.4938,733
MSFT,2021-03-02,178.33,239.26,-25.4681,734
MSFT,2024-04-22,178.44,239.26,-25.4218,735
MSFT,2024-05-06,178.45,239.26,-25.4172,736
MSFT,2020-06-15,178.53,239.26,-25.3842,737
MSFT,2021-06-23,178.57,239.26,-25.3659,738
MSFT,2024-05-30,178.7,239.26,-25.3123,739
MSFT,2021-12-08,178.76,239.26,-25.2858,740
MSFT,2021-10-26,178.86,239.26,-25.2465,741
MSFT,2021-12-30,179.05,239.26,-25.1668,742
MSFT,2021-03-23,179.21,239.26,-25.0994,743
MSFT,2024-06-03,179.22,239.26,-25.0957,744
MSFT,2021-10-27,179.22,239.26,-25.094,745
MSFT,2020-07-20,179.24,239.26,-25.0853,746
MSFT,2024-05-23,179.3,239.26,-25.0609,747
MSFT,2021-01-07,179.37,239.26,-25.0303,748
MSFT,2021-10-25,179.41,239.26,-25.0153,749
MSFT,2024-04-17,179.44,239.26,-25.0031,750
MSFT,2020-06-12,179.53,239.26,-24.9669,751
MSFT,2021-06-21,179.66,239.26,-24.9107,752
MSFT,2021-12-07,179.68,239.26,-24.9013,753
MSFT,2021-11-04,179.74,239.26,-24.8784,754
MSFT,2020-06-24,179.77,239.26,-24.8657,755
MSFT,2020-12-03,179.77,239.26,-24.8654,756
MSFT,2020-08-03,179.87,239.26,-24.8218,757
MSFT,2024-05-29,179.96,239.26,-24.786,758
MSFT,2024-06-04,180.01,239.26,-24.766,759
MSFT,2021-03-19,180.06,239.26,-24.7441,760
MSFT,2021-01-01,180.39,239.26,-24.6039,761
MSFT,2020-12-30,180.4,239.26,-24.6028,762
MSFT,2024-06-05,180.47,239.26,-24.5716,763
MSFT,2023-11-03,180.48,239.26,-24.5685,764
MSFT,2021-06-07,180.56,239.26,-24.5365,765
MSFT,2020-06-18,180.56,239.26,-24.5342,766
MSFT,2024-04-15,180.61,239.26,-24.5131,767
MSFT,2021-03-24,180.62,239.26,-24.5116,768
MSFT,2024-05-27,180.75,239.26,-24.4549,769
MSFT,2024-04-16,180.78,239.26,-24.4428,770
MSFT,2024-05-17,180.78,239.26,-24.4415,771
MSFT,2021-04-02,180.79,239.26,-24.4402,772
MSFT,2021-10-28,180.91,239.26,-24.3888,773
MSFT,2021-12-10,181.09,239.26,-24.3152,774
MSFT,2021-12-09,181.12,239.26,-24.2994,775
MSFT,2020-08-10,181.14,239.26,-24.2904,776
MSFT,2021-11-03,181.15,239.26,-24.2871,777
MSFT,2024-05-22,181.18,239.26,-24.2756,778
MSFT,2021-03-22,181.21,239.26,-24.2622,779
MSFT,2024-04-23,181.21,239.26,-24.2613,780
MSFT,2021-03-25,181.22,239.26,-24.2601,781
MSFT,2020-08-05,181.35,239.26,-24.2059,782
MSFT,2021-03-18,181.37,239.26,-24.1943,783
MSFT,2023-11-02,181.39,239.26,-24.1888,784
MSFT,2023-11-06,181.65,239.26,-24.0807,785
MSFT,2021-01-06,181.83,239.26,-24.0049,786
MSFT,2024-05-16,181.88,239.26,-23.984,787
MSFT,2020-06-26,181.97,239.26,-23.9438,788
MSFT,2024-04-12,182.06,239.26,-23.9062,789
MSFT,2023-10-31,182.12,239.26,-23.8827,790
MSFT,2021-10-05,182.12,239.26,-23.8824,791
MSFT,2024-05-28,182.23,239.26,-23.8367,792
MSFT,2021-04-07,182.29,239.26,-23.812,793
MSFT,2021-03-17,182.4,239.26,-23.7648,794
MSFT,2020-08-07,182.61,239.26,-23.6785,795
MSFT,2020-06-23,182.62,239.26,-23.6748,796
MSFT,2023-11-01,182.62,239.26,-23.6744,797
MSFT,2024-04-11,182.68,239.26,-23.6487,798
MSFT,2021-11-02,182.7,239.26,-23.6414,799
MSFT,2021-03-16,182.73,239.26,-23.6292,800
MSFT,2020-06-29,182.75,239.26,-23.618,801
MSFT,2021-02-19,182.81,239.26,-23.5941,802
MSFT,2021-10-29,182.83,239.26,-23.5861,803
MSFT,2024-05-24,182.84,239.26,-23.5813,804
MSFT,2021-06-22,182.87,239.26,-23.569,805
MSFT,2020-08-11,183.1,239.26,-23.4741,806
MSFT,2024-05-20,183.14,239.26,-23.4564,807
MSFT,2021-02-04,183.59,239.26,-23.2698,808
MSFT,2024-04-24,183.62,239.26,-23.2541,809
MSFT,2021-06-04,183.67,239.26,-23.2355,810
MSFT,2021-03-01,183.71,239.26,-23.2192,811
MSFT,2021-03-29,183.82,239.26,-23.1727,812
MSFT,2021-04-08,183.86,239.26,-23.156,813
MSFT,2020-07-02,183.94,239.26,-23.1226,814
MSFT,2021-03-30,184.07,239.26,-23.0687,815
MSFT,2020-07-01,184.11,239.26,-23.049,816
MSFT,2020-06-16,184.15,239.26,-23.0335,817
MSFT,2020-07-17,184.16,239.26,-23.0281,818
MSFT,2021-04-29,184.21,239.26,-23.0084,819
MSFT,2021-06-03,184.22,239.26,-23.0067,820
MSFT,2024-04-30,184.28,239.26,-22.9793,821
MSFT,2021-01-27,184.33,239.26,-22.9586,822
MSFT,2024-04-18,184.51,239.26,-22.8849,823
MSFT,2021-01-25,184.54,239.26,-22.8705,824
MSFT,2021-03-03,184.56,239.26,-22.862,825
MSFT,2021-02-03,184.74,239.26,-22.7884,826
MSFT,2021-04-01,184.95,239.26,-22.7018,827
MSFT,2021-04-05,184.99,239.26,-22.6815,828
MSFT,2021-03-12,185.0,239.26,-22.6779,829
MSFT,2020-06-11,185.07,239.26,-22.6487,830
MSFT,2020-08-04,185.11,239.26,-22.6328,831
MSFT,2021-02-08,185.52,239.26,-22.4636,832
MSFT,2021-03-31,185.63,239.26,-22.4163,833
MSFT,2021-11-01,185.84,239.26,-22.3279,834
MSFT,2021-01-22,186.14,239.26,-22.2009,835
MSFT,2020-06-09,186.15,239.26,-22.1974,836
MSFT,2021-02-02,186.19,239.26,-22.1819,837
MSFT,2021-04-06,186.25,239.26,-22.1555,838
MSFT,2020-06-30,186.34,239.26,-22.121,839
MSFT,2024-04-25,186.35,239.26,-22.1158,840
MSFT,2020-06-17,186.63,239.26,-21.9968,841
MSFT,2021-01-08,186.64,239.26,-21.9931,842
MSFT,2021-02-05,186.78,239.26,-21.9358,843
MSFT,2021-01-11,186.78,239.26,-21.935,844
MSFT,2021-01-28,186.83,239.26,-21.9127,845
MSFT,2021-02-01,186.95,239.26,-21.8621,846
MSFT,2024-06-11,186.99,239.26,-21.8464,847
MSFT,2023-11-07,187.07,239.26,-21.8124,848
MSFT,2021-04-27,187.16,239.26,-21.7771,849
MSFT,2024-05-21,187.17,239.26,-21.7722,850
MSFT,2021-01-18,187.35,239.26,-21.6953,851
MSFT,2021-04-30,187.39,239.26,-21.6792,852
MSFT,2021-01-29,187.58,239.26,-21.6019,853
MSFT,2024-04-29,187.74,239.26,-21.5339,854
MSFT,2021-05-04,187.81,239.26,-21.5041,855
MSFT,2021-02-18,187.83,239.26,-21.4956,856
MSFT,2024-04-10,187.92,239.26,-21.4571,857
MSFT,2021-02-17,188.06,239.26,-21.4014,858
MSFT,2020-07-06,188.09,239.26,-21.3871,859
MSFT,2021-03-05,188.15,239.26,-21.3609,860
MSFT,2021-03-26,188.21,239.26,-21.338,861
MSFT,2021-05-18,188.26,239.26,-21.3158,862
MSFT,2021-04-28,188.3,239.26,-21.301,863
MSFT,2024-06-10,188.3,239.26,-21.2986,864
MSFT,2021-01-26,188.39,239.26,-21.2617,865
MSFT,2020-07-03,188.41,239.26,-21.2519,866
MSFT,2020-08-06,188.55,239.26,-21.1969,867
MSFT,2021-01-15,188.76,239.26,-21.1055,868
MSFT,2024-06-06,188.79,239.26,-21.0947,869
MSFT,2021-04-23,188.89,239.26,-21.0513,870
MSFT,2021-03-15,189.06,239.26,-20.982,871
MSFT,2021-05-12,189.09,239.26,-20.9707,872
MSFT,2021-05-05,189.16,239.26,-20.9385,873
MSFT,2020-06-10,189.26,239.26,-20.9003,874
MSFT,2021-05-17,189.32,239.26,-20.8751,875
MSFT,2021-05-13,189.4,239.26,-20.8421,876
MSFT,2023-12-19,189.54,239.26,-20.7822,877
MSFT,2021-06-02,189.56,239.26,-20.7737,878
MSFT,2024-04-26,189.59,239.26,-20.7599,879
MSFT,2021-05-06,189.6,239.26,-20.7565,880
MSFT,2021-04-09,189.62,239.26,-20.7485,881
MSFT,2021-04-12,189.66,239.26,-20.7329,882
MSFT,2021-04-13,189.81,239.26,-20.6697,883
MSFT,2021-02-22,189.84,239.26,-20.6579,884
MSFT,2021-03-04,189.92,239.26,-20.6246,885
MSFT,2021-04-26,189.92,239.26,-20.6214,886
MSFT,2020-07-16,189.93,239.26,-20.6171,887
MSFT,2021-05-03,190.0,239.26,-20.5872,888
MSFT,2021-02-26,190.02,239.26,-20.5791,889
MSFT,2020-07-09,190.14,239.26,-20.5326,890
MSFT,2021-01-12,190.18,239.26,-20.5135,891
MSFT,2023-11-14,190.23,239.26,-20.492,892
MSFT,2020-07-10,190.24,239.26,-20.4889,893
MSFT,2023-12-07,190.46,239.26,-20.3951,894
MSFT,2021-01-20,190.51,239.26,-20.377,895
MSFT,2021-03-11,190.84,239.26,-20.2388,896
MSFT,2024-03-04,190.97,239.26,-20.1825,897
MSFT,2021-02-11,191.07,239.26,-20.1413,898
MSFT,2021-05-11,191.08,239.26,-20.1394,899
MSFT,2021-01-21,191.13,239.26,-20.115,900
MSFT,2021-05-14,191.35,239.26,-20.0271,901
MSFT,2021-03-08,191.35,239.26,-20.0244,902
MSFT,2021-02-16,191.36,239.26,-20.021,903
MSFT,2021-05-10,191.43,239.26,-19.9916,904
MSFT,2021-01-19,191.51,239.26,-19.959,905
MSFT,2021-05-19,191.66,239.26,-19.8966,906
MSFT,2021-02-09,191.69,239.26,-19.8847,907
MSFT,2021-01-13,191.7,239.26,-19.8795,908
MSFT,2023-11-13,191.78,239.26,-19.8446,909
MSFT,2021-02-25,191.88,239.26,-19.8017,910
MSFT,2020-06-05,191.94,239.26,-19.778,911
MSFT,2020-07-07,192.01,239.26,-19.7472,912
MSFT,2024-04-04,192.11,239.26,-19.7069,913
MSFT,2021-04-15,192.14,239.26,-19.6948,914
MSFT,2020-06-08,192.47,239.26,-19.5572,915
MSFT,2023-11-09,192.68,239.26,-19.4708,916
MSFT,2023-12-12,192.7,239.26,-19.4606,917
MSFT,2023-11-08,192.71,239.26,-19.4586,918
MSFT,2021-02-23,192.77,239.26,-19.4314,919
MSFT,2021-02-10,192.86,239.26,-19.3929,920
MSFT,2021-02-24,192.89,239.26,-19.3829,921
MSFT,2023-12-22,192.95,239.26,-19.3546,922
MSFT,2023-11-24,193.21,239.26,-19.2492,923
MSFT,2023-12-08,193.23,239.26,-19.2397,924
MSFT,2021-03-09,193.23,239.26,-19.2393,925
MSFT,2023-12-20,193.41,239.26,-19.1652,926
MSFT,2021-01-14,193.41,239.26,-19.1634,927
MSFT,2020-07-08,193.49,239.26,-19.1295,928
MSFT,2024-03-21,193.51,239.26,-19.1229,929
MSFT,2024-06-13,193.52,239.26,-19.1163,930
MSFT,2024-04-05,193.67,239.26,-19.0551,931
MSFT,2023-12-21,193.67,239.26,-19.0547,932
MSFT,2023-11-10,193.7,239.26,-19.0429,933
MSFT,2020-07-13,193.72,239.26,-19.0329,934
MSFT,2024-03-01,193.88,239.26,-18.9677,935
MSFT,2023-11-15,193.94,239.26,-18.9433,936
MSFT,2023-12-13,193.98,239.26,-18.9249,937
MSFT,2021-06-01,194.19,239.26,-18.8366,938
MSFT,2024-04-03,194.32,239.26,-18.7857,939
MSFT,2021-02-12,194.54,239.26,-18.6904,940
MSFT,2024-03-20,194.66,239.26,-18.6418,941
MSFT,2023-12-05,194.74,239.26,-18.6092,942
MSFT,2024-03-19,194.78,239.26,-18.5894,943
MSFT,2021-05-07,194.79,239.26,-18.5893,944
MSFT,2024-06-07,194.84,239.26,-18.5679,945
MSFT,2021-05-28,194.86,239.26,-18.5593,946
MSFT,2021-04-22,194.94,239.26,-18.5245,947
MSFT,2021-04-14,195.29,239.26,-18.3768,948
MSFT,2024-06-12,195.33,239.26,-18.3607,949
MSFT,2023-11-29,195.41,239.26,-18.3281,950
MSFT,2024-03-06,195.47,239.26,-18.3028,951
MSFT,2020-05-13,195.52,239.26,-18.2835,952
MSFT,2021-03-10,195.53,239.26,-18.2768,953
MSFT,2024-04-08,195.64,239.26,-18.2304,954
MSFT,2024-03-22,195.66,239.26,-18.2228,955
MSFT,2020-05-12,195.86,239.26,-18.1414,956
MSFT,2024-03-05,195.9,239.26,-18.1243,957
MSFT,2023-11-28,195.93,239.26,-18.1088,958
MSFT,2024-03-25,196.14,239.26,-18.0224,959
MSFT,2024-04-09,196.16,239.26,-18.0157,960
MSFT,2020-07-14,196.19,239.26,-18.0027,961
MSFT,2020-07-15,196.21,239.26,-17.9923,962
MSFT,2023-12-15,196.4,239.26,-17.9133,963
MSFT,2021-05-20,196.47,239.26,-17.8871,964
MSFT,2023-12-25,196.5,239.26,-17.8739,965
MSFT,2021-04-21,196.59,239.26,-17.8355,966
MSFT,2024-04-02,196.62,239.26,-17.8234,967
MSFT,2023-11-27,196.82,239.26,-17.7381,968
MSFT,2023-12-06,196.82,239.26,-17.7378,969
MSFT,2021-02-15,196.86,239.26,-17.7219,970
MSFT,2024-02-29,196.88,239.26,-17.7149,971
MSFT,2021-05-31,197.0,239.26,-17.6641,972
MSFT,2023-11-30,197.08,239.26,-17.6293,973
MSFT,2023-12-11,197.24,239.26,-17.5618,974
MSFT,2021-05-25,197.38,239.26,-17.5028,975
MSFT,2023-11-17,197.39,239.26,-17.5013,976
MSFT,2020-06-04,197.53,239.26,-17.4403,977
MSFT,2023-11-21,197.72,239.26,-17.3633,978
MSFT,2023-12-14,197.8,239.26,-17.3298,979
MSFT,2021-05-24,198.03,239.26,-17.2322,980
MSFT,2024-01-04,198.12,239.26,-17.1948,981
MSFT,2024-03-08,198.16,239.26,-17.1793,982
MSFT,2021-04-16,198.25,239.26,-17.1409,983
MSFT,2021-05-21,198.35,239.26,-17.0999,984
MSFT,2023-11-20,198.4,239.26,-17.0777,985
MSFT,2023-12-01,198.48,239.26,-17.0457,986
MSFT,2020-06-03,198.68,239.26,-16.9605,987
MSFT,2021-04-20,198.75,239.26,-16.9308,988
MSFT,2023-12-18,198.92,239.26,-16.8626,989
MSFT,2020-05-08,198.94,239.26,-16.854,990
MSFT,2024-06-18,198.96,239.26,-16.8456,991
MSFT,2024-03-11,199.44,239.26,-16.6443,992
MSFT,2021-05-26,199.47,239.26,-16.6316,993
MSFT,2024-03-28,199.58,239.26,-16.5835,994
MSFT,2024-06-17,199.61,239.26,-16.5714,995
MSFT,2023-11-16,199.66,239.26,-16.5502,996
MSFT,2023-11-23,199.72,239.26,-16.528,997
MSFT,2024-03-29,199.95,239.26,-16.4287,998
MSFT,2024-03-07,199.99,239.26,-16.4155,999
MSFT,2023-12-04,200.25,239.26,-16.3057,1000
MSFT,2020-05-14,200.32,239.26,-16.2774,1001
MSFT,2024-03-18,200.38,239.26,-16.2518,1002
MSFT,2024-01-05,200.44,239.26,-16.2264,1003
MSFT,2021-05-27,200.44,239.26,-16.226,1004
MSFT,2023-11-22,200.92,239.26,-16.0243,1005
MSFT,2024-06-14,200.95,239.26,-16.012,1006
MSFT,2024-03-26,200.99,239.26,-15.9969,1007
MSFT,2024-03-15,201.27,239.26,-15.8807,1008
MSFT,2024-03-12,201.28,239.26,-15.8741,1009
MSFT,2020-06-01,201.31,239.26,-15.8602,1010
MSFT,2024-03-27,201.4,239.26,-15.8226,1011
MSFT,2024-01-30,201.84,239.26,-15.6417,1012
MSFT,2021-04-19,201.85,239.26,-15.6361,1013
MSFT,2024-06-20,202.03,239.26,-15.5623,1014
MSFT,2024-06-19,202.18,239.26,-15.4986,1015
MSFT,2024-01-31,202.21,239.26,-15.487,1016
MSFT,2020-05-19,202.29,239.26,-15.4531,1017
MSFT,2024-03-14,202.44,239.26,-15.389,1018
MSFT,2024-04-01,202.69,239.26,-15.2835,1019
MSFT,2020-05-29,202.71,239.26,-15.2762,1020
MSFT,2023-12-26,202.75,239.26,-15.2595,1021
MSFT,2020-05-11,203.22,239.26,-15.0649,1022
MSFT,2020-05-27,203.27,239.26,-15.0442,1023
MSFT,2024-02-28,203.31,239.26,-15.0268,1024
MSFT,2024-01-08,203.73,239.26,-14.8518,1025
MSFT,2020-06-02,203.78,239.26,-14.8319,1026
MSFT,2024-03-13,203.94,239.26,-14.7636,1027
MSFT,2024-06-21,203.97,239.26,-14.7512,1028
MSFT,2020-05-26,204.34,239.26,-14.5977,1029
MSFT,2020-05-28,204.57,239.26,-14.4977,1030
MSFT,2023-12-27,204.67,239.26,-14.4589,1031
MSFT,2024-01-03,204.81,239.26,-14.4011,1032
MSFT,2024-02-19,204.81,239.26,-14.3977,1033
MSFT,2023-12-29,205.21,239.26,-14.2318,1034
MSFT,2024-02-09,205.6,239.26,-14.0699,1035
MSFT,2024-02-08,205.66,239.26,-14.0431,1036
MSFT,2024-01-29,206.22,239.26,-13.811,1037
MSFT,2024-02-26,206.28,239.26,-13.7865,1038
MSFT,2020-05-25,206.76,239.26,-13.5825,1039
MSFT,2024-01-26,206.83,239.26,-13.5553,1040
MSFT,2020-04-17,207.07,239.26,-13.4537,1041
MSFT,2020-05-20,207.12,239.26,-13.4341,1042
MSFT,2020-05-18,207.29,239.26,-13.3614,1043
MSFT,2024-01-02,207.5,239.26,-13.2753,1044
MSFT,2024-01-01,207.81,239.26,-13.1458,1045
MSFT,2024-02-20,208.19,239.26,-12.9873,1046
MSFT,2024-02-21,208.2,239.26,-12.9819,1047
MSFT,2020-05-05,208.42,239.26,-12.891,1048
MSFT,2020-05-15,208.45,239.26,-12.8778,1049
MSFT,2020-05-06,208.7,239.26,-12.7743,1050
MSFT,2024-01-09,208.78,239.26,-12.7392,1051
MSFT,2024-02-01,208.79,239.26,-12.735,1052
MSFT,2020-05-22,208.85,239.26,-12.7119,1053
MSFT,2020-05-07,208.95,239.26,-12.6679,1054
MSFT,2024-02-16,209.23,239.26,-12.5503,1055
MSFT,2024-02-07,209.25,239.26,-12.545,1056
MSFT,2020-04-10,209.37,239.26,-12.4936,1057
MSFT,2024-07-17,209.58,239.26,-12.4039,1058
MSFT,2024-02-02,209.7,239.26,-12.3541,1059
MSFT,2020-04-16,209.74,239.26,-12.34,1060
MSFT,2024-02-13,209.83,239.26,-12.3003,1061
MSFT,2024-02-15,209.89,239.26,-12.2778,1062
MSFT,2024-06-24,209.89,239.26,-12.2764,1063
MSFT,2020-04-27,210.07,239.26,-12.2003,1064
MSFT,2020-04-15,210.31,239.26,-12.0989,1065
MSFT,2020-04-28,210.37,239.26,-12.0768,1066
MSFT,2020-04-22,210.47,239.26,-12.0341,1067
MSFT,2020-05-21,210.48,239.26,-12.0294,1068
MSFT,2024-02-27,210.48,239.26,-12.0292,1069
MSFT,2024-01-11,210.63,239.26,-11.9669,1070
MSFT,2023-12-28,210.73,239.26,-11.9232,1071
MSFT,2020-04-20,210.75,239.26,-11.9172,1072
MSFT,2020-04-24,210.83,239.26,-11.8815,1073
MSFT,2024-02-14,212.32,239.26,-11.2623,1074
MSFT,2020-04-09,212.34,239.26,-11.252,1075
MSFT,2024-02-22,212.41,239.26,-11.2225,1076
MSFT,2020-04-13,212.84,239.26,-11.0453,1077
MSFT,2020-05-04,212.85,239.26,-11.0383,1078
MSFT,2024-06-25,212.9,239.26,-11.0201,1079
MSFT,2024-02-23,213.25,239.26,-10.8731,1080
MSFT,2024-01-10,213.34,239.26,-10.835,1081
MSFT,2024-01-25,213.6,239.26,-10.7237,1082
MSFT,2024-06-26,213.61,239.26,-10.723,1083
MSFT,2020-04-23,213.74,239.26,-10.6673,1084
MSFT,2020-04-30,213.76,239.26,-10.658,1085
MSFT,2024-02-06,213.85,239.26,-10.6214,1086
MSFT,2020-04-08,213.87,239.26,-10.6145,1087
MSFT,2020-04-14,214.76,239.26,-10.242,1088
MSFT,2024-07-16,215.63,239.26,-9.8764,1089
MSFT,2024-01-12,215.66,239.26,-9.8643,1090
MSFT,2020-04-21,215.71,239.26,-9.844,1091
MSFT,2024-02-12,215.89,239.26,-9.7666,1092
MSFT,2024-07-24,216.76,239.26,-9.4034,1093
MSFT,2024-07-25,216.89,239.26,-9.3519,1094
MSFT,2020-05-01,217.11,239.26,-9.2569,1095
MSFT,2024-01-18,217.27,239.26,-9.1936,1096
MSFT,2024-07-18,217.39,239.26,-9.1397,1097
MSFT,2020-04-29,217.4,239.26,-9.138,1098
MSFT,2024-02-05,217.4,239.26,-9.1354,1099
MSFT,2024-01-22,217.51,239.26,-9.0911,1100
MSFT,2024-01-24,217.64,239.26,-9.0382,1101
MSFT,2020-04-06,217.88,239.26,-8.9365,1102
MSFT,2020-03-31,217.92,239.26,-8.922,1103
MSFT,2024-07-08,218.2,239.26,-8.8028,1104
MSFT,2020-04-02,218.7,239.26,-8.5925,1105
MSFT,2020-03-27,219.53,239.26,-8.2462,1106
MSFT,2020-04-07,219.55,239.26,-8.2385,1107
MSFT,2024-01-23,219.76,239.26,-8.1524,1108
MSFT,2024-08-20,224.23,243.71,-7.9931,1109
MSFT,2024-06-27,220.19,239.26,-7.9715,1110
MSFT,2024-01-16,220.4,239.26,-7.8855,1111
MSFT,2020-04-03,220.64,239.26,-7.7817,1112
MSFT,2024-01-17,220.69,239.26,-7.7621,1113
MSFT,2020-03-30,221.1,239.26,-7.5928,1114
MSFT,2024-07-01,221.12,239.26,-7.5844,1115
MSFT,2024-01-15,221.22,239.26,-7.5395,1116
MSFT,2024-07-22,221.4,239.26,-7.4675,1117
MSFT,2024-08-21,225.57,243.71,-7.4408,1118
MSFT,2024-07-23,221.55,239.26,-7.4044,1119
MSFT,2024-07-15,221.71,239.26,-7.3354,1120
MSFT,2020-04-01,222.23,239.26,-7.1193,1121
MSFT,2024-08-19,226.8,243.71,-6.9365,1122
MSFT,2024-08-28,227.05,243.71,-6.8355,1123
MSFT,2024-01-19,223.2,239.26,-6.7124,1124
MSFT,2024-07-05,223.38,239.26,-6.6379,1125
MSFT,2024-07-26,223.44,239.26,-6.6145,1126
MSFT,2024-08-27,227.75,243.71,-6.5464,1127
MSFT,2024-06-28,223.81,239.26,-6.4591,1128
MSFT,2020-03-26,223.94,239.26,-6.406,1129
MSFT,2024-08-16,229.11,243.71,-5.9906,1130
MSFT,2024-07-09,225.03,239.26,-5.948,1131
MSFT,2024-07-19,225.63,239.26,-5.6989,1132
MSFT,2024-07-12,225.81,239.26,-5.6206,1133
MSFT,2024-08-15,230.35,243.71,-5.4831,1134
MSFT,2024-08-14,230.92,243.71,-5.2483,1135
MSFT,2024-08-22,231.32,243.71,-5.0848,1136
MSFT,2024-08-26,231.35,243.71,-5.0721,1137
MSFT,2024-08-23,231.47,243.71,-5.0237,1138
MSFT,2024-08-29,232.06,243.71,-4.7792,1139
MSFT,2024-07-29,227.92,239.26,-4.741,1140
MSFT,2020-02-28,205.41,215.47,-4.6719,1141
MSFT,2020-02-27,205.73,215.47,-4.5237,1142
MSFT,2020-02-26,205.9,215.47,-4.4445,1143
MSFT,2024-07-02,229.17,239.26,-4.2196,1144
MSFT,2020-01-31,193.84,202.29,-4.175,1145
MSFT,2024-10-28,294.69,306.31,-3.7937,1146
MSFT,2024-08-13,234.55,243.71,-3.7569,1147
MSFT,2020-01-30,194.85,202.29,-3.677,1148
MSFT,2024-07-31,230.79,239.26,-3.5417,1149
MSFT,2024-10-03,264.11,273.4,-3.3949,1150
MSFT,2020-03-25,231.26,239.26,-3.3449,1151
MSFT,2024-07-04,231.29,239.26,-3.331,1152
MSFT,2024-07-30,231.39,239.26,-3.2917,1153
MSFT,2020-03-02,208.4,215.47,-3.2836,1154
MSFT,2020-02-25,208.52,215.47,-3.2261,1155
MSFT,2020-02-03,195.84,202.29,-3.1863,1156
MSFT,2020-03-03,208.7,215.47,-3.1451,1157
MSFT,2024-07-03,231.97,239.26,-3.0471,1158
MSFT,2020-02-06,196.23,202.29,-2.9953,1159
MSFT,2024-08-30,236.54,243.71,-2.9395,1160
MSFT,2024-07-10,232.24,239.26,-2.9361,1161
MSFT,2020-03-24,232.48,239.26,-2.8367,1162
MSFT,2024-07-11,232.78,239.26,-2.7087,1163
MSFT,2020-03-20,232.97,239.26,-2.6282,1164
MSFT,2020-03-04,209.99,215.47,-2.5448,1165
MSFT,2020-01-06,158.91,162.59,-2.2601,1166
MSFT,2020-02-24,210.78,215.47,-2.1797,1167
MSFT,2024-08-12,238.51,243.71,-2.1315,1168
MSFT,2024-09-17,258.66,264.02,-2.0294,1169
MSFT,2024-10-25,300.15,306.31,-2.0129,1170
MSFT,2020-02-04,198.31,202.29,-1.9662,1171
MSFT,2020-01-29,198.48,202.29,-1.8831,1172
MSFT,2024-09-23,259.08,264.02,-1.8694,1173
MSFT,2020-03-18,234.86,239.26,-1.8412,1174
MSFT,2024-10-04,268.44,273.4,-1.8139,1175
MSFT,2020-02-10,198.88,202.5,-1.791,1176
MSFT,2020-03-05,211.65,215.47,-1.7753,1177
MSFT,2020-03-23,235.28,239.26,-1.6661,1178
MSFT,2020-02-05,198.97,202.29,-1.6393,1179
MSFT,2024-10-29,301.51,306.31,-1.5671,1180
MSFT,2020-01-23,196.35,199.35,-1.5064,1181
MSFT,2020-01-24,196.37,199.35,-1.4922,1182
MSFT,2020-03-19,235.8,239.26,-1.4465,1183
MSFT,2020-02-19,208.38,211.41,-1.4338,1184
MSFT,2024-08-01,236.18,239.26,-1.288,1185
MSFT,2020-03-06,212.74,215.47,-1.2666,1186
MSFT,2024-09-02,240.82,243.71,-1.1855,1187
MSFT,2020-01-10,164.1,165.98,-1.1304,1188
MSFT,2020-02-20,209.38,211.41,-0.9585,1189
MSFT,2020-01-07,161.17,162.59,-0.8744,1190
MSFT,2024-08-09,241.59,243.71,-0.8676,1191
MSFT,2020-02-17,209.58,211.41,-0.8645,1192
MSFT,2020-02-14,209.93,211.41,-0.6978,1193
MSFT,2020-02-18,209.96,211.41,-0.6851,1194
MSFT,2024-09-09,248.76,250.38,-0.6495,1195
MSFT,2024-09-18,262.34,264.02,-0.6338,1196
MSFT,2024-09-19,262.37,264.02,-0.623,1197
MSFT,2024-10-10,281.3,283.03,-0.6107,1198
MSFT,2024-10-22,304.61,306.31,-0.5564,1199
MSFT,2024-09-20,262.6,264.02,-0.5361,1200
MSFT,2024-10-01,271.09,272.51,-0.5218,1201
MSFT,2024-10-23,304.74,306.31,-0.5125,1202
MSFT,2024-10-21,304.79,306.31,-0.4975,1203
MSFT,2024-09-30,271.18,272.51,-0.4882,1204
MSFT,2024-10-24,304.95,306.31,-0.445,1205
MSFT,2024-09-10,249.33,250.38,-0.4195,1206
MSFT,2024-10-09,281.87,283.03,-0.411,1207
MSFT,2024-10-14,284.01,285.07,-0.3712,1208
MSFT,2024-10-16,288.0,288.64,-0.2233,1209
MSFT,2020-03-10,215.3,215.58,-0.1321,1210
MSFT,2024-08-06,240.71,241.0,-0.1198,1211
MSFT,2020-01-08,162.41,162.59,-0.1064,1212
MSFT,2020-01-27,199.2,199.35,-0.0762,1213
MSFT,2024-08-02,239.09,239.26,-0.0721,1214
MSFT,2024-09-24,264.0,264.02,-0.0055,1215
MSFT,2020-01-02,160.0,160.0,0.0,1216
MSFT,2020-01-03,162.59,162.59,0.0,1216
MSFT,2020-01-09,165.98,165.98,0.0,1216
MSFT,2020-01-13,167.15,167.15,0.0,1216
MSFT,2020-01-14,167.76,167.76,0.0,1216
MSFT,2020-01-15,173.22,173.22,0.0,1216
MSFT,2020-01-16,182.09,182.09,0.0,1216
MSFT,2020-01-17,187.26,187.26,0.0,1216
MSFT,2020-01-20,189.01,189.01,0.0,1216
MSFT,2020-01-21,197.07,197.07,0.0,1216
MSFT,2020-01-22,199.35,199.35,0.0,1216
MSFT,2020-01-28,202.29,202.29,0.0,1216
MSFT,2020-02-07,202.5,202.5,0.0,1216
MSFT,2020-02-11,203.67,203.67,0.0,1216
MSFT,2020-02-12,206.51,206.51,0.0,1216
MSFT,2020-02-13,211.41,211.41,0.0,1216
MSFT,2020-02-21,215.47,215.47,0.0,1216
MSFT,2020-03-09,215.58,215.58,0.0,1216
MSFT,2020-03-11,221.83,221.83,0.0,1216
MSFT,2020-03-12,232.19,232.19,0.0,1216
MSFT,2020-03-13,235.3,235.3,0.0,1216
MSFT,2020-03-16,236.44,236.44,0.0,1216
MSFT,2020-03-17,239.26,239.26,0.0,1216
MSFT,2024-08-05,241.0,241.0,0.0,1216
MSFT,2024-08-07,242.27,242.27,0.0,1216
MSFT,2024-08-08,243.71,243.71,0.0,1216
MSFT,2024-09-03,245.03,245.03,0.0,1216
MSFT,2024-09-04,247.13,247.13,0.0,1216
MSFT,2024-09-05,249.1,249.1,0.0,1216
MSFT,2024-09-06,250.38,250.38,0.0,1216
MSFT,2024-09-11,250.49,250.49,0.0,1216
MSFT,2024-09-12,253.52,253.52,0.0,1216
MSFT,2024-09-13,254.18,254.18,0.0,1216
MSFT,2024-09-16,264.02,264.02,0.0,1216
MSFT,2024-09-25,267.28,267.28,0.0,1216
MSFT,2024-09-26,271.47,271.47,0.0,1216
MSFT,2024-09-27,272.51,272.51,0.0,1216
MSFT,2024-10-02,273.4,273.4,0.0,1216
MSFT,2024-10-07,280.41,280.41,0.0,1216
MSFT,2024-10-08,283.03,283.03,0.0,1216
MSFT,2024-10-11,285.07,285.07,0.0,1216
MSFT,2024-10-15,288.64,288.64,0.0,1216
MSFT,2024-10-17,297.09,297.09,0.0,1216
MSFT,2024-10-18,306.31,306.31,0.0,1216
MSFT,2024-10-30,307.62,307.62,0.0,1216
NVDA,2024-08-29,189.38,323.67,-41.4895,1
NVDA,2024-09-04,190.64,323.67,-41.1016,2
NVDA,2024-08-28,190.73,323.67,-41.0736,3
NVDA,2023-09-29,191.0,323.67,-40.9899,4
NVDA,2024-08-30,191.05,323.67,-40.9729,5
NVDA,2024-09-02,192.91,323.67,-40.3989,6
NVDA,2024-08-27,193.47,323.67,-40.225,7
NVDA,2024-09-03,193.86,323.67,-40.1051,8
NVDA,2023-10-06,193.87,323.67,-40.1034,9
NVDA,2024-08-26,195.13,323.67,-39.7124,10
NVDA,2023-10-03,195.35,323.67,-39.6447,11
NVDA,2024-08-23,196.29,323.67,-39.354,12
NVDA,2024-09-05,197.49,323.67,-38.9843,13
NVDA,2024-08-22,198.05,323.67,-38.8115,14
NVDA,2024-09-11,198.09,323.67,-38.7979,15
NVDA,2023-09-28,199.02,323.67,-38.5104,16
NVDA,2024-08-21,199.4,323.67,-38.3946,17
NVDA,2023-09-11,199.44,323.67,-38.3819,18
NVDA,2024-09-09,199.48,323.67,-38.3684,19
NVDA,2023-10-09,199.57,323.67,-38.3406,20
NVDA,2024-09-10,200.78,323.67,-37.9688,21
NVDA,2023-10-05,200.91,323.67,-37.9274,22
NVDA,2020-12-22,63.07,101.55,-37.8934,23
NVDA,2024-08-05,201.4,323.67,-37.7747,24
NVDA,2023-10-02,201.44,323.67,-37.7634,25
NVDA,2023-11-09,201.95,323.67,-37.6061,26
NVDA,2023-09-19,202.18,323.67,-37.5349,27
NVDA,2023-11-07,202.36,323.67,-37.4794,28
NVDA,2023-09-12,202.87,323.67,-37.3221,29
NVDA,2024-09-12,204.22,323.67,-36.906,30
NVDA,2023-09-15,204.22,323.67,-36.9046,31
NVDA,2024-09-13,204.4,323.67,-36.8497,32
NVDA,2023-06-05,204.81,323.67,-36.7239,33
NVDA,2024-09-16,205.01,323.67,-36.6622,34
NVDA,2023-11-06,205.47,323.67,-36.5172,35
NVDA,2023-10-10,205.74,323.67,-36.4348,36
NVDA,2023-09-18,205.87,323.67,-36.3944,37
NVDA,2023-09-08,205.92,323.67,-36.3799,38
NVDA,2023-09-13,206.04,323.67,-36.343,39
NVDA,2023-11-03,206.24,323.67,-36.2813,40
NVDA,2020-12-21,64.76,101.55,-36.2256,41
NVDA,2024-09-18,206.82,323.67,-36.1025,42
NVDA,2023-11-08,206.9,323.67,-36.078,43
NVDA,2024-08-06,207.33,323.67,-35.9436,44
NVDA,2024-09-06,207.48,323.67,-35.8987,45
NVDA,2023-10-04,207.51,323.67,-35.888,46
NVDA,2023-09-22,207.65,323.67,-35.8459,47
NVDA,2023-11-10,208.09,323.67,-35.7089,48
NVDA,2020-12-18,65.36,101.55,-35.6337,49
NVDA,2023-11-02,208.34,323.67,-35.6317,50
NVDA,2024-09-17,208.5,323.67,-35.5839,51
NVDA,2024-08-02,208.52,323.67,-35.5775,52
NVDA,2023-09-20,208.62,323.67,-35.5449,53
NVDA,2024-08-19,208.65,323.67,-35.5348,54
NVDA,2023-10-13,209.36,323.67,-35.3176,55
NVDA,2023-09-27,209.51,323.67,-35.2699,56
NVDA,2023-10-11,209.65,323.67,-35.2286,57
NVDA,2024-08-14,209.66,323.67,-35.223,58
NVDA,2023-09-14,210.66,323.67,-34.9143,59
NVDA,2024-08-20,210.72,323.67,-34.8972,60
NVDA,2023-11-01,210.72,323.67,-34.8962,61
NVDA,2023-06-09,211.38,323.67,-34.6926,62
NVDA,2024-10-17,211.68,323.67,-34.5995,63
NVDA,2024-08-12,211.69,323.67,-34.5971,64
NVDA,2023-09-21,211.71,323.67,-34.5898,65
NVDA,2024-08-15,211.81,323.67,-34.5591,66
NVDA,2023-06-08,211.81,323.67,-34.5588,67
NVDA,2023-10-24,211.9,323.67,-34.5312,68
NVDA,2023-11-13,212.44,323.67,-34.3652,69
NVDA,2020-12-08,66.67,101.55,-34.3488,70
NVDA,2024-10-09,212.55,323.67,-34.331,71
NVDA,2024-08-13,213.44,323.67,-34.0548,72
NVDA,2023-06-06,214.03,323.67,-33.8753,73
NVDA,2020-12-09,67.15,101.55,-33.873,74
NVDA,2024-10-18,214.16,323.67,-33.8331,75
NVDA,2023-10-12,214.43,323.67,-33.7491,76
NVDA,2024-10-16,214.54,323.67,-33.7158,77
NVDA,2024-08-01,214.59,323.67,-33.6996,78
NVDA,2020-12-17,67.33,101.55,-33.6946,79
NVDA,2020-12-24,67.38,101.55,-33.6444,80
NVDA,2023-09-25,214.84,323.67,-33.6228,81
NVDA,2023-10-18,214.91,323.67,-33.6031,82
NVDA,2024-02-29,215.16,323.67,-33.5256,83
NVDA,2023-10-16,215.2,323.67,-33.5123,84
NVDA,2023-10-19,215.83,323.67,-33.319,85
NVDA,2023-09-07,215.98,323.67,-33.2719,86
NVDA,2024-08-09,216.09,323.67,-33.2391,87
NVDA,2024-08-16,216.58,323.67,-33.0877,88
NVDA,2024-02-20,216.61,323.67,-33.0776,89
NVDA,2024-02-19,216.81,323.67,-33.0153,90
NVDA,2024-02-28,216.82,323.67,-33.0125,91
NVDA,2023-10-17,217.11,323.67,-32.9214,92
NVDA,2024-10-21,217.37,323.67,-32.8422,93
NVDA,2024-08-08,217.41,323.67,-32.8293,94
NVDA,2020-12-28,68.26,101.55,-32.7815,95
NVDA,2020-12-23,68.28,101.55,-32.7634,96
NVDA,2024-02-16,218.02,323.67,-32.6412,97
NVDA,2024-10-11,218.06,323.67,-32.6288,98
NVDA,2024-03-01,218.12,323.67,-32.6101,99
NVDA,2023-10-25,218.22,323.67,-32.5805,100
NVDA,2024-09-19,218.32,323.67,-32.5487,101
NVDA,2023-09-26,218.59,323.67,-32.4665,102
NVDA,2024-02-14,218.76,323.67,-32.4132,103
NVDA,2023-06-02,218.82,323.67,-32.3934,104
NVDA,2024-01-09,219.13,323.67,-32.2985,105
NVDA,2024-02-13,219.25,323.67,-32.2626,106
NVDA,2024-03-04,219.25,323.67,-32.261,107
NVDA,2020-12-01,68.8,101.55,-32.249,108
NVDA,2024-10-10,219.46,323.67,-32.1957,109
NVDA,2024-01-08,219.64,323.67,-32.142,110
NVDA,2024-10-14,219.65,323.67,-32.1376,111
NVDA,2023-06-07,219.68,323.67,-32.1286,112
NVDA,2024-10-15,219.91,323.67,-32.0578,113
NVDA,2024-01-05,220.46,323.67,-31.8871,114
NVDA,2024-01-04,220.46,323.67,-31.8863,115
NVDA,2020-12-16,69.18,101.55,-31.879,116
NVDA,2020-12-07,69.22,101.55,-31.8368,117
NVDA,2020-12-10,69.38,101.55,-31.6793,118
NVDA,2024-10-08,221.23,323.67,-31.6511,119
NVDA,2024-01-03,221.54,323.67,-31.5526,120
NVDA,2023-06-12,221.65,323.67,-31.5186,121
NVDA,2023-10-27,221.8,323.67,-31.4726,122
NVDA,2020-12-25,69.6,101.55,-31.4591,123
NVDA,2020-12-02,69.62,101.55,-31.4367,124
NVDA,2021-04-21,69.64,101.55,-31.4174,125
NVDA,2023-11-14,222.03,323.67,-31.4033,126
NVDA,2024-09-20,222.14,323.67,-31.3685,127
NVDA,2023-10-30,222.91,323.67,-31.1314,128
NVDA,2020-11-30,70.02,101.55,-31.0466,129
NVDA,2024-08-07,223.24,323.67,-31.0287,130
NVDA,2024-04-11,223.32,323.67,-31.0052,131
NVDA,2023-09-06,223.42,323.67,-30.9723,132
NVDA,2023-10-20,223.45,323.67,-30.9648,133
NVDA,2024-07-30,223.73,323.67,-30.8781,134
NVDA,2023-10-31,223.99,323.67,-30.7973,135
NVDA,2023-10-26,224.18,323.67,-30.739,136
NVDA,2024-02-15,224.24,323.67,-30.7202,137
NVDA,2024-02-27,224.42,323.67,-30.6651,138
NVDA,2024-02-21,224.55,323.67,-30.6236,139
NVDA,2024-05-02,224.94,323.67,-30.5018,140
NVDA,2024-02-22,225.05,323.67,-30.4682,141
NVDA,2024-07-25,225.22,323.67,-30.417,142
NVDA,2024-07-26,225.25,323.67,-30.4081,143
NVDA,2024-04-30,225.25,323.67,-30.4071,144
NVDA,2023-06-13,225.46,323.67,-30.3413,145
NVDA,2024-07-31,225.5,323.67,-30.3313,146
NVDA,2024-07-29,225.97,323.67,-30.1848,147
NVDA,2020-12-14,70.96,101.55,-30.1227,148
NVDA,2021-01-29,70.97,101.55,-30.1168,149
NVDA,2023-10-23,226.51,323.67,-30.0173,150
NVDA,2021-02-01,71.07,101.55,-30.0136,151
NVDA,2024-01-02,226.54,323.67,-30.0104,152
NVDA,2020-11-24,71.14,101.55,-29.9453,153
NVDA,2020-11-25,71.23,101.55,-29.852,154
NVDA,2024-04-12,227.05,323.67,-29.8517,155
NVDA,2021-01-14,71.24,101.55,-29.8452,156
NVDA,2024-09-25,227.17,323.67,-29.8142,157
NVDA,2024-05-03,227.21,323.67,-29.8031,158
NVDA,2024-02-23,227.4,323.67,-29.7438,159
NVDA,2020-12-15,71.36,101.55,-29.7238,160
NVDA,2023-07-07,227.47,323.67,-29.7202,161
NVDA,2023-07-06,227.53,323.67,-29.7019,162
NVDA,2023-09-04,227.58,323.67,-29.6869,163
NVDA,2024-02-26,227.63,323.67,-29.6723,164
NVDA,2024-09-24,227.76,323.67,-29.6329,165
NVDA,2024-02-02,228.07,323.67,-29.5349,166
NVDA,2024-02-01,228.17,323.67,-29.5066,167
NVDA,2023-07-14,228.4,323.67,-29.4336,168
NVDA,2023-06-19,228.52,323.67,-29.3968,169
NVDA,2021-02-16,71.7,101.55,-29.3912,170
NVDA,2024-02-05,228.86,323.67,-29.2917,171
NVDA,2023-06-20,228.99,323.67,-29.253,172
NVDA,2024-09-23,229.05,323.67,-29.2337,173
NVDA,2021-04-20,71.99,101.55,-29.1087,174
NVDA,2023-07-11,229.53,323.67,-29.0862,175
NVDA,2021-04-27,72.04,101.55,-29.0569,176
NVDA,2023-07-13,229.75,323.67,-29.0167,177
NVDA,2024-04-10,229.82,323.67,-28.9971,178
NVDA,2021-01-19,72.14,101.55,-28.9644,179
NVDA,2024-10-23,230.0,323.67,-28.9413,180
NVDA,2024-03-05,230.01,323.67,-28.938,181
NVDA,2024-05-01,230.02,323.67,-28.9341,182
NVDA,2024-09-30,230.03,323.67,-28.9311,183
NVDA,2024-04-08,230.42,323.67,-28.8105,184
NVDA,2021-02-15,72.32,101.55,-28.7804,185
NVDA,2020-12-04,72.35,101.55,-28.7527,186
NVDA,2023-08-08,230.64,323.67,-28.7437,187
NVDA,2023-07-05,230.7,323.67,-28.7227,188
NVDA,2021-04-23,72.39,101.55,-28.7165,189
NVDA,2024-02-12,230.79,323.67,-28.6949,190
NVDA,2023-09-05,230.87,323.67,-28.6708,191
NVDA,2020-12-03,72.45,101.55,-28.6504,192
NVDA,2020-11-27,72.46,101.55,-28.6428,193
NVDA,2024-10-01,231.25,323.67,-28.5527,194
NVDA,2023-07-12,231.47,323.67,-28.4857,195
NVDA,2024-02-07,231.64,323.67,-28.4331,196
NVDA,2021-02-12,72.75,101.55,-28.3572,197
NVDA,2024-04-16,231.99,323.67,-28.3238,198
NVDA,2024-03-08,232.02,323.67,-28.3154,199
NVDA,2021-01-15,72.8,101.55,-28.3104,200
NVDA,2023-07-25,232.05,323.67,-28.3055,201
NVDA,2023-12-08,232.14,323.67,-28.2788,202
NVDA,2023-07-28,232.27,323.67,-28.2382,203
NVDA,2023-08-09,232.31,323.67,-28.2251,204
NVDA,2020-11-23,72.94,101.55,-28.169,205
NVDA,2021-02-11,73.03,101.55,-28.0875,206
NVDA,2021-04-26,73.03,101.55,-28.0824,207
NVDA,2023-06-01,232.79,323.67,-28.0794,208
NVDA,2024-01-10,232.81,323.67,-28.073,209
NVDA,2024-04-09,232.84,323.67,-28.0637,210
NVDA,2024-05-06,232.92,323.67,-28.0371,211
NVDA,2023-12-20,232.97,323.67,-28.0234,212
NVDA,2024-10-22,233.18,323.67,-27.957,213
NVDA,2023-08-07,233.28,323.67,-27.9263,214
NVDA,2024-09-26,233.35,323.67,-27.9039,215
NVDA,2024-04-15,233.49,323.67,-27.8602,216
NVDA,2024-02-09,233.55,323.67,-27.8425,217
NVDA,2020-12-29,73.33,101.55,-27.7901,218
NVDA,2020-10-21,73.37,101.55,-27.7466,219
NVDA,2024-04-29,233.87,323.67,-27.7456,220
NVDA,2024-01-01,233.89,323.67,-27.7378,221
NVDA,2024-02-08,233.95,323.67,-27.7185,222
NVDA,2024-07-24,234.0,323.67,-27.7048,223
NVDA,2021-04-28,73.52,101.55,-27.6028,224
NVDA,2024-10-03,234.37,323.67,-27.5889,225
NVDA,2023-07-19,234.45,323.67,-27.5648,226
NVDA,2020-12-11,73.56,101.55,-27.5647,227
NVDA,2021-04-29,73.58,101.55,-27.5384,228
NVDA,2020-10-20,73.62,101.55,-27.501,229
NVDA,2021-04-07,73.62,101.55,-27.4982,230
NVDA,2024-02-06,234.67,323.67,-27.4965,231
NVDA,2023-11-15,234.79,323.67,-27.4596,232
NVDA,2023-06-23,234.83,323.67,-27.448,233
NVDA,2024-07-23,234.88,323.67,-27.4321,234
NVDA,2024-10-02,235.03,323.67,-27.3848,235
NVDA,2021-04-22,73.78,101.55,-27.3482,236
NVDA,2021-04-12,73.8,101.55,-27.3224,237
NVDA,2023-07-26,235.38,323.67,-27.2788,238
NVDA,2023-12-07,235.42,323.67,-27.2666,239
NVDA,2023-07-27,235.44,323.67,-27.2605,240
NVDA,2021-01-28,73.87,101.55,-27.2551,241
NVDA,2021-01-11,73.9,101.55,-27.2302,242
NVDA,2021-04-15,73.95,101.55,-27.1802,243
NVDA,2021-04-09,73.95,101.55,-27.1758,244
NVDA,2023-12-15,236.06,323.67,-27.0678,245
NVDA,2023-06-16,236.13,323.67,-27.0453,246
NVDA,2023-06-21,236.14,323.67,-27.042,247
NVDA,2024-06-12,236.18,323.67,-27.0312,248
NVDA,2023-08-01,236.3,323.67,-26.9936,249
NVDA,2023-08-11,236.48,323.67,-26.9393,250
NVDA,2023-12-26,236.53,323.67,-26.9228,251
NVDA,2020-12-30,74.21,101.55,-26.9206,252
NVDA,2024-10-25,236.55,323.67,-26.9163,253
NVDA,2021-04-30,74.27,101.55,-26.8643,254
NVDA,2023-12-06,236.87,323.67,-26.8163,255
NVDA,2020-10-16,74.34,101.55,-26.7911,256
NVDA,2024-10-07,237.14,323.67,-26.7336,257
NVDA,2023-06-22,237.19,323.67,-26.7195,258
NVDA,2024-03-06,237.27,323.67,-26.6947,259
NVDA,2023-11-21,237.36,323.67,-26.667,260
NVDA,2024-10-04,237.49,323.67,-26.6249,261
NVDA,2021-02-02,74.52,101.55,-26.6134,262
NVDA,2021-01-08,74.56,101.55,-26.5806,263
NVDA,2020-11-26,74.57,101.55,-26.5631,264
NVDA,2023-07-10,237.76,323.67,-26.542,265
NVDA,2021-02-10,74.67,101.55,-26.4727,266
NVDA,2021-04-14,74.72,101.55,-26.4148,267
NVDA,2024-04-26,238.23,323.67,-26.3961,268
NVDA,2024-04-05,238.25,323.67,-26.3918,269
NVDA,2021-02-09,74.8,101.55,-26.343,270
NVDA,2021-04-19,74.87,101.55,-26.2736,271
NVDA,2023-12-19,238.66,323.67,-26.2647,272
NVDA,2020-10-22,74.93,101.55,-26.2086,273
NVDA,2024-09-27,238.95,323.67,-26.1756,274
NVDA,2024-01-31,238.95,323.67,-26.1749,275
NVDA,2021-01-01,74.98,101.55,-26.1623,276
NVDA,2021-01-07,75.02,101.55,-26.1245,277
NVDA,2024-01-11,239.43,323.67,-26.0277,278
NVDA,2023-07-04,239.53,323.67,-25.9941,279
NVDA,2023-11-17,239.55,323.67,-25.9901,280
NVDA,2023-12-27,239.58,323.67,-25.9804,281
NVDA,2024-05-08,239.62,323.67,-25.9684,282
NVDA,2020-10-15,75.22,101.55,-25.9258,283
NVDA,2023-08-02,239.77,323.67,-25.9223,284
NVDA,2024-01-30,239.84,323.67,-25.8994,285
NVDA,2024-06-13,239.91,323.67,-25.8788,286
NVDA,2023-08-21,239.99,323.67,-25.8535,287
NVDA,2023-07-17,240.06,323.67,-25.8323,288
NVDA,2023-08-10,240.08,323.67,-25.8258,289
NVDA,2021-01-27,75.35,101.55,-25.8033,290
NVDA,2021-04-08,75.35,101.55,-25.7977,291
NVDA,2023-08-15,240.28,323.67,-25.7652,292
NVDA,2023-08-17,240.33,323.67,-25.7491,293
NVDA,2023-07-31,240.44,323.67,-25.7147,294
NVDA,2024-07-22,240.49,323.67,-25.7,295
NVDA,2024-10-28,240.53,323.67,-25.6871,296
NVDA,2021-04-13,75.49,101.55,-25.6606,297
NVDA,2023-07-24,240.63,323.67,-25.6564,298
NVDA,2021-02-03,75.51,101.55,-25.6459,299
NVDA,2023-06-15,240.75,323.67,-25.6202,300
NVDA,2024-06-28,240.76,323.67,-25.6164,301
NVDA,2023-12-25,240.76,323.67,-25.6144,302
NVDA,2021-01-13,75.59,101.55,-25.5642,303
NVDA,2023-07-18,240.98,323.67,-25.5463,304
NVDA,2023-06-30,241.24,323.67,-25.4661,305
NVDA,2023-06-14,241.3,323.67,-25.4483,306
NVDA,2023-12-18,241.34,323.67,-25.4366,307
NVDA,2023-07-20,241.42,323.67,-25.4124,308
NVDA,2024-10-30,241.55,323.67,-25.3731,309
NVDA,2024-04-04,241.83,323.67,-25.2851,310
NVDA,2023-08-16,241.83,323.67,-25.2841,311
NVDA,2021-01-25,75.9,101.55,-25.2526,312
NVDA,2023-09-01,241.97,323.67,-25.2412,313
NVDA,2020-11-20,75.92,101.55,-25.2392,314
NVDA,2024-05-07,241.99,323.67,-25.2362,315
NVDA,2023-08-23,241.99,323.67,-25.236,316
NVDA,2021-01-18,75.92,101.55,-25.2337,317
NVDA,2023-12-28,242.08,323.67,-25.2091,318
NVDA,2024-10-29,242.19,323.67,-25.1732,319
NVDA,2024-05-09,242.29,323.67,-25.1441,320
NVDA,2021-01-12,76.05,101.55,-25.1144,321
NVDA,2023-11-20,242.47,323.67,-25.0869,322
NVDA,2023-12-29,242.61,323.67,-25.0431,323
NVDA,2023-05-11,242.64,323.67,-25.0336,324
NVDA,2020-10-23,76.14,101.55,-25.0252,325
NVDA,2024-10-24,242.74,323.67,-25.0054,326
NVDA,2023-12-11,242.77,323.67,-24.9935,327
NVDA,2023-06-29,242.87,323.67,-24.9632,328
NVDA,2023-12-21,243.13,323.67,-24.8846,329
NVDA,2020-12-31,76.29,101.55,-24.8717,330
NVDA,2020-10-28,76.32,101.55,-24.8409,331
NVDA,2020-10-26,76.4,101.55,-24.7624,332
NVDA,2023-08-22,243.54,323.67,-24.7558,333
NVDA,2024-01-29,243.6,323.67,-24.7373,334
NVDA,2021-01-20,76.45,101.55,-24.7126,335
NVDA,2024-06-11,244.07,323.67,-24.5937,336
NVDA,2024-03-27,244.11,323.67,-24.5792,337
NVDA,2024-03-11,244.17,323.67,-24.5621,338
NVDA,2024-03-25,244.21,323.67,-24.5494,339
NVDA,2024-04-03,244.46,323.67,-24.4729,340
NVDA,2024-06-14,244.47,323.67,-24.4699,341
NVDA,2021-02-17,76.72,101.55,-24.4477,342
NVDA,2024-03-26,244.56,323.67,-24.443,343
NVDA,2023-08-31,244.61,323.67,-24.4261,344
NVDA,2023-06-26,244.62,323.67,-24.4217,345
NVDA,2024-07-11,244.7,323.67,-24.3983,346
NVDA,2024-07-15,244.82,323.67,-24.3604,347
NVDA,2023-07-03,245.18,323.67,-24.2503,348
NVDA,2021-05-05,76.92,101.55,-24.2494,349
NVDA,2024-05-10,245.23,323.67,-24.2345,350
NVDA,2023-08-29,245.38,323.67,-24.1891,351
NVDA,2023-12-22,245.55,323.67,-24.1368,352
NVDA,2024-04-17,245.7,323.67,-24.0891,353
NVDA,2024-06-20,245.94,323.67,-24.014,354
NVDA,2024-07-16,246.1,323.67,-23.9662,355
NVDA,2024-07-17,246.23,323.67,-23.9251,356
NVDA,2020-10-30,77.3,101.55,-23.8783,357
NVDA,2024-06-21,246.4,323.67,-23.8734,358
NVDA,2021-02-05,77.31,101.55,-23.873,359
NVDA,2024-03-12,246.55,323.67,-23.8273,360
NVDA,2023-12-13,246.56,323.67,-23.8244,361
NVDA,2020-10-19,77.41,101.55,-23.7706,362
NVDA,2020-11-19,77.42,101.55,-23.7618,363
NVDA,2021-01-04,77.42,101.55,-23.7579,364
NVDA,2023-08-04,246.8,323.67,-23.7505,365
NVDA,2021-05-03,77.44,101.55,-23.7397,366
NVDA,2024-03-22,246.88,323.67,-23.7249,367
NVDA,2024-03-07,247.04,323.67,-23.6753,368
NVDA,2021-01-06,77.51,101.55,-23.6671,369
NVDA,2024-07-12,247.08,323.67,-23.6634,370
NVDA,2024-04-02,247.15,323.67,-23.6423,371
NVDA,2023-08-30,247.15,323.67,-23.6403,372
NVDA,2023-05-09,247.29,323.67,-23.5971,373
NVDA,2021-02-08,77.64,101.55,-23.5407,374
NVDA,2023-12-12,247.66,323.67,-23.4826,375
NVDA,2020-10-27,77.71,101.55,-23.4797,376
NVDA,2024-07-01,247.73,323.67,-23.4629,377
NVDA,2021-05-06,77.78,101.55,-23.4025,378
NVDA,2023-07-21,248.02,323.67,-23.3736,379
NVDA,2023-08-25,248.03,323.67,-23.3705,380
NVDA,2023-11-16,248.34,323.67,-23.2731,381
NVDA,2024-03-21,248.39,323.67,-23.259,382
NVDA,2023-06-28,248.49,323.67,-23.2284,383
NVDA,2023-12-14,248.62,323.67,-23.1868,384
NVDA,2024-06-24,248.63,323.67,-23.1841,385
NVDA,2024-06-26,248.74,323.67,-23.1505,386
NVDA,2021-02-04,78.07,101.55,-23.124,387
NVDA,2024-01-12,248.88,323.67,-23.1077,388
NVDA,2024-07-05,249.05,323.67,-23.0549,389
NVDA,2023-06-27,249.05,323.67,-23.0529,390
NVDA,2023-08-03,249.13,323.67,-23.031,391
NVDA,2023-05-31,249.2,323.67,-23.0081,392
NVDA,2023-05-10,249.25,323.67,-22.9935,393
NVDA,2020-10-13,78.23,101.55,-22.9597,394
NVDA,2023-12-01,249.46,323.67,-22.9279,395
NVDA,2024-07-19,249.49,323.67,-22.9175,396
NVDA,2021-04-02,78.31,101.55,-22.8817,397
NVDA,2021-01-05,78.34,101.55,-22.85,398
NVDA,2024-03-18,249.83,323.67,-22.8137,399
NVDA,2024-06-27,249.99,323.67,-22.7651,400
NVDA,2023-08-14,249.99,323.67,-22.765,401
NVDA,2024-07-02,250.01,323.67,-22.7588,402
NVDA,2024-03-13,250.07,323.67,-22.7403,403
NVDA,2024-06-18,250.22,323.67,-22.6941,404
NVDA,2021-01-22,78.52,101.55,-22.6754,405
NVDA,2021-01-26,78.57,101.55,-22.6323,406
NVDA,2021-03-17,78.57,101.55,-22.6239,407
NVDA,2021-03-15,78.62,101.55,-22.5817,408
NVDA,2021-05-04,78.62,101.55,-22.5751,409
NVDA,2020-11-18,78.7,101.55,-22.4998,410
NVDA,2024-06-25,250.85,323.67,-22.4975,411
NVDA,2020-08-31,78.71,101.55,-22.4913,412
NVDA,2024-04-25,250.88,323.67,-22.4899,413
NVDA,2023-08-18,251.07,323.67,-22.4309,414
NVDA,2024-07-04,251.31,323.67,-22.3561,415
NVDA,2024-07-18,251.43,323.67,-22.3199,416
NVDA,2023-08-28,251.62,323.67,-22.2613,417
NVDA,2023-05-19,251.82,323.67,-22.1973,418
NVDA,2023-11-30,252.22,323.67,-22.0756,419
NVDA,2021-03-24,79.2,101.55,-22.0117,420
NVDA,2023-05-12,252.48,323.67,-21.9955,421
NVDA,2024-04-01,252.49,323.67,-21.9904,422
NVDA,2024-01-25,252.5,323.67,-21.9892,423
NVDA,2021-04-06,79.25,101.55,-21.9557,424
NVDA,2023-12-04,252.63,323.67,-21.9495,425
NVDA,2024-01-15,252.87,323.67,-21.8744,426
NVDA,2021-03-26,79.35,101.55,-21.8574,427
NVDA,2020-11-12,79.37,101.55,-21.8374,428
NVDA,2020-10-02,79.41,101.55,-21.8047,429
NVDA,2024-07-03,253.2,323.67,-21.7717,430
NVDA,2020-08-27,79.45,101.55,-21.7625,431
NVDA,2024-01-26,253.51,323.67,-21.6773,432
NVDA,2024-07-08,253.53,323.67,-21.6717,433
NVDA,2020-10-14,79.6,101.55,-21.6111,434
NVDA,2020-09-03,79.6,101.55,-21.6106,435
NVDA,2024-01-16,253.77,323.67,-21.595,436
NVDA,2023-08-24,254.26,323.67,-21.4458,437
NVDA,2021-03-22,79.81,101.55,-21.4067,438
NVDA,2021-03-16,79.86,101.55,-21.3549,439
NVDA,2023-03-06,254.6,323.67,-21.3388,440
NVDA,2024-06-10,254.68,323.67,-21.3154,441
NVDA,2023-03-07,254.72,323.67,-21.3037,442
NVDA,2024-05-17,254.96,323.67,-21.2297,443
NVDA,2021-01-21,79.99,101.55,-21.2252,444
NVDA,2020-10-09,80.0,101.55,-21.2164,445
NVDA,2024-03-28,255.02,323.67,-21.2086,446
NVDA,2020-11-11,80.02,101.55,-21.2007,447
NVDA,2021-04-16,80.02,101.55,-21.2004,448
NVDA,2021-03-18,80.08,101.55,-21.1432,449
NVDA,2024-05-27,255.5,323.67,-21.0603,450
NVDA,2024-05-13,255.58,323.67,-21.0354,451
NVDA,2020-09-11,80.19,101.55,-21.0296,452
NVDA,2021-03-19,80.21,101.55,-21.0174,453
NVDA,2021-04-05,80.23,101.55,-20.9966,454
NVDA,2024-07-10,255.76,323.67,-20.9822,455
NVDA,2024-03-20,255.89,323.67,-20.9411,456
NVDA,2020-11-02,80.29,101.55,-20.9386,457
NVDA,2020-11-13,80.29,101.55,-20.9375,458
NVDA,2021-03-25,80.3,101.55,-20.92,459
NVDA,2020-08-28,80.44,101.55,-20.7899,460
NVDA,2022-08-31,190.82,240.47,-20.6494,461
NVDA,2023-12-05,256.98,323.67,-20.6049,462
NVDA,2020-09-07,80.64,101.55,-20.5921,463
NVDA,2023-11-29,257.39,323.67,-20.4772,464
NVDA,2024-01-17,257.4,323.67,-20.4735,465
NVDA,2021-03-23,80.79,101.55,-20.4388,466
NVDA,2024-04-24,257.53,323.67,-20.4346,467
NVDA,2024-03-14,257.56,323.67,-20.4262,468
NVDA,2023-05-18,257.61,323.67,-20.4083,469
NVDA,2020-11-03,80.87,101.55,-20.3626,470
NVDA,2023-05-22,257.86,323.67,-20.3325,471
NVDA,2024-06-17,258.01,323.67,-20.2871,472
NVDA,2024-03-15,258.06,323.67,-20.27,473
NVDA,2023-05-29,258.08,323.67,-20.2654,474
NVDA,2023-05-08,258.39,323.67,-20.168,475
NVDA,2022-03-09,146.81,183.71,-20.0858,476
NVDA,2023-05-15,258.72,323.67,-20.0665,477
NVDA,2020-10-29,81.22,101.55,-20.0202,478
NVDA,2021-02-18,81.22,101.55,-20.019,479
NVDA,2024-01-22,258.88,323.67,-20.0175,480
NVDA,2024-03-29,259.07,323.67,-19.9572,481
NVDA,2024-01-18,259.58,323.67,-19.8024,482
NVDA,2020-09-02,81.45,101.55,-19.7896,483
NVDA,2024-05-30,259.7,323.67,-19.7647,484
NVDA,2021-03-12,81.51,101.55,-19.7335,485
NVDA,2022-09-01,193.02,240.47,-19.7334,486
NVDA,2024-05-16,260.01,323.67,-19.668,487
NVDA,2021-04-01,81.61,101.55,-19.6309,488
NVDA,2023-05-16,260.69,323.67,-19.4573,489
NVDA,2020-09-01,81.81,101.55,-19.4356,490
NVDA,2024-06-19,261.09,323.67,-19.3356,491
NVDA,2020-11-16,81.94,101.55,-19.3071,492
NVDA,2024-06-03,261.32,323.67,-19.262,493
NVDA,2024-03-19,261.82,323.67,-19.1091,494
NVDA,2024-06-05,261.86,323.67,-19.0974,495
NVDA,2024-06-04,261.9,323.67,-19.0839,496
NVDA,2024-05-28,262.3,323.67,-18.9614,497
NVDA,2024-05-14,262.31,323.67,-18.9579,498
NVDA,2021-03-31,82.33,101.55,-18.9292,499
NVDA,2021-12-14,137.22,168.9,-18.7541,500
NVDA,2020-11-04,82.56,101.55,-18.6947,501
NVDA,2024-05-29,263.39,323.67,-18.6247,502
NVDA,2021-05-12,82.66,101.55,-18.6049,503
NVDA,2023-11-28,263.48,323.67,-18.5952,504
NVDA,2023-11-22,263.53,323.67,-18.5801,505
NVDA,2023-05-17,263.54,323.67,-18.5776,506
NVDA,2023-03-14,263.68,323.67,-18.5341,507
NVDA,2023-03-10,263.7,323.67,-18.5268,508
NVDA,2024-05-20,263.72,323.67,-18.5227,509
NVDA,2024-04-18,263.8,323.67,-18.4977,510
NVDA,2020-09-04,82.78,101.55,-18.4864,511
NVDA,2023-03-13,263.87,323.67,-18.4742,512
NVDA,2023-01-30,263.97,323.67,-18.4459,513
NVDA,2024-05-31,264.18,323.67,-18.3796,514
NVDA,2020-09-16,83.0,101.55,-18.2635,515
NVDA,2024-05-23,264.59,323.67,-18.2542,516
NVDA,2020-09-08,83.05,101.55,-18.2171,517
NVDA,2024-04-22,264.71,323.67,-18.2148,518
NVDA,2023-05-30,264.74,323.67,-18.2071,519
NVDA,2020-11-17,83.07,101.55,-18.2006,520
NVDA,2020-10-12,83.08,101.55,-18.1862,521
NVDA,2021-03-30,83.15,101.55,-18.1175,522
NVDA,2024-01-23,265.2,323.67,-18.0652,523
NVDA,2023-05-26,265.42,323.67,-17.9966,524
NVDA,2023-05-23,265.73,323.67,-17.9014,525
NVDA,2021-12-13,138.82,168.9,-17.8095,526
NVDA,2020-09-14,83.5,101.55,-17.774,527
NVDA,2020-09-10,83.53,101.55,-17.7418,528
NVDA,2020-10-01,83.62,101.55,-17.6554,529
NVDA,2024-01-19,266.61,323.67,-17.6292,530
NVDA,2020-11-10,83.65,101.55,-17.6207,531
NVDA,2024-07-09,266.89,323.67,-17.5429,532
NVDA,2024-01-24,266.94,323.67,-17.5266,533
NVDA,2020-09-17,83.75,101.55,-17.5252,534
NVDA,2020-08-26,83.82,101.55,-17.4544,535
NVDA,2024-04-23,267.31,323.67,-17.4126,536
NVDA,2020-08-25,83.89,101.55,-17.3901,537
NVDA,2022-09-02,198.75,240.47,-17.3515,538
NVDA,2022-03-08,151.96,183.71,-17.2825,539
NVDA,2021-05-07,84.05,101.55,-17.2326,540
NVDA,2023-05-05,267.9,323.67,-17.2307,541
NVDA,2024-05-22,268.22,323.67,-17.1315,542
NVDA,2024-04-19,268.31,323.67,-17.1052,543
NVDA,2023-05-25,268.37,323.67,-17.0866,544
NVDA,2024-06-06,268.42,323.67,-17.0709,545
NVDA,2020-10-05,84.27,101.55,-17.0116,546
NVDA,2020-11-09,84.3,101.55,-16.9817,547
NVDA,2024-05-21,268.93,323.67,-16.9117,548
NVDA,2020-09-09,84.39,101.55,-16.8968,549
NVDA,2023-11-23,269.03,323.67,-16.8828,550
NVDA,2023-03-08,269.06,323.67,-16.8713,551
NVDA,2020-07-08,84.45,101.55,-16.8372,552
NVDA,2020-10-07,84.5,101.55,-16.786,553
NVDA,2020-10-08,84.52,101.55,-16.7639,554
NVDA,2023-03-02,269.42,323.67,-16.7598,555
NVDA,2023-03-09,269.87,323.67,-16.622,556
NVDA,2021-05-13,84.67,101.55,-16.6189,557
NVDA,2020-08-18,84.7,101.55,-16.5882,558
NVDA,2024-06-07,270.11,323.67,-16.5465,559
NVDA,2020-11-05,84.77,101.55,-16.5268,560
NVDA,2022-03-02,153.36,183.71,-16.5224,561
NVDA,2023-03-17,270.23,323.67,-16.5117,562
NVDA,2022-01-10,141.05,168.9,-16.4911,563
NVDA,2023-03-03,270.52,323.67,-16.421,564
NVDA,2023-02-21,270.56,323.67,-16.4099,565
NVDA,2023-01-27,270.57,323.67,-16.4058,566
NVDA,2020-09-15,84.94,101.55,-16.3598,567
NVDA,2023-03-20,270.76,323.67,-16.3474,568
NVDA,2022-08-30,201.29,240.47,-16.2935,569
NVDA,2022-03-10,153.79,183.71,-16.2851,570
NVDA,2021-02-19,85.03,101.55,-16.2629,571
NVDA,2021-12-28,141.57,168.9,-16.1812,572
NVDA,2020-07-07,85.12,101.55,-16.18,573
NVDA,2020-06-15,85.11,101.45,-16.1038,574
NVDA,2024-05-24,271.59,323.67,-16.09,575
NVDA,2021-07-13,96.85,115.41,-16.0864,576
NVDA,2021-09-22,135.07,160.9,-16.0518,577
NVDA,2023-05-24,272.02,323.67,-15.9569,578
NVDA,2020-06-10,85.28,101.45,-15.9359,579
NVDA,2022-08-25,202.17,240.47,-15.9259,580
NVDA,2021-07-09,97.12,115.41,-15.8489,581
NVDA,2021-12-30,142.24,168.9,-15.7826,582
NVDA,2021-12-27,142.31,168.9,-15.7436,583
NVDA,2023-03-21,272.78,323.67,-15.722,584
NVDA,2022-03-04,154.97,183.71,-15.6439,585
NVDA,2021-05-10,85.67,101.55,-15.6378,586
NVDA,2023-05-03,273.12,323.67,-15.6175,587
NVDA,2020-06-18,85.61,101.45,-15.6089,588
NVDA,2021-03-11,85.72,101.55,-15.5859,589
NVDA,2022-03-07,155.08,183.71,-15.585,590
NVDA,2020-10-06,85.8,101.55,-15.5108,591
NVDA,2024-05-15,273.65,323.67,-15.4528,592
NVDA,2021-03-09,85.94,101.55,-15.3736,593
NVDA,2022-08-26,203.51,240.47,-15.3726,594
NVDA,2023-02-28,273.94,323.67,-15.3646,595
NVDA,2022-02-28,155.55,183.71,-15.3291,596
NVDA,2020-08-17,85.99,101.55,-15.3256,597
NVDA,2023-02-14,274.09,323.67,-15.3181,598
NVDA,2022-08-29,203.65,240.47,-15.3126,599
NVDA,2020-09-30,86.01,101.55,-15.3039,600
NVDA,2021-03-08,86.05,101.55,-15.2666,601
NVDA,2021-03-29,86.06,101.55,-15.2495,602
NVDA,2023-02-20,274.57,323.67,-15.1705,603
NVDA,2021-05-11,86.19,101.55,-15.1238,604
NVDA,2023-03-31,274.85,323.67,-15.0848,605
NVDA,2023-02-17,274.9,323.67,-15.0691,606
NVDA,2020-07-06,86.32,101.55,-14.9917,607
NVDA,2021-07-12,98.11,115.41,-14.9882,608
NVDA,2020-11-06,86.37,101.55,-14.9434,609
NVDA,2020-08-20,86.41,101.55,-14.9035,610
NVDA,2022-10-07,213.26,250.6,-14.8989,611
NVDA,2021-10-20,136.94,160.9,-14.894,612
NVDA,2023-03-01,275.48,323.67,-14.8878,613
NVDA,2021-07-06,98.25,115.41,-14.8666,614
NVDA,2020-07-28,86.54,101.55,-14.7834,615
NVDA,2020-09-18,86.56,101.55,-14.7597,616
NVDA,2021-03-10,86.57,101.55,-14.7525,617
NVDA,2022-01-06,144.06,168.9,-14.7088,618
NVDA,2023-03-29,276.09,323.67,-14.6994,619
NVDA,2022-10-06,213.78,250.6,-14.6934,620
NVDA,2020-08-14,86.63,101.55,-14.6912,621
NVDA,2021-12-08,144.21,168.9,-14.6172,622
NVDA,2022-08-19,205.36,240.47,-14.6022,623
NVDA,2022-03-03,156.96,183.71,-14.5624,624
NVDA,2023-01-26,276.55,323.67,-14.5566,625
NVDA,2020-06-12,86.69,101.45,-14.5482,626
NVDA,2023-01-31,276.61,323.67,-14.5385,627
NVDA,2021-12-21,144.38,168.9,-14.5198,628
NVDA,2022-01-05,144.43,168.9,-14.4863,629
NVDA,2021-12-24,144.44,168.9,-14.4835,630
NVDA,2020-07-02,86.87,101.55,-14.4571,631
NVDA,2021-12-10,144.5,168.9,-14.4491,632
NVDA,2021-07-08,98.76,115.41,-14.4286,633
NVDA,2020-07-23,86.96,101.55,-14.3638,634
NVDA,2020-09-21,86.98,101.55,-14.348,635
NVDA,2021-09-21,138.03,160.9,-14.2131,636
NVDA,2021-05-14,87.14,101.55,-14.1859,637
NVDA,2023-03-22,278.02,323.67,-14.1054,638
NVDA,2021-12-29,145.14,168.9,-14.0682,639
NVDA,2021-10-14,138.28,160.9,-14.0612,640
NVDA,2021-10-13,138.3,160.9,-14.0442,641
NVDA,2023-02-01,278.27,323.67,-14.0273,642
NVDA,2021-10-25,138.36,160.9,-14.01,643
NVDA,2022-03-11,158.0,183.71,-13.9951,644
NVDA,2020-07-03,87.43,101.55,-13.9031,645
NVDA,2022-02-25,158.17,183.71,-13.9017,646
NVDA,2023-04-04,279.05,323.67,-13.7858,647
NVDA,2020-08-19,87.56,101.55,-13.7759,648
NVDA,2023-02-09,279.37,323.67,-13.6866,649
NVDA,2023-05-04,279.57,323.67,-13.6237,650
NVDA,2023-02-07,279.61,323.67,-13.6118,651
NVDA,2020-08-21,87.73,101.55,-13.611,652
NVDA,2022-01-07,145.92,168.9,-13.6052,653
NVDA,2020-09-22,87.75,101.55,-13.5911,654
NVDA,2020-09-29,87.79,101.55,-13.5519,655
NVDA,2021-12-06,146.04,168.9,-13.5359,656
NVDA,2023-05-02,280.13,323.67,-13.4511,657
NVDA,2020-05-04,84.47,97.6,-13.4505,658
NVDA,2023-03-16,280.3,323.67,-13.3985,659
NVDA,2021-10-12,139.38,160.9,-13.377,660
NVDA,2021-12-16,146.52,168.9,-13.2513,661
NVDA,2021-05-17,88.12,101.55,-13.2245,662
NVDA,2021-03-04,88.17,101.55,-13.1722,663
NVDA,2021-09-27,139.72,160.9,-13.1652,664
NVDA,2020-07-27,88.2,101.55,-13.1438,665
NVDA,2023-01-25,281.24,323.67,-13.1101,666
NVDA,2021-12-15,146.77,168.9,-13.1018,667
NVDA,2023-11-24,281.66,323.67,-12.9789,668
NVDA,2021-12-09,147.04,168.9,-12.9429,669
NVDA,2023-02-16,281.79,323.67,-12.9385,670
NVDA,2023-01-18,281.8,323.67,-12.9369,671
NVDA,2020-08-12,88.42,101.55,-12.9291,672
NVDA,2023-02-13,281.87,323.67,-12.9138,673
NVDA,2020-07-01,88.49,101.55,-12.8632,674
NVDA,2020-06-11,88.44,101.45,-12.817,675
NVDA,2021-05-18,88.55,101.55,-12.7998,676
NVDA,2023-03-30,282.27,323.67,-12.7907,677
NVDA,2022-03-01,160.26,183.71,-12.7664,678
NVDA,2023-04-06,282.36,323.67,-12.7632,679
NVDA,2020-07-09,88.65,101.55,-12.7028,680
NVDA,2021-03-05,88.67,101.55,-12.6824,681
NVDA,2022-10-10,218.89,250.6,-12.6529,682
NVDA,2023-03-15,282.89,323.67,-12.5986,683
NVDA,2020-08-24,88.77,101.55,-12.5873,684
NVDA,2023-04-03,283.04,323.67,-12.5532,685
NVDA,2022-07-20,210.36,240.47,-12.52,686
NVDA,2021-10-11,140.82,160.9,-12.4806,687
NVDA,2023-01-16,283.32,323.67,-12.4668,688
NVDA,2020-05-01,85.45,97.6,-12.445,689
NVDA,2020-06-09,88.82,101.45,-12.4431,690
NVDA,2021-12-07,148.03,168.9,-12.3542,691
NVDA,2022-01-11,148.06,168.9,-12.3406,692
NVDA,2022-10-11,219.69,250.6,-12.3325,693
NVDA,2020-07-24,89.11,101.55,-12.2455,694
NVDA,2021-07-05,101.3,115.41,-12.2311,695
NVDA,2021-07-07,101.34,115.41,-12.1946,696
NVDA,2021-10-22,141.29,160.9,-12.1875,697
NVDA,2022-08-24,211.2,240.47,-12.1739,698
NVDA,2023-01-19,284.38,323.67,-12.1375,699
NVDA,2022-03-14,161.45,183.71,-12.1176,700
NVDA,2023-01-17,284.45,323.67,-12.1168,701
NVDA,2023-02-10,284.69,323.67,-12.0432,702
NVDA,2022-01-17,148.58,168.9,-12.0336,703
NVDA,2022-08-22,211.54,240.47,-12.0321,704
NVDA,2021-10-26,141.61,160.9,-11.9915,705
NVDA,2021-07-20,101.61,115.41,-11.9585,706
NVDA,2023-03-23,285.08,323.67,-11.9227,707
NVDA,2020-06-16,89.43,101.45,-11.8465,708
NVDA,2021-09-23,141.91,160.9,-11.8003,709
NVDA,2022-01-13,148.99,168.9,-11.7902,710
NVDA,2020-06-19,89.55,101.45,-11.7312,711
NVDA,2023-11-27,285.92,323.67,-11.6635,712
NVDA,2022-08-02,212.43,240.47,-11.6594,713
NVDA,2020-08-06,89.81,101.55,-11.5597,714
NVDA,2020-08-07,89.82,101.55,-11.549,715
NVDA,2023-04-17,286.39,323.67,-11.5166,716
NVDA,2023-02-06,286.45,323.67,-11.4988,717
NVDA,2021-09-20,142.42,160.9,-11.4878,718
NVDA,2021-07-02,102.22,115.41,-11.4323,719
NVDA,2023-02-15,286.69,323.67,-11.4238,720
NVDA,2021-12-17,149.72,168.9,-11.3542,721
NVDA,2020-05-11,86.54,97.6,-11.3275,722
NVDA,2021-02-22,90.1,101.55,-11.2778,723
NVDA,2021-09-16,142.84,160.9,-11.2258,724
NVDA,2021-10-27,142.89,160.9,-11.192,725
NVDA,2020-08-11,90.25,101.55,-11.1218,726
NVDA,2022-05-20,191.38,215.29,-11.1032,727
NVDA,2022-01-12,150.29,168.9,-11.0181,728
NVDA,2021-12-23,150.33,168.9,-10.9947,729
NVDA,2022-01-03,150.38,168.9,-10.968,730
NVDA,2021-09-28,143.36,160.9,-10.9036,731
NVDA,2020-08-10,90.54,101.55,-10.8373,732
NVDA,2022-10-05,223.56,250.6,-10.7918,733
NVDA,2022-06-17,208.68,233.92,-10.789,734
NVDA,2021-10-08,143.57,160.9,-10.77,735
NVDA,2021-12-20,150.72,168.9,-10.7667,736
NVDA,2021-09-24,143.6,160.9,-10.7542,737
NVDA,2020-06-08,90.56,101.45,-10.7308,738
NVDA,2020-05-06,87.17,97.6,-10.6884,739
NVDA,2023-02-08,289.15,323.67,-10.6637,740
NVDA,2023-01-20,289.19,323.67,-10.6521,741
NVDA,2020-09-23,90.76,101.55,-10.621,742
NVDA,2022-02-21,164.2,183.71,-10.6177,743
NVDA,2022-08-08,215.04,240.47,-10.5765,744
NVDA,2022-01-14,151.18,168.9,-10.4898,745
NVDA,2020-04-06,73.37,81.96,-10.4729,746
NVDA,2021-12-22,151.31,168.9,-10.4128,747
NVDA,2022-05-23,192.88,215.29,-10.4072,748
NVDA,2022-08-03,215.55,240.47,-10.3628,749
NVDA,2022-10-12,224.68,250.6,-10.343,750
NVDA,2023-02-22,290.48,323.67,-10.2543,751
NVDA,2020-08-13,91.14,101.55,-10.2516,752
NVDA,2020-08-05,91.16,101.55,-10.2262,753
NVDA,2020-06-17,91.16,101.45,-10.1395,754
NVDA,2022-07-19,216.15,240.47,-10.1157,755
NVDA,2020-09-28,91.35,101.55,-10.0475,756
NVDA,2022-08-05,216.34,240.47,-10.0355,757
NVDA,2022-06-20,210.48,233.92,-10.0219,758
NVDA,2020-05-05,87.83,97.6,-10.0121,759
NVDA,2022-06-13,210.51,233.92,-10.0073,760
NVDA,2021-10-19,144.82,160.9,-9.9957,761
NVDA,2021-10-18,144.85,160.9,-9.9736,762
NVDA,2022-06-16,210.63,233.92,-9.9591,763
NVDA,2023-02-27,291.55,323.67,-9.9225,764
NVDA,2020-04-30,87.94,97.6,-9.8977,765
NVDA,2020-06-30,91.52,101.55,-9.8767,766
NVDA,2021-03-02,91.53,101.55,-9.8627,767
NVDA,2020-05-07,87.98,97.6,-9.8526,768
NVDA,2023-04-07,291.98,323.67,-9.7905,769
NVDA,2020-07-20,91.7,101.55,-9.6976,770
NVDA,2023-03-28,292.32,323.67,-9.6861,771
NVDA,2022-06-15,211.28,233.92,-9.6792,772
NVDA,2022-06-09,211.29,233.92,-9.6737,773
NVDA,2022-10-13,226.37,250.6,-9.6677,774
NVDA,2022-02-22,165.98,183.71,-9.65,775
NVDA,2023-01-24,292.56,323.67,-9.6122,776
NVDA,2022-08-12,217.4,240.47,-9.5933,777
NVDA,2021-12-03,152.73,168.9,-9.5759,778
NVDA,2021-09-17,145.52,160.9,-9.5597,779
NVDA,2021-07-14,104.45,115.41,-9.496,780
NVDA,2022-09-05,217.67,240.47,-9.4811,781
NVDA,2022-03-15,166.35,183.71,-9.4496,782
NVDA,2021-09-30,145.77,160.9,-9.4029,783
NVDA,2022-09-07,218.29,240.47,-9.2229,784
NVDA,2022-09-12,218.4,240.47,-9.1807,785
NVDA,2022-07-21,218.41,240.47,-9.1732,786
NVDA,2022-09-08,218.49,240.47,-9.1398,787
NVDA,2020-04-03,74.47,81.96,-9.1318,788
NVDA,2021-10-15,146.22,160.9,-9.1228,789
NVDA,2022-01-04,153.5,168.9,-9.118,790
NVDA,2020-06-04,92.33,101.45,-8.9893,791
NVDA,2022-08-18,218.97,240.47,-8.9405,792
NVDA,2021-03-03,92.51,101.55,-8.8993,793
NVDA,2023-04-05,295.02,323.67,-8.8517,794
NVDA,2022-11-09,250.39,274.7,-8.8503,795
NVDA,2020-07-15,92.56,101.55,-8.8487,796
NVDA,2020-05-13,88.97,97.6,-8.8442,797
NVDA,2022-04-20,175.55,192.53,-8.8232,798
NVDA,2022-11-08,250.52,274.7,-8.8048,799
NVDA,2022-08-04,219.3,240.47,-8.804,800
NVDA,2020-06-05,92.53,101.45,-8.7889,801
NVDA,2022-08-10,219.52,240.47,-8.7109,802
NVDA,2023-02-24,295.57,323.67,-8.6816,803
NVDA,2022-02-10,167.86,183.71,-8.6259,804
NVDA,2021-10-21,147.08,160.9,-8.5894,805
NVDA,2022-08-01,219.92,240.47,-8.5456,806
NVDA,2023-04-12,296.02,323.67,-8.5432,807
NVDA,2020-05-08,89.26,97.6,-8.5403,808
NVDA,2022-06-10,214.04,233.92,-8.4977,809
NVDA,2022-07-22,220.16,240.47,-8.4466,810
NVDA,2021-06-09,101.28,110.61,-8.4387,811
NVDA,2021-09-29,147.34,160.9,-8.4265,812
NVDA,2021-12-31,154.68,168.9,-8.4189,813
NVDA,2020-05-19,89.38,97.6,-8.415,814
NVDA,2023-02-02,296.49,323.67,-8.3988,815
NVDA,2022-01-18,154.75,168.9,-8.3792,816
NVDA,2021-07-21,105.77,115.41,-8.3577,817
NVDA,2021-09-14,147.47,160.9,-8.3452,818
NVDA,2022-07-14,220.46,240.47,-8.3238,819
NVDA,2022-10-27,251.86,274.7,-8.3145,820
NVDA,2023-01-09,296.77,323.67,-8.3122,821
NVDA,2022-08-17,220.49,240.47,-8.3077,822
NVDA,2023-02-03,296.84,323.67,-8.2895,823
NVDA,2020-02-19,68.16,74.31,-8.2837,824
NVDA,2022-04-21,176.66,192.53,-8.2473,825
NVDA,2022-11-10,252.28,274.7,-8.1646,826
NVDA,2022-04-06,176.93,192.53,-8.1022,827
NVDA,2022-04-19,176.96,192.53,-8.0887,828
NVDA,2022-04-15,177.12,192.53,-8.0072,829
NVDA,2020-02-14,68.43,74.31,-7.919,830
NVDA,2022-07-18,221.46,240.47,-7.9074,831
NVDA,2022-03-16,169.22,183.71,-7.8857,832
NVDA,2023-04-19,298.31,323.67,-7.8342,833
NVDA,2023-03-27,298.32,323.67,-7.8308,834
NVDA,2020-02-13,68.51,74.31,-7.8076,835
NVDA,2020-07-17,93.66,101.55,-7.7712,836
NVDA,2020-02-18,68.54,74.31,-7.7612,837
NVDA,2022-08-11,221.86,240.47,-7.7386,838
NVDA,2020-05-20,90.06,97.6,-7.7252,839
NVDA,2022-02-07,169.61,183.71,-7.6742,840
NVDA,2021-06-08,102.14,110.61,-7.6576,841
NVDA,2022-05-24,198.8,215.29,-7.6573,842
NVDA,2022-02-24,169.65,183.71,-7.6539,843
NVDA,2020-07-13,93.81,101.55,-7.6252,844
NVDA,2020-07-22,93.83,101.55,-7.6048,845
NVDA,2022-06-07,216.14,233.92,-7.6025,846
NVDA,2021-11-17,156.07,168.9,-7.5975,847
NVDA,2020-06-29,93.93,101.55,-7.5039,848
NVDA,2020-02-17,68.78,74.31,-7.4491,849
NVDA,2022-02-08,170.06,183.71,-7.4291,850
NVDA,2021-06-30,106.84,115.41,-7.4286,851
NVDA,2022-04-13,178.36,192.53,-7.3637,852
NVDA,2022-06-08,216.75,233.92,-7.3423,853
NVDA,2022-07-25,222.84,240.47,-7.3341,854
NVDA,2022-02-23,170.25,183.71,-7.3247,855
NVDA,2022-09-09,222.89,240.47,-7.31,856
NVDA,2021-02-25,94.14,101.55,-7.293,857
NVDA,2022-04-18,178.53,192.53,-7.2737,858
NVDA,2020-02-25,68.92,74.31,-7.2568,859
NVDA,2023-01-06,300.21,323.67,-7.2486,860
NVDA,2022-06-21,216.99,233.92,-7.2373,861
NVDA,2021-07-01,107.07,115.41,-7.2296,862
NVDA,2022-02-09,170.52,183.71,-7.1782,863
NVDA,2021-06-10,102.68,110.61,-7.1662,864
NVDA,2022-04-22,178.86,192.53,-7.1041,865
NVDA,2021-02-23,94.34,101.55,-7.1018,866
NVDA,2023-02-23,300.73,323.67,-7.0866,867
NVDA,2022-10-28,255.27,274.7,-7.0745,868
NVDA,2023-04-10,300.8,323.67,-7.0657,869
NVDA,2022-04-14,178.93,192.53,-7.0635,870
NVDA,2021-02-24,94.39,101.55,-7.0475,871
NVDA,2020-05-12,90.73,97.6,-7.0352,872
NVDA,2021-08-18,123.15,132.44,-7.0153,873
NVDA,2020-07-29,94.43,101.55,-7.0069,874
NVDA,2021-03-01,94.46,101.55,-6.9811,875
NVDA,2023-01-23,301.11,323.67,-6.9705,876
NVDA,2023-04-18,301.19,323.67,-6.9455,877
NVDA,2020-06-22,94.44,101.45,-6.9087,878
NVDA,2023-01-13,301.35,323.67,-6.8967,879
NVDA,2022-11-07,255.78,274.7,-6.8886,880
NVDA,2023-04-13,301.4,323.67,-6.8802,881
NVDA,2023-01-10,301.43,323.67,-6.8698,882
NVDA,2020-02-24,69.21,74.31,-6.8598,883
NVDA,2021-07-23,107.52,115.41,-6.8425,884
NVDA,2022-12-29,301.55,323.67,-6.8333,885
NVDA,2020-04-02,76.36,81.96,-6.8333,886
NVDA,2022-03-18,171.16,183.71,-6.829,887
NVDA,2022-08-09,224.09,240.47,-6.8124,888
NVDA,2022-09-13,224.12,240.47,-6.8016,889
NVDA,2020-08-03,94.69,101.55,-6.7528,890
NVDA,2022-09-26,231.1,247.82,-6.7484,891
NVDA,2021-07-22,107.62,115.41,-6.7479,892
NVDA,2022-02-11,171.37,183.71,-6.7153,893
NVDA,2021-09-15,150.1,160.9,-6.715,894
NVDA,2021-07-15,107.7,115.41,-6.6839,895
NVDA,2022-05-19,200.94,215.29,-6.6636,896
NVDA,2022-06-23,218.5,233.92,-6.5937,897
NVDA,2022-12-30,302.34,323.67,-6.591,898
NVDA,2020-03-10,71.14,76.15,-6.5753,899
NVDA,2022-12-23,301.62,322.71,-6.536,900
NVDA,2020-07-14,94.93,101.55,-6.5217,901
NVDA,2021-07-16,107.9,115.41,-6.5129,902
NVDA,2021-10-01,150.44,160.9,-6.5036,903
NVDA,2022-12-22,301.74,322.71,-6.4987,904
NVDA,2020-07-16,94.95,101.55,-6.4974,905
NVDA,2020-02-21,69.49,74.31,-6.4952,906
NVDA,2021-02-26,94.97,101.55,-6.4825,907
NVDA,2020-07-10,95.02,101.55,-6.4253,908
NVDA,2022-06-06,218.98,233.92,-6.3874,909
NVDA,2023-04-14,303.0,323.67,-6.3867,910
NVDA,2022-01-24,158.13,168.9,-6.3751,911
NVDA,2021-10-28,150.68,160.9,-6.3539,912
NVDA,2022-10-31,257.26,274.7,-6.3502,913
NVDA,2022-06-14,219.1,233.92,-6.337,914
NVDA,2022-06-22,219.1,233.92,-6.3355,915
NVDA,2020-09-25,95.15,101.55,-6.2982,916
NVDA,2022-08-15,225.33,240.47,-6.2973,917
NVDA,2023-03-24,303.58,323.67,-6.2063,918
NVDA,2021-06-14,103.83,110.61,-6.1278,919
NVDA,2022-04-07,180.81,192.53,-6.0898,920
NVDA,2022-07-07,225.84,240.47,-6.086,921
NVDA,2020-09-24,95.39,101.55,-6.0658,922
NVDA,2022-08-23,225.92,240.47,-6.0516,923
NVDA,2021-09-13,151.17,160.9,-6.0466,924
NVDA,2022-04-05,180.94,192.53,-6.0194,925
NVDA,2022-11-18,260.61,277.27,-6.0096,926
NVDA,2023-01-12,304.22,323.67,-6.009,927
NVDA,2021-10-07,151.24,160.9,-6.0044,928
NVDA,2022-11-11,258.32,274.7,-5.9642,929
NVDA,2022-09-23,233.04,247.82,-5.9631,930
NVDA,2020-04-07,77.07,81.96,-5.9595,931
NVDA,2020-02-20,69.9,74.31,-5.939,932
NVDA,2022-07-15,226.4,240.47,-5.8501,933
NVDA,2022-07-04,226.41,240.47,-5.847,934
NVDA,2021-12-02,159.03,168.9,-5.8432,935
NVDA,2022-10-14,235.96,250.6,-5.841,936
NVDA,2020-02-12,69.98,74.31,-5.8292,937
NVDA,2022-02-18,173.0,183.71,-5.8281,938
NVDA,2023-01-03,304.83,323.67,-5.8214,939
NVDA,2022-02-02,170.93,181.39,-5.7684,940
NVDA,2023-01-02,305.13,323.67,-5.7269,941
NVDA,2022-09-21,233.8,247.82,-5.6578,942
NVDA,2020-06-03,95.75,101.45,-5.6142,943
NVDA,2023-01-11,305.52,323.67,-5.6063,944
NVDA,2021-11-19,159.47,168.9,-5.5859,945
NVDA,2022-10-26,259.37,274.7,-5.5832,946
NVDA,2022-09-06,227.12,240.47,-5.5545,947
NVDA,2022-06-03,221.04,233.92,-5.5047,948
NVDA,2021-11-18,159.63,168.9,-5.4909,949
NVDA,2022-07-29,227.28,240.47,-5.4863,950
NVDA,2021-06-29,109.13,115.41,-5.4414,951
NVDA,2020-06-02,95.93,101.45,-5.437,952
NVDA,2023-04-11,306.23,323.67,-5.3895,953
NVDA,2022-10-03,237.11,250.6,-5.3812,954
NVDA,2022-07-06,227.6,240.47,-5.3519,955
NVDA,2020-08-04,96.15,101.55,-5.3123,956
NVDA,2021-07-19,109.3,115.41,-5.3006,957
NVDA,2022-05-25,203.92,215.29,-5.2815,958
NVDA,2022-01-19,159.98,168.9,-5.2798,959
NVDA,2020-05-18,92.45,97.6,-5.2763,960
NVDA,2022-07-27,228.01,240.47,-5.1816,961
NVDA,2022-07-26,228.02,240.47,-5.1773,962
NVDA,2021-11-24,160.16,168.9,-5.173,963
NVDA,2021-08-17,125.71,132.44,-5.0811,964
NVDA,2021-07-26,109.59,115.41,-5.0449,965
NVDA,2022-03-17,174.56,183.71,-4.9829,966
NVDA,2021-08-30,134.61,141.65,-4.9675,967
NVDA,2022-07-01,228.63,240.47,-4.9236,968
NVDA,2020-03-19,76.76,80.7,-4.8867,969
NVDA,2022-09-22,235.72,247.82,-4.8822,970
NVDA,2021-11-25,160.69,168.9,-4.8625,971
NVDA,2022-07-08,228.81,240.47,-4.8478,972
NVDA,2023-05-01,308.14,323.67,-4.7967,973
NVDA,2020-07-31,96.7,101.55,-4.7732,974
NVDA,2020-07-30,96.75,101.55,-4.7205,975
NVDA,2022-11-01,262.02,274.7,-4.6165,976
NVDA,2022-07-05,229.41,240.47,-4.6017,977
NVDA,2022-09-14,229.43,240.47,-4.5909,978
NVDA,2021-11-16,161.17,168.9,-4.5786,979
NVDA,2022-02-04,175.35,183.71,-4.5497,980
NVDA,2021-05-19,96.94,101.55,-4.5394,981
NVDA,2022-02-16,175.4,183.71,-4.5207,982
NVDA,2022-12-13,297.91,311.97,-4.5054,983
NVDA,2021-06-28,110.25,115.41,-4.4735,984
NVDA,2022-02-17,175.51,183.71,-4.4645,985
NVDA,2022-06-24,223.6,233.92,-4.4145,986
NVDA,2022-03-25,180.81,189.13,-4.403,987
NVDA,2021-06-15,105.76,110.61,-4.388,988
NVDA,2020-05-15,93.32,97.6,-4.3874,989
NVDA,2020-03-25,77.17,80.7,-4.3738,990
NVDA,2020-03-09,72.83,76.15,-4.363,991
NVDA,2020-04-29,93.38,97.6,-4.3239,992
NVDA,2022-10-04,239.79,250.6,-4.3147,993
NVDA,2022-08-16,230.13,240.47,-4.3008,994
NVDA,2020-01-03,57.42,60.0,-4.2937,995
NVDA,2021-12-01,161.65,168.9,-4.291,996
NVDA,2021-06-21,107.7,112.52,-4.2897,997
NVDA,2022-05-06,201.78,210.81,-4.2822,998
NVDA,2022-07-13,230.23,240.47,-4.2606,999
NVDA,2022-05-05,201.85,210.81,-4.246,1000
NVDA,2022-04-26,184.4,192.53,-4.2256,1001
NVDA,2022-04-12,184.43,192.53,-4.2107,1002
NVDA,2022-09-30,240.06,250.6,-4.2049,1003
NVDA,2021-11-01,154.14,160.9,-4.2041,1004
NVDA,2020-03-20,77.31,80.7,-4.2006,1005
NVDA,2021-06-11,105.99,110.61,-4.1804,1006
NVDA,2020-05-14,93.57,97.6,-4.1303,1007
NVDA,2022-11-04,263.38,274.7,-4.1212,1008
NVDA,2020-02-11,71.26,74.31,-4.1058,1009
NVDA,2020-03-02,71.27,74.31,-4.0968,1010
NVDA,2021-10-29,154.33,160.9,-4.0823,1011
NVDA,2020-03-31,78.62,81.96,-4.0676,1012
NVDA,2022-01-20,162.08,168.9,-4.0356,1013
NVDA,2022-11-14,263.66,274.7,-4.0197,1014
NVDA,2021-07-28,110.82,115.41,-3.9821,1015
NVDA,2020-03-18,77.51,80.7,-3.9588,1016
NVDA,2022-02-14,176.54,183.71,-3.9029,1017
NVDA,2022-05-04,202.61,210.81,-3.8882,1018
NVDA,2020-02-27,71.43,74.31,-3.8844,1019
NVDA,2022-02-15,176.67,183.71,-3.8339,1020
NVDA,2020-02-03,65.72,68.34,-3.8232,1021
NVDA,2020-04-24,93.46,97.13,-3.7744,1022
NVDA,2020-03-16,77.66,80.7,-3.7733,1023
NVDA,2020-07-21,97.79,101.55,-3.6972,1024
NVDA,2022-09-29,241.35,250.6,-3.6922,1025
NVDA,2022-04-08,185.49,192.53,-3.6569,1026
NVDA,2022-12-21,311.04,322.71,-3.6172,1027
NVDA,2022-03-28,182.35,189.13,-3.5878,1028
NVDA,2021-11-30,162.84,168.9,-3.586,1029
NVDA,2020-03-11,73.43,76.15,-3.5692,1030
NVDA,2020-01-17,60.35,62.57,-3.5453,1031
NVDA,2022-07-11,232.0,240.47,-3.5242,1032
NVDA,2022-11-03,265.06,274.7,-3.5105,1033
NVDA,2022-11-17,267.63,277.27,-3.4764,1034
NVDA,2021-08-09,122.79,127.21,-3.4726,1035
NVDA,2022-03-30,185.86,192.53,-3.4658,1036
NVDA,2021-08-31,136.75,141.65,-3.4575,1037
NVDA,2022-11-22,267.74,277.27,-3.4389,1038
NVDA,2022-10-18,242.04,250.6,-3.416,1039
NVDA,2023-04-21,312.7,323.67,-3.3891,1040
NVDA,2021-10-04,155.48,160.9,-3.3668,1041
NVDA,2022-05-18,208.04,215.29,-3.3646,1042
NVDA,2022-04-25,186.13,192.53,-3.3284,1043
NVDA,2020-06-26,98.19,101.55,-3.3111,1044
NVDA,2023-04-20,312.96,323.67,-3.3078,1045
NVDA,2020-04-01,79.26,81.96,-3.2895,1046
NVDA,2020-06-25,98.21,101.55,-3.2859,1047
NVDA,2021-08-19,128.09,132.44,-3.2847,1048
NVDA,2022-09-27,239.72,247.82,-3.27,1049
NVDA,2020-01-23,60.82,62.82,-3.1787,1050
NVDA,2022-05-11,204.18,210.81,-3.1438,1051
NVDA,2021-11-26,163.63,168.9,-3.1222,1052
NVDA,2022-02-01,175.73,181.39,-3.1214,1053
NVDA,2022-12-06,300.29,309.91,-3.1034,1054
NVDA,2022-05-10,204.48,210.81,-2.9983,1055
NVDA,2020-03-23,78.28,80.7,-2.9973,1056
NVDA,2022-11-02,266.69,274.7,-2.917,1057
NVDA,2020-01-22,60.99,62.82,-2.9088,1058
NVDA,2020-03-03,72.15,74.31,-2.9087,1059
NVDA,2022-11-16,269.25,277.27,-2.8921,1060
NVDA,2020-04-23,94.33,97.13,-2.8755,1061
NVDA,2021-06-22,109.32,112.52,-2.844,1062
NVDA,2021-07-27,112.14,115.41,-2.84,1063
NVDA,2022-04-11,187.12,192.53,-2.8132,1064
NVDA,2022-12-19,313.72,322.71,-2.7838,1065
NVDA,2023-04-25,314.72,323.67,-2.7642,1066
NVDA,2020-01-08,58.35,60.0,-2.7492,1067
NVDA,2021-08-23,128.82,132.44,-2.7347,1068
NVDA,2021-07-29,112.3,115.41,-2.7001,1069
NVDA,2020-03-24,78.55,80.7,-2.6716,1070
NVDA,2022-04-04,187.53,192.53,-2.6004,1071
NVDA,2022-10-25,267.59,274.7,-2.5886,1072
NVDA,2021-10-06,156.76,160.9,-2.5738,1073
NVDA,2022-03-21,178.99,183.71,-2.5715,1074
NVDA,2021-08-20,129.06,132.44,-2.5542,1075
NVDA,2020-02-26,72.45,74.31,-2.5116,1076
NVDA,2020-03-27,78.68,80.7,-2.5056,1077
NVDA,2020-01-31,66.63,68.34,-2.4958,1078
NVDA,2021-11-12,163.53,167.67,-2.4681,1079
NVDA,2021-11-22,164.74,168.9,-2.4652,1080
NVDA,2022-04-27,187.84,192.53,-2.4401,1081
NVDA,2022-12-02,292.23,299.48,-2.424,1082
NVDA,2022-10-24,268.23,274.7,-2.3558,1083
NVDA,2022-12-07,302.62,309.91,-2.3511,1084
NVDA,2021-06-18,109.9,112.52,-2.3337,1085
NVDA,2021-09-01,138.41,141.65,-2.2881,1086
NVDA,2023-04-28,316.29,323.67,-2.2803,1087
NVDA,2021-11-29,165.05,168.9,-2.2796,1088
NVDA,2020-04-27,94.94,97.13,-2.2533,1089
NVDA,2021-08-26,136.22,139.23,-2.1647,1090
NVDA,2020-06-23,99.31,101.45,-2.1116,1091
NVDA,2022-12-01,293.21,299.48,-2.0962,1092
NVDA,2022-06-02,229.11,233.92,-2.0576,1093
NVDA,2022-01-21,165.45,168.9,-2.0425,1094
NVDA,2022-11-21,271.66,277.27,-2.025,1095
NVDA,2022-01-26,165.52,168.9,-2.0016,1096
NVDA,2022-07-28,235.71,240.47,-1.9821,1097
NVDA,2023-04-26,317.26,323.67,-1.979,1098
NVDA,2022-07-12,235.74,240.47,-1.9681,1099
NVDA,2020-05-26,97.24,99.17,-1.9513,1100
NVDA,2020-02-28,72.87,74.31,-1.9358,1101
NVDA,2021-11-04,162.45,165.65,-1.9314,1102
NVDA,2020-02-10,72.9,74.31,-1.9016,1103
NVDA,2022-12-28,317.55,323.67,-1.8908,1104
NVDA,2020-04-08,80.42,81.96,-1.8778,1105
NVDA,2022-09-20,243.2,247.82,-1.8627,1106
NVDA,2022-12-26,316.8,322.71,-1.8321,1107
NVDA,2022-01-25,165.82,168.9,-1.8212,1108
NVDA,2022-05-03,206.99,210.81,-1.8093,1109
NVDA,2021-05-20,99.71,101.55,-1.8058,1110
NVDA,2021-06-07,108.64,110.61,-1.7805,1111
NVDA,2022-06-27,229.91,233.92,-1.7157,1112
NVDA,2022-05-26,211.67,215.29,-1.6807,1113
NVDA,2020-02-07,73.09,74.31,-1.6417,1114
NVDA,2021-08-10,125.25,127.21,-1.5454,1115
NVDA,2022-04-01,189.58,192.53,-1.5357,1116
NVDA,2021-06-01,105.87,107.46,-1.4752,1117
NVDA,2020-01-06,59.12,60.0,-1.4637,1118
NVDA,2020-01-21,61.93,62.82,-1.4129,1119
NVDA,2023-04-27,319.12,323.67,-1.4065,1120
NVDA,2020-01-16,61.7,62.57,-1.3943,1121
NVDA,2020-04-22,95.86,97.13,-1.308,1122
NVDA,2021-11-11,165.57,167.67,-1.2513,1123
NVDA,2021-11-23,166.82,168.9,-1.2321,1124
NVDA,2022-10-17,247.59,250.6,-1.2022,1125
NVDA,2020-03-17,79.74,80.7,-1.1886,1126
NVDA,2020-01-28,65.36,66.09,-1.1085,1127
NVDA,2020-03-04,73.5,74.31,-1.0963,1128
NVDA,2020-03-06,75.33,76.15,-1.0755,1129
NVDA,2021-08-16,131.08,132.44,-1.029,1130
NVDA,2021-09-07,144.12,145.62,-1.0285,1131
NVDA,2020-03-26,79.9,80.7,-0.9998,1132
NVDA,2021-11-02,159.49,160.9,-0.8736,1133
NVDA,2022-05-09,208.97,210.81,-0.871,1134
NVDA,2022-11-30,296.89,299.48,-0.8661,1135
NVDA,2020-05-21,96.81,97.6,-0.8071,1136
NVDA,2021-06-16,109.75,110.61,-0.7797,1137
NVDA,2022-03-24,187.67,189.13,-0.7751,1138
NVDA,2022-12-09,307.51,309.91,-0.7735,1139
NVDA,2021-11-09,166.39,167.67,-0.7651,1140
NVDA,2022-06-28,232.17,233.92,-0.7509,1141
NVDA,2022-09-15,238.86,240.47,-0.6711,1142
NVDA,2021-08-03,117.26,118.05,-0.6644,1143
NVDA,2021-06-02,106.75,107.46,-0.6608,1144
NVDA,2021-09-06,144.69,145.62,-0.6393,1145
NVDA,2021-10-05,159.91,160.9,-0.6125,1146
NVDA,2021-11-08,166.72,167.67,-0.5695,1147
NVDA,2022-10-19,249.19,250.6,-0.562,1148
NVDA,2023-01-05,322.17,323.67,-0.4646,1149
NVDA,2020-01-14,62.3,62.57,-0.4342,1150
NVDA,2021-06-25,114.96,115.41,-0.391,1151
NVDA,2020-01-15,62.36,62.57,-0.331,1152
NVDA,2021-05-28,105.76,106.1,-0.3178,1153
NVDA,2022-12-14,311.01,311.97,-0.3071,1154
NVDA,2021-05-27,105.8,106.1,-0.288,1155
NVDA,2021-05-25,103.88,104.17,-0.2851,1156
NVDA,2021-06-03,107.15,107.46,-0.2814,1157
NVDA,2023-04-24,322.94,323.67,-0.2246,1158
NVDA,2022-12-20,322.07,322.71,-0.1968,1159
NVDA,2022-03-31,192.16,192.53,-0.1916,1160
NVDA,2021-11-10,167.35,167.67,-0.1887,1161
NVDA,2022-12-16,322.12,322.71,-0.1809,1162
NVDA,2023-01-04,323.09,323.67,-0.1789,1163
NVDA,2022-05-31,223.01,223.17,-0.0745,1164
NVDA,2020-05-29,99.75,99.82,-0.0688,1165
NVDA,2020-01-07,59.99,60.0,-0.0152,1166
NVDA,2022-12-08,309.88,309.91,-0.0098,1167
NVDA,2020-01-02,60.0,60.0,0.0,1168
NVDA,2020-01-09,61.32,61.32,0.0,1168
NVDA,2020-01-10,62.05,62.05,0.0,1168
NVDA,2020-01-13,62.57,62.57,0.0,1168
NVDA,2020-01-20,62.82,62.82,0.0,1168
NVDA,2020-01-24,63.69,63.69,0.0,1168
NVDA,2020-01-27,66.09,66.09,0.0,1168
NVDA,2020-01-29,68.02,68.02,0.0,1168
NVDA,2020-01-30,68.34,68.34,0.0,1168
NVDA,2020-02-04,68.72,68.72,0.0,1168
NVDA,2020-02-05,73.47,73.47,0.0,1168
NVDA,2020-02-06,74.31,74.31,0.0,1168
NVDA,2020-03-05,76.15,76.15,0.0,1168
NVDA,2020-03-12,78.51,78.51,0.0,1168
NVDA,2020-03-13,80.7,80.7,0.0,1168
NVDA,2020-03-30,81.96,81.96,0.0,1168
NVDA,2020-04-09,82.77,82.77,0.0,1168
NVDA,2020-04-10,82.96,82.96,0.0,1168
NVDA,2020-04-13,83.57,83.57,0.0,1168
NVDA,2020-04-14,87.08,87.08,0.0,1168
NVDA,2020-04-15,89.14,89.14,0.0,1168
NVDA,2020-04-16,89.3,89.3,0.0,1168
NVDA,2020-04-17,93.71,93.71,0.0,1168
NVDA,2020-04-20,96.26,96.26,0.0,1168
NVDA,2020-04-21,97.13,97.13,0.0,1168
NVDA,2020-04-28,97.6,97.6,0.0,1168
NVDA,2020-05-22,98.21,98.21,0.0,1168
NVDA,2020-05-25,99.17,99.17,0.0,1168
NVDA,2020-05-27,99.2,99.2,0.0,1168
NVDA,2020-05-28,99.82,99.82,0.0,1168
NVDA,2020-06-01,101.45,101.45,0.0,1168
NVDA,2020-06-24,101.55,101.55,0.0,1168
NVDA,2021-05-21,103.82,103.82,0.0,1168
NVDA,2021-05-24,104.17,104.17,0.0,1168
NVDA,2021-05-26,106.1,106.1,0.0,1168
NVDA,2021-05-31,107.46,107.46,0.0,1168
NVDA,2021-06-04,110.61,110.61,0.0,1168
NVDA,2021-06-17,112.52,112.52,0.0,1168
NVDA,2021-06-23,115.21,115.21,0.0,1168
NVDA,2021-06-24,115.41,115.41,0.0,1168
NVDA,2021-07-30,116.22,116.22,0.0,1168
NVDA,2021-08-02,118.05,118.05,0.0,1168
NVDA,2021-08-04,118.52,118.52,0.0,1168
NVDA,2021-08-05,123.95,123.95,0.0,1168
NVDA,2021-08-06,127.21,127.21,0.0,1168
NVDA,2021-08-11,127.21,127.21,0.0,1168
NVDA,2021-08-12,132.14,132.14,0.0,1168
NVDA,2021-08-13,132.44,132.44,0.0,1168
NVDA,2021-08-24,134.36,134.36,0.0,1168
NVDA,2021-08-25,139.23,139.23,0.0,1168
NVDA,2021-08-27,141.65,141.65,0.0,1168
NVDA,2021-09-02,143.7,143.7,0.0,1168
NVDA,2021-09-03,145.62,145.62,0.0,1168
NVDA,2021-09-08,157.09,157.09,0.0,1168
NVDA,2021-09-09,157.7,157.7,0.0,1168
NVDA,2021-09-10,160.9,160.9,0.0,1168
NVDA,2021-11-03,165.65,165.65,0.0,1168
NVDA,2021-11-05,167.67,167.67,0.0,1168
NVDA,2021-11-15,168.9,168.9,0.0,1168
NVDA,2022-01-27,171.17,171.17,0.0,1168
NVDA,2022-01-28,175.49,175.49,0.0,1168
NVDA,2022-01-31,181.39,181.39,0.0,1168
NVDA,2022-02-03,183.71,183.71,0.0,1168
NVDA,2022-03-22,186.64,186.64,0.0,1168
NVDA,2022-03-23,189.13,189.13,0.0,1168
NVDA,2022-03-29,192.53,192.53,0.0,1168
NVDA,2022-04-28,199.07,199.07,0.0,1168
NVDA,2022-04-29,202.95,202.95,0.0,1168
NVDA,2022-05-02,210.81,210.81,0.0,1168
NVDA,2022-05-12,211.48,211.48,0.0,1168
NVDA,2022-05-13,213.2,213.2,0.0,1168
NVDA,2022-05-16,213.4,213.4,0.0,1168
NVDA,2022-05-17,215.29,215.29,0.0,1168
NVDA,2022-05-27,221.87,221.87,0.0,1168
NVDA,2022-05-30,223.17,223.17,0.0,1168
NVDA,2022-06-01,233.92,233.92,0.0,1168
NVDA,2022-06-29,235.32,235.32,0.0,1168
NVDA,2022-06-30,240.47,240.47,0.0,1168
NVDA,2022-09-16,245.29,245.29,0.0,1168
NVDA,2022-09-19,247.82,247.82,0.0,1168
NVDA,2022-09-28,250.6,250.6,0.0,1168
NVDA,2022-10-20,253.54,253.54,0.0,1168
NVDA,2022-10-21,274.7,274.7,0.0,1168
NVDA,2022-11-15,277.27,277.27,0.0,1168
NVDA,2022-11-23,278.02,278.02,0.0,1168
NVDA,2022-11-24,291.41,291.41,0.0,1168
NVDA,2022-11-25,295.61,295.61,0.0,1168
NVDA,2022-11-28,298.74,298.74,0.0,1168
NVDA,2022-11-29,299.48,299.48,0.0,1168
NVDA,2022-12-05,309.91,309.91,0.0,1168
NVDA,2022-12-12,311.97,311.97,0.0,1168
NVDA,2022-12-15,322.71,322.71,0.0,1168
NVDA,2022-12-27,323.67,323.67,0.0,1168
TSLA,2024-07-09,17.76,73.6,-75.8686,1
TSLA,2024-07-10,18.44,73.6,-74.9394,2
TSLA,2024-06-28,18.87,73.6,-74.356,3
TSLA,2024-07-08,19.2,73.6,-73.9181,4
TSLA,2023-03-17,19.32,73.6,-73.7459,5
TSLA,2024-07-05,19.43,73.6,-73.5939,6
TSLA,2023-03-16,19.59,73.6,-73.3851,7
TSLA,2024-07-22,19.6,73.6,-73.367,8
TSLA,2024-07-11,19.6,73.6,-73.3663,9
TSLA,2023-05-22,19.75,73.6,-73.1662,10
TSLA,2023-05-19,19.78,73.6,-73.128,11
TSLA,2024-07-04,19.89,73.6,-72.9785,12
TSLA,2023-05-23,19.9,73.6,-72.9611,13
TSLA,2023-05-24,19.94,73.6,-72.9028,14
TSLA,2024-07-25,19.99,73.6,-72.8357,15
TSLA,2024-06-27,20.0,73.6,-72.8199,16
TSLA,2024-07-01,20.02,73.6,-72.8035,17
TSLA,2024-06-21,20.02,73.6,-72.7943,18
TSLA,2023-03-20,20.1,73.6,-72.6894,19
TSLA,2023-05-17,20.12,73.6,-72.6566,20
TSLA,2024-06-26,20.2,73.6,-72.5554,21
TSLA,2024-07-26,20.25,73.6,-72.4811,22
TSLA,2024-06-24,20.29,73.6,-72.424,23
TSLA,2023-01-20,20.4,73.6,-72.2853,24
TSLA,2024-07-29,20.41,73.6,-72.2709,25
TSLA,2024-07-31,20.42,73.6,-72.2518,26
TSLA,2024-07-15,20.49,73.6,-72.1603,27
TSLA,2024-06-20,20.49,73.6,-72.1554,28
TSLA,2024-06-25,20.52,73.6,-72.1203,29
TSLA,2024-07-23,20.56,73.6,-72.0653,30
TSLA,2024-07-24,20.57,73.6,-72.0498,31
TSLA,2024-07-30,20.58,73.6,-72.0416,32
TSLA,2024-07-02,20.61,73.6,-71.9895,33
TSLA,2024-07-16,20.62,73.6,-71.9885,34
TSLA,2023-01-12,20.67,73.6,-71.9169,35
TSLA,2023-05-18,20.79,73.6,-71.7567,36
TSLA,2023-03-15,20.81,73.6,-71.7282,37
TSLA,2022-12-30,20.86,73.6,-71.6494,38
TSLA,2023-05-26,20.93,73.6,-71.5598,39
TSLA,2023-05-25,20.95,73.6,-71.5359,40
TSLA,2023-01-19,21.01,73.6,-71.4549,41
TSLA,2024-06-18,21.05,73.6,-71.401,42
TSLA,2024-07-19,21.13,73.6,-71.291,43
TSLA,2024-06-19,21.15,73.6,-71.2569,44
TSLA,2023-03-21,21.19,73.6,-71.203,45
TSLA,2024-07-03,21.2,73.6,-71.1935,46
TSLA,2023-03-14,21.26,73.6,-71.1121,47
TSLA,2023-05-30,21.31,73.6,-71.0461,48
TSLA,2024-06-14,21.33,73.6,-71.0189,49
TSLA,2023-05-29,21.33,73.6,-71.0186,50
TSLA,2023-03-13,21.35,73.6,-70.9918,51
TSLA,2024-07-12,21.36,73.6,-70.9811,52
TSLA,2023-01-11,21.37,73.6,-70.9579,53
TSLA,2023-01-10,21.47,73.6,-70.8262,54
TSLA,2022-12-28,21.52,73.6,-70.7528,55
TSLA,2024-07-18,21.6,73.6,-70.6562,56
TSLA,2023-01-13,21.66,73.6,-70.5737,57
TSLA,2023-05-16,21.66,73.6,-70.5724,58
TSLA,2023-03-10,21.71,73.6,-70.5025,59
TSLA,2023-01-05,21.74,73.6,-70.4625,60
TSLA,2022-12-29,21.76,73.6,-70.4351,61
TSLA,2023-01-02,21.76,73.6,-70.4319,62
TSLA,2024-08-02,21.76,73.6,-70.4284,63
TSLA,2023-01-23,21.77,73.6,-70.4256,64
TSLA,2023-05-12,21.77,73.6,-70.4206,65
TSLA,2024-06-13,21.78,73.6,-70.4093,66
TSLA,2024-07-17,21.79,73.6,-70.3896,67
TSLA,2024-06-17,21.8,73.6,-70.385,68
TSLA,2023-01-24,21.84,73.6,-70.3209,69
TSLA,2024-06-12,21.85,73.6,-70.3061,70
TSLA,2024-08-01,21.85,73.6,-70.3061,70
TSLA,2023-05-31,21.88,73.6,-70.2702,72
TSLA,2023-03-09,21.89,73.6,-70.2603,73
TSLA,2023-11-07,21.94,73.6,-70.1951,74
TSLA,2023-05-15,21.94,73.6,-70.1938,75
TSLA,2022-12-27,21.96,73.6,-70.1658,76
TSLA,2023-01-04,21.98,73.6,-70.14,77
TSLA,2023-01-17,21.98,73.6,-70.1395,78
TSLA,2022-09-19,22.11,73.6,-69.952,79
TSLA,2023-01-18,22.13,73.6,-69.9248,80
TSLA,2023-05-11,22.14,73.6,-69.9105,81
TSLA,2023-11-06,22.15,73.6,-69.9055,82
TSLA,2023-01-16,22.23,73.6,-69.7939,83
TSLA,2022-09-21,22.24,73.6,-69.7859,84
TSLA,2023-01-31,22.25,73.6,-69.7646,85
TSLA,2022-09-22,22.38,73.6,-69.5934,86
TSLA,2023-01-30,22.39,73.6,-69.5716,87
TSLA,2022-09-23,22.46,73.6,-69.4847,88
TSLA,2023-01-06,22.67,73.6,-69.1932,89
TSLA,2023-10-26,22.69,73.6,-69.1739,90
TSLA,2023-01-09,22.7,73.6,-69.1534,91
TSLA,2023-01-25,22.72,73.6,-69.1273,92
TSLA,2024-06-11,22.77,73.6,-69.0588,93
TSLA,2022-10-04,22.78,73.6,-69.0435,94
TSLA,2022-09-16,22.87,73.6,-68.9223,95
TSLA,2023-01-03,22.88,73.6,-68.9125,96
TSLA,2023-11-01,22.93,73.6,-68.8443,97
TSLA,2023-01-26,22.97,73.6,-68.7906,98
TSLA,2024-06-10,23.03,73.6,-68.7052,99
TSLA,2022-09-20,23.04,73.6,-68.6924,100
TSLA,2023-10-30,23.06,73.6,-68.6691,101
TSLA,2024-08-19,23.07,73.6,-68.652,102
TSLA,2024-08-16,23.1,73.6,-68.6142,103
TSLA,2023-12-05,23.1,73.6,-68.6079,104
TSLA,2023-06-01,23.2,73.6,-68.4822,105
TSLA,2024-06-07,23.21,73.6,-68.4675,106
TSLA,2022-09-15,23.21,73.6,-68.4584,107
TSLA,2023-12-08,23.24,73.6,-68.4242,108
TSLA,2023-11-03,23.26,73.6,-68.391,109
TSLA,2024-08-05,23.29,73.6,-68.3587,110
TSLA,2023-10-25,23.32,73.6,-68.316,111
TSLA,2023-07-18,23.33,73.6,-68.297,112
TSLA,2023-06-02,23.36,73.6,-68.2615,113
TSLA,2022-09-26,23.38,73.6,-68.2373,114
TSLA,2023-03-08,23.39,73.6,-68.2213,115
TSLA,2023-03-07,23.41,73.6,-68.1938,116
TSLA,2023-03-22,23.45,73.6,-68.1353,117
TSLA,2023-05-01,23.47,73.6,-68.1137,118
TSLA,2023-10-31,23.47,73.6,-68.1084,119
TSLA,2024-08-14,23.5,73.6,-68.0709,120
TSLA,2022-10-05,23.53,73.6,-68.0327,121
TSLA,2022-10-03,23.55,73.6,-67.9959,122
TSLA,2023-10-27,23.56,73.6,-67.9893,123
TSLA,2023-11-02,23.57,73.6,-67.9755,124
TSLA,2023-03-29,23.59,73.6,-67.9494,125
TSLA,2022-10-06,23.63,73.6,-67.8934,126
TSLA,2023-03-27,23.63,73.6,-67.8933,127
TSLA,2023-03-28,23.64,73.6,-67.8801,128
TSLA,2023-02-09,23.65,73.6,-67.8649,129
TSLA,2023-07-17,23.66,73.6,-67.857,130
TSLA,2023-05-09,23.67,73.6,-67.8353,131
TSLA,2023-11-08,23.68,73.6,-67.8274,132
TSLA,2023-03-30,23.69,73.6,-67.8147,133
TSLA,2023-05-04,23.76,73.6,-67.7151,134
TSLA,2024-08-22,23.78,73.6,-67.691,135
TSLA,2023-02-01,23.83,73.6,-67.6147,136
TSLA,2024-08-06,23.86,73.6,-67.5757,137
TSLA,2023-12-07,23.92,73.6,-67.4945,138
TSLA,2024-08-15,23.94,73.6,-67.47,139
TSLA,2023-05-03,23.95,73.6,-67.4621,140
TSLA,2022-08-05,23.97,73.6,-67.4332,141
TSLA,2023-03-24,24.0,73.6,-67.3957,142
TSLA,2023-05-05,24.04,73.6,-67.3343,143
TSLA,2022-08-04,24.09,73.6,-67.2687,144
TSLA,2023-12-04,24.12,73.6,-67.2241,145
TSLA,2024-08-20,24.12,73.6,-67.2212,146
TSLA,2022-09-14,24.14,73.6,-67.201,147
TSLA,2022-10-17,24.15,73.6,-67.1867,148
TSLA,2023-06-05,24.15,73.6,-67.185,149
TSLA,2024-08-08,24.16,73.6,-67.1701,150
TSLA,2022-12-23,24.2,73.6,-67.118,151
TSLA,2022-12-26,24.21,73.6,-67.1021,152
TSLA,2024-08-07,24.24,73.6,-67.0618,153
TSLA,2023-05-02,24.27,73.6,-67.0233,154
TSLA,2023-01-27,24.27,73.6,-67.0208,155
TSLA,2023-12-06,24.3,73.6,-66.9749,156
TSLA,2023-05-10,24.32,73.6,-66.9572,157
TSLA,2023-05-08,24.34,73.6,-66.9276,158
TSLA,2023-04-04,24.39,73.6,-66.8647,159
TSLA,2022-09-08,24.4,73.6,-66.8455,160
TSLA,2024-08-13,24.41,73.6,-66.8279,161
TSLA,2024-06-06,24.44,73.6,-66.7864,162
TSLA,2024-08-21,24.46,73.6,-66.766,163
TSLA,2022-10-25,24.46,73.6,-66.7618,164
TSLA,2023-03-01,24.46,73.6,-66.761,165
TSLA,2022-09-27,24.48,73.6,-66.7438,166
TSLA,2023-02-10,24.48,73.6,-66.7405,167
TSLA,2024-06-05,24.49,73.6,-66.7178,168
TSLA,2023-03-02,24.5,73.6,-66.7033,169
TSLA,2022-10-07,24.52,73.6,-66.6861,170
TSLA,2023-03-06,24.53,73.6,-66.6746,171
TSLA,2022-09-30,24.57,73.6,-66.609,172
TSLA,2022-09-07,24.59,73.6,-66.5906,173
TSLA,2024-08-28,24.61,73.6,-66.5611,174
TSLA,2022-12-06,24.63,73.6,-66.5311,175
TSLA,2022-10-14,24.65,73.6,-66.5052,176
TSLA,2023-04-27,24.65,73.6,-66.503,177
TSLA,2022-12-07,24.68,73.6,-66.4715,178
TSLA,2022-09-13,24.69,73.6,-66.4505,179
TSLA,2023-02-08,24.7,73.6,-66.4338,180
TSLA,2022-10-21,24.73,73.6,-66.4003,181
TSLA,2022-08-10,24.73,73.6,-66.394,182
TSLA,2023-03-03,24.77,73.6,-66.3376,183
TSLA,2023-02-02,24.82,73.6,-66.2763,184
TSLA,2023-02-28,24.85,73.6,-66.2348,185
TSLA,2022-11-10,24.86,73.6,-66.225,186
TSLA,2023-12-11,24.86,73.6,-66.216,187
TSLA,2022-10-11,24.86,73.6,-66.2156,188
TSLA,2024-06-04,24.87,73.6,-66.21,189
TSLA,2024-02-01,24.88,73.6,-66.1994,190
TSLA,2022-08-09,24.89,73.6,-66.1824,191
TSLA,2022-09-09,24.9,73.6,-66.1717,192
TSLA,2022-10-12,24.93,73.6,-66.1258,193
TSLA,2022-10-13,24.95,73.6,-66.0982,194
TSLA,2022-10-26,24.96,73.6,-66.0914,195
TSLA,2023-12-18,24.97,73.6,-66.0679,196
TSLA,2022-11-09,24.98,73.6,-66.0595,197
TSLA,2024-08-29,24.98,73.6,-66.0595,197
TSLA,2023-10-24,24.99,73.6,-66.0504,199
TSLA,2023-02-14,25.0,73.6,-66.0356,200
TSLA,2023-04-26,25.02,73.6,-65.9975,201
TSLA,2022-08-25,25.03,73.6,-65.9885,202
TSLA,2023-02-13,25.03,73.6,-65.9885,202
TSLA,2023-04-03,25.08,73.6,-65.9281,204
TSLA,2022-10-28,25.09,73.6,-65.9029,205
TSLA,2023-12-01,25.12,73.6,-65.8687,206
TSLA,2023-08-02,25.15,73.6,-65.8258,207
TSLA,2022-11-11,25.16,73.6,-65.8105,208
TSLA,2023-03-23,25.17,73.6,-65.804,209
TSLA,2022-09-02,25.17,73.6,-65.7999,210
TSLA,2024-08-09,25.18,73.6,-65.7885,211
TSLA,2022-09-12,25.18,73.6,-65.7861,212
TSLA,2023-12-20,25.19,73.6,-65.7664,213
TSLA,2022-09-28,25.22,73.6,-65.7364,214
TSLA,2024-08-23,25.23,73.6,-65.7247,215
TSLA,2022-08-18,25.28,73.6,-65.6436,216
TSLA,2022-11-14,25.3,73.6,-65.6279,217
TSLA,2022-08-26,25.3,73.6,-65.6272,218
TSLA,2023-12-21,25.31,73.6,-65.6142,219
TSLA,2024-08-12,25.33,73.6,-65.5836,220
TSLA,2023-11-30,25.33,73.6,-65.58,221
TSLA,2023-02-23,25.34,73.6,-65.5675,222
TSLA,2023-07-14,25.37,73.6,-65.5335,223
TSLA,2022-10-18,25.38,73.6,-65.5093,224
TSLA,2023-12-13,25.39,73.6,-65.5043,225
TSLA,2024-06-03,25.41,73.6,-65.4673,226
TSLA,2023-07-26,25.42,73.6,-65.4624,227
TSLA,2023-07-19,25.42,73.6,-65.454,228
TSLA,2023-11-23,25.45,73.6,-65.4244,229
TSLA,2022-10-24,25.46,73.6,-65.4119,230
TSLA,2022-10-31,25.46,73.6,-65.41,231
TSLA,2022-10-19,25.47,73.6,-65.3893,232
TSLA,2023-07-13,25.48,73.6,-65.3775,233
TSLA,2022-10-27,25.49,73.6,-65.3687,234
TSLA,2023-12-19,25.5,73.6,-65.3554,235
TSLA,2023-04-06,25.5,73.6,-65.3473,236
TSLA,2023-11-09,25.51,73.6,-65.3344,237
TSLA,2023-02-24,25.51,73.6,-65.3328,238
TSLA,2023-04-28,25.52,73.6,-65.3305,239
TSLA,2022-10-20,25.52,73.6,-65.3241,240
TSLA,2022-08-17,25.53,73.6,-65.3116,241
TSLA,2023-02-15,25.56,73.6,-65.2748,242
TSLA,2022-08-19,25.57,73.6,-65.2526,243
TSLA,2023-08-04,25.58,73.6,-65.2477,244
TSLA,2022-10-10,25.58,73.6,-65.2431,245
TSLA,2022-09-29,25.62,73.6,-65.1908,246
TSLA,2022-08-31,25.65,73.6,-65.1428,247
TSLA,2023-12-15,25.66,73.6,-65.1386,248
TSLA,2023-06-06,25.67,73.6,-65.1233,249
TSLA,2022-11-02,25.68,73.6,-65.1085,250
TSLA,2022-11-01,25.69,73.6,-65.0992,251
TSLA,2022-12-08,25.69,73.6,-65.0934,252
TSLA,2022-12-22,25.7,73.6,-65.0825,253
TSLA,2022-11-21,25.7,73.6,-65.0752,254
TSLA,2022-11-03,25.73,73.6,-65.0431,255
TSLA,2023-02-07,25.73,73.6,-65.039,256
TSLA,2022-11-22,25.73,73.6,-65.0344,257
TSLA,2023-07-31,25.74,73.6,-65.0267,258
TSLA,2023-02-16,25.74,73.6,-65.0246,259
TSLA,2023-12-12,25.74,73.6,-65.0226,260
TSLA,2022-11-23,25.76,73.6,-64.9917,261
TSLA,2022-11-04,25.83,73.6,-64.9074,262
TSLA,2024-08-26,25.83,73.6,-64.8999,263
TSLA,2023-07-07,25.83,73.6,-64.8974,264
TSLA,2022-09-01,25.84,73.6,-64.8855,265
TSLA,2023-08-03,25.86,73.6,-64.856,266
TSLA,2023-12-14,25.87,73.6,-64.8477,267
TSLA,2024-08-30,25.89,73.6,-64.8214,268
TSLA,2023-11-22,25.9,73.6,-64.8142,269
TSLA,2023-04-19,25.94,73.6,-64.75,270
TSLA,2023-11-13,25.95,73.6,-64.7401,271
TSLA,2022-08-03,25.95,73.6,-64.7385,272
TSLA,2023-04-07,25.95,73.6,-64.737,273
TSLA,2023-07-21,25.97,73.6,-64.711,274
TSLA,2022-08-24,25.99,73.6,-64.6882,275
TSLA,2022-12-05,25.99,73.6,-64.6825,276
TSLA,2022-11-18,26.0,73.6,-64.6747,277
TSLA,2022-11-07,26.0,73.6,-64.6727,278
TSLA,2022-12-19,26.0,73.6,-64.67,279
TSLA,2023-11-10,26.06,73.6,-64.5893,280
TSLA,2023-07-28,26.08,73.6,-64.5635,281
TSLA,2024-01-31,26.09,73.6,-64.5508,282
TSLA,2024-05-09,26.09,73.6,-64.5496,283
TSLA,2023-08-01,26.1,73.6,-64.538,284
TSLA,2022-11-08,26.1,73.6,-64.5379,285
TSLA,2023-04-05,26.12,73.6,-64.5099,286
TSLA,2022-09-06,26.13,73.6,-64.4938,287
TSLA,2022-08-11,26.13,73.6,-64.4916,288
TSLA,2022-11-17,26.14,73.6,-64.4806,289
TSLA,2022-08-23,26.16,73.6,-64.4605,290
TSLA,2022-08-29,26.16,73.6,-64.4584,291
TSLA,2023-07-20,26.16,73.6,-64.4545,292
TSLA,2023-03-31,26.18,73.6,-64.4325,293
TSLA,2023-02-27,26.19,73.6,-64.4166,294
TSLA,2024-09-03,26.21,73.6,-64.3836,295
TSLA,2023-07-25,26.23,73.6,-64.3594,296
TSLA,2023-02-03,26.24,73.6,-64.3477,297
TSLA,2023-12-28,26.26,73.6,-64.3164,298
TSLA,2023-02-06,26.27,73.6,-64.3096,299
TSLA,2022-09-05,26.27,73.6,-64.3065,300
TSLA,2024-05-30,26.29,73.6,-64.2746,301
TSLA,2023-11-14,26.31,73.6,-64.2505,302
TSLA,2023-08-07,26.32,73.6,-64.242,303
TSLA,2024-05-29,26.32,73.6,-64.2342,304
TSLA,2023-11-24,26.33,73.6,-64.2257,305
TSLA,2023-11-27,26.33,73.6,-64.2236,306
TSLA,2022-11-15,26.34,73.6,-64.211,307
TSLA,2023-04-25,26.34,73.6,-64.2064,308
TSLA,2024-05-22,26.34,73.6,-64.2031,309
TSLA,2023-11-29,26.42,73.6,-64.102,310
TSLA,2023-12-22,26.42,73.6,-64.0975,311
TSLA,2023-10-23,26.43,73.6,-64.0872,312
TSLA,2022-11-24,26.45,73.6,-64.0558,313
TSLA,2022-08-08,26.53,73.6,-63.9458,314
TSLA,2022-08-02,26.59,73.6,-63.8729,315
TSLA,2023-10-18,26.6,73.6,-63.8616,316
TSLA,2022-12-15,26.61,73.6,-63.8485,317
TSLA,2022-12-16,26.63,73.6,-63.8119,318
TSLA,2023-11-16,26.68,73.6,-63.7455,319
TSLA,2022-11-25,26.68,73.6,-63.7452,320
TSLA,2023-11-15,26.69,73.6,-63.735,321
TSLA,2023-11-28,26.69,73.6,-63.7323,322
TSLA,2024-05-16,26.72,73.6,-63.6941,323
TSLA,2022-08-16,26.73,73.6,-63.6792,324
TSLA,2024-05-13,26.74,73.6,-63.6605,325
TSLA,2023-02-21,26.76,73.6,-63.641,326
TSLA,2023-07-24,26.76,73.6,-63.6389,327
TSLA,2023-08-09,26.76,73.6,-63.6387,328
TSLA,2023-06-08,26.78,73.6,-63.6096,329
TSLA,2023-12-29,26.79,73.6,-63.6033,330
TSLA,2022-08-22,26.79,73.6,-63.5953,331
TSLA,2024-05-10,26.81,73.6,-63.5747,332
TSLA,2023-02-17,26.81,73.6,-63.5702,333
TSLA,2022-08-15,26.86,73.6,-63.51,334
TSLA,2024-05-28,26.86,73.6,-63.5025,335
TSLA,2022-08-30,26.88,73.6,-63.4812,336
TSLA,2023-12-26,26.89,73.6,-63.4646,337
TSLA,2024-05-14,26.9,73.6,-63.4547,338
TSLA,2022-12-12,26.93,73.6,-63.402,339
TSLA,2024-08-27,26.97,73.6,-63.357,340
TSLA,2022-08-12,26.98,73.6,-63.3363,341
TSLA,2024-01-01,26.99,73.6,-63.3321,342
TSLA,2023-08-08,26.99,73.6,-63.3244,343
TSLA,2023-07-12,27.0,73.6,-63.3188,344
TSLA,2022-12-01,27.02,73.6,-63.2895,345
TSLA,2024-05-07,27.03,73.6,-63.2785,346
TSLA,2024-05-23,27.03,73.6,-63.2706,347
TSLA,2022-12-20,27.03,73.6,-63.2669,348
TSLA,2022-12-21,27.04,73.6,-63.2562,349
TSLA,2022-11-16,27.05,73.6,-63.2414,350
TSLA,2023-07-06,27.08,73.6,-63.2079,351
TSLA,2024-05-31,27.08,73.6,-63.2036,352
TSLA,2023-02-22,27.1,73.6,-63.1819,353
TSLA,2023-04-10,27.11,73.6,-63.1615,354
TSLA,2023-10-20,27.12,73.6,-63.1469,355
TSLA,2022-12-09,27.14,73.6,-63.1248,356
TSLA,2024-01-03,27.15,73.6,-63.1104,357
TSLA,2023-11-21,27.16,73.6,-63.099,358
TSLA,2024-05-17,27.16,73.6,-63.0915,359
TSLA,2023-06-07,27.17,73.6,-63.0806,360
TSLA,2023-11-17,27.2,73.6,-63.0354,361
TSLA,2024-09-06,27.23,73.6,-62.9986,362
TSLA,2023-07-27,27.29,73.6,-62.9166,363
TSLA,2024-05-21,27.33,73.6,-62.8663,364
TSLA,2023-07-11,27.36,73.6,-62.8192,365
TSLA,2024-05-08,27.38,73.6,-62.8004,366
TSLA,2023-07-10,27.38,73.6,-62.7988,367
TSLA,2023-10-19,27.43,73.6,-62.7326,368
TSLA,2024-01-02,27.44,73.6,-62.7086,369
TSLA,2023-12-25,27.46,73.6,-62.6825,370
TSLA,2023-12-27,27.47,73.6,-62.6801,371
TSLA,2023-11-20,27.47,73.6,-62.6686,372
TSLA,2024-02-02,27.49,73.6,-62.6519,373
TSLA,2024-05-20,27.5,73.6,-62.6345,374
TSLA,2022-11-30,27.5,73.6,-62.6306,375
TSLA,2023-04-20,27.53,73.6,-62.5947,376
TSLA,2023-04-17,27.55,73.6,-62.5661,377
TSLA,2024-09-04,27.58,73.6,-62.53,378
TSLA,2024-02-20,27.58,73.6,-62.5208,379
TSLA,2024-09-17,27.62,73.6,-62.4728,380
TSLA,2024-09-12,27.69,73.6,-62.3715,381
TSLA,2023-04-11,27.69,73.6,-62.3697,382
TSLA,2024-05-15,27.72,73.6,-62.3409,383
TSLA,2022-12-02,27.73,73.6,-62.32,384
TSLA,2024-02-21,27.73,73.6,-62.3167,385
TSLA,2024-04-17,27.79,73.6,-62.2462,386
TSLA,2024-09-02,27.79,73.6,-62.2342,387
TSLA,2023-10-17,27.81,73.6,-62.2189,388
TSLA,2024-09-09,27.81,73.6,-62.2155,389
TSLA,2024-09-16,27.83,73.6,-62.1883,390
TSLA,2022-07-27,27.84,73.6,-62.166,391
TSLA,2024-05-24,27.86,73.6,-62.1463,392
TSLA,2023-04-21,27.91,73.6,-62.0762,393
TSLA,2023-02-20,27.91,73.6,-62.0701,394
TSLA,2023-04-12,27.95,73.6,-62.0221,395
TSLA,2024-02-14,27.95,73.6,-62.0178,396
TSLA,2023-06-09,27.98,73.6,-61.981,397
TSLA,2024-01-30,27.98,73.6,-61.9806,398
TSLA,2023-08-11,28.01,73.6,-61.9465,399
TSLA,2024-05-27,28.03,73.6,-61.9187,400
TSLA,2023-04-14,28.08,73.6,-61.8488,401
TSLA,2022-11-28,28.1,73.6,-61.8204,402
TSLA,2023-04-24,28.12,73.6,-61.7865,403
TSLA,2022-12-13,28.17,73.6,-61.7258,404
TSLA,2023-04-18,28.2,73.6,-61.6845,405
TSLA,2024-02-09,28.2,73.6,-61.683,406
TSLA,2024-02-05,28.21,73.6,-61.6743,407
TSLA,2024-09-11,28.22,73.6,-61.6603,408
TSLA,2022-07-04,28.27,73.6,-61.5864,409
TSLA,2022-12-14,28.29,73.6,-61.5607,410
TSLA,2024-02-23,28.3,73.6,-61.5471,411
TSLA,2023-06-12,28.3,73.6,-61.54,412
TSLA,2022-11-29,28.42,73.6,-61.3898,413
TSLA,2021-12-10,28.44,73.6,-61.3626,414
TSLA,2021-12-06,28.44,73.6,-61.354,415
TSLA,2022-07-05,28.45,73.6,-61.3476,416
TSLA,2024-09-13,28.5,73.6,-61.2762,417
TSLA,2023-07-05,28.52,73.6,-61.2505,418
TSLA,2024-02-13,28.53,73.6,-61.2346,419
TSLA,2022-08-01,28.54,73.6,-61.2162,420
TSLA,2024-09-10,28.56,73.6,-61.1956,421
TSLA,2024-01-05,28.57,73.6,-61.1756,422
TSLA,2024-02-15,28.58,73.6,-61.1718,423
TSLA,2024-01-09,28.58,73.6,-61.1669,424
TSLA,2024-09-18,28.59,73.6,-61.1513,425
TSLA,2021-04-16,28.59,73.6,-61.1503,426
TSLA,2021-12-02,28.62,73.6,-61.1101,427
TSLA,2024-01-29,28.64,73.6,-61.0906,428
TSLA,2021-12-13,28.7,73.6,-61.0028,429
TSLA,2024-04-22,28.73,73.6,-60.9628,430
TSLA,2023-08-10,28.74,73.6,-60.948,431
TSLA,2021-12-03,28.86,73.6,-60.7916,432
TSLA,2020-12-21,28.86,73.6,-60.7797,433
TSLA,2024-02-22,28.88,73.6,-60.7522,434
TSLA,2024-02-27,28.89,73.6,-60.739,435
TSLA,2022-07-13,28.91,73.6,-60.7142,436
TSLA,2024-02-28,28.94,73.6,-60.6757,437
TSLA,2021-11-29,28.94,73.6,-60.6745,438
TSLA,2021-12-08,28.95,73.6,-60.664,439
TSLA,2021-12-07,28.97,73.6,-60.6345,440
TSLA,2024-02-16,28.99,73.6,-60.6125,441
TSLA,2022-07-07,29.04,73.6,-60.5466,442
TSLA,2023-04-13,29.08,73.6,-60.481,443
TSLA,2022-07-26,29.12,73.6,-60.4362,444
TSLA,2021-04-23,29.12,73.6,-60.4309,445
TSLA,2024-02-19,29.13,73.6,-60.4227,446
TSLA,2020-12-29,29.17,73.6,-60.367,447
TSLA,2020-12-30,29.21,73.6,-60.3072,448
TSLA,2024-01-10,29.21,73.6,-60.3033,449
TSLA,2021-12-09,29.23,73.6,-60.2896,450
TSLA,2024-02-07,29.31,73.6,-60.1758,451
TSLA,2021-12-01,29.31,73.6,-60.1698,452
TSLA,2022-06-30,29.32,73.6,-60.1617,453
TSLA,2024-04-19,29.32,73.6,-60.156,454
TSLA,2023-10-04,29.35,73.6,-60.1222,455
TSLA,2022-07-28,29.35,73.6,-60.1205,456
TSLA,2024-04-29,29.36,73.6,-60.1095,457
TSLA,2024-02-06,29.37,73.6,-60.098,458
TSLA,2022-07-21,29.37,73.6,-60.0875,459
TSLA,2024-04-18,29.38,73.6,-60.0842,460
TSLA,2021-12-15,29.42,73.6,-60.0279,461
TSLA,2024-04-24,29.45,73.6,-59.9815,462
TSLA,2024-02-12,29.46,73.6,-59.9651,463
TSLA,2024-01-15,29.5,73.6,-59.9212,464
TSLA,2024-09-05,29.54,73.6,-59.8664,465
TSLA,2022-07-06,29.56,73.6,-59.8352,466
TSLA,2024-01-04,29.61,73.6,-59.7702,467
TSLA,2023-10-16,29.62,73.6,-59.7566,468
TSLA,2023-08-14,29.64,73.6,-59.7314,469
TSLA,2020-12-22,29.65,73.6,-59.7136,470
TSLA,2024-05-06,29.65,73.6,-59.7098,471
TSLA,2021-11-08,29.65,73.6,-59.7091,472
TSLA,2023-06-13,29.67,73.6,-59.6856,473
TSLA,2022-07-11,29.68,73.6,-59.6732,474
TSLA,2024-01-16,29.71,73.6,-59.6348,475
TSLA,2024-04-30,29.75,73.6,-59.5718,476
TSLA,2023-10-10,29.76,73.6,-59.5671,477
TSLA,2020-12-15,29.76,73.6,-59.5591,478
TSLA,2024-01-08,29.77,73.6,-59.5456,479
TSLA,2021-01-12,29.79,73.6,-59.5187,480
TSLA,2022-07-20,29.81,73.6,-59.4985,481
TSLA,2024-04-25,29.82,73.6,-59.4848,482
TSLA,2023-10-09,29.84,73.6,-59.4545,483
TSLA,2024-09-25,29.86,73.6,-59.4235,484
TSLA,2020-12-31,29.88,73.6,-59.4001,485
TSLA,2024-04-26,29.89,73.6,-59.3875,486
TSLA,2024-04-23,29.9,73.6,-59.3679,487
TSLA,2024-02-26,29.91,73.6,-59.3655,488
TSLA,2021-11-09,29.94,73.6,-59.3184,489
TSLA,2024-01-11,29.95,73.6,-59.3016,490
TSLA,2022-07-01,29.96,73.6,-59.2937,491
TSLA,2023-10-06,29.96,73.6,-59.2854,492
TSLA,2022-07-29,29.98,73.6,-59.2611,493
TSLA,2021-01-11,29.99,73.6,-59.2509,494
TSLA,2024-05-03,30.03,73.6,-59.1956,495
TSLA,2024-03-01,30.05,73.6,-59.1668,496
TSLA,2020-12-24,30.06,73.6,-59.1604,497
TSLA,2024-01-12,30.06,73.6,-59.155,498
TSLA,2021-12-14,30.07,73.6,-59.1427,499
TSLA,2021-01-05,30.07,73.6,-59.1393,500
TSLA,2024-01-17,30.07,73.6,-59.1361,501
TSLA,2021-11-30,30.08,73.6,-59.1275,502
TSLA,2021-04-26,30.09,73.6,-59.1175,503
TSLA,2020-12-28,30.13,73.6,-59.0569,504
TSLA,2020-12-08,30.14,73.6,-59.0532,505
TSLA,2020-12-14,30.15,73.6,-59.0302,506
TSLA,2021-04-28,30.16,73.6,-59.0209,507
TSLA,2023-10-11,30.17,73.6,-59.008,508
TSLA,2022-07-14,30.2,73.6,-58.9649,509
TSLA,2023-10-13,30.21,73.6,-58.9486,510
TSLA,2023-10-12,30.23,73.6,-58.9309,511
TSLA,2024-10-17,30.26,73.6,-58.8836,512
TSLA,2024-02-08,30.27,73.6,-58.8639,513
TSLA,2021-01-01,30.3,73.6,-58.8274,514
TSLA,2023-10-05,30.34,73.6,-58.7797,515
TSLA,2020-12-23,30.37,73.6,-58.7366,516
TSLA,2023-06-14,30.41,73.6,-58.6805,517
TSLA,2021-09-27,30.45,73.6,-58.6282,518
TSLA,2021-04-15,30.45,73.6,-58.6276,519
TSLA,2022-07-12,30.46,73.6,-58.6139,520
TSLA,2020-12-10,30.46,73.6,-58.6089,521
TSLA,2023-10-03,30.47,73.6,-58.6024,522
TSLA,2021-11-12,30.47,73.6,-58.5994,523
TSLA,2020-12-18,30.47,73.6,-58.593,524
TSLA,2021-01-13,30.49,73.6,-58.5711,525
TSLA,2023-10-02,30.49,73.6,-58.5699,526
TSLA,2021-04-19,30.49,73.6,-58.5661,527
TSLA,2024-10-07,30.52,73.6,-58.5344,528
TSLA,2024-04-16,30.54,73.6,-58.5068,529
TSLA,2021-11-10,30.54,73.6,-58.5032,530
TSLA,2020-12-16,30.55,73.6,-58.4908,531
TSLA,2021-12-17,30.56,73.6,-58.4774,532
TSLA,2022-07-08,30.56,73.6,-58.4767,533
TSLA,2024-05-02,30.56,73.6,-58.4746,534
TSLA,2023-07-04,30.57,73.6,-58.4636,535
TSLA,2021-12-16,30.58,73.6,-58.4456,536
TSLA,2021-04-27,30.58,73.6,-58.4432,537
TSLA,2021-11-11,30.63,73.6,-58.3795,538
TSLA,2024-01-22,30.65,73.6,-58.3589,539
TSLA,2020-12-25,30.65,73.6,-58.3587,540
TSLA,2021-04-12,30.66,73.6,-58.3362,541
TSLA,2024-01-25,30.68,73.6,-58.3125,542
TSLA,2024-05-01,30.75,73.6,-58.2152,543
TSLA,2024-09-19,30.76,73.6,-58.2023,544
TSLA,2024-01-24,30.76,73.6,-58.1976,545
TSLA,2022-07-22,30.78,73.6,-58.1749,546
TSLA,2023-06-15,30.8,73.6,-58.1552,547
TSLA,2024-02-29,30.86,73.6,-58.0678,548
TSLA,2021-11-26,30.87,73.6,-58.0519,549
TSLA,2023-09-28,30.9,73.6,-58.0127,550
TSLA,2021-03-25,30.98,73.6,-57.905,551
TSLA,2021-01-04,30.98,73.6,-57.9035,552
TSLA,2022-07-25,30.99,73.6,-57.8951,553
TSLA,2024-01-23,31.05,73.6,-57.8139,554
TSLA,2020-12-11,31.05,73.6,-57.8064,555
TSLA,2024-09-24,31.08,73.6,-57.766,556
TSLA,2023-08-15,31.14,73.6,-57.6899,557
TSLA,2024-09-27,31.14,73.6,-57.6898,558
TSLA,2021-02-04,31.18,73.6,-57.6374,559
TSLA,2024-09-26,31.29,73.6,-57.4804,560
TSLA,2020-12-17,31.29,73.6,-57.4799,561
TSLA,2021-11-05,31.29,73.6,-57.4792,562
TSLA,2024-01-19,31.31,73.6,-57.4573,563
TSLA,2024-10-16,31.31,73.6,-57.4573,563
TSLA,2022-06-06,31.31,73.6,-57.4553,565
TSLA,2021-02-03,31.34,73.6,-57.416,566
TSLA,2021-08-09,31.34,73.6,-57.4159,567
TSLA,2021-09-28,31.34,73.6,-57.4148,568
TSLA,2022-07-15,31.34,73.6,-57.4091,569
TSLA,2021-04-13,31.38,73.6,-57.356,570
TSLA,2023-06-16,31.39,73.6,-57.3477,571
TSLA,2021-07-22,31.41,73.6,-57.3202,572
TSLA,2024-03-04,31.42,73.6,-57.3085,573
TSLA,2021-02-08,31.44,73.6,-57.2744,574
TSLA,2020-12-07,31.46,73.6,-57.2585,575
TSLA,2024-10-02,31.48,73.6,-57.2189,576
TSLA,2024-09-20,31.49,73.6,-57.2138,577
TSLA,2021-01-14,31.5,73.6,-57.1998,578
TSLA,2021-04-02,31.51,73.6,-57.1852,579
TSLA,2022-07-19,31.53,73.6,-57.163,580
TSLA,2021-12-20,31.53,73.6,-57.1521,581
TSLA,2021-02-05,31.55,73.6,-57.1303,582
TSLA,2021-04-14,31.55,73.6,-57.1275,583
TSLA,2021-07-21,31.59,73.6,-57.0773,584
TSLA,2021-01-08,31.61,73.6,-57.0481,585
TSLA,2021-04-29,31.62,73.6,-57.0316,586
TSLA,2021-04-05,31.63,73.6,-57.0255,587
TSLA,2022-06-17,31.63,73.6,-57.0186,588
TSLA,2022-06-29,31.65,73.6,-57.0012,589
TSLA,2024-10-15,31.66,73.6,-56.9868,590
TSLA,2021-03-09,31.68,73.6,-56.9475,591
TSLA,2024-09-23,31.7,73.6,-56.9216,592
TSLA,2021-01-07,31.72,73.6,-56.8963,593
TSLA,2023-06-22,31.74,73.6,-56.8729,594
TSLA,2021-12-22,31.74,73.6,-56.8687,595
TSLA,2021-12-21,31.74,73.6,-56.8676,596
TSLA,2023-06-19,31.76,73.6,-56.8417,597
TSLA,2022-06-24,31.79,73.6,-56.7984,598
TSLA,2021-03-08,31.86,73.6,-56.7135,599
TSLA,2021-03-11,31.87,73.6,-56.694,600
TSLA,2021-07-19,31.92,73.6,-56.6276,601
TSLA,2022-06-28,31.92,73.6,-56.6237,602
TSLA,2021-04-06,31.94,73.6,-56.6048,603
TSLA,2022-07-18,31.99,73.6,-56.526,604
TSLA,2024-10-04,32.02,73.6,-56.4948,605
TSLA,2023-06-21,32.03,73.6,-56.4847,606
TSLA,2021-03-12,32.07,73.6,-56.4232,607
TSLA,2024-10-03,32.08,73.6,-56.4169,608
TSLA,2024-01-26,32.1,73.6,-56.3863,609
TSLA,2021-09-29,32.1,73.6,-56.3839,610
TSLA,2021-04-20,32.11,73.6,-56.3649,611
TSLA,2021-01-06,32.13,73.6,-56.3465,612
TSLA,2024-10-09,32.13,73.6,-56.3461,613
TSLA,2023-09-19,32.13,73.6,-56.3381,614
TSLA,2022-06-15,32.16,73.6,-56.3026,615
TSLA,2021-03-26,32.17,73.6,-56.2947,616
TSLA,2020-10-14,32.19,73.6,-56.2654,617
TSLA,2023-06-20,32.19,73.6,-56.2596,618
TSLA,2023-09-29,32.2,73.6,-56.2492,619
TSLA,2021-04-22,32.24,73.6,-56.1943,620
TSLA,2021-12-23,32.24,73.6,-56.1877,621
TSLA,2024-10-01,32.29,73.6,-56.1253,622
TSLA,2024-10-21,32.3,73.6,-56.1142,623
TSLA,2021-08-11,32.3,73.6,-56.1066,624
TSLA,2023-08-30,32.32,73.6,-56.0881,625
TSLA,2022-06-03,32.33,73.6,-56.0758,626
TSLA,2023-07-03,32.34,73.6,-56.0568,627
TSLA,2022-06-14,32.38,73.6,-56.0011,628
TSLA,2021-10-01,32.39,73.6,-55.995,629
TSLA,2021-04-07,32.39,73.6,-55.9911,630
TSLA,2022-06-27,32.4,73.6,-55.9822,631
TSLA,2024-01-18,32.4,73.6,-55.9695,632
TSLA,2021-11-03,32.41,73.6,-55.9594,633
TSLA,2021-08-10,32.5,73.6,-55.8368,634
TSLA,2024-10-18,32.52,73.6,-55.8125,635
TSLA,2021-05-11,32.54,73.6,-55.7811,636
TSLA,2021-08-06,32.58,73.6,-55.7276,637
TSLA,2021-08-12,32.62,73.6,-55.6834,638
TSLA,2023-08-29,32.66,73.6,-55.6279,639
TSLA,2020-10-02,32.66,73.6,-55.6186,640
TSLA,2023-08-25,32.67,73.6,-55.6026,641
TSLA,2024-09-30,32.68,73.6,-55.589,642
TSLA,2024-03-08,32.7,73.6,-55.5656,643
TSLA,2022-06-16,32.73,73.6,-55.5323,644
TSLA,2020-10-15,32.73,73.6,-55.5258,645
TSLA,2021-06-30,32.74,73.6,-55.5198,646
TSLA,2023-08-18,32.78,73.6,-55.4592,647
TSLA,2021-04-30,32.78,73.6,-55.4535,648
TSLA,2021-11-04,32.79,73.6,-55.4458,649
TSLA,2023-09-27,32.79,73.6,-55.439,650
TSLA,2021-08-18,32.8,73.6,-55.4338,651
TSLA,2022-06-10,32.82,73.6,-55.4068,652
TSLA,2021-03-31,32.83,73.6,-55.3959,653
TSLA,2023-09-18,32.84,73.6,-55.3761,654
TSLA,2021-07-16,32.85,73.6,-55.3594,655
TSLA,2021-08-13,32.88,73.6,-55.3253,656
TSLA,2021-11-15,32.88,73.6,-55.32,657
TSLA,2024-10-08,32.92,73.6,-55.271,658
TSLA,2021-11-24,32.92,73.6,-55.266,659
TSLA,2022-06-08,32.93,73.6,-55.2519,660
TSLA,2024-10-14,32.94,73.6,-55.2448,661
TSLA,2022-06-02,32.97,73.6,-55.1986,662
TSLA,2020-12-09,32.99,73.6,-55.1773,663
TSLA,2021-07-23,32.99,73.6,-55.1723,664
TSLA,2021-08-16,33.0,73.6,-55.1648,665
TSLA,2021-11-23,33.0,73.6,-55.1594,666
TSLA,2022-06-09,33.05,73.6,-55.097,667
TSLA,2021-11-19,33.06,73.6,-55.0854,668
TSLA,2021-05-03,33.07,73.6,-55.0709,669
TSLA,2022-05-31,33.07,73.6,-55.0679,670
TSLA,2021-07-20,33.1,73.6,-55.0273,671
TSLA,2021-04-21,33.1,73.6,-55.0247,672
TSLA,2021-09-24,33.11,73.6,-55.0115,673
TSLA,2021-05-07,33.12,73.6,-54.9975,674
TSLA,2022-06-20,33.12,73.6,-54.9975,674
TSLA,2021-11-16,33.12,73.6,-54.9919,676
TSLA,2021-04-08,33.15,73.6,-54.9566,677
TSLA,2021-05-04,33.16,73.6,-54.9458,678
TSLA,2022-06-13,33.16,73.6,-54.9402,679
TSLA,2021-08-17,33.17,73.6,-54.9335,680
TSLA,2021-03-15,33.18,73.6,-54.916,681
TSLA,2021-04-09,33.18,73.6,-54.9108,682
TSLA,2021-08-05,33.2,73.6,-54.8847,683
TSLA,2021-05-05,33.27,73.6,-54.791,684
TSLA,2021-05-18,33.31,73.6,-54.7343,685
TSLA,2020-12-04,33.34,73.6,-54.7018,686
TSLA,2021-07-15,33.34,73.6,-54.698,687
TSLA,2021-03-19,33.37,73.6,-54.6573,688
TSLA,2021-03-24,33.37,73.6,-54.6555,689
TSLA,2021-01-21,33.38,73.6,-54.6464,690
TSLA,2021-11-25,33.38,73.6,-54.6422,691
TSLA,2024-10-10,33.42,73.6,-54.5952,692
TSLA,2021-06-28,33.42,73.6,-54.5918,693
TSLA,2023-08-28,33.43,73.6,-54.5748,694
TSLA,2021-10-04,33.43,73.6,-54.57,695
TSLA,2023-09-22,33.52,73.6,-54.4484,696
TSLA,2023-08-16,33.53,73.6,-54.4468,697
TSLA,2024-10-22,33.54,73.6,-54.4247,698
TSLA,2020-10-20,33.54,73.6,-54.4229,699
TSLA,2021-10-05,33.56,73.6,-54.4029,700
TSLA,2021-06-25,33.62,73.6,-54.3165,701
TSLA,2021-01-15,33.62,73.6,-54.3116,702
TSLA,2020-10-06,33.65,73.6,-54.2814,703
TSLA,2020-10-22,33.65,73.6,-54.2786,704
TSLA,2021-08-04,33.65,73.6,-54.273,705
TSLA,2020-10-27,33.66,73.6,-54.2687,706
TSLA,2023-08-31,33.67,73.6,-54.2517,707
TSLA,2023-09-26,33.68,73.6,-54.238,708
TSLA,2020-10-28,33.68,73.6,-54.2363,709
TSLA,2021-04-01,33.7,73.6,-54.2116,710
TSLA,2024-03-07,33.71,73.6,-54.1988,711
TSLA,2022-06-07,33.73,73.6,-54.1677,712
TSLA,2021-10-08,33.74,73.6,-54.1513,713
TSLA,2021-05-10,33.75,73.6,-54.1442,714
TSLA,2021-07-14,33.76,73.6,-54.1306,715
TSLA,2021-09-30,33.77,73.6,-54.1111,716
TSLA,2021-03-29,33.77,73.6,-54.1105,717
TSLA,2023-06-28,33.78,73.6,-54.1011,718
TSLA,2021-03-10,33.79,73.6,-54.0905,719
TSLA,2023-09-15,33.8,73.6,-54.0757,720
TSLA,2023-08-17,33.81,73.6,-54.0593,721
TSLA,2021-10-06,33.83,73.6,-54.0291,722
TSLA,2021-03-23,33.84,73.6,-54.024,723
TSLA,2022-06-01,33.85,73.6,-54.0033,724
TSLA,2021-11-22,33.85,73.6,-54.0009,725
TSLA,2020-12-02,33.88,73.6,-53.9693,726
TSLA,2024-04-15,33.88,73.6,-53.9621,727
TSLA,2021-03-05,33.88,73.6,-53.9613,728
TSLA,2023-09-20,33.92,73.6,-53.9134,729
TSLA,2021-12-24,33.93,73.6,-53.8936,730
TSLA,2023-08-24,33.97,73.6,-53.8438,731
TSLA,2020-10-23,34.08,73.6,-53.6996,732
TSLA,2020-10-13,34.1,73.6,-53.6715,733
TSLA,2021-07-01,34.1,73.6,-53.6711,734
TSLA,2024-03-05,34.11,73.6,-53.6511,735
TSLA,2023-06-27,34.12,73.6,-53.6391,736
TSLA,2022-05-30,34.15,73.6,-53.5953,737
TSLA,2023-06-23,34.16,73.6,-53.5819,738
TSLA,2023-09-25,34.18,73.6,-53.5626,739
TSLA,2020-10-26,34.18,73.6,-53.558,740
TSLA,2023-08-23,34.19,73.6,-53.5462,741
TSLA,2021-06-29,34.22,73.6,-53.4993,742
TSLA,2021-01-20,34.25,73.6,-53.4633,743
TSLA,2021-05-06,34.26,73.6,-53.452,744
TSLA,2020-10-19,34.27,73.6,-53.4366,745
TSLA,2021-11-17,34.28,73.6,-53.4198,746
TSLA,2021-07-26,34.29,73.6,-53.4095,747
TSLA,2021-05-14,34.29,73.6,-53.4037,748
TSLA,2024-10-23,34.3,73.6,-53.3933,749
TSLA,2021-12-27,34.31,73.6,-53.3832,750
TSLA,2023-06-30,34.32,73.6,-53.3704,751
TSLA,2021-01-18,34.39,73.6,-53.2652,752
TSLA,2024-03-06,34.4,73.6,-53.2626,753
TSLA,2021-08-03,34.41,73.6,-53.2448,754
TSLA,2021-03-03,34.42,73.6,-53.2348,755
TSLA,2021-05-12,34.42,73.6,-53.2308,756
TSLA,2020-10-07,34.43,73.6,-53.22,757
TSLA,2023-09-07,34.44,73.6,-53.1993,758
TSLA,2021-05-17,34.45,73.6,-53.1868,759
TSLA,2023-09-08,34.49,73.6,-53.1412,760
TSLA,2021-11-18,34.53,73.6,-53.0834,761
TSLA,2024-03-11,34.54,73.6,-53.0644,762
TSLA,2021-12-29,34.56,73.6,-53.0466,763
TSLA,2020-10-21,34.56,73.6,-53.0394,764
TSLA,2021-02-02,34.57,73.6,-53.0257,765
TSLA,2023-09-01,34.59,73.6,-53.0051,766
TSLA,2023-09-14,34.6,73.6,-52.9892,767
TSLA,2021-09-10,34.62,73.6,-52.96,768
TSLA,2021-08-02,34.62,73.6,-52.9589,769
TSLA,2020-12-03,34.63,73.6,-52.9418,770
TSLA,2024-10-11,34.63,73.6,-52.9395,771
TSLA,2023-09-04,34.65,73.6,-52.9119,772
TSLA,2021-11-02,34.67,73.6,-52.8922,773
TSLA,2021-01-26,34.69,73.6,-52.8612,774
TSLA,2024-10-24,34.72,73.6,-52.8235,775
TSLA,2021-03-04,34.74,73.6,-52.8005,776
TSLA,2021-10-07,34.76,73.6,-52.7728,777
TSLA,2021-01-22,34.78,73.6,-52.7448,778
TSLA,2020-10-16,34.78,73.6,-52.74,779
TSLA,2022-05-26,34.79,73.6,-52.7251,780
TSLA,2021-08-19,34.81,73.6,-52.7053,781
TSLA,2022-06-21,34.81,73.6,-52.6956,782
TSLA,2024-10-25,34.82,73.6,-52.6819,783
TSLA,2021-01-19,34.83,73.6,-52.6687,784
TSLA,2022-05-11,34.85,73.6,-52.6478,785
TSLA,2021-07-02,34.86,73.6,-52.6364,786
TSLA,2023-06-26,34.88,73.6,-52.6017,787
TSLA,2021-02-25,34.92,73.6,-52.5489,788
TSLA,2023-09-05,34.95,73.6,-52.5175,789
TSLA,2021-03-18,34.96,73.6,-52.5025,790
TSLA,2022-05-10,34.96,73.6,-52.4917,791
TSLA,2021-07-30,34.97,73.6,-52.4884,792
TSLA,2023-09-21,34.99,73.6,-52.4588,793
TSLA,2023-09-06,35.01,73.6,-52.4297,794
TSLA,2021-03-30,35.01,73.6,-52.4296,795
TSLA,2021-03-22,35.01,73.6,-52.4256,796
TSLA,2022-05-24,35.03,73.6,-52.4059,797
TSLA,2021-12-28,35.03,73.6,-52.3968,798
TSLA,2021-02-23,35.06,73.6,-52.3612,799
TSLA,2023-09-12,35.1,73.6,-52.3082,800
TSLA,2021-03-01,35.1,73.6,-52.3054,801
TSLA,2021-09-06,35.1,73.6,-52.305,802
TSLA,2021-09-09,35.16,73.6,-52.2257,803
TSLA,2021-01-29,35.2,73.6,-52.1649,804
TSLA,2021-05-13,35.23,73.6,-52.1363,805
TSLA,2023-09-11,35.23,73.6,-52.1256,806
TSLA,2021-07-28,35.27,73.6,-52.0722,807
TSLA,2023-08-22,35.3,73.6,-52.0371,808
TSLA,2021-09-08,35.3,73.6,-52.0351,809
TSLA,2021-08-25,35.3,73.6,-52.0333,810
TSLA,2023-06-29,35.32,73.6,-52.0079,811
TSLA,2020-10-05,35.33,73.6,-51.9992,812
TSLA,2020-10-01,35.33,73.6,-51.9986,813
TSLA,2021-02-26,35.39,73.6,-51.9142,814
TSLA,2021-02-09,35.41,73.6,-51.8875,815
TSLA,2021-08-24,35.43,73.6,-51.8642,816
TSLA,2021-07-05,35.45,73.6,-51.8274,817
TSLA,2021-07-13,35.47,73.6,-51.8013,818
TSLA,2021-05-19,35.48,73.6,-51.7941,819
TSLA,2024-10-29,35.51,73.6,-51.7473,820
TSLA,2021-02-24,35.52,73.6,-51.7419,821
TSLA,2022-05-27,35.54,73.6,-51.7093,822
TSLA,2021-09-23,35.61,73.6,-51.6184,823
TSLA,2021-10-22,35.69,73.6,-51.5004,824
TSLA,2021-09-13,35.7,73.6,-51.4871,825
TSLA,2022-05-20,35.72,73.6,-51.4579,826
TSLA,2022-06-22,35.74,73.6,-51.4411,827
TSLA,2023-08-21,35.74,73.6,-51.4406,828
TSLA,2020-09-28,35.74,73.6,-51.4387,829
TSLA,2021-02-22,35.74,73.6,-51.4385,830
TSLA,2023-09-13,35.76,73.6,-51.4162,831
TSLA,2020-09-22,35.76,73.6,-51.4118,832
TSLA,2021-03-02,35.77,73.6,-51.3917,833
TSLA,2021-09-07,35.77,73.6,-51.3915,834
TSLA,2021-06-23,35.78,73.6,-51.3863,835
TSLA,2021-01-27,35.78,73.6,-51.3795,836
TSLA,2021-03-17,35.82,73.6,-51.3228,837
TSLA,2024-04-11,35.83,73.6,-51.3084,838
TSLA,2022-06-23,35.89,73.6,-51.2364,839
TSLA,2022-05-12,35.89,73.6,-51.2313,840
TSLA,2020-11-11,35.94,73.6,-51.166,841
TSLA,2021-08-20,35.96,73.6,-51.1433,842
TSLA,2021-08-26,35.96,73.6,-51.1404,843
TSLA,2022-01-07,35.98,73.6,-51.1143,844
TSLA,2021-02-10,36.01,73.6,-51.0697,845
TSLA,2021-08-23,36.03,73.6,-51.0408,846
TSLA,2021-02-01,36.04,73.6,-51.0288,847
TSLA,2021-07-07,36.05,73.6,-51.0228,848
TSLA,2020-12-01,36.05,73.6,-51.017,849
TSLA,2020-11-30,36.07,73.6,-50.9886,850
TSLA,2021-07-27,36.09,73.6,-50.9647,851
TSLA,2021-09-14,36.09,73.6,-50.9641,852
TSLA,2020-10-12,36.1,73.6,-50.9518,853
TSLA,2022-05-23,36.11,73.6,-50.9356,854
TSLA,2022-01-10,36.13,73.6,-50.9032,855
TSLA,2020-11-12,36.18,73.6,-50.8398,856
TSLA,2021-01-25,36.21,73.6,-50.8022,857
TSLA,2021-08-30,36.24,73.6,-50.7536,858
TSLA,2020-10-29,36.25,73.6,-50.7441,859
TSLA,2021-10-26,36.27,73.6,-50.7107,860
TSLA,2021-02-11,36.28,73.6,-50.7079,861
TSLA,2021-06-11,36.32,73.6,-50.6543,862
TSLA,2021-07-08,36.32,73.6,-50.6509,863
TSLA,2021-02-15,36.36,73.6,-50.5989,864
TSLA,2024-04-12,36.38,73.6,-50.5646,865
TSLA,2021-07-09,36.38,73.6,-50.5642,866
TSLA,2021-10-25,36.39,73.6,-50.5597,867
TSLA,2021-07-12,36.41,73.6,-50.5232,868
TSLA,2024-03-12,36.45,73.6,-50.479,869
TSLA,2021-07-29,36.47,73.6,-50.4415,870
TSLA,2021-09-15,36.48,73.6,-50.4316,871
TSLA,2021-03-16,36.51,73.6,-50.3971,872
TSLA,2021-07-06,36.53,73.6,-50.3639,873
TSLA,2022-05-09,36.54,73.6,-50.3449,874
TSLA,2021-11-01,36.56,73.6,-50.3282,875
TSLA,2021-06-24,36.58,73.6,-50.2953,876
TSLA,2024-04-10,36.62,73.6,-50.2478,877
TSLA,2021-09-03,36.62,73.6,-50.2471,878
TSLA,2020-10-08,36.67,73.6,-50.168,879
TSLA,2024-10-28,36.68,73.6,-50.1563,880
TSLA,2020-09-29,36.71,73.6,-50.1213,881
TSLA,2020-09-25,36.73,73.6,-50.0979,882
TSLA,2020-11-18,36.75,73.6,-50.0643,883
TSLA,2021-09-16,36.77,73.6,-50.0374,884
TSLA,2021-01-28,36.8,73.6,-50.0001,885
TSLA,2021-09-02,36.84,73.6,-49.944,886
TSLA,2022-05-25,36.89,73.6,-49.8752,887
TSLA,2021-12-30,36.9,73.6,-49.8598,888
TSLA,2020-11-27,36.91,73.6,-49.8464,889
TSLA,2020-10-09,36.95,73.6,-49.7984,890
TSLA,2021-10-28,36.96,73.6,-49.781,891
TSLA,2021-02-12,36.97,73.6,-49.7655,892
TSLA,2020-09-21,37.0,73.6,-49.7271,893
TSLA,2020-11-13,37.04,73.6,-49.675,894
TSLA,2020-09-30,37.08,73.6,-49.6188,895
TSLA,2021-06-10,37.12,73.6,-49.5597,896
TSLA,2021-10-15,37.19,73.6,-49.4729,897
TSLA,2020-09-23,37.2,73.6,-49.4534,898
TSLA,2020-11-17,37.2,73.6,-49.4518,899
TSLA,2020-10-30,37.21,73.6,-49.4417,900
TSLA,2022-05-13,37.24,73.6,-49.4,901
TSLA,2021-10-14,37.27,73.6,-49.3589,902
TSLA,2021-08-31,37.29,73.6,-49.3371,903
TSLA,2020-11-16,37.32,73.6,-49.2936,904
TSLA,2021-09-20,37.34,73.6,-49.2618,905
TSLA,2021-10-20,37.46,73.6,-49.1041,906
TSLA,2021-10-18,37.51,73.6,-49.026,907
TSLA,2020-09-24,37.54,73.6,-48.992,908
TSLA,2022-05-19,37.56,73.6,-48.9694,909
TSLA,2021-10-11,37.56,73.6,-48.959,910
TSLA,2020-11-03,37.58,73.6,-48.9435,911
TSLA,2021-06-14,37.61,73.6,-48.8997,912
TSLA,2021-09-17,37.69,73.6,-48.7836,913
TSLA,2021-02-16,37.82,73.6,-48.6134,914
TSLA,2022-05-05,37.87,73.6,-48.5436,915
TSLA,2021-12-31,37.93,73.6,-48.4585,916
TSLA,2021-10-21,37.95,73.6,-48.4364,917
TSLA,2022-01-04,37.96,73.6,-48.4148,918
TSLA,2021-05-20,37.97,73.6,-48.4126,919
TSLA,2022-01-11,37.99,73.6,-48.3823,920
TSLA,2021-02-19,38.05,73.6,-48.2958,921
TSLA,2020-11-06,38.09,73.6,-48.2409,922
TSLA,2022-01-03,38.1,73.6,-48.2248,923
TSLA,2021-09-22,38.16,73.6,-48.1453,924
TSLA,2024-10-30,38.16,73.6,-48.1433,925
TSLA,2020-11-10,38.24,73.6,-48.0451,926
TSLA,2021-08-27,38.29,73.6,-47.9756,927
TSLA,2021-06-21,38.39,73.6,-47.8377,928
TSLA,2021-06-09,38.42,73.6,-47.7915,929
TSLA,2021-02-17,38.43,73.6,-47.7781,930
TSLA,2021-06-22,38.46,73.6,-47.7459,931
TSLA,2022-05-06,38.59,73.6,-47.5689,932
TSLA,2022-01-06,38.65,73.6,-47.4827,933
TSLA,2020-09-17,38.67,73.6,-47.4558,934
TSLA,2022-05-03,38.68,73.6,-47.4361,935
TSLA,2024-03-14,38.73,73.6,-47.3808,936
TSLA,2024-03-13,38.73,73.6,-47.3806,937
TSLA,2020-11-20,38.84,73.6,-47.2271,938
TSLA,2020-09-18,38.86,73.6,-47.2028,939
TSLA,2022-05-02,38.89,73.6,-47.1536,940
TSLA,2021-10-13,38.92,73.6,-47.117,941
TSLA,2020-11-02,38.96,73.6,-47.0576,942
TSLA,2021-02-18,38.98,73.6,-47.0286,943
TSLA,2020-11-09,39.0,73.6,-47.0129,944
TSLA,2020-11-26,39.02,73.6,-46.9741,945
TSLA,2020-11-25,39.05,73.6,-46.9402,946
TSLA,2024-03-19,39.05,73.6,-46.9385,947
TSLA,2021-09-01,39.1,73.6,-46.8737,948
TSLA,2021-05-21,39.12,73.6,-46.8495,949
TSLA,2022-05-04,39.12,73.6,-46.8446,950
TSLA,2022-05-18,39.13,73.6,-46.837,951
TSLA,2021-10-29,39.15,73.6,-46.8106,952
TSLA,2021-10-19,39.24,73.6,-46.681,953
TSLA,2022-05-17,39.28,73.6,-46.6304,954
TSLA,2021-06-15,39.29,73.6,-46.6101,955
TSLA,2021-10-27,39.32,73.6,-46.5711,956
TSLA,2020-11-04,39.35,73.6,-46.5284,957
TSLA,2024-04-08,39.43,73.6,-46.4235,958
TSLA,2022-01-05,39.57,73.6,-46.2352,959
TSLA,2024-04-09,39.59,73.6,-46.2112,960
TSLA,2021-10-12,39.72,73.6,-46.0256,961
TSLA,2024-04-03,39.8,73.6,-45.9274,962
TSLA,2022-05-16,39.83,73.6,-45.874,963
TSLA,2024-04-01,39.85,73.6,-45.8578,964
TSLA,2021-06-08,39.96,73.6,-45.7025,965
TSLA,2021-09-21,40.09,73.6,-45.5294,966
TSLA,2021-06-16,40.17,73.6,-45.413,967
TSLA,2020-11-23,40.31,73.6,-45.2331,968
TSLA,2024-03-28,40.33,73.6,-45.1938,969
TSLA,2020-11-24,40.39,73.6,-45.1248,970
TSLA,2024-03-25,40.4,73.6,-45.1056,971
TSLA,2024-03-18,40.43,73.6,-45.0587,972
TSLA,2020-11-05,40.45,73.6,-45.037,973
TSLA,2024-03-15,40.46,73.6,-45.0226,974
TSLA,2022-01-13,40.48,73.6,-45.0008,975
TSLA,2024-03-26,40.52,73.6,-44.9417,976
TSLA,2022-01-12,40.6,73.6,-44.8329,977
TSLA,2022-01-14,40.6,73.6,-44.8286,978
TSLA,2020-09-10,40.7,73.6,-44.7035,979
TSLA,2022-04-29,40.71,73.6,-44.6862,980
TSLA,2020-11-19,40.71,73.6,-44.6832,981
TSLA,2024-03-29,40.77,73.6,-44.6075,982
TSLA,2020-09-09,40.79,73.6,-44.5698,983
TSLA,2024-04-05,40.92,73.6,-44.4024,984
TSLA,2024-03-20,40.95,73.6,-44.3641,985
TSLA,2024-04-02,41.06,73.6,-44.2068,986
TSLA,2024-04-04,41.13,73.6,-44.1163,987
TSLA,2022-01-18,41.14,73.6,-44.0989,988
TSLA,2022-04-28,41.21,73.6,-44.0113,989
TSLA,2020-09-16,41.21,73.6,-43.9993,990
TSLA,2021-06-17,41.28,73.6,-43.9054,991
TSLA,2022-01-17,41.53,73.6,-43.5665,992
TSLA,2020-09-11,41.62,73.6,-43.451,993
TSLA,2021-05-24,41.75,73.6,-43.2752,994
TSLA,2022-01-20,41.99,73.6,-42.9505,995
TSLA,2020-09-14,41.99,73.6,-42.9503,996
TSLA,2021-05-25,42.06,73.6,-42.8447,997
TSLA,2022-01-19,42.08,73.6,-42.8275,998
TSLA,2024-03-22,42.1,73.6,-42.7958,999
TSLA,2024-03-27,42.19,73.6,-42.6665,1000
TSLA,2021-06-18,42.46,73.6,-42.3004,1001
TSLA,2020-09-08,42.57,73.6,-42.1549,1002
TSLA,2020-09-15,43.02,73.6,-41.5474,1003
TSLA,2022-04-27,43.27,73.6,-41.2096,1004
TSLA,2021-05-26,43.46,73.6,-40.9503,1005
TSLA,2021-06-07,43.48,73.6,-40.9139,1006
TSLA,2021-06-04,43.74,73.6,-40.5677,1007
TSLA,2022-01-21,43.82,73.6,-40.4585,1008
TSLA,2024-03-21,43.84,73.6,-40.4348,1009
TSLA,2022-02-14,44.36,73.6,-39.7189,1010
TSLA,2022-02-15,44.39,73.6,-39.6894,1011
TSLA,2022-04-26,44.68,73.6,-39.2934,1012
TSLA,2022-02-11,44.99,73.6,-38.8624,1013
TSLA,2020-09-03,45.18,73.6,-38.6146,1014
TSLA,2022-02-10,45.18,73.6,-38.6055,1015
TSLA,2022-01-24,45.2,73.6,-38.5869,1016
TSLA,2020-09-04,45.26,73.6,-38.5006,1017
TSLA,2021-05-27,45.75,73.6,-37.8302,1018
TSLA,2021-05-28,45.8,73.6,-37.7611,1019
TSLA,2020-09-07,45.96,73.6,-37.5469,1020
TSLA,2021-05-31,46.0,73.6,-37.4958,1021
TSLA,2022-04-25,46.2,73.6,-37.2203,1022
TSLA,2022-02-16,46.37,73.6,-36.9932,1023
TSLA,2022-01-26,46.46,73.6,-36.8773,1024
TSLA,2020-09-01,46.61,73.6,-36.6737,1025
TSLA,2022-01-25,46.78,73.6,-36.4299,1026
TSLA,2020-08-31,47.16,73.6,-35.9154,1027
TSLA,2020-08-28,47.26,73.6,-35.7896,1028
TSLA,2022-03-09,47.38,73.6,-35.6174,1029
TSLA,2022-03-18,47.67,73.6,-35.2284,1030
TSLA,2021-06-03,47.77,73.6,-35.0877,1031
TSLA,2020-09-02,47.83,73.6,-35.0137,1032
TSLA,2021-06-01,47.86,73.6,-34.9725,1033
TSLA,2022-02-08,48.32,73.6,-34.3381,1034
TSLA,2022-02-09,48.5,73.6,-34.0991,1035
TSLA,2022-03-22,48.52,73.6,-34.075,1036
TSLA,2022-02-07,48.59,73.6,-33.9797,1037
TSLA,2022-03-17,48.66,73.6,-33.8765,1038
TSLA,2022-02-22,48.87,73.6,-33.5968,1039
TSLA,2022-03-10,48.97,73.6,-33.4674,1040
TSLA,2020-03-26,23.39,35.08,-33.3235,1041
TSLA,2022-02-04,49.11,73.6,-33.2745,1042
TSLA,2022-03-16,49.16,73.6,-33.209,1043
TSLA,2021-06-02,49.21,73.6,-33.1384,1044
TSLA,2022-03-15,49.21,73.6,-33.1378,1045
TSLA,2020-08-26,49.21,73.6,-33.1321,1046
TSLA,2022-03-23,49.22,73.6,-33.1263,1047
TSLA,2022-04-22,49.48,73.6,-32.7716,1048
TSLA,2022-02-21,49.5,73.6,-32.7414,1049
TSLA,2022-04-19,50.13,73.6,-31.879,1050
TSLA,2022-02-23,50.14,73.6,-31.8649,1051
TSLA,2020-03-27,23.99,35.08,-31.6276,1052
TSLA,2022-01-27,50.33,73.6,-31.6061,1053
TSLA,2022-02-02,50.34,73.6,-31.5935,1054
TSLA,2022-02-01,50.48,73.6,-31.4133,1055
TSLA,2022-02-17,50.5,73.6,-31.3772,1056
TSLA,2022-03-21,50.57,73.6,-31.2807,1057
TSLA,2020-08-17,50.62,73.6,-31.2192,1058
TSLA,2022-02-03,50.65,73.6,-31.1799,1059
TSLA,2022-04-21,50.65,73.6,-31.1734,1060
TSLA,2020-08-27,50.72,73.6,-31.0851,1061
TSLA,2020-03-30,24.21,35.08,-30.9892,1062
TSLA,2020-08-25,50.81,73.6,-30.9615,1063
TSLA,2022-03-11,50.89,73.6,-30.8467,1064
TSLA,2022-04-20,50.92,73.6,-30.816,1065
TSLA,2022-02-24,51.22,73.6,-30.4096,1066
TSLA,2020-04-01,24.51,35.08,-30.1484,1067
TSLA,2022-01-28,51.41,73.6,-30.1436,1068
TSLA,2020-08-18,51.47,73.6,-30.0592,1069
TSLA,2020-03-25,24.55,35.08,-30.04,1070
TSLA,2022-04-15,51.63,73.6,-29.8441,1071
TSLA,2022-04-18,51.66,73.6,-29.8093,1072
TSLA,2022-03-24,51.75,73.6,-29.681,1073
TSLA,2022-03-14,51.83,73.6,-29.5699,1074
TSLA,2022-02-18,52.0,73.6,-29.3495,1075
TSLA,2022-01-31,52.0,73.6,-29.3377,1076
TSLA,2020-08-14,52.05,73.6,-29.276,1077
TSLA,2020-03-31,24.84,35.08,-29.2135,1078
TSLA,2020-04-03,24.96,35.08,-28.8703,1079
TSLA,2020-08-24,52.51,73.6,-28.6501,1080
TSLA,2022-03-01,52.54,73.6,-28.6058,1081
TSLA,2022-03-25,52.64,73.6,-28.4781,1082
TSLA,2020-08-19,52.81,73.6,-28.2422,1083
TSLA,2020-08-13,52.83,73.6,-28.219,1084
TSLA,2020-08-21,53.01,73.6,-27.9762,1085
TSLA,2020-04-02,25.35,35.08,-27.7533,1086
TSLA,2022-02-28,53.26,73.6,-27.6325,1087
TSLA,2022-02-25,53.4,73.6,-27.4411,1088
TSLA,2020-03-16,25.47,35.08,-27.4161,1089
TSLA,2020-08-20,53.45,73.6,-27.3761,1090
TSLA,2020-03-17,25.9,35.08,-26.1797,1091
TSLA,2020-03-24,25.94,35.08,-26.0531,1092
TSLA,2022-03-04,54.5,73.6,-25.9472,1093
TSLA,2022-03-08,54.6,73.6,-25.8116,1094
TSLA,2022-04-14,54.8,73.6,-25.5339,1095
TSLA,2020-04-06,26.16,35.08,-25.4423,1096
TSLA,2020-03-23,26.16,35.08,-25.4289,1097
TSLA,2020-03-18,26.37,35.08,-24.8443,1098
TSLA,2020-04-08,26.38,35.08,-24.8192,1099
TSLA,2022-03-28,55.46,73.6,-24.6482,1100
TSLA,2020-04-30,26.49,35.08,-24.5097,1101
TSLA,2020-08-12,55.7,73.6,-24.316,1102
TSLA,2020-04-07,26.57,35.08,-24.2811,1103
TSLA,2020-03-13,26.64,35.08,-24.081,1104
TSLA,2020-04-09,26.64,35.08,-24.0613,1105
TSLA,2020-04-10,26.66,35.08,-24.0149,1106
TSLA,2022-03-02,56.53,73.6,-23.1915,1107
TSLA,2022-04-05,56.56,73.6,-23.1434,1108
TSLA,2022-03-03,56.74,73.6,-22.9032,1109
TSLA,2022-03-29,56.83,73.6,-22.785,1110
TSLA,2020-08-11,57.12,73.6,-22.3895,1111
TSLA,2022-04-12,57.56,73.6,-21.7917,1112
TSLA,2022-04-13,57.84,73.6,-21.4108,1113
TSLA,2022-03-30,57.91,73.6,-21.3099,1114
TSLA,2022-03-07,57.97,73.6,-21.2308,1115
TSLA,2020-04-24,27.73,35.08,-20.9517,1116
TSLA,2020-04-23,27.91,35.08,-20.4603,1117
TSLA,2020-03-19,28.03,35.08,-20.1063,1118
TSLA,2022-03-31,58.87,73.6,-20.0115,1119
TSLA,2022-04-06,58.9,73.6,-19.9742,1120
TSLA,2020-03-20,28.08,35.08,-19.9701,1121
TSLA,2020-05-01,28.22,35.08,-19.5753,1122
TSLA,2020-03-12,28.27,35.08,-19.4117,1123
TSLA,2020-08-10,59.49,73.6,-19.1626,1124
TSLA,2022-04-04,59.58,73.6,-19.0442,1125
TSLA,2020-04-29,28.43,35.08,-18.9753,1126
TSLA,2020-04-13,28.5,35.08,-18.7738,1127
TSLA,2020-04-16,28.62,35.08,-18.4278,1128
TSLA,2022-04-01,60.45,73.6,-17.8666,1129
TSLA,2020-04-14,28.82,35.08,-17.8432,1130
TSLA,2020-04-15,28.86,35.08,-17.738,1131
TSLA,2020-02-27,28.88,35.08,-17.6759,1132
TSLA,2020-04-22,28.92,35.08,-17.5787,1133
TSLA,2020-05-04,28.92,35.08,-17.5684,1134
TSLA,2020-04-28,29.09,35.08,-17.0913,1135
TSLA,2020-03-05,29.18,35.08,-16.8393,1136
TSLA,2020-02-28,29.21,35.08,-16.7536,1137
TSLA,2022-04-11,61.27,73.6,-16.7528,1138
TSLA,2020-08-07,61.35,73.6,-16.6453,1139
TSLA,2020-04-27,29.35,35.08,-16.3502,1140
TSLA,2020-03-11,29.38,35.08,-16.2579,1141
TSLA,2020-03-10,29.43,35.08,-16.1048,1142
TSLA,2022-04-07,61.85,73.6,-15.9625,1143
TSLA,2020-04-17,29.66,35.08,-15.4487,1144
TSLA,2022-04-08,62.57,73.6,-14.9767,1145
TSLA,2020-05-05,29.92,35.08,-14.723,1146
TSLA,2020-03-06,30.01,35.08,-14.4639,1147
TSLA,2020-03-02,30.04,35.08,-14.3722,1148
TSLA,2020-03-04,30.11,35.08,-14.1695,1149
TSLA,2020-03-03,30.16,35.08,-14.0355,1150
TSLA,2020-04-21,30.28,35.08,-13.7009,1151
TSLA,2020-02-20,30.32,35.08,-13.5878,1152
TSLA,2020-02-17,30.56,35.08,-12.8895,1153
TSLA,2020-04-20,30.58,35.08,-12.845,1154
TSLA,2020-02-19,30.89,35.08,-11.9534,1155
TSLA,2020-05-07,30.99,35.08,-11.6573,1156
TSLA,2020-02-18,31.13,35.08,-11.2688,1157
TSLA,2020-05-08,31.14,35.08,-11.2315,1158
TSLA,2020-08-06,65.35,73.6,-11.202,1159
TSLA,2020-05-06,31.16,35.08,-11.1787,1160
TSLA,2020-02-14,31.19,35.08,-11.0921,1161
TSLA,2020-02-07,31.27,35.08,-10.8672,1162
TSLA,2020-01-13,25.7,28.69,-10.4062,1163
TSLA,2020-02-26,31.51,35.08,-10.1931,1164
TSLA,2020-01-10,26.08,28.69,-9.0869,1165
TSLA,2020-08-04,67.03,73.6,-8.9197,1166
TSLA,2020-07-02,47.75,52.27,-8.6422,1167
TSLA,2020-06-30,47.8,52.27,-8.558,1168
TSLA,2020-02-06,32.12,35.08,-8.4613,1169
TSLA,2020-02-21,32.18,35.08,-8.2897,1170
TSLA,2020-03-09,32.19,35.08,-8.2564,1171
TSLA,2020-08-05,67.53,73.6,-8.244,1172
TSLA,2020-01-08,26.36,28.69,-8.1112,1173
TSLA,2020-07-06,48.15,52.27,-7.8725,1174
TSLA,2020-02-11,32.4,35.08,-7.6453,1175
TSLA,2020-07-03,48.35,52.27,-7.4977,1176
TSLA,2020-07-07,48.54,52.27,-7.133,1177
TSLA,2020-02-13,32.6,35.08,-7.0749,1178
TSLA,2020-02-10,32.85,35.08,-6.3609,1179
TSLA,2020-07-10,55.23,58.97,-6.3437,1180
TSLA,2020-01-09,26.93,28.69,-6.1345,1181
TSLA,2020-05-11,33.15,35.08,-5.5255,1182
TSLA,2020-06-24,49.44,52.27,-5.4023,1183
TSLA,2020-01-15,27.21,28.69,-5.1606,1184
TSLA,2020-01-16,27.25,28.69,-5.0264,1185
TSLA,2020-01-14,27.32,28.69,-4.7671,1186
TSLA,2020-05-12,33.44,35.08,-4.7004,1187
TSLA,2020-07-30,70.17,73.6,-4.6487,1188
TSLA,2020-01-29,29.99,31.42,-4.5724,1189
TSLA,2020-06-23,49.88,52.27,-4.5703,1190
TSLA,2020-07-01,49.92,52.27,-4.4836,1191
TSLA,2020-01-22,27.43,28.69,-4.3753,1192
TSLA,2020-01-21,27.46,28.69,-4.2679,1193
TSLA,2020-01-23,27.51,28.69,-4.1048,1194
TSLA,2020-06-22,50.22,52.27,-3.9131,1195
TSLA,2020-05-28,41.33,42.99,-3.8612,1196
TSLA,2020-02-25,33.75,35.08,-3.8102,1197
TSLA,2020-06-25,50.44,52.27,-3.5044,1198
TSLA,2020-07-21,64.71,67.02,-3.4471,1199
TSLA,2020-08-03,71.09,73.6,-3.4099,1200
TSLA,2020-06-29,50.74,52.27,-2.9251,1201
TSLA,2020-01-24,27.86,28.69,-2.9005,1202
TSLA,2020-01-17,27.86,28.69,-2.8931,1203
TSLA,2020-07-14,57.29,58.97,-2.8545,1204
TSLA,2020-06-01,41.79,42.99,-2.7841,1205
TSLA,2020-06-02,41.81,42.99,-2.7359,1206
TSLA,2020-07-27,65.96,67.72,-2.6041,1207
TSLA,2020-02-04,32.73,33.57,-2.4968,1208
TSLA,2020-07-13,57.58,58.97,-2.3622,1209
TSLA,2020-02-24,34.28,35.08,-2.2956,1210
TSLA,2020-05-13,34.3,35.08,-2.2486,1211
TSLA,2020-06-17,49.12,50.23,-2.2045,1212
TSLA,2020-06-12,47.31,48.35,-2.1433,1213
TSLA,2020-07-31,72.08,73.6,-2.0576,1214
TSLA,2020-05-27,42.27,42.99,-1.6784,1215
TSLA,2020-01-27,28.23,28.69,-1.6114,1216
TSLA,2020-06-09,46.6,47.28,-1.4384,1217
TSLA,2020-02-12,34.64,35.08,-1.2738,1218
TSLA,2020-06-08,46.77,47.28,-1.0722,1219
TSLA,2020-06-26,51.83,52.27,-0.8414,1220
TSLA,2020-07-24,67.17,67.72,-0.8198,1221
TSLA,2020-01-20,28.48,28.69,-0.7296,1222
TSLA,2020-01-07,28.49,28.69,-0.6849,1223
TSLA,2020-01-03,27.81,28.0,-0.6764,1224
TSLA,2020-05-29,42.73,42.99,-0.6051,1225
TSLA,2020-01-30,31.26,31.42,-0.5311,1226
TSLA,2020-07-08,52.01,52.27,-0.5034,1227
TSLA,2020-05-19,36.44,36.59,-0.3939,1228
TSLA,2020-05-18,36.44,36.59,-0.3895,1229
TSLA,2020-06-18,50.16,50.23,-0.1336,1230
TSLA,2020-06-11,48.34,48.35,-0.0151,1231
TSLA,2020-01-02,28.0,28.0,0.0,1232
TSLA,2020-01-06,28.69,28.69,0.0,1232
TSLA,2020-01-28,31.42,31.42,0.0,1232
TSLA,2020-01-31,32.85,32.85,0.0,1232
TSLA,2020-02-03,33.57,33.57,0.0,1232
TSLA,2020-02-05,35.08,35.08,0.0,1232
TSLA,2020-05-14,35.59,35.59,0.0,1232
TSLA,2020-05-15,36.59,36.59,0.0,1232
TSLA,2020-05-20,37.67,37.67,0.0,1232
TSLA,2020-05-21,38.94,38.94,0.0,1232
TSLA,2020-05-22,40.9,40.9,0.0,1232
TSLA,2020-05-25,41.89,41.89,0.0,1232
TSLA,2020-05-26,42.99,42.99,0.0,1232
TSLA,2020-06-03,44.3,44.3,0.0,1232
TSLA,2020-06-04,46.63,46.63,0.0,1232
TSLA,2020-06-05,47.28,47.28,0.0,1232
TSLA,2020-06-10,48.35,48.35,0.0,1232
TSLA,2020-06-15,49.79,49.79,0.0,1232
TSLA,2020-06-16,50.23,50.23,0.0,1232
TSLA,2020-06-19,52.27,52.27,0.0,1232
TSLA,2020-07-09,58.97,58.97,0.0,1232
TSLA,2020-07-15,59.88,59.88,0.0,1232
TSLA,2020-07-16,62.36,62.36,0.0,1232
TSLA,2020-07-17,66.15,66.15,0.0,1232
TSLA,2020-07-20,67.02,67.02,0.0,1232
TSLA,2020-07-22,67.31,67.31,0.0,1232
TSLA,2020-07-23,67.72,67.72,0.0,1232
TSLA,2020-07-28,68.83,68.83,0.0,1232
TSLA,2020-07-29,73.6,73.6,0.0,1232
V,2024-09-09,582.01,1258.61,-53.7575,1
V,2024-09-10,582.18,1258.61,-53.7444,2
V,2024-09-19,582.39,1258.61,-53.7277,3
V,2024-09-05,583.95,1258.61,-53.6033,4
V,2024-09-17,584.2,1258.61,-53.5837,5
V,2024-09-16,585.95,1258.61,-53.4445,6
V,2024-09-11,587.83,1258.61,-53.2951,7
V,2024-09-04,590.34,1258.61,-53.096,8
V,2024-09-06,590.71,1258.61,-53.0664,9
V,2024-09-18,590.83,1258.61,-53.0572,10
V,2024-09-20,594.49,1258.61,-52.7661,11
V,2024-09-03,595.91,1258.61,-52.653,12
V,2024-09-12,599.0,1258.61,-52.4075,13
V,2024-08-12,599.22,1258.61,-52.39,14
V,2024-07-08,602.22,1258.61,-52.1518,15
V,2024-09-13,602.77,1258.61,-52.1082,16
V,2024-07-10,602.96,1258.61,-52.0936,17
V,2024-08-21,604.28,1258.61,-51.9887,18
V,2024-09-02,604.39,1258.61,-51.9795,19
V,2024-09-23,606.64,1258.61,-51.8006,20
V,2024-07-09,607.44,1258.61,-51.7375,21
V,2024-09-24,611.57,1258.61,-51.4093,22
V,2024-08-30,611.79,1258.61,-51.3918,23
V,2024-08-09,611.89,1258.61,-51.3839,24
V,2024-07-31,612.58,1258.61,-51.3292,25
V,2024-08-22,612.86,1258.61,-51.3064,26
V,2024-08-13,614.14,1258.61,-51.2047,27
V,2024-07-05,616.39,1258.61,-51.026,28
V,2024-06-28,616.59,1258.61,-51.0103,29
V,2024-08-08,617.01,1258.61,-50.9771,30
V,2024-08-20,617.04,1258.61,-50.9749,31
V,2024-08-28,617.14,1258.61,-50.9663,32
V,2024-08-14,620.29,1258.61,-50.716,33
V,2024-08-29,620.56,1258.61,-50.6949,34
V,2024-08-23,620.57,1258.61,-50.6943,35
V,2024-09-25,620.76,1258.61,-50.6788,36
V,2024-07-30,620.86,1258.61,-50.6714,37
V,2024-08-19,621.39,1258.61,-50.6291,38
V,2024-08-16,621.65,1258.61,-50.6083,39
V,2024-08-26,624.61,1258.61,-50.3731,40
V,2024-08-05,624.88,1258.61,-50.3517,41
V,2024-08-27,625.17,1258.61,-50.3289,42
V,2024-07-11,625.51,1258.61,-50.3018,43
V,2024-07-01,625.64,1258.61,-50.2916,44
V,2024-07-12,626.04,1258.61,-50.2594,45
V,2024-08-15,626.44,1258.61,-50.2279,46
V,2024-08-07,626.98,1258.61,-50.1844,47
V,2024-06-27,627.94,1258.61,-50.1088,48
V,2024-07-23,628.05,1258.61,-50.0999,49
V,2024-08-01,628.17,1258.61,-50.0904,50
V,2024-07-22,629.27,1258.61,-50.003,51
V,2024-07-18,630.24,1258.61,-49.9257,52
V,2024-08-02,630.41,1258.61,-49.9125,53
V,2024-08-06,631.05,1258.61,-49.8615,54
V,2024-10-01,631.41,1258.61,-49.8326,55
V,2024-06-26,631.72,1258.61,-49.8079,56
V,2024-07-29,632.48,1258.61,-49.7475,57
V,2024-09-26,632.52,1258.61,-49.7446,58
V,2024-09-27,633.43,1258.61,-49.6726,59
V,2024-07-04,634.95,1258.61,-49.5515,60
V,2024-07-24,635.01,1258.61,-49.5469,61
V,2024-07-26,636.39,1258.61,-49.4374,62
V,2024-07-15,636.54,1258.61,-49.4253,63
V,2024-07-17,637.99,1258.61,-49.3104,64
V,2024-10-02,638.68,1258.61,-49.2549,65
V,2024-06-25,639.78,1258.61,-49.1682,66
V,2024-07-25,639.91,1258.61,-49.1576,67
V,2024-07-02,640.85,1258.61,-49.0831,68
V,2024-09-30,642.21,1258.61,-48.975,69
V,2024-10-03,642.82,1258.61,-48.9266,70
V,2024-07-19,645.44,1258.61,-48.7181,71
V,2024-06-24,646.64,1258.61,-48.6228,72
V,2024-07-16,647.38,1258.61,-48.5637,73
V,2024-06-21,650.25,1258.61,-48.3358,74
V,2024-07-03,653.39,1258.61,-48.0866,75
V,2024-06-18,655.54,1258.61,-47.9156,76
V,2024-06-20,655.6,1258.61,-47.9107,77
V,2024-01-23,657.96,1258.61,-47.7235,78
V,2024-01-17,660.23,1258.61,-47.5433,79
V,2024-10-15,664.11,1258.61,-47.2347,80
V,2024-10-07,664.26,1258.61,-47.2227,81
V,2023-12-27,664.73,1258.61,-47.1855,82
V,2024-10-14,664.91,1258.61,-47.1708,83
V,2024-01-24,665.98,1258.61,-47.0865,84
V,2024-01-25,666.28,1258.61,-47.0625,85
V,2024-10-04,667.83,1258.61,-46.9394,86
V,2024-10-11,668.62,1258.61,-46.8764,87
V,2023-12-26,668.7,1258.61,-46.8698,88
V,2024-06-17,669.55,1258.61,-46.8021,89
V,2024-06-19,671.4,1258.61,-46.6556,90
V,2024-01-18,671.59,1258.61,-46.6402,91
V,2024-01-22,671.97,1258.61,-46.6106,92
V,2024-01-16,672.51,1258.61,-46.5672,93
V,2024-01-19,673.18,1258.61,-46.5144,94
V,2024-10-16,674.09,1258.61,-46.442,95
V,2023-12-28,675.34,1258.61,-46.3424,96
V,2024-01-31,675.81,1258.61,-46.3052,97
V,2024-04-25,677.13,1258.61,-46.2004,98
V,2024-01-11,677.24,1258.61,-46.1918,99
V,2024-10-17,677.26,1258.61,-46.1898,100
V,2024-04-23,677.36,1258.61,-46.1816,101
V,2024-10-08,677.52,1258.61,-46.1691,102
V,2024-10-18,677.94,1258.61,-46.1362,103
V,2024-01-12,679.21,1258.61,-46.0348,104
V,2024-04-26,679.49,1258.61,-46.0129,105
V,2024-01-09,680.53,1258.61,-45.9302,106
V,2024-01-30,681.81,1258.61,-45.8281,107
V,2024-01-26,681.84,1258.61,-45.8258,108
V,2024-01-08,682.81,1258.61,-45.7486,109
V,2024-01-10,682.91,1258.61,-45.741,110
V,2024-04-24,683.31,1258.61,-45.7094,111
V,2024-01-15,683.43,1258.61,-45.6997,112
V,2024-06-14,684.05,1258.61,-45.6505,113
V,2024-01-29,684.16,1258.61,-45.6417,114
V,2024-01-05,686.7,1258.61,-45.4401,115
V,2024-10-21,686.76,1258.61,-45.4348,116
V,2024-10-10,686.87,1258.61,-45.4262,117
V,2024-10-09,687.66,1258.61,-45.3638,118
V,2024-02-22,688.04,1258.61,-45.3335,119
V,2024-02-23,688.85,1258.61,-45.269,120
V,2023-12-25,689.98,1258.61,-45.179,121
V,2023-12-21,690.66,1258.61,-45.1254,122
V,2024-02-01,692.47,1258.61,-44.9812,123
V,2024-06-10,693.18,1258.61,-44.9246,124
V,2024-01-04,693.25,1258.61,-44.9198,125
V,2024-04-30,694.68,1258.61,-44.8054,126
V,2024-10-22,695.19,1258.61,-44.7657,127
V,2023-09-13,695.46,1258.61,-44.7439,128
V,2024-05-03,695.46,1258.61,-44.7435,129
V,2023-12-19,696.22,1258.61,-44.6835,130
V,2024-10-24,697.1,1258.61,-44.6137,131
V,2024-05-24,697.28,1258.61,-44.5994,132
V,2023-12-29,698.26,1258.61,-44.5216,133
V,2023-09-19,698.37,1258.61,-44.5129,134
V,2024-04-29,698.49,1258.61,-44.5032,135
V,2024-06-13,699.26,1258.61,-44.4422,136
V,2024-05-02,699.8,1258.61,-44.3994,137
V,2024-01-03,700.97,1258.61,-44.3063,138
V,2024-02-08,701.3,1258.61,-44.2798,139
V,2023-12-20,701.89,1258.61,-44.2333,140
V,2024-02-16,701.97,1258.61,-44.227,141
V,2024-06-12,702.02,1258.61,-44.2226,142
V,2024-05-01,702.18,1258.61,-44.2102,143
V,2023-09-20,702.2,1258.61,-44.2083,144
V,2024-05-27,702.53,1258.61,-44.1823,145
V,2023-09-12,702.92,1258.61,-44.1515,146
V,2024-02-02,703.26,1258.61,-44.1241,147
V,2023-09-21,703.27,1258.61,-44.1231,148
V,2024-02-19,703.91,1258.61,-44.0723,149
V,2023-10-04,704.27,1258.61,-44.0439,150
V,2024-02-21,704.78,1258.61,-44.0032,151
V,2023-10-02,705.22,1258.61,-43.9682,152
V,2024-02-20,705.32,1258.61,-43.9609,153
V,2024-05-28,705.75,1258.61,-43.9265,154
V,2024-10-23,705.79,1258.61,-43.9234,155
V,2024-02-05,705.95,1258.61,-43.91,156
V,2024-02-15,706.17,1258.61,-43.893,157
V,2024-05-22,706.33,1258.61,-43.8803,158
V,2024-05-07,706.44,1258.61,-43.8713,159
V,2023-09-18,706.73,1258.61,-43.8487,160
V,2024-02-26,706.83,1258.61,-43.8403,161
V,2024-05-29,707.74,1258.61,-43.7681,162
V,2024-10-25,707.74,1258.61,-43.7678,163
V,2024-05-20,707.9,1258.61,-43.7558,164
V,2024-02-13,708.16,1258.61,-43.7349,165
V,2024-02-28,708.49,1258.61,-43.7085,166
V,2024-01-01,709.1,1258.61,-43.66,167
V,2024-06-07,709.79,1258.61,-43.6051,168
V,2024-02-27,710.07,1258.61,-43.5831,169
V,2023-10-03,710.35,1258.61,-43.561,170
V,2023-09-22,710.58,1258.61,-43.5422,171
V,2024-04-22,710.71,1258.61,-43.5322,172
V,2024-01-02,711.0,1258.61,-43.5092,173
V,2023-12-22,711.07,1258.61,-43.5033,174
V,2023-09-14,711.4,1258.61,-43.4772,175
V,2023-12-15,711.6,1258.61,-43.4613,176
V,2024-02-09,711.7,1258.61,-43.4539,177
V,2024-06-11,711.89,1258.61,-43.4383,178
V,2024-05-06,712.05,1258.61,-43.4256,179
V,2024-05-21,712.17,1258.61,-43.4163,180
V,2024-06-06,712.37,1258.61,-43.4002,181
V,2024-05-08,712.66,1258.61,-43.3774,182
V,2024-06-04,713.06,1258.61,-43.3452,183
V,2024-03-04,714.02,1258.61,-43.2688,184
V,2023-09-15,714.42,1258.61,-43.2374,185
V,2024-04-19,714.7,1258.61,-43.2156,186
V,2024-06-05,714.79,1258.61,-43.2078,187
V,2024-02-14,714.82,1258.61,-43.2058,188
V,2024-02-29,716.27,1258.61,-43.0902,189
V,2024-05-09,716.41,1258.61,-43.0794,190
V,2024-02-06,716.42,1258.61,-43.0782,191
V,2024-05-23,717.91,1258.61,-42.9598,192
V,2024-03-01,718.24,1258.61,-42.9336,193
V,2024-02-12,719.62,1258.61,-42.8245,194
V,2024-02-07,720.42,1258.61,-42.7604,195
V,2023-12-18,720.61,1258.61,-42.7458,196
V,2024-05-10,721.31,1258.61,-42.6903,197
V,2023-10-05,721.88,1258.61,-42.6446,198
V,2023-11-28,721.98,1258.61,-42.6367,199
V,2024-10-28,722.16,1258.61,-42.6224,200
V,2024-05-30,722.35,1258.61,-42.6072,201
V,2024-05-31,722.87,1258.61,-42.5663,202
V,2023-10-11,723.56,1258.61,-42.511,203
V,2024-04-15,724.16,1258.61,-42.4632,204
V,2024-05-16,724.31,1258.61,-42.4517,205
V,2024-03-05,724.32,1258.61,-42.4512,206
V,2023-11-27,724.41,1258.61,-42.4435,207
V,2023-12-14,725.61,1258.61,-42.3482,208
V,2024-06-03,725.98,1258.61,-42.319,209
V,2023-11-29,726.54,1258.61,-42.2748,210
V,2024-03-06,727.54,1258.61,-42.1947,211
V,2024-05-17,727.68,1258.61,-42.1841,212
V,2023-09-29,728.35,1258.61,-42.1303,213
V,2024-05-13,728.52,1258.61,-42.1172,214
V,2024-04-09,728.54,1258.61,-42.1153,215
V,2024-05-15,728.7,1258.61,-42.1028,216
V,2024-04-18,728.8,1258.61,-42.0947,217
V,2024-03-11,729.79,1258.61,-42.0161,218
V,2023-09-25,729.92,1258.61,-42.0062,219
V,2024-03-08,730.54,1258.61,-41.9565,220
V,2024-04-16,730.68,1258.61,-41.9455,221
V,2023-10-18,731.35,1258.61,-41.8924,222
V,2023-11-24,731.6,1258.61,-41.8726,223
V,2023-09-11,732.02,1258.61,-41.8388,224
V,2024-03-07,732.39,1258.61,-41.8097,225
V,2024-04-05,733.0,1258.61,-41.7614,226
V,2023-10-10,733.73,1258.61,-41.7036,227
V,2024-03-13,733.73,1258.61,-41.703,228
V,2023-10-17,734.06,1258.61,-41.6773,229
V,2024-05-14,734.59,1258.61,-41.635,230
V,2023-11-22,734.6,1258.61,-41.634,231
V,2023-10-16,735.14,1258.61,-41.5908,232
V,2023-12-13,736.49,1258.61,-41.4843,233
V,2024-04-17,737.23,1258.61,-41.425,234
V,2024-04-12,737.9,1258.61,-41.3721,235
V,2024-04-04,737.92,1258.61,-41.3702,236
V,2023-10-06,737.95,1258.61,-41.3678,237
V,2023-12-11,737.99,1258.61,-41.3646,238
V,2023-12-12,738.46,1258.61,-41.3276,239
V,2023-12-01,738.79,1258.61,-41.3014,240
V,2024-03-12,739.01,1258.61,-41.284,241
V,2023-10-09,739.21,1258.61,-41.2675,242
V,2023-10-24,739.25,1258.61,-41.2648,243
V,2024-04-10,739.88,1258.61,-41.2142,244
V,2024-04-03,740.41,1258.61,-41.1726,245
V,2023-10-12,741.32,1258.61,-41.0999,246
V,2023-11-02,741.96,1258.61,-41.0492,247
V,2023-09-26,742.37,1258.61,-41.0166,248
V,2024-04-08,742.76,1258.61,-40.9858,249
V,2023-10-13,743.09,1258.61,-40.9593,250
V,2023-11-23,743.13,1258.61,-40.9567,251
V,2023-11-30,743.64,1258.61,-40.9155,252
V,2023-11-03,744.05,1258.61,-40.8832,253
V,2023-10-25,744.8,1258.61,-40.8237,254
V,2023-12-08,745.63,1258.61,-40.7576,255
V,2023-10-26,745.64,1258.61,-40.7567,256
V,2023-12-05,747.13,1258.61,-40.6389,257
V,2024-03-18,747.36,1258.61,-40.6202,258
V,2024-04-11,747.91,1258.61,-40.5763,259
V,2024-04-02,748.42,1258.61,-40.5357,260
V,2023-11-20,749.38,1258.61,-40.4594,261
V,2023-10-31,749.4,1258.61,-40.4586,262
V,2023-11-01,750.32,1258.61,-40.3852,263
V,2023-11-17,750.86,1258.61,-40.3424,264
V,2023-12-04,751.32,1258.61,-40.3056,265
V,2023-09-08,751.41,1258.61,-40.2983,266
V,2023-10-19,751.47,1258.61,-40.2937,267
V,2023-10-27,752.0,1258.61,-40.2516,268
V,2024-10-29,752.29,1258.61,-40.2285,269
V,2023-10-30,752.96,1258.61,-40.175,270
V,2024-04-01,753.45,1258.61,-40.1362,271
V,2023-09-28,753.54,1258.61,-40.1292,272
V,2023-11-21,753.57,1258.61,-40.1266,273
V,2023-10-20,753.79,1258.61,-40.1095,274
V,2024-03-15,753.91,1258.61,-40.1001,275
V,2023-10-23,754.34,1258.61,-40.0658,276
V,2023-09-27,754.78,1258.61,-40.0307,277
V,2023-09-07,755.93,1258.61,-39.9393,278
V,2024-10-30,758.32,1258.61,-39.7494,279
V,2023-09-06,758.49,1258.61,-39.736,280
V,2023-11-06,759.08,1258.61,-39.6889,281
V,2024-03-19,759.52,1258.61,-39.6542,282
V,2024-03-20,759.62,1258.61,-39.6463,283
V,2024-03-14,760.3,1258.61,-39.5924,284
V,2023-11-16,760.79,1258.61,-39.5532,285
V,2024-03-29,761.26,1258.61,-39.516,286
V,2023-12-07,762.21,1258.61,-39.4405,287
V,2023-12-06,762.66,1258.61,-39.4045,288
V,2023-11-09,764.57,1258.61,-39.2525,289
V,2023-11-08,766.62,1258.61,-39.0898,290
V,2024-03-21,766.9,1258.61,-39.0679,291
V,2023-11-07,769.64,1258.61,-38.85,292
V,2023-11-15,770.7,1258.61,-38.7658,293
V,2023-11-10,771.74,1258.61,-38.683,294
V,2023-11-13,776.48,1258.61,-38.3068,295
V,2023-11-14,776.84,1258.61,-38.2779,296
V,2024-03-28,778.79,1258.61,-38.1234,297
V,2023-09-05,781.71,1258.61,-37.8912,298
V,2023-09-04,782.62,1258.61,-37.8185,299
V,2024-03-22,785.08,1258.61,-37.6232,300
V,2023-06-29,786.56,1258.61,-37.5056,301
V,2024-03-27,788.48,1258.61,-37.353,302
V,2024-03-25,790.31,1258.61,-37.2081,303
V,2024-03-26,794.7,1258.61,-36.8588,304
V,2023-06-30,799.96,1258.61,-36.4412,305
V,2023-07-31,802.54,1258.61,-36.2359,306
V,2023-08-23,802.91,1258.61,-36.2068,307
V,2023-08-24,803.32,1258.61,-36.1742,308
V,2023-09-01,806.79,1258.61,-35.8988,309
V,2023-08-25,812.66,1258.61,-35.4316,310
V,2023-07-12,813.56,1258.61,-35.3609,311
V,2023-07-03,816.66,1258.61,-35.1141,312
V,2023-06-27,816.83,1258.61,-35.1007,313
V,2023-06-28,817.93,1258.61,-35.0131,314
V,2023-08-01,818.06,1258.61,-35.0029,315
V,2023-08-02,818.07,1258.61,-35.0025,316
V,2023-07-05,820.21,1258.61,-34.8324,317
V,2023-07-04,821.43,1258.61,-34.7349,318
V,2023-07-19,821.86,1258.61,-34.7014,319
V,2023-07-25,822.66,1258.61,-34.6374,320
V,2023-07-28,823.12,1258.61,-34.6011,321
V,2023-07-11,823.4,1258.61,-34.5785,322
V,2023-07-10,824.72,1258.61,-34.4742,323
V,2023-07-18,825.81,1258.61,-34.3873,324
V,2023-08-29,826.06,1258.61,-34.3674,325
V,2023-07-27,827.86,1258.61,-34.2246,326
V,2023-08-31,828.52,1258.61,-34.1718,327
V,2023-08-04,828.79,1258.61,-34.1505,328
V,2023-08-22,828.95,1258.61,-34.1378,329
V,2023-07-07,829.03,1258.61,-34.1313,330
V,2023-08-15,829.27,1258.61,-34.1125,331
V,2023-07-13,830.0,1258.61,-34.0546,332
V,2023-08-10,830.26,1258.61,-34.0335,333
V,2023-08-28,830.89,1258.61,-33.9835,334
V,2023-06-14,831.54,1258.61,-33.9322,335
V,2023-08-30,832.47,1258.61,-33.8581,336
V,2023-07-21,833.26,1258.61,-33.7956,337
V,2023-07-06,834.48,1258.61,-33.6987,338
V,2023-07-17,834.82,1258.61,-33.6713,339
V,2023-08-21,835.1,1258.61,-33.6495,340
V,2023-07-24,835.64,1258.61,-33.6061,341
V,2023-06-12,837.01,1258.61,-33.4972,342
V,2023-07-20,837.33,1258.61,-33.4719,343
V,2023-08-14,837.49,1258.61,-33.4592,344
V,2023-08-11,837.57,1258.61,-33.4529,345
V,2023-06-26,838.0,1258.61,-33.4187,346
V,2023-08-09,838.18,1258.61,-33.4048,347
V,2023-06-13,840.19,1258.61,-33.245,348
V,2023-06-15,840.37,1258.61,-33.2304,349
V,2023-08-03,840.77,1258.61,-33.1989,350
V,2023-07-26,842.22,1258.61,-33.0838,351
V,2023-08-07,842.45,1258.61,-33.0654,352
V,2023-07-14,846.37,1258.61,-32.7534,353
V,2023-08-08,847.88,1258.61,-32.6336,354
V,2023-08-18,848.46,1258.61,-32.588,355
V,2023-08-16,851.89,1258.61,-32.3153,356
V,2023-08-17,852.87,1258.61,-32.2372,357
V,2023-06-19,853.91,1258.61,-32.1544,358
V,2023-06-05,856.1,1258.61,-31.9809,359
V,2023-06-22,857.55,1258.61,-31.8656,360
V,2023-06-09,859.35,1258.61,-31.7222,361
V,2023-04-28,859.9,1258.61,-31.6788,362
V,2023-06-02,860.96,1258.61,-31.5944,363
V,2023-06-21,861.13,1258.61,-31.581,364
V,2023-04-26,861.3,1258.61,-31.5675,365
V,2023-06-07,861.54,1258.61,-31.5488,366
V,2023-06-16,862.08,1258.61,-31.5057,367
V,2023-05-01,862.29,1258.61,-31.4888,368
V,2023-06-23,862.87,1258.61,-31.4423,369
V,2023-06-08,863.95,1258.61,-31.3569,370
V,2023-05-02,865.74,1258.61,-31.2146,371
V,2023-06-06,865.97,1258.61,-31.1964,372
V,2023-06-20,866.1,1258.61,-31.1865,373
V,2023-06-01,868.16,1258.61,-31.0224,374
V,2023-04-27,869.19,1258.61,-30.9407,375
V,2023-05-31,873.8,1258.61,-30.5744,376
V,2023-05-25,878.49,1258.61,-30.2014,377
V,2023-05-30,881.43,1258.61,-29.9684,378
V,2023-05-03,882.06,1258.61,-29.9181,379
V,2023-04-25,884.9,1258.61,-29.692,380
V,2023-05-09,886.87,1258.61,-29.5356,381
V,2023-05-26,887.13,1258.61,-29.5151,382
V,2023-05-29,887.36,1258.61,-29.497,383
V,2023-05-08,888.1,1258.61,-29.4378,384
V,2023-05-24,888.63,1258.61,-29.396,385
V,2023-05-11,888.8,1258.61,-29.3828,386
V,2023-05-05,889.68,1258.61,-29.3124,387
V,2023-05-23,894.75,1258.61,-28.9101,388
V,2023-05-19,895.82,1258.61,-28.8244,389
V,2023-05-22,897.9,1258.61,-28.6598,390
V,2023-04-20,902.14,1258.61,-28.3229,391
V,2023-05-04,904.77,1258.61,-28.1137,392
V,2023-04-21,906.11,1258.61,-28.0072,393
V,2023-04-24,906.92,1258.61,-27.9429,394
V,2023-04-17,907.81,1258.61,-27.8721,395
V,2023-05-10,907.91,1258.61,-27.8639,396
V,2023-05-12,908.73,1258.61,-27.7987,397
V,2023-05-16,909.79,1258.61,-27.7147,398
V,2023-04-19,912.3,1258.61,-27.5154,399
V,2023-04-13,915.72,1258.61,-27.2435,400
V,2023-04-18,916.49,1258.61,-27.1822,401
V,2023-05-15,916.94,1258.61,-27.1469,402
V,2023-05-18,917.54,1258.61,-27.099,403
V,2023-04-14,917.84,1258.61,-27.0756,404
V,2023-05-17,922.31,1258.61,-26.7199,405
V,2023-04-12,931.95,1258.61,-25.954,406
V,2023-04-05,938.5,1258.61,-25.4336,407
V,2023-04-03,941.18,1258.61,-25.2204,408
V,2023-04-04,943.88,1258.61,-25.0059,409
V,2023-03-31,947.03,1258.61,-24.7562,410
V,2023-04-11,949.04,1258.61,-24.596,411
V,2023-04-07,950.7,1258.61,-24.4645,412
V,2023-04-06,951.13,1258.61,-24.4305,413
V,2023-04-10,951.35,1258.61,-24.4128,414
V,2023-03-30,961.71,1258.61,-23.5897,415
V,2023-03-29,968.45,1258.61,-23.0539,416
V,2023-03-28,972.13,1258.61,-22.7615,417
V,2023-02-21,980.12,1258.61,-22.1272,418
V,2023-03-23,987.72,1258.61,-21.5233,419
V,2023-02-22,998.12,1258.61,-20.6968,420
V,2023-03-13,1000.86,1258.61,-20.479,421
V,2023-03-07,1004.66,1258.61,-20.1771,422
V,2023-03-10,1006.36,1258.61,-20.0423,423
V,2023-02-27,1008.76,1258.61,-19.8515,424
V,2023-02-13,1010.07,1258.61,-19.7474,425
V,2023-03-08,1010.91,1258.61,-19.6802,426
V,2023-02-15,1011.12,1258.61,-19.6641,427
V,2023-03-27,1011.14,1258.61,-19.6625,428
V,2023-03-09,1011.46,1258.61,-19.6372,429
V,2023-03-22,1012.91,1258.61,-19.5218,430
V,2023-02-16,1015.89,1258.61,-19.285,431
V,2023-02-20,1016.27,1258.61,-19.2549,432
V,2023-03-03,1016.53,1258.61,-19.2344,433
V,2023-03-15,1017.06,1258.61,-19.1919,434
V,2023-03-24,1017.08,1258.61,-19.1907,435
V,2023-03-14,1017.88,1258.61,-19.1267,436
V,2023-02-23,1018.58,1258.61,-19.0715,437
V,2023-02-24,1018.75,1258.61,-19.0579,438
V,2023-02-17,1023.56,1258.61,-18.6754,439
V,2023-03-16,1023.64,1258.61,-18.6687,440
V,2023-03-06,1024.09,1258.61,-18.6332,441
V,2020-10-22,252.36,309.54,-18.4733,442
V,2023-02-14,1026.25,1258.61,-18.4615,443
V,2023-03-01,1026.35,1258.61,-18.4535,444
V,2020-10-23,253.07,309.54,-18.243,445
V,2023-02-10,1029.61,1258.61,-18.1945,446
V,2020-10-19,253.73,309.54,-18.0309,447
V,2020-10-20,254.33,309.54,-17.8362,448
V,2023-02-28,1037.01,1258.61,-17.6067,449
V,2023-03-21,1038.0,1258.61,-17.5278,450
V,2020-10-16,255.5,309.54,-17.4583,451
V,2023-03-02,1039.26,1258.61,-17.4277,452
V,2023-02-09,1048.33,1258.61,-16.7073,453
V,2020-08-18,257.91,309.54,-16.6801,454
V,2020-08-19,257.95,309.54,-16.6687,455
V,2023-03-20,1049.66,1258.61,-16.6016,456
V,2022-11-04,1050.33,1258.61,-16.5487,457
V,2020-09-07,258.39,309.54,-16.5262,458
V,2020-10-27,258.64,309.54,-16.4442,459
V,2020-10-26,258.91,309.54,-16.3558,460
V,2020-10-02,259.17,309.54,-16.2725,461
V,2020-09-08,259.32,309.54,-16.2249,462
V,2022-11-07,1054.44,1258.61,-16.2219,463
V,2022-11-09,1054.79,1258.61,-16.1944,464
V,2022-11-08,1055.43,1258.61,-16.1436,465
V,2020-09-30,259.71,309.54,-16.0981,466
V,2020-10-01,259.86,309.54,-16.051,467
V,2020-08-20,259.91,309.54,-16.0338,468
V,2022-10-28,1057.13,1258.61,-16.0083,469
V,2020-10-21,260.13,309.54,-15.9637,470
V,2020-09-28,260.24,309.54,-15.9263,471
V,2020-09-03,260.99,309.54,-15.6851,472
V,2022-11-21,1062.68,1258.61,-15.567,473
V,2020-09-09,261.37,309.54,-15.5621,474
V,2020-10-15,261.38,309.54,-15.5603,475
V,2020-09-04,261.7,309.54,-15.4557,476
V,2020-10-28,261.8,309.54,-15.4241,477
V,2022-11-16,1065.21,1258.61,-15.3664,478
V,2022-12-21,1065.65,1258.61,-15.3313,479
V,2022-12-12,1066.4,1258.61,-15.2716,480
V,2020-10-30,262.52,309.54,-15.1923,481
V,2020-08-17,262.56,309.54,-15.1764,482
V,2022-11-17,1067.97,1258.61,-15.147,483
V,2023-03-17,1069.19,1258.61,-15.0504,484
V,2020-10-13,263.3,309.54,-14.9393,485
V,2022-10-31,1070.7,1258.61,-14.9297,486
V,2022-11-01,1071.08,1258.61,-14.8999,487
V,2020-09-14,263.76,309.54,-14.7912,488
V,2020-09-29,263.77,309.54,-14.7865,489
V,2022-11-18,1072.86,1258.61,-14.7582,490
V,2022-11-02,1073.58,1258.61,-14.7015,491
V,2022-11-03,1073.6,1258.61,-14.6995,492
V,2023-02-06,1073.82,1258.61,-14.682,493
V,2023-02-07,1075.1,1258.61,-14.5802,494
V,2022-11-22,1075.22,1258.61,-14.5712,495
V,2020-11-04,264.52,309.54,-14.5461,496
V,2022-12-13,1075.61,1258.61,-14.5398,497
V,2020-10-29,264.66,309.54,-14.5002,498
V,2020-10-07,264.77,309.54,-14.4626,499
V,2020-08-11,264.82,309.54,-14.4471,500
V,2022-12-20,1077.18,1258.61,-14.4151,501
V,2022-12-22,1077.35,1258.61,-14.4016,502
V,2020-11-02,265.06,309.54,-14.3692,503
V,2020-09-22,265.16,309.54,-14.3379,504
V,2020-08-26,265.18,309.54,-14.3302,505
V,2023-01-12,1080.1,1258.61,-14.183,506
V,2022-12-16,1080.19,1258.61,-14.1759,507
V,2020-11-03,265.66,309.54,-14.1759,508
V,2020-08-27,265.7,309.54,-14.1623,509
V,2021-06-28,378.81,441.31,-14.1609,510
V,2023-01-30,1080.81,1258.61,-14.1265,511
V,2023-02-03,1080.88,1258.61,-14.1212,512
V,2020-08-21,265.98,309.54,-14.0724,513
V,2023-02-08,1081.54,1258.61,-14.0686,514
V,2020-08-31,266.1,309.54,-14.0338,515
V,2022-11-15,1082.07,1258.61,-14.0268,516
V,2022-11-24,1082.32,1258.61,-14.0066,517
V,2020-09-11,266.19,309.54,-14.0064,518
V,2020-09-10,266.19,309.54,-14.0044,519
V,2023-01-27,1082.69,1258.61,-13.9777,520
V,2022-10-18,1082.82,1258.61,-13.9674,521
V,2020-10-06,266.34,309.54,-13.9563,522
V,2022-11-10,1083.04,1258.61,-13.9499,523
V,2022-10-13,1083.25,1258.61,-13.9328,524
V,2020-08-28,266.47,309.54,-13.9158,525
V,2022-11-23,1083.68,1258.61,-13.8989,526
V,2020-08-25,266.59,309.54,-13.8753,527
V,2022-11-14,1084.04,1258.61,-13.8705,528
V,2020-09-01,266.62,309.54,-13.8657,529
V,2022-10-20,1084.2,1258.61,-13.8572,530
V,2020-09-02,266.65,309.54,-13.8554,531
V,2020-10-14,266.67,309.54,-13.8515,532
V,2020-08-14,266.79,309.54,-13.8103,533
V,2022-11-11,1085.56,1258.61,-13.7497,534
V,2022-12-14,1085.78,1258.61,-13.732,535
V,2022-10-17,1085.96,1258.61,-13.7178,536
V,2020-10-05,267.17,309.54,-13.689,537
V,2020-10-08,267.17,309.54,-13.6883,538
V,2020-09-25,267.27,309.54,-13.6572,539
V,2020-09-15,267.27,309.54,-13.655,540
V,2022-12-23,1086.78,1258.61,-13.6524,541
V,2022-10-14,1087.0,1258.61,-13.635,542
V,2020-09-16,267.66,309.54,-13.5305,543
V,2022-12-15,1088.35,1258.61,-13.5275,544
V,2022-12-09,1088.4,1258.61,-13.5238,545
V,2020-08-24,267.82,309.54,-13.4773,546
V,2020-09-21,267.91,309.54,-13.4508,547
V,2022-12-08,1089.81,1258.61,-13.4119,548
V,2023-02-02,1090.62,1258.61,-13.3475,549
V,2022-11-28,1090.66,1258.61,-13.344,550
V,2022-12-19,1092.11,1258.61,-13.2288,551
V,2022-10-27,1092.77,1258.61,-13.1766,552
V,2020-08-12,268.76,309.54,-13.1753,553
V,2022-10-21,1092.87,1258.61,-13.1686,554
V,2022-10-24,1094.96,1258.61,-13.0025,555
V,2023-01-02,1096.13,1258.61,-12.9093,556
V,2022-12-26,1096.36,1258.61,-12.8912,557
V,2022-11-25,1096.5,1258.61,-12.8803,558
V,2022-11-30,1096.82,1258.61,-12.8544,559
V,2021-06-30,384.93,441.31,-12.7755,560
V,2020-09-18,270.14,309.54,-12.7305,561
V,2022-12-06,1098.49,1258.61,-12.7224,562
V,2021-06-29,385.19,441.31,-12.7158,563
V,2022-10-19,1099.92,1258.61,-12.6088,564
V,2020-11-06,270.52,309.54,-12.6054,565
V,2023-01-26,1100.6,1258.61,-12.5545,566
V,2022-10-25,1102.26,1258.61,-12.4225,567
V,2020-11-05,271.11,309.54,-12.4166,568
V,2022-10-12,1102.8,1258.61,-12.38,569
V,2023-01-03,1103.09,1258.61,-12.3566,570
V,2023-01-11,1103.75,1258.61,-12.3043,571
V,2022-11-29,1104.43,1258.61,-12.2502,572
V,2022-10-26,1104.69,1258.61,-12.2297,573
V,2023-01-13,1104.71,1258.61,-12.2281,574
V,2020-10-09,271.83,309.54,-12.1827,575
V,2020-10-12,272.47,309.54,-11.9775,576
V,2022-12-07,1108.18,1258.61,-11.9524,577
V,2020-08-10,272.61,309.54,-11.9317,578
V,2020-09-23,272.79,309.54,-11.8736,579
V,2020-08-13,273.24,309.54,-11.7281,580
V,2023-02-01,1111.74,1258.61,-11.6696,581
V,2023-01-23,1111.92,1258.61,-11.6554,582
V,2022-12-05,1112.42,1258.61,-11.6149,583
V,2023-01-18,1113.21,1258.61,-11.5522,584
V,2023-01-16,1113.88,1258.61,-11.4993,585
V,2022-12-02,1114.54,1258.61,-11.4472,586
V,2023-01-31,1115.58,1258.61,-11.3644,587
V,2020-11-12,274.38,309.54,-11.36,588
V,2023-01-10,1116.32,1258.61,-11.3051,589
V,2023-01-25,1116.8,1258.61,-11.2674,590
V,2020-09-24,274.8,309.54,-11.2228,591
V,2021-12-21,638.7,719.05,-11.1738,592
V,2022-10-07,1118.15,1258.61,-11.1603,593
V,2020-11-11,275.21,309.54,-11.0903,594
V,2023-01-20,1119.17,1258.61,-11.0794,595
V,2020-11-16,275.41,309.54,-11.026,596
V,2020-11-10,275.61,309.54,-10.9611,597
V,2021-06-25,393.27,441.31,-10.8852,598
V,2020-09-17,275.86,309.54,-10.8822,599
V,2023-01-05,1122.09,1258.61,-10.8468,600
V,2020-08-07,276.36,309.54,-10.7181,601
V,2022-12-01,1123.89,1258.61,-10.7042,602
V,2020-05-28,275.71,308.54,-10.6431,603
V,2023-01-17,1124.93,1258.61,-10.6214,604
V,2021-06-24,394.65,441.31,-10.5718,605
V,2020-11-09,276.9,309.54,-10.544,606
V,2022-10-11,1126.03,1258.61,-10.5336,607
V,2023-01-19,1127.25,1258.61,-10.4373,608
V,2023-01-04,1127.45,1258.61,-10.4208,609
V,2020-11-17,277.47,309.54,-10.36,610
V,2023-01-09,1128.98,1258.61,-10.2998,611
V,2022-07-21,1008.38,1123.65,-10.2581,612
V,2021-12-24,645.64,719.05,-10.2094,613
V,2023-01-24,1130.63,1258.61,-10.1682,614
V,2022-12-30,1130.94,1258.61,-10.1441,615
V,2022-09-28,1131.56,1258.61,-10.0949,616
V,2021-06-23,396.77,441.31,-10.0926,617
V,2021-12-22,646.54,719.05,-10.0841,618
V,2022-12-29,1132.82,1258.61,-9.9941,619
V,2022-10-03,1132.91,1258.61,-9.9875,620
V,2020-06-08,277.83,308.54,-9.9551,621
V,2020-11-13,278.9,309.54,-9.8987,622
V,2022-09-29,1134.21,1258.61,-9.8842,623
V,2020-11-18,279.27,309.54,-9.7792,624
V,2022-12-27,1135.66,1258.61,-9.7685,625
V,2021-12-28,649.02,719.05,-9.7385,626
V,2022-09-30,1136.51,1258.61,-9.7013,627
V,2021-06-22,398.52,441.31,-9.6963,628
V,2021-12-27,649.35,719.05,-9.6922,629
V,2020-05-29,278.91,308.54,-9.6041,630
V,2022-10-06,1137.99,1258.61,-9.5834,631
V,2022-12-28,1139.15,1258.61,-9.4918,632
V,2020-06-09,279.26,308.54,-9.4898,633
V,2022-07-22,1017.13,1123.65,-9.4799,634
V,2022-10-10,1139.4,1258.61,-9.4716,635
V,2021-07-12,399.56,441.31,-9.4605,636
V,2021-07-07,399.99,441.31,-9.362,637
V,2022-10-05,1141.99,1258.61,-9.2663,638
V,2022-09-27,1142.68,1258.61,-9.2107,639
V,2022-07-20,1020.29,1123.65,-9.1984,640
V,2020-11-19,281.11,309.54,-9.1866,641
V,2020-06-01,280.48,308.54,-9.0958,642
V,2023-01-06,1145.1,1258.61,-9.0189,643
V,2021-07-01,401.81,441.31,-8.9491,644
V,2021-12-29,655.22,719.05,-8.8769,645
V,2022-07-19,1024.17,1123.65,-8.8534,646
V,2021-06-21,402.74,441.31,-8.74,647
V,2022-10-04,1149.04,1258.61,-8.7057,648
V,2020-06-03,281.73,308.54,-8.6893,649
V,2021-12-20,657.01,719.05,-8.6273,650
V,2021-07-06,403.33,441.31,-8.6055,651
V,2020-06-02,282.12,308.54,-8.5646,652
V,2021-07-09,403.57,441.31,-8.5506,653
V,2020-08-04,283.46,309.54,-8.4251,654
V,2021-12-23,658.97,719.05,-8.3549,655
V,2020-07-24,283.93,309.54,-8.2746,656
V,2021-07-08,405.07,441.31,-8.2115,657
V,2021-12-17,660.11,719.05,-8.197,658
V,2021-07-02,405.84,441.31,-8.0359,659
V,2021-09-20,497.05,540.44,-8.0286,660
V,2021-09-07,497.22,540.44,-7.9981,661
V,2020-07-30,284.84,309.54,-7.9791,662
V,2020-07-27,284.86,309.54,-7.9738,663
V,2020-07-31,284.9,309.54,-7.9608,664
V,2021-12-31,661.83,719.05,-7.9577,665
V,2020-07-06,285.13,309.54,-7.8852,666
V,2020-06-05,284.72,308.54,-7.7198,667
V,2020-07-21,285.72,309.54,-7.6954,668
V,2021-06-16,407.39,441.31,-7.6855,669
V,2022-09-26,1163.89,1258.61,-7.5256,670
V,2020-08-03,286.31,309.54,-7.5055,671
V,2021-07-05,408.39,441.31,-7.4579,672
V,2022-07-18,1040.38,1123.65,-7.4102,673
V,2021-09-08,500.58,540.44,-7.3753,674
V,2020-07-02,286.83,309.54,-7.3373,675
V,2020-05-27,285.99,308.54,-7.3094,676
V,2020-08-06,287.06,309.54,-7.263,677
V,2020-07-03,287.16,309.54,-7.2307,678
V,2022-04-04,818.2,881.77,-7.2093,679
V,2021-09-17,501.57,540.44,-7.1924,680
V,2021-06-17,410.13,441.31,-7.0653,681
V,2022-09-23,1170.06,1258.61,-7.0357,682
V,2022-01-14,668.92,719.05,-6.9717,683
V,2020-05-26,287.03,308.54,-6.9714,684
V,2020-07-23,288.03,309.54,-6.9492,685
V,2020-04-13,257.35,276.57,-6.9486,686
V,2020-07-09,288.11,309.54,-6.9237,687
V,2020-04-14,257.44,276.57,-6.9171,688
V,2020-07-22,288.17,309.54,-6.9032,689
V,2020-06-04,287.48,308.54,-6.8269,690
V,2021-12-15,670.15,719.05,-6.7999,691
V,2021-07-13,411.33,441.31,-6.7924,692
V,2021-09-16,503.74,540.44,-6.7916,693
V,2022-07-15,1047.41,1123.65,-6.7847,694
V,2021-12-16,670.45,719.05,-6.7581,695
V,2020-06-10,287.73,308.54,-6.7448,696
V,2021-05-25,408.36,437.61,-6.6834,697
V,2022-07-26,1048.69,1123.65,-6.6709,698
V,2020-04-15,258.24,276.57,-6.6279,699
V,2021-12-30,671.67,719.05,-6.5885,700
V,2020-11-23,289.3,309.54,-6.5399,701
V,2021-06-15,412.61,441.31,-6.5031,702
V,2021-09-06,505.89,540.44,-6.3929,703
V,2020-11-20,290.09,309.54,-6.2842,704
V,2021-07-14,413.85,441.31,-6.2206,705
V,2021-06-18,413.92,441.31,-6.2048,706
V,2020-04-16,259.48,276.57,-6.1784,707
V,2021-06-08,414.16,441.31,-6.1523,708
V,2020-07-01,290.51,309.54,-6.1488,709
V,2022-04-05,828.66,881.77,-6.0234,710
V,2020-07-10,290.93,309.54,-6.0113,711
V,2020-07-28,290.94,309.54,-6.0108,712
V,2021-09-09,508.01,540.44,-6.0015,713
V,2022-01-03,676.24,719.05,-5.9525,714
V,2021-09-03,508.29,540.44,-5.9493,715
V,2020-07-07,291.2,309.54,-5.9268,716
V,2021-09-15,508.48,540.44,-5.9149,717
V,2022-01-13,677.01,719.05,-5.8463,718
V,2020-05-25,290.53,308.54,-5.8368,719
V,2020-07-29,291.57,309.54,-5.807,720
V,2021-06-09,415.97,441.31,-5.7405,721
V,2022-01-17,678.24,719.05,-5.6749,722
V,2020-04-09,261.03,276.57,-5.6195,723
V,2021-03-24,353.09,373.95,-5.5788,724
V,2022-07-25,1061.05,1123.65,-5.5712,725
V,2020-06-30,292.37,309.54,-5.5477,726
V,2022-01-05,679.21,719.05,-5.54,727
V,2020-12-07,292.39,309.54,-5.5398,728
V,2022-03-30,833.11,881.77,-5.518,729
V,2020-07-15,292.48,309.54,-5.5111,730
V,2020-04-10,261.38,276.57,-5.4909,731
V,2020-07-13,292.58,309.54,-5.4785,732
V,2021-07-16,417.31,441.31,-5.4371,733
V,2022-04-01,834.26,881.77,-5.3882,734
V,2020-07-20,292.92,309.54,-5.3714,735
V,2020-07-14,293.04,309.54,-5.332,736
V,2020-07-17,293.08,309.54,-5.3195,737
V,2022-07-14,1064.37,1123.65,-5.2755,738
V,2020-08-05,293.28,309.54,-5.254,739
V,2020-12-04,293.38,309.54,-5.2207,740
V,2021-03-19,354.43,373.95,-5.2195,741
V,2021-12-14,681.62,719.05,-5.2053,742
V,2022-07-11,1065.2,1123.65,-5.2013,743
V,2021-06-14,418.41,441.31,-5.1894,744
V,2021-06-07,418.44,441.31,-5.1806,745
V,2022-01-12,681.96,719.05,-5.1582,746
V,2021-05-05,370.89,391.03,-5.1497,747
V,2022-09-08,1191.79,1256.35,-5.138,748
V,2021-06-11,418.69,441.31,-5.1246,749
V,2020-07-08,293.72,309.54,-5.1104,750
V,2021-07-15,419.05,441.31,-5.0424,751
V,2020-05-22,292.99,308.54,-5.0404,752
V,2020-06-26,294.02,309.54,-5.0142,753
V,2022-09-07,1193.38,1256.35,-5.0115,754
V,2020-06-19,294.19,309.54,-4.9584,755
V,2022-04-15,838.38,881.77,-4.9201,756
V,2021-03-23,355.55,373.95,-4.9194,757
V,2020-06-29,294.45,309.54,-4.8756,758
V,2022-01-07,683.99,719.05,-4.8756,759
V,2022-01-26,684.41,719.05,-4.8169,760
V,2022-07-27,1070.08,1123.65,-4.7676,761
V,2022-01-18,684.94,719.05,-4.7429,762
V,2020-12-18,294.9,309.54,-4.7309,763
V,2021-03-02,343.35,360.32,-4.7104,764
V,2022-09-06,1197.32,1256.35,-4.698,765
V,2022-04-12,840.39,881.77,-4.6926,766
V,2021-05-24,417.3,437.61,-4.6402,767
V,2022-09-19,1200.25,1258.61,-4.637,768
V,2021-05-07,372.96,391.03,-4.6221,769
V,2020-12-17,295.28,309.54,-4.607,770
V,2022-01-11,685.94,719.05,-4.604,771
V,2020-12-03,295.3,309.54,-4.6013,772
V,2020-06-11,294.4,308.54,-4.5851,773
V,2020-11-27,295.46,309.54,-4.5484,774
V,2021-09-21,515.89,540.44,-4.5428,775
V,2022-04-11,841.83,881.77,-4.5296,776
V,2021-09-02,516.03,540.44,-4.517,777
V,2021-05-06,373.53,391.03,-4.4743,778
V,2021-09-10,516.4,540.44,-4.4495,779
V,2021-06-10,421.8,441.31,-4.4202,780
V,2022-07-08,1074.23,1123.65,-4.3982,781
V,2021-09-14,516.8,540.44,-4.3752,782
V,2020-12-09,296.06,309.54,-4.3559,783
V,2021-07-20,422.09,441.31,-4.3543,784
V,2022-04-18,843.42,881.77,-4.3488,785
V,2022-01-25,687.78,719.05,-4.3485,786
V,2021-06-04,422.21,441.31,-4.3275,787
V,2022-07-12,1075.14,1123.65,-4.3173,788
V,2022-03-16,843.73,881.77,-4.3135,789
V,2021-03-03,344.94,360.32,-4.2685,790
V,2022-04-14,844.57,881.77,-4.2186,791
V,2021-03-25,358.19,373.95,-4.2134,792
V,2022-01-21,688.82,719.05,-4.2038,793
V,2021-01-22,310.68,324.29,-4.1974,794
V,2021-09-01,517.82,540.44,-4.1853,795
V,2020-05-21,295.69,308.54,-4.165,796
V,2020-04-02,265.16,276.57,-4.1243,797
V,2021-10-14,527.36,550.02,-4.1195,798
V,2022-03-07,845.49,881.77,-4.1146,799
V,2021-05-04,374.97,391.03,-4.1069,800
V,2020-01-27,213.8,222.95,-4.1039,801
V,2020-12-08,296.93,309.54,-4.0755,802
V,2022-01-20,689.87,719.05,-4.0577,803
V,2020-12-01,297.01,309.54,-4.047,804
V,2021-03-04,345.78,360.32,-4.0356,805
V,2020-04-17,265.55,276.57,-3.9857,806
V,2022-07-07,1079.05,1123.65,-3.9693,807
V,2022-02-01,690.66,719.05,-3.9475,808
V,2022-09-21,1208.99,1258.61,-3.9422,809
V,2022-03-29,847.38,881.77,-3.8995,810
V,2021-10-12,528.69,550.02,-3.8785,811
V,2022-01-06,691.19,719.05,-3.8746,812
V,2021-03-01,346.42,360.32,-3.856,813
V,2021-04-28,375.97,391.03,-3.8518,814
V,2021-01-21,311.89,324.29,-3.8235,815
V,2021-04-30,376.09,391.03,-3.8207,816
V,2020-12-16,297.78,309.54,-3.7988,817
V,2022-04-20,848.44,881.77,-3.7796,818
V,2022-03-22,848.49,881.77,-3.7739,819
V,2020-07-16,297.88,309.54,-3.7689,820
V,2022-01-19,691.97,719.05,-3.7651,821
V,2022-03-31,848.69,881.77,-3.7509,822
V,2022-09-22,1211.56,1258.61,-3.7385,823
V,2021-03-22,360.0,373.95,-3.73,824
V,2022-08-05,1109.11,1152.01,-3.7243,825
V,2020-04-08,266.27,276.57,-3.7229,826
V,2020-06-25,298.04,309.54,-3.7148,827
V,2022-01-10,692.37,719.05,-3.7093,828
V,2020-12-02,298.27,309.54,-3.6429,829
V,2021-07-19,425.28,441.31,-3.6307,830
V,2020-12-11,298.37,309.54,-3.6077,831
V,2021-09-13,520.95,540.44,-3.6072,832
V,2022-09-05,1211.1,1256.35,-3.6011,833
V,2020-03-11,253.85,263.27,-3.5802,834
V,2022-03-09,850.24,881.77,-3.5757,835
V,2020-05-20,297.52,308.54,-3.5741,836
V,2022-08-11,1110.94,1152.01,-3.5653,837
V,2021-08-31,521.3,540.44,-3.5416,838
V,2020-06-24,298.71,309.54,-3.5004,839
V,2021-04-29,377.38,391.03,-3.4897,840
V,2021-03-26,360.94,373.95,-3.4774,841
V,2021-09-22,521.67,540.44,-3.4736,842
V,2021-06-03,426.08,441.31,-3.4513,843
V,2022-01-24,694.48,719.05,-3.4168,844
V,2022-03-15,851.68,881.77,-3.4127,845
V,2020-01-17,206.48,213.77,-3.4114,846
V,2022-03-24,851.75,881.77,-3.4042,847
V,2021-10-13,531.42,550.02,-3.3825,848
V,2021-12-10,695.02,719.05,-3.3418,849
V,2022-04-06,852.5,881.77,-3.3196,850
V,2022-01-04,695.5,719.05,-3.2747,851
V,2021-03-18,361.82,373.95,-3.2425,852
V,2022-01-27,695.78,719.05,-3.2359,853
V,2022-09-09,1215.85,1256.35,-3.2231,854
V,2021-04-13,370.93,383.27,-3.22,855
V,2021-05-03,378.57,391.03,-3.187,856
V,2021-07-22,427.26,441.31,-3.1821,857
V,2021-06-01,423.76,437.61,-3.1639,858
V,2020-06-12,298.81,308.54,-3.1562,859
V,2022-09-02,1217.0,1256.35,-3.1318,860
V,2022-02-09,708.94,731.83,-3.1271,861
V,2022-09-20,1219.3,1258.61,-3.1231,862
V,2022-03-10,854.28,881.77,-3.1171,863
V,2022-03-21,854.52,881.77,-3.0899,864
V,2022-03-18,854.55,881.77,-3.0863,865
V,2020-03-10,255.16,263.27,-3.0828,866
V,2021-08-30,524.11,540.44,-3.0216,867
V,2020-12-22,300.19,309.54,-3.02,868
V,2021-01-25,314.51,324.29,-3.0159,869
V,2020-11-30,300.23,309.54,-3.0077,870
V,2021-08-27,524.29,540.44,-2.9881,871
V,2020-02-11,219.61,226.33,-2.9662,872
V,2021-10-06,533.75,550.02,-2.9593,873
V,2020-11-26,300.45,309.54,-2.9368,874
V,2022-03-23,856.01,881.77,-2.9208,875
V,2022-05-24,939.6,967.59,-2.8928,876
V,2022-08-19,1121.06,1154.38,-2.8864,877
V,2020-12-21,300.62,309.54,-2.8819,878
V,2022-03-08,856.4,881.77,-2.8771,879
V,2021-12-09,698.47,719.05,-2.8614,880
V,2021-03-10,350.11,360.32,-2.8337,881
V,2022-09-01,1220.83,1256.35,-2.8271,882
V,2021-03-05,350.14,360.32,-2.8257,883
V,2022-09-16,1223.09,1258.61,-2.8224,884
V,2022-04-13,857.09,881.77,-2.7989,885
V,2021-01-12,315.26,324.29,-2.7843,886
V,2020-04-03,268.9,276.57,-2.7722,887
V,2021-09-27,525.49,540.44,-2.7667,888
V,2020-06-22,301.04,309.54,-2.7465,889
V,2022-02-08,711.76,731.83,-2.7423,890
V,2021-05-28,425.67,437.61,-2.7272,891
V,2021-05-31,425.84,437.61,-2.6886,892
V,2020-06-23,301.3,309.54,-2.6619,893
V,2022-02-10,712.5,731.83,-2.6411,894
V,2021-10-11,535.5,550.02,-2.6409,895
V,2022-08-16,1124.07,1154.38,-2.626,896
V,2022-05-26,942.32,967.59,-2.6117,897
V,2021-09-23,526.51,540.44,-2.5778,898
V,2021-07-21,429.96,441.31,-2.5705,899
V,2020-11-24,301.64,309.54,-2.5519,900
V,2020-02-27,242.88,249.24,-2.5496,901
V,2022-09-12,1224.37,1256.35,-2.5454,902
V,2022-03-11,859.56,881.77,-2.5181,903
V,2021-09-28,526.84,540.44,-2.5172,904
V,2022-06-07,977.81,1002.7,-2.4822,905
V,2022-04-19,859.88,881.77,-2.4822,906
V,2022-03-17,860.01,881.77,-2.4675,907
V,2020-02-06,220.82,226.33,-2.4318,908
V,2022-07-13,1096.34,1123.65,-2.4301,909
V,2022-01-28,701.63,719.05,-2.4224,910
V,2021-03-29,364.96,373.95,-2.4026,911
V,2021-04-27,381.64,391.03,-2.4005,912
V,2020-12-14,302.13,309.54,-2.396,913
V,2022-06-09,978.75,1002.7,-2.3882,914
V,2021-03-08,351.84,360.32,-2.3516,915
V,2020-03-04,244.06,249.89,-2.3323,916
V,2021-05-26,427.41,437.61,-2.331,917
V,2020-01-15,208.79,213.77,-2.3266,918
V,2022-07-06,1097.79,1123.65,-2.3015,919
V,2021-02-12,328.81,336.55,-2.3006,920
V,2022-06-03,979.83,1002.7,-2.281,921
V,2021-01-18,316.92,324.29,-2.2729,922
V,2022-05-25,945.68,967.59,-2.2649,923
V,2020-12-10,302.66,309.54,-2.2231,924
V,2022-08-17,1128.98,1154.38,-2.2006,925
V,2020-05-18,301.78,308.54,-2.1906,926
V,2020-05-19,301.79,308.54,-2.1883,927
V,2022-02-07,715.96,731.83,-2.1679,928
V,2022-06-06,980.99,1002.7,-2.165,929
V,2021-02-01,317.27,324.29,-2.1647,930
V,2020-01-14,209.17,213.77,-2.1513,931
V,2021-02-22,351.95,359.69,-2.1504,932
V,2022-08-31,1229.5,1256.35,-2.137,933
V,2022-02-22,785.21,802.19,-2.1165,934
V,2021-01-26,317.47,324.29,-2.1031,935
V,2022-08-08,1127.91,1152.01,-2.0921,936
V,2020-02-17,225.0,229.78,-2.0819,937
V,2021-03-09,352.83,360.32,-2.0785,938
V,2021-09-24,529.25,540.44,-2.0719,939
V,2022-04-21,863.51,881.77,-2.0707,940
V,2021-05-21,428.55,437.61,-2.0705,941
V,2020-12-15,303.25,309.54,-2.0328,942
V,2021-11-29,679.11,693.15,-2.0256,943
V,2021-03-16,366.37,373.95,-2.0254,944
V,2020-05-05,296.08,302.15,-2.0091,945
V,2021-01-05,309.36,315.57,-1.9659,946
V,2021-04-08,375.83,383.27,-1.9403,947
V,2020-04-20,271.22,276.57,-1.9346,948
V,2021-04-12,375.87,383.27,-1.9313,949
V,2022-03-28,864.89,881.77,-1.914,950
V,2022-06-10,983.54,1002.7,-1.9106,951
V,2021-12-13,705.38,719.05,-1.9002,952
V,2021-10-15,539.62,550.02,-1.8908,953
V,2020-12-29,309.74,315.54,-1.8387,954
V,2020-04-07,271.5,276.57,-1.835,955
V,2020-03-27,270.31,275.35,-1.829,956
V,2021-10-08,540.11,550.02,-1.8024,957
V,2020-01-24,219.06,222.95,-1.7445,958
V,2021-04-26,384.35,391.03,-1.709,959
V,2022-03-14,867.09,881.77,-1.6648,960
V,2022-07-29,1105.01,1123.65,-1.6583,961
V,2021-11-10,616.26,626.51,-1.6363,962
V,2021-08-02,466.24,473.97,-1.6308,963
V,2020-02-28,245.19,249.24,-1.6233,964
V,2021-05-20,430.51,437.61,-1.6224,965
V,2021-04-22,384.74,391.03,-1.6082,966
V,2022-08-29,1236.15,1256.35,-1.6071,967
V,2022-03-04,867.85,881.77,-1.5787,968
V,2022-05-02,929.93,944.77,-1.5706,969
V,2020-04-21,272.23,276.57,-1.5695,970
V,2021-04-09,377.32,383.27,-1.5512,971
V,2022-02-02,707.92,719.05,-1.5479,972
V,2021-11-12,616.91,626.51,-1.5317,973
V,2022-08-12,1134.43,1152.01,-1.5261,974
V,2020-03-25,271.16,275.35,-1.5224,975
V,2021-01-28,319.46,324.29,-1.4911,976
V,2021-04-06,377.57,383.27,-1.4874,977
V,2021-01-27,319.47,324.29,-1.4861,978
V,2021-11-05,608.51,617.53,-1.4597,979
V,2021-01-20,319.63,324.29,-1.4378,980
V,2021-09-29,532.67,540.44,-1.4375,981
V,2021-03-17,368.6,373.95,-1.4293,982
V,2020-01-16,210.72,213.77,-1.425,983
V,2021-01-14,319.72,324.29,-1.4096,984
V,2021-11-11,617.69,626.51,-1.4073,985
V,2021-04-14,377.92,383.27,-1.3959,986
V,2020-06-18,305.22,309.54,-1.3953,987
V,2021-01-29,319.8,324.29,-1.3864,988
V,2020-01-08,210.84,213.77,-1.3712,989
V,2022-05-23,954.42,967.59,-1.3619,990
V,2021-04-05,378.14,383.27,-1.3384,991
V,2022-09-14,1239.74,1256.35,-1.322,992
V,2021-02-26,355.57,360.32,-1.3186,993
V,2022-08-22,1139.26,1154.38,-1.3105,994
V,2022-08-18,1139.47,1154.38,-1.2921,995
V,2020-02-10,223.43,226.33,-1.2807,996
V,2020-01-13,211.09,213.77,-1.2546,997
V,2020-02-18,226.94,229.78,-1.2393,998
V,2021-01-01,311.68,315.57,-1.232,999
V,2022-08-10,1137.88,1152.01,-1.2268,1000
V,2020-01-28,220.25,222.95,-1.2127,1001
V,2022-08-09,1138.06,1152.01,-1.2112,1002
V,2022-08-02,1129.34,1143.05,-1.1996,1003
V,2020-04-06,273.27,276.57,-1.1935,1004
V,2020-05-15,304.98,308.54,-1.1535,1005
V,2021-02-04,320.55,324.29,-1.1532,1006
V,2020-05-14,305.0,308.54,-1.1474,1007
V,2022-04-25,871.81,881.77,-1.1295,1008
V,2020-06-17,306.12,309.54,-1.1061,1009
V,2022-08-04,1139.43,1152.01,-1.0917,1010
V,2020-02-19,227.31,229.78,-1.0758,1011
V,2020-05-04,298.93,302.15,-1.0668,1012
V,2021-11-22,647.97,654.94,-1.0634,1013
V,2021-01-13,320.88,324.29,-1.0525,1014
V,2022-09-13,1243.51,1256.35,-1.0213,1015
V,2021-01-19,321.0,324.29,-1.0153,1016
V,2021-10-20,549.88,555.46,-1.0035,1017
V,2021-10-07,544.73,550.02,-0.963,1018
V,2021-10-25,570.58,576.07,-0.9539,1019
V,2020-02-03,224.17,226.33,-0.9531,1020
V,2020-01-10,211.74,213.77,-0.9487,1021
V,2022-02-23,794.7,802.19,-0.9342,1022
V,2020-12-31,312.63,315.57,-0.9306,1023
V,2021-11-04,611.79,617.53,-0.9285,1024
V,2020-03-17,265.0,267.48,-0.9274,1025
V,2021-02-11,333.47,336.55,-0.915,1026
V,2022-05-20,958.91,967.59,-0.8977,1027
V,2022-04-22,874.01,881.77,-0.8798,1028
V,2022-03-25,874.09,881.77,-0.8706,1029
V,2021-01-15,321.48,324.29,-0.8675,1030
V,2021-11-30,687.28,693.15,-0.847,1031
V,2021-01-11,321.57,324.29,-0.8397,1032
V,2020-11-25,306.95,309.54,-0.8379,1033
V,2021-02-15,333.74,336.55,-0.8353,1034
V,2022-06-28,1074.98,1083.85,-0.8178,1035
V,2021-01-04,313.01,315.57,-0.8095,1036
V,2022-05-11,944.42,952.04,-0.8007,1037
V,2022-05-17,956.34,963.89,-0.7829,1038
V,2022-07-28,1114.93,1123.65,-0.7755,1039
V,2021-03-31,372.38,375.21,-0.7555,1040
V,2021-11-26,687.92,693.15,-0.7551,1041
V,2020-02-04,224.64,226.33,-0.7449,1042
V,2020-05-06,299.99,302.15,-0.7176,1043
V,2022-05-03,937.99,944.77,-0.7174,1044
V,2021-12-07,713.9,719.05,-0.7163,1045
V,2020-01-06,211.1,212.62,-0.7146,1046
V,2022-06-30,1100.14,1108.05,-0.7142,1047
V,2021-07-23,438.17,441.31,-0.7115,1048
V,2020-01-22,219.51,221.07,-0.7059,1049
V,2021-10-05,546.31,550.02,-0.675,1050
V,2020-02-07,224.83,226.33,-0.6615,1051
V,2022-05-04,938.7,944.77,-0.6423,1052
V,2022-06-08,996.36,1002.7,-0.6327,1053
V,2020-02-24,238.56,240.07,-0.6288,1054
V,2021-08-19,517.17,520.38,-0.6173,1055
V,2021-07-27,444.54,447.15,-0.5836,1056
V,2020-05-01,300.44,302.15,-0.5671,1057
V,2020-03-12,261.8,263.27,-0.5574,1058
V,2021-04-20,388.86,391.03,-0.5549,1059
V,2020-03-03,248.5,249.89,-0.5541,1060
V,2021-08-05,472.02,474.56,-0.5351,1061
V,2021-08-03,471.46,473.97,-0.5282,1062
V,2020-06-16,307.94,309.54,-0.5176,1063
V,2021-02-10,334.93,336.55,-0.4814,1064
V,2020-03-26,274.06,275.35,-0.4671,1065
V,2022-01-31,715.8,719.05,-0.4513,1066
V,2020-05-12,307.2,308.54,-0.4349,1067
V,2020-04-22,275.37,276.57,-0.4328,1068
V,2020-12-24,308.54,309.88,-0.4326,1069
V,2021-04-21,389.36,391.03,-0.4265,1070
V,2022-05-27,963.49,967.59,-0.4237,1071
V,2021-02-03,322.96,324.29,-0.4119,1072
V,2020-02-12,225.41,226.33,-0.4043,1073
V,2021-04-23,389.45,391.03,-0.4035,1074
V,2020-05-08,300.96,302.15,-0.3965,1075
V,2021-05-10,389.51,391.03,-0.3875,1076
V,2021-02-02,323.05,324.29,-0.3836,1077
V,2020-03-31,274.99,276.04,-0.3791,1078
V,2021-11-09,624.15,626.51,-0.3772,1079
V,2022-03-02,840.54,843.34,-0.3313,1080
V,2020-02-05,225.58,226.33,-0.331,1081
V,2022-05-18,960.77,963.89,-0.3237,1082
V,2020-03-20,270.43,271.25,-0.3024,1083
V,2022-05-12,949.22,952.04,-0.2962,1084
V,2021-02-24,358.95,360.0,-0.2908,1085
V,2020-03-16,266.7,267.48,-0.2895,1086
V,2021-08-25,532.15,533.66,-0.2818,1087
V,2021-11-17,645.69,647.51,-0.2807,1088
V,2021-10-26,574.52,576.07,-0.2696,1089
V,2021-05-27,436.44,437.61,-0.2666,1090
V,2020-02-14,229.18,229.78,-0.263,1091
V,2022-08-30,1253.05,1256.35,-0.2626,1092
V,2020-03-19,270.59,271.25,-0.2417,1093
V,2020-01-09,213.26,213.77,-0.2378,1094
V,2020-12-25,309.14,309.88,-0.2364,1095
V,2021-04-01,374.48,375.21,-0.1953,1096
V,2022-06-17,1008.61,1010.3,-0.1671,1097
V,2021-04-07,382.71,383.27,-0.1449,1098
V,2022-05-16,962.51,963.89,-0.1435,1099
V,2020-05-13,308.14,308.54,-0.1321,1100
V,2021-12-06,718.33,719.05,-0.1,1101
V,2021-12-08,718.33,719.05,-0.0994,1102
V,2022-04-08,880.92,881.77,-0.0963,1103
V,2020-01-20,213.63,213.77,-0.0638,1104
V,2021-11-19,654.77,654.94,-0.0257,1105
V,2022-04-07,881.59,881.77,-0.0199,1106
V,2020-05-07,302.11,302.15,-0.0138,1107
V,2020-01-02,210.0,210.0,0.0,1108
V,2020-01-03,212.62,212.62,0.0,1108
V,2020-01-07,213.77,213.77,0.0,1108
V,2020-01-21,221.07,221.07,0.0,1108
V,2020-01-23,222.95,222.95,0.0,1108
V,2020-01-29,223.02,223.02,0.0,1108
V,2020-01-30,223.65,223.65,0.0,1108
V,2020-01-31,226.33,226.33,0.0,1108
V,2020-02-13,229.78,229.78,0.0,1108
V,2020-02-20,235.11,235.11,0.0,1108
V,2020-02-21,240.07,240.07,0.0,1108
V,2020-02-25,244.04,244.04,0.0,1108
V,2020-02-26,249.24,249.24,0.0,1108
V,2020-03-02,249.89,249.89,0.0,1108
V,2020-03-05,255.59,255.59,0.0,1108
V,2020-03-06,261.98,261.98,0.0,1108
V,2020-03-09,263.27,263.27,0.0,1108
V,2020-03-13,267.48,267.48,0.0,1108
V,2020-03-18,271.25,271.25,0.0,1108
V,2020-03-23,272.55,272.55,0.0,1108
V,2020-03-24,275.35,275.35,0.0,1108
V,2020-03-30,276.04,276.04,0.0,1108
V,2020-04-01,276.57,276.57,0.0,1108
V,2020-04-23,277.42,277.42,0.0,1108
V,2020-04-24,284.04,284.04,0.0,1108
V,2020-04-27,285.07,285.07,0.0,1108
V,2020-04-28,289.51,289.51,0.0,1108
V,2020-04-29,299.77,299.77,0.0,1108
V,2020-04-30,302.15,302.15,0.0,1108
V,2020-05-11,308.54,308.54,0.0,1108
V,2020-06-15,309.54,309.54,0.0,1108
V,2020-12-23,309.88,309.88,0.0,1108
V,2020-12-28,315.54,315.54,0.0,1108
V,2020-12-30,315.57,315.57,0.0,1108
V,2021-01-06,322.22,322.22,0.0,1108
V,2021-01-07,323.46,323.46,0.0,1108
V,2021-01-08,324.29,324.29,0.0,1108
V,2021-02-05,329.51,329.51,0.0,1108
V,2021-02-08,335.9,335.9,0.0,1108
V,2021-02-09,336.55,336.55,0.0,1108
V,2021-02-16,343.32,343.32,0.0,1108
V,2021-02-17,346.47,346.47,0.0,1108
V,2021-02-18,354.87,354.87,0.0,1108
V,2021-02-19,359.69,359.69,0.0,1108
V,2021-02-23,360.0,360.0,0.0,1108
V,2021-02-25,360.32,360.32,0.0,1108
V,2021-03-11,361.16,361.16,0.0,1108
V,2021-03-12,372.26,372.26,0.0,1108
V,2021-03-15,373.95,373.95,0.0,1108
V,2021-03-30,375.21,375.21,0.0,1108
V,2021-04-02,383.27,383.27,0.0,1108
V,2021-04-15,383.39,383.39,0.0,1108
V,2021-04-16,386.68,386.68,0.0,1108
V,2021-04-19,391.03,391.03,0.0,1108
V,2021-05-11,393.56,393.56,0.0,1108
V,2021-05-12,394.59,394.59,0.0,1108
V,2021-05-13,402.6,402.6,0.0,1108
V,2021-05-14,408.94,408.94,0.0,1108
V,2021-05-17,410.28,410.28,0.0,1108
V,2021-05-18,429.82,429.82,0.0,1108
V,2021-05-19,437.61,437.61,0.0,1108
V,2021-06-02,441.31,441.31,0.0,1108
V,2021-07-26,447.15,447.15,0.0,1108
V,2021-07-28,460.32,460.32,0.0,1108
V,2021-07-29,461.55,461.55,0.0,1108
V,2021-07-30,473.97,473.97,0.0,1108
V,2021-08-04,474.56,474.56,0.0,1108
V,2021-08-06,479.18,479.18,0.0,1108
V,2021-08-09,488.97,488.97,0.0,1108
V,2021-08-10,493.21,493.21,0.0,1108
V,2021-08-11,496.41,496.41,0.0,1108
V,2021-08-12,498.67,498.67,0.0,1108
V,2021-08-13,502.9,502.9,0.0,1108
V,2021-08-16,509.29,509.29,0.0,1108
V,2021-08-17,515.36,515.36,0.0,1108
V,2021-08-18,520.38,520.38,0.0,1108
V,2021-08-20,525.4,525.4,0.0,1108
V,2021-08-23,530.26,530.26,0.0,1108
V,2021-08-24,533.66,533.66,0.0,1108
V,2021-08-26,540.44,540.44,0.0,1108
V,2021-09-30,540.76,540.76,0.0,1108
V,2021-10-01,543.46,543.46,0.0,1108
V,2021-10-04,550.02,550.02,0.0,1108
V,2021-10-18,551.94,551.94,0.0,1108
V,2021-10-19,555.46,555.46,0.0,1108
V,2021-10-21,565.83,565.83,0.0,1108
V,2021-10-22,576.07,576.07,0.0,1108
V,2021-10-27,577.3,577.3,0.0,1108
V,2021-10-28,582.75,582.75,0.0,1108
V,2021-10-29,584.33,584.33,0.0,1108
V,2021-11-01,584.82,584.82,0.0,1108
V,2021-11-02,611.68,611.68,0.0,1108
V,2021-11-03,617.53,617.53,0.0,1108
V,2021-11-08,626.51,626.51,0.0,1108
V,2021-11-15,631.11,631.11,0.0,1108
V,2021-11-16,647.51,647.51,0.0,1108
V,2021-11-18,654.94,654.94,0.0,1108
V,2021-11-23,666.96,666.96,0.0,1108
V,2021-11-24,688.19,688.19,0.0,1108
V,2021-11-25,693.15,693.15,0.0,1108
V,2021-12-01,702.66,702.66,0.0,1108
V,2021-12-02,705.68,705.68,0.0,1108
V,2021-12-03,719.05,719.05,0.0,1108
V,2022-02-03,719.67,719.67,0.0,1108
V,2022-02-04,731.83,731.83,0.0,1108
V,2022-02-11,733.7,733.7,0.0,1108
V,2022-02-14,737.8,737.8,0.0,1108
V,2022-02-15,752.86,752.86,0.0,1108
V,2022-02-16,770.78,770.78,0.0,1108
V,2022-02-17,780.79,780.79,0.0,1108
V,2022-02-18,785.37,785.37,0.0,1108
V,2022-02-21,802.19,802.19,0.0,1108
V,2022-02-24,815.32,815.32,0.0,1108
V,2022-02-25,819.1,819.1,0.0,1108
V,2022-02-28,828.41,828.41,0.0,1108
V,2022-03-01,843.34,843.34,0.0,1108
V,2022-03-03,881.77,881.77,0.0,1108
V,2022-04-26,883.27,883.27,0.0,1108
V,2022-04-27,898.08,898.08,0.0,1108
V,2022-04-28,922.12,922.12,0.0,1108
V,2022-04-29,944.77,944.77,0.0,1108
V,2022-05-05,945.26,945.26,0.0,1108
V,2022-05-06,947.25,947.25,0.0,1108
V,2022-05-09,950.9,950.9,0.0,1108
V,2022-05-10,952.04,952.04,0.0,1108
V,2022-05-13,963.89,963.89,0.0,1108
V,2022-05-19,967.59,967.59,0.0,1108
V,2022-05-30,972.54,972.54,0.0,1108
V,2022-05-31,984.17,984.17,0.0,1108
V,2022-06-01,987.97,987.97,0.0,1108
V,2022-06-02,1002.7,1002.7,0.0,1108
V,2022-06-13,1004.39,1004.39,0.0,1108
V,2022-06-14,1004.48,1004.48,0.0,1108
V,2022-06-15,1004.49,1004.49,0.0,1108
V,2022-06-16,1010.3,1010.3,0.0,1108
V,2022-06-20,1016.4,1016.4,0.0,1108
V,2022-06-21,1035.21,1035.21,0.0,1108
V,2022-06-22,1041.92,1041.92,0.0,1108
V,2022-06-23,1043.2,1043.2,0.0,1108
V,2022-06-24,1057.44,1057.44,0.0,1108
V,2022-06-27,1083.85,1083.85,0.0,1108
V,2022-06-29,1108.05,1108.05,0.0,1108
V,2022-07-01,1108.13,1108.13,0.0,1108
V,2022-07-04,1115.37,1115.37,0.0,1108
V,2022-07-05,1123.65,1123.65,0.0,1108
V,2022-08-01,1143.05,1143.05,0.0,1108
V,2022-08-03,1152.01,1152.01,0.0,1108
V,2022-08-15,1154.38,1154.38,0.0,1108
V,2022-08-23,1184.2,1184.2,0.0,1108
V,2022-08-24,1204.72,1204.72,0.0,1108
V,2022-08-25,1238.21,1238.21,0.0,1108
V,2022-08-26,1256.35,1256.35,0.0,1108
V,2022-09-15,1258.61,1258.61,0.0,1108
